date,region,product,units_sold,revenue,cost,lead_time_days
2024-01-01,North America,AuraSound Pro,236,21730.34,9971.6,6
2024-01-01,North America,BassLink Ultra,145,9700.07,5205.23,7
2024-01-01,North America,ClearWave SE,167,7948.1,4782.29,6
2024-01-01,Europe,AuraSound Pro,162,14114.53,5949.36,7
2024-01-01,Europe,BassLink Ultra,133,9245.32,4429.64,6
2024-01-01,Europe,ClearWave SE,83,4062.93,2174.89,6
2024-01-01,Asia Pacific,AuraSound Pro,214,18679.5,8429.71,6
2024-01-01,Asia Pacific,BassLink Ultra,102,7215.76,3370.14,8
2024-01-01,Asia Pacific,ClearWave SE,81,4123.79,2240.94,5
2024-01-01,Latin America,AuraSound Pro,124,10639.2,5179.58,5
2024-01-01,Latin America,BassLink Ultra,104,7141.91,3585.29,6
2024-01-01,Latin America,ClearWave SE,54,2826.22,1639.96,6
2024-01-02,North America,AuraSound Pro,248,21399.14,9044.1,7
2024-01-02,North America,BassLink Ultra,149,10312.42,4920.42,7
2024-01-02,North America,ClearWave SE,111,5427.33,3010.52,7
2024-01-02,Europe,AuraSound Pro,190,16370.66,8084.16,6
2024-01-02,Europe,BassLink Ultra,111,7384.74,3925.33,8
2024-01-02,Europe,ClearWave SE,125,6418.26,3229.31,6
2024-01-02,Asia Pacific,AuraSound Pro,135,12589.77,5805.1,6
2024-01-02,Asia Pacific,BassLink Ultra,104,7141.37,3445.84,7
2024-01-02,Asia Pacific,ClearWave SE,107,5556.05,3038.85,7
2024-01-02,Latin America,AuraSound Pro,134,12373.13,5636.15,6
2024-01-02,Latin America,BassLink Ultra,88,6173.12,3041.83,10
2024-01-02,Latin America,ClearWave SE,72,3532.46,1946.18,5
2024-01-03,North America,AuraSound Pro,205,18282.62,8647.67,7
2024-01-03,North America,BassLink Ultra,130,9489.67,5037.23,7
2024-01-03,North America,ClearWave SE,147,7571.68,3903.37,6
2024-01-03,Europe,AuraSound Pro,182,16881.71,8198.57,8
2024-01-03,Europe,BassLink Ultra,110,7489.44,3690.13,7
2024-01-03,Europe,ClearWave SE,108,5132.73,2829.07,6
2024-01-03,Asia Pacific,AuraSound Pro,121,10474.87,4560.61,6
2024-01-03,Asia Pacific,BassLink Ultra,111,7783.49,4049.76,8
2024-01-03,Asia Pacific,ClearWave SE,96,5020.97,2624.44,5
2024-01-03,Latin America,AuraSound Pro,85,7484.57,3056.1,6
2024-01-03,Latin America,BassLink Ultra,90,6016.57,2875.11,11
2024-01-03,Latin America,ClearWave SE,68,3278.61,1799.43,6
2024-01-04,North America,AuraSound Pro,269,23572.2,11091.65,7
2024-01-04,North America,BassLink Ultra,203,14397.69,7250.35,6
2024-01-04,North America,ClearWave SE,100,4769.43,2670.87,5
2024-01-04,Europe,AuraSound Pro,131,11959.83,5031.42,7
2024-01-04,Europe,BassLink Ultra,106,7742.95,3590.81,10
2024-01-04,Europe,ClearWave SE,87,4533.83,2681.79,5
2024-01-04,Asia Pacific,AuraSound Pro,189,17547.65,7983.62,5
2024-01-04,Asia Pacific,BassLink Ultra,83,5572.8,3007.76,8
2024-01-04,Asia Pacific,ClearWave SE,96,4721.79,2518.66,6
2024-01-04,Latin America,AuraSound Pro,139,12992.8,6174.03,7
2024-01-04,Latin America,BassLink Ultra,78,5274.5,2847.47,8
2024-01-04,Latin America,ClearWave SE,75,3563.69,1827.06,5
2024-01-05,North America,AuraSound Pro,312,28503.54,12119.26,7
2024-01-05,North America,BassLink Ultra,126,8664.76,4545.96,9
2024-01-05,North America,ClearWave SE,149,7565.91,4218.1,6
2024-01-05,Europe,AuraSound Pro,170,14939.1,6378.38,6
2024-01-05,Europe,BassLink Ultra,126,9164.48,4702.42,8
2024-01-05,Europe,ClearWave SE,102,5138.19,2821.78,7
2024-01-05,Asia Pacific,AuraSound Pro,182,16019.13,6522.8,6
2024-01-05,Asia Pacific,BassLink Ultra,93,6795.77,3706.36,8
2024-01-05,Asia Pacific,ClearWave SE,88,4185.96,2499.5,6
2024-01-05,Latin America,AuraSound Pro,137,12900.21,6214.95,6
2024-01-05,Latin America,BassLink Ultra,75,5433.57,2617.31,6
2024-01-05,Latin America,ClearWave SE,74,3860.6,2206.58,4
2024-01-06,North America,AuraSound Pro,180,16384.49,8095.66,7
2024-01-06,North America,BassLink Ultra,155,11257.84,5899.97,6
2024-01-06,North America,ClearWave SE,152,7491.71,3950.34,7
2024-01-06,Europe,AuraSound Pro,198,18472.07,8999.44,7
2024-01-06,Europe,BassLink Ultra,142,10235.04,5271.01,14
2024-01-06,Europe,ClearWave SE,124,6440.51,3427.51,6
2024-01-06,Asia Pacific,AuraSound Pro,138,12515.83,5109.4,6
2024-01-06,Asia Pacific,BassLink Ultra,183,12534.77,6381.24,6
2024-01-06,Asia Pacific,ClearWave SE,83,3994.43,2206.71,7
2024-01-06,Latin America,AuraSound Pro,108,9838.36,4060.11,7
2024-01-06,Latin America,BassLink Ultra,90,6324.7,3249.27,7
2024-01-06,Latin America,ClearWave SE,47,2418.88,1269.41,6
2024-01-07,North America,AuraSound Pro,184,15772.23,7754.23,6
2024-01-07,North America,BassLink Ultra,170,11789.97,5509.8,9
2024-01-07,North America,ClearWave SE,112,5626.44,3227.36,5
2024-01-07,Europe,AuraSound Pro,139,13077.58,6164.91,8
2024-01-07,Europe,BassLink Ultra,196,13607.75,6460.59,9
2024-01-07,Europe,ClearWave SE,132,6278.24,3187.89,5
2024-01-07,Asia Pacific,AuraSound Pro,176,15797.34,6537.02,7
2024-01-07,Asia Pacific,BassLink Ultra,60,4062.16,2004.21,6
2024-01-07,Asia Pacific,ClearWave SE,128,6485.16,3242.47,4
2024-01-07,Latin America,AuraSound Pro,167,15033.04,7247.19,5
2024-01-07,Latin America,BassLink Ultra,73,4889.86,2514.57,8
2024-01-07,Latin America,ClearWave SE,72,3757.73,2097.95,5
2024-01-08,North America,AuraSound Pro,296,26525.84,12045.53,5
2024-01-08,North America,BassLink Ultra,149,10909.46,5896.95,8
2024-01-08,North America,ClearWave SE,130,6220.03,3297.16,5
2024-01-08,Europe,AuraSound Pro,159,13762.06,6436.6,7
2024-01-08,Europe,BassLink Ultra,153,10960.2,5812.72,8
2024-01-08,Europe,ClearWave SE,87,4458.13,2602.44,5
2024-01-08,Asia Pacific,AuraSound Pro,161,14302.96,6792.15,7
2024-01-08,Asia Pacific,BassLink Ultra,129,9352.31,4609.75,7
2024-01-08,Asia Pacific,ClearWave SE,109,5232.66,3109.67,6
2024-01-08,Latin America,AuraSound Pro,163,14404.41,6994.74,7
2024-01-08,Latin America,BassLink Ultra,95,6948.66,3525.36,7
2024-01-08,Latin America,ClearWave SE,61,2986.33,1586.2,8
2024-01-09,North America,AuraSound Pro,272,25190.99,11992.56,7
2024-01-09,North America,BassLink Ultra,154,10301.58,5201.81,6
2024-01-09,North America,ClearWave SE,150,7386.71,3751.54,5
2024-01-09,Europe,AuraSound Pro,195,17755.5,7352.57,6
2024-01-09,Europe,BassLink Ultra,135,9044.97,4813.61,7
2024-01-09,Europe,ClearWave SE,93,4456.06,2689.37,6
2024-01-09,Asia Pacific,AuraSound Pro,121,11229.39,5505.24,5
2024-01-09,Asia Pacific,BassLink Ultra,100,7192.98,3638.5,7
2024-01-09,Asia Pacific,ClearWave SE,109,5237.06,2876.13,5
2024-01-09,Latin America,AuraSound Pro,125,10749.65,4468.56,6
2024-01-09,Latin America,BassLink Ultra,96,6884.36,3499.57,7
2024-01-09,Latin America,ClearWave SE,70,3424.31,2022.21,6
2024-01-10,North America,AuraSound Pro,226,19470.94,8856.3,7
2024-01-10,North America,BassLink Ultra,155,10988.83,5709.52,8
2024-01-10,North America,ClearWave SE,190,9578.18,5690.66,5
2024-01-10,Europe,AuraSound Pro,279,24548.28,10357.68,6
2024-01-10,Europe,BassLink Ultra,84,5928.34,2713.84,7
2024-01-10,Europe,ClearWave SE,110,5394.16,3152.98,7
2024-01-10,Asia Pacific,AuraSound Pro,135,12647.87,6058.69,7
2024-01-10,Asia Pacific,BassLink Ultra,89,6498.66,3487.22,10
2024-01-10,Asia Pacific,ClearWave SE,117,6133.83,3137.74,5
2024-01-10,Latin America,AuraSound Pro,89,8385.47,4031.66,8
2024-01-10,Latin America,BassLink Ultra,88,6106.66,2914.96,9
2024-01-10,Latin America,ClearWave SE,72,3696.1,2213.68,6
2024-01-11,North America,AuraSound Pro,198,17729.9,7386.71,7
2024-01-11,North America,BassLink Ultra,158,10758.34,5563.89,8
2024-01-11,North America,ClearWave SE,91,4373.29,2487.85,7
2024-01-11,Europe,AuraSound Pro,246,22182.18,10685.07,7
2024-01-11,Europe,BassLink Ultra,194,14089.48,6908.75,10
2024-01-11,Europe,ClearWave SE,117,5968.19,3094.07,7
2024-01-11,Asia Pacific,AuraSound Pro,200,17804.06,7911.64,5
2024-01-11,Asia Pacific,BassLink Ultra,109,7639.58,4036.49,8
2024-01-11,Asia Pacific,ClearWave SE,128,6630.59,3974.69,4
2024-01-11,Latin America,AuraSound Pro,89,7976.38,3933.97,6
2024-01-11,Latin America,BassLink Ultra,59,4184.5,1983.51,7
2024-01-11,Latin America,ClearWave SE,77,3726.78,1986.46,5
2024-01-12,North America,AuraSound Pro,214,19580.54,8233.79,8
2024-01-12,North America,BassLink Ultra,139,9414.39,4319.98,7
2024-01-12,North America,ClearWave SE,121,5871.16,3141.48,5
2024-01-12,Europe,AuraSound Pro,267,22920.42,10931.82,7
2024-01-12,Europe,BassLink Ultra,112,8131.72,4408.1,8
2024-01-12,Europe,ClearWave SE,100,5152.07,2974.33,5
2024-01-12,Asia Pacific,AuraSound Pro,146,12968.36,5817.7,6
2024-01-12,Asia Pacific,BassLink Ultra,85,5926.86,3110.1,9
2024-01-12,Asia Pacific,ClearWave SE,104,5205.03,2881.15,6
2024-01-12,Latin America,AuraSound Pro,123,11104.87,4739.81,6
2024-01-12,Latin America,BassLink Ultra,77,5130.59,2474.01,6
2024-01-12,Latin America,ClearWave SE,63,3029.62,1796.44,5
2024-01-13,North America,AuraSound Pro,304,28148.04,12662.67,7
2024-01-13,North America,BassLink Ultra,157,11083.85,5813.97,7
2024-01-13,North America,ClearWave SE,100,4890.91,2616.34,5
2024-01-13,Europe,AuraSound Pro,217,19246.82,9503.82,9
2024-01-13,Europe,BassLink Ultra,97,6518.68,3033.05,8
2024-01-13,Europe,ClearWave SE,90,4358.08,2293.92,5
2024-01-13,Asia Pacific,AuraSound Pro,164,14626.12,7216.73,6
2024-01-13,Asia Pacific,BassLink Ultra,110,8060.34,4324.78,6
2024-01-13,Asia Pacific,ClearWave SE,82,3964.27,2253.89,6
2024-01-13,Latin America,AuraSound Pro,129,11691.84,5029.81,7
2024-01-13,Latin America,BassLink Ultra,79,5431.72,2675.36,8
2024-01-13,Latin America,ClearWave SE,52,2499.36,1405.06,6
2024-01-14,North America,AuraSound Pro,246,21372.38,9581.29,5
2024-01-14,North America,BassLink Ultra,136,9363.11,4339.25,8
2024-01-14,North America,ClearWave SE,151,7363.28,4196.81,5
2024-01-14,Europe,AuraSound Pro,201,18036.58,7973.35,8
2024-01-14,Europe,BassLink Ultra,145,10484.08,5729.58,7
2024-01-14,Europe,ClearWave SE,111,5792.12,2982.57,5
2024-01-14,Asia Pacific,AuraSound Pro,165,14958.93,7191.72,6
2024-01-14,Asia Pacific,BassLink Ultra,124,8419.81,3926.71,7
2024-01-14,Asia Pacific,ClearWave SE,100,5081.58,2807.76,5
2024-01-14,Latin America,AuraSound Pro,150,13353.32,6389.48,6
2024-01-14,Latin America,BassLink Ultra,60,4183.73,2008.77,6
2024-01-14,Latin America,ClearWave SE,72,3502.9,2080.56,7
2024-01-15,North America,AuraSound Pro,256,23973.85,11056.29,5
2024-01-15,North America,BassLink Ultra,115,7758.51,4107.37,9
2024-01-15,North America,ClearWave SE,141,7326.23,4262.0,8
2024-01-15,Europe,AuraSound Pro,165,14474.9,6831.5,6
2024-01-15,Europe,BassLink Ultra,131,9409.33,5059.18,7
2024-01-15,Europe,ClearWave SE,127,6101.53,3588.37,5
2024-01-15,Asia Pacific,AuraSound Pro,154,14270.47,5972.09,6
2024-01-15,Asia Pacific,BassLink Ultra,135,9656.55,4964.57,6
2024-01-15,Asia Pacific,ClearWave SE,101,4923.67,2624.45,7
2024-01-15,Latin America,AuraSound Pro,88,7889.03,3867.64,8
2024-01-15,Latin America,BassLink Ultra,95,6652.97,3400.64,6
2024-01-15,Latin America,ClearWave SE,74,3772.01,2249.91,6
2024-01-16,North America,AuraSound Pro,185,16775.16,7709.94,7
2024-01-16,North America,BassLink Ultra,213,15555.42,8439.7,7
2024-01-16,North America,ClearWave SE,102,5346.2,3139.71,5
2024-01-16,Europe,AuraSound Pro,183,16618.48,7327.26,8
2024-01-16,Europe,BassLink Ultra,125,9013.71,4060.34,7
2024-01-16,Europe,ClearWave SE,84,4214.86,2512.83,4
2024-01-16,Asia Pacific,AuraSound Pro,126,11608.04,5173.7,5
2024-01-16,Asia Pacific,BassLink Ultra,110,7422.4,3471.0,6
2024-01-16,Asia Pacific,ClearWave SE,54,2811.45,1503.74,5
2024-01-16,Latin America,AuraSound Pro,183,15666.33,7280.43,8
2024-01-16,Latin America,BassLink Ultra,85,5702.47,3134.58,6
2024-01-16,Latin America,ClearWave SE,121,5786.92,3341.92,6
2024-01-17,North America,AuraSound Pro,226,19738.06,8332.66,6
2024-01-17,North America,BassLink Ultra,154,10848.35,4953.04,7
2024-01-17,North America,ClearWave SE,118,5913.21,3213.73,7
2024-01-17,Europe,AuraSound Pro,232,20157.9,8494.01,5
2024-01-17,Europe,BassLink Ultra,97,6886.79,3380.54,7
2024-01-17,Europe,ClearWave SE,125,5953.24,3092.21,7
2024-01-17,Asia Pacific,AuraSound Pro,188,16105.56,6673.66,5
2024-01-17,Asia Pacific,BassLink Ultra,105,7461.2,3535.25,8
2024-01-17,Asia Pacific,ClearWave SE,88,4496.9,2649.24,5
2024-01-17,Latin America,AuraSound Pro,118,10797.31,4572.11,8
2024-01-17,Latin America,BassLink Ultra,102,6791.31,3114.16,7
2024-01-17,Latin America,ClearWave SE,77,3818.98,2265.4,4
2024-01-18,North America,AuraSound Pro,196,17213.71,7559.78,8
2024-01-18,North America,BassLink Ultra,114,8077.92,3965.78,8
2024-01-18,North America,ClearWave SE,82,4014.93,2406.27,7
2024-01-18,Europe,AuraSound Pro,162,15115.55,6784.9,7
2024-01-18,Europe,BassLink Ultra,132,9169.59,4146.92,8
2024-01-18,Europe,ClearWave SE,110,5572.3,2916.36,4
2024-01-18,Asia Pacific,AuraSound Pro,169,15945.0,7212.12,6
2024-01-18,Asia Pacific,BassLink Ultra,104,6928.4,3751.24,7
2024-01-18,Asia Pacific,ClearWave SE,97,4739.47,2634.95,5
2024-01-18,Latin America,AuraSound Pro,156,13626.3,5532.14,7
2024-01-18,Latin America,BassLink Ultra,95,6715.88,3468.78,9
2024-01-18,Latin America,ClearWave SE,50,2504.23,1252.53,4
2024-01-19,North America,AuraSound Pro,241,20782.78,9545.19,6
2024-01-19,North America,BassLink Ultra,137,9386.02,4557.54,6
2024-01-19,North America,ClearWave SE,102,5132.84,2809.54,7
2024-01-19,Europe,AuraSound Pro,200,18416.58,7814.98,7
2024-01-19,Europe,BassLink Ultra,115,8045.93,4100.88,8
2024-01-19,Europe,ClearWave SE,130,6243.04,3141.9,5
2024-01-19,Asia Pacific,AuraSound Pro,162,14853.04,6596.75,9
2024-01-19,Asia Pacific,BassLink Ultra,134,9659.47,5017.8,7
2024-01-19,Asia Pacific,ClearWave SE,105,5175.98,2614.25,4
2024-01-19,Latin America,AuraSound Pro,125,10894.56,4943.64,7
2024-01-19,Latin America,BassLink Ultra,98,7069.29,3646.89,8
2024-01-19,Latin America,ClearWave SE,85,4142.78,2273.71,6
2024-01-20,North America,AuraSound Pro,237,20646.37,9417.12,7
2024-01-20,North America,BassLink Ultra,125,9120.04,4989.63,9
2024-01-20,North America,ClearWave SE,123,6371.38,3745.74,6
2024-01-20,Europe,AuraSound Pro,219,18795.35,8620.76,6
2024-01-20,Europe,BassLink Ultra,119,7976.46,4144.8,7
2024-01-20,Europe,ClearWave SE,133,6359.69,3368.61,5
2024-01-20,Asia Pacific,AuraSound Pro,218,19262.25,8886.26,7
2024-01-20,Asia Pacific,BassLink Ultra,123,8378.88,3790.94,9
2024-01-20,Asia Pacific,ClearWave SE,95,4957.57,2889.6,7
2024-01-20,Latin America,AuraSound Pro,114,10238.21,4724.68,8
2024-01-20,Latin America,BassLink Ultra,83,5763.48,3018.67,9
2024-01-20,Latin America,ClearWave SE,66,3251.37,1712.16,5
2024-01-21,North America,AuraSound Pro,178,15284.73,6214.9,6
2024-01-21,North America,BassLink Ultra,154,10653.78,5518.28,8
2024-01-21,North America,ClearWave SE,151,7884.2,4308.04,5
2024-01-21,Europe,AuraSound Pro,145,13689.45,5829.66,7
2024-01-21,Europe,BassLink Ultra,134,9479.7,4751.88,8
2024-01-21,Europe,ClearWave SE,91,4421.94,2279.55,5
2024-01-21,Asia Pacific,AuraSound Pro,144,12385.59,6096.43,8
2024-01-21,Asia Pacific,BassLink Ultra,155,11061.1,5147.72,7
2024-01-21,Asia Pacific,ClearWave SE,83,4034.58,2235.43,6
2024-01-21,Latin America,AuraSound Pro,173,14932.29,7226.8,9
2024-01-21,Latin America,BassLink Ultra,80,5816.87,3173.48,7
2024-01-21,Latin America,ClearWave SE,77,3908.99,2171.81,6
2024-01-22,North America,AuraSound Pro,210,18657.31,7992.38,6
2024-01-22,North America,BassLink Ultra,154,10326.89,4874.48,10
2024-01-22,North America,ClearWave SE,112,5795.52,3184.44,6
2024-01-22,Europe,AuraSound Pro,301,27966.45,12201.84,6
2024-01-22,Europe,BassLink Ultra,148,10117.2,5441.67,10
2024-01-22,Europe,ClearWave SE,116,6002.14,3543.68,7
2024-01-22,Asia Pacific,AuraSound Pro,192,17619.27,8214.33,7
2024-01-22,Asia Pacific,BassLink Ultra,154,10410.49,5601.75,8
2024-01-22,Asia Pacific,ClearWave SE,90,4424.92,2552.23,6
2024-01-22,Latin America,AuraSound Pro,137,12738.11,5740.71,6
2024-01-22,Latin America,BassLink Ultra,94,6665.78,3172.78,8
2024-01-22,Latin America,ClearWave SE,82,4213.89,2135.46,8
2024-01-23,North America,AuraSound Pro,229,21561.83,9395.97,8
2024-01-23,North America,BassLink Ultra,176,11828.6,6431.48,8
2024-01-23,North America,ClearWave SE,114,5585.43,3199.89,6
2024-01-23,Europe,AuraSound Pro,186,16480.18,7595.42,6
2024-01-23,Europe,BassLink Ultra,116,8328.52,3768.31,8
2024-01-23,Europe,ClearWave SE,142,7228.69,3932.76,5
2024-01-23,Asia Pacific,AuraSound Pro,122,10609.48,5055.77,5
2024-01-23,Asia Pacific,BassLink Ultra,95,6371.37,3300.69,8
2024-01-23,Asia Pacific,ClearWave SE,72,3761.56,1924.48,6
2024-01-23,Latin America,AuraSound Pro,145,12943.81,5986.09,6
2024-01-23,Latin America,BassLink Ultra,67,4916.28,2413.57,7
2024-01-23,Latin America,ClearWave SE,69,3350.35,1669.9,6
2024-01-24,North America,AuraSound Pro,170,15855.71,7096.84,8
2024-01-24,North America,BassLink Ultra,167,12004.99,6416.41,8
2024-01-24,North America,ClearWave SE,141,6788.67,3384.68,7
2024-01-24,Europe,AuraSound Pro,189,17512.46,7851.48,7
2024-01-24,Europe,BassLink Ultra,113,7672.02,3829.56,10
2024-01-24,Europe,ClearWave SE,106,5176.53,3016.53,5
2024-01-24,Asia Pacific,AuraSound Pro,149,12753.67,5248.39,5
2024-01-24,Asia Pacific,BassLink Ultra,106,7493.14,3590.46,5
2024-01-24,Asia Pacific,ClearWave SE,109,5601.4,2797.1,6
2024-01-24,Latin America,AuraSound Pro,104,9117.54,4502.24,6
2024-01-24,Latin America,BassLink Ultra,90,6373.53,3315.81,6
2024-01-24,Latin America,ClearWave SE,69,3389.45,1870.8,6
2024-01-25,North America,AuraSound Pro,207,17758.38,7317.73,6
2024-01-25,North America,BassLink Ultra,127,8948.77,4643.93,7
2024-01-25,North America,ClearWave SE,111,5364.38,2717.07,6
2024-01-25,Europe,AuraSound Pro,240,20585.94,10071.86,8
2024-01-25,Europe,BassLink Ultra,131,9360.37,5027.43,7
2024-01-25,Europe,ClearWave SE,124,6099.24,3565.8,6
2024-01-25,Asia Pacific,AuraSound Pro,213,19076.47,8830.92,7
2024-01-25,Asia Pacific,BassLink Ultra,165,11065.2,5046.12,8
2024-01-25,Asia Pacific,ClearWave SE,82,4251.58,2207.05,5
2024-01-25,Latin America,AuraSound Pro,141,12889.97,5798.39,6
2024-01-25,Latin America,BassLink Ultra,128,8715.45,4790.3,8
2024-01-25,Latin America,ClearWave SE,73,3539.62,2016.96,6
2024-01-26,North America,AuraSound Pro,207,19313.95,9086.16,5
2024-01-26,North America,BassLink Ultra,141,9716.55,4732.97,10
2024-01-26,North America,ClearWave SE,130,6458.81,3712.38,7
2024-01-26,Europe,AuraSound Pro,225,21059.08,9328.22,6
2024-01-26,Europe,BassLink Ultra,148,10785.67,5080.76,6
2024-01-26,Europe,ClearWave SE,139,7110.59,3622.65,7
2024-01-26,Asia Pacific,AuraSound Pro,180,15679.34,6685.34,7
2024-01-26,Asia Pacific,BassLink Ultra,116,7913.62,4250.21,9
2024-01-26,Asia Pacific,ClearWave SE,109,5372.21,3009.64,3
2024-01-26,Latin America,AuraSound Pro,118,11117.28,4760.78,5
2024-01-26,Latin America,BassLink Ultra,70,5033.28,2330.85,9
2024-01-26,Latin America,ClearWave SE,72,3504.28,1762.95,6
2024-01-27,North America,AuraSound Pro,221,19563.63,9382.71,5
2024-01-27,North America,BassLink Ultra,114,8072.33,4203.08,7
2024-01-27,North America,ClearWave SE,116,5530.16,3185.4,5
2024-01-27,Europe,AuraSound Pro,170,15824.82,7556.51,9
2024-01-27,Europe,BassLink Ultra,159,10801.06,4981.36,8
2024-01-27,Europe,ClearWave SE,102,5114.87,3058.83,5
2024-01-27,Asia Pacific,AuraSound Pro,189,16695.43,7523.81,6
2024-01-27,Asia Pacific,BassLink Ultra,140,9754.25,4892.34,8
2024-01-27,Asia Pacific,ClearWave SE,142,6842.78,3409.74,5
2024-01-27,Latin America,AuraSound Pro,159,13881.81,6463.49,5
2024-01-27,Latin America,BassLink Ultra,80,5805.33,2715.24,10
2024-01-27,Latin America,ClearWave SE,86,4490.29,2560.17,6
2024-01-28,North America,AuraSound Pro,353,32938.35,15031.58,6
2024-01-28,North America,BassLink Ultra,194,13192.0,6805.6,9
2024-01-28,North America,ClearWave SE,173,8308.04,4713.67,5
2024-01-28,Europe,AuraSound Pro,179,16705.43,7942.01,7
2024-01-28,Europe,BassLink Ultra,179,13002.42,6376.57,8
2024-01-28,Europe,ClearWave SE,131,6750.29,3907.41,4
2024-01-28,Asia Pacific,AuraSound Pro,154,14298.93,5945.76,8
2024-01-28,Asia Pacific,BassLink Ultra,113,7770.14,3781.31,8
2024-01-28,Asia Pacific,ClearWave SE,128,6327.41,3444.37,5
2024-01-28,Latin America,AuraSound Pro,112,9804.0,4035.21,5
2024-01-28,Latin America,BassLink Ultra,126,8924.12,4429.48,9
2024-01-28,Latin America,ClearWave SE,88,4407.51,2414.04,5
2024-01-29,North America,AuraSound Pro,165,14967.39,6780.59,5
2024-01-29,North America,BassLink Ultra,205,14797.02,7721.27,8
2024-01-29,North America,ClearWave SE,145,7062.61,4216.19,6
2024-01-29,Europe,AuraSound Pro,156,14018.61,6001.51,6
2024-01-29,Europe,BassLink Ultra,106,7643.75,3851.81,6
2024-01-29,Europe,ClearWave SE,124,6332.75,3324.62,4
2024-01-29,Asia Pacific,AuraSound Pro,134,11674.17,5443.67,6
2024-01-29,Asia Pacific,BassLink Ultra,119,8502.92,3917.19,6
2024-01-29,Asia Pacific,ClearWave SE,68,3556.68,1949.74,6
2024-01-29,Latin America,AuraSound Pro,133,11422.2,5276.87,8
2024-01-29,Latin America,BassLink Ultra,93,6716.83,3616.48,8
2024-01-29,Latin America,ClearWave SE,63,3184.32,1720.21,5
2024-01-30,North America,AuraSound Pro,170,15727.46,6758.6,6
2024-01-30,North America,BassLink Ultra,146,10389.75,4774.65,9
2024-01-30,North America,ClearWave SE,105,5294.41,2718.58,8
2024-01-30,Europe,AuraSound Pro,206,18012.83,7450.36,7
2024-01-30,Europe,BassLink Ultra,131,9266.88,4676.71,7
2024-01-30,Europe,ClearWave SE,92,4642.53,2551.74,4
2024-01-30,Asia Pacific,AuraSound Pro,139,12418.8,5831.67,8
2024-01-30,Asia Pacific,BassLink Ultra,131,8961.62,4103.9,10
2024-01-30,Asia Pacific,ClearWave SE,83,4035.76,2155.3,5
2024-01-30,Latin America,AuraSound Pro,128,11020.67,5257.21,6
2024-01-30,Latin America,BassLink Ultra,95,6901.77,3555.02,6
2024-01-30,Latin America,ClearWave SE,48,2359.45,1341.69,6
2024-01-31,North America,AuraSound Pro,304,27261.77,11188.58,7
2024-01-31,North America,BassLink Ultra,174,11782.84,6115.3,8
2024-01-31,North America,ClearWave SE,129,6188.62,3369.96,4
2024-01-31,Europe,AuraSound Pro,156,14269.95,6800.92,8
2024-01-31,Europe,BassLink Ultra,104,7637.44,4144.84,7
2024-01-31,Europe,ClearWave SE,132,6612.51,3726.77,6
2024-01-31,Asia Pacific,AuraSound Pro,170,14728.76,7060.17,6
2024-01-31,Asia Pacific,BassLink Ultra,134,8943.64,4295.75,9
2024-01-31,Asia Pacific,ClearWave SE,79,3786.36,2264.49,4
2024-01-31,Latin America,AuraSound Pro,88,7837.54,3489.65,7
2024-01-31,Latin America,BassLink Ultra,98,7146.68,3571.17,11
2024-01-31,Latin America,ClearWave SE,73,3605.71,2133.06,5
2024-02-01,North America,AuraSound Pro,230,21298.0,9209.71,7
2024-02-01,North America,BassLink Ultra,150,10155.75,5275.86,7
2024-02-01,North America,ClearWave SE,125,6336.84,3710.05,5
2024-02-01,Europe,AuraSound Pro,180,16370.31,7756.79,7
2024-02-01,Europe,BassLink Ultra,130,9006.5,4184.76,6
2024-02-01,Europe,ClearWave SE,91,4333.38,2209.45,5
2024-02-01,Asia Pacific,AuraSound Pro,165,15540.02,6898.6,7
2024-02-01,Asia Pacific,BassLink Ultra,118,8208.86,3780.73,5
2024-02-01,Asia Pacific,ClearWave SE,73,3692.91,2092.12,6
2024-02-01,Latin America,AuraSound Pro,121,10407.68,5146.99,8
2024-02-01,Latin America,BassLink Ultra,93,6823.9,3233.97,7
2024-02-01,Latin America,ClearWave SE,64,3260.84,1636.46,5
2024-02-02,North America,AuraSound Pro,225,20883.47,9614.12,7
2024-02-02,North America,BassLink Ultra,188,13193.7,6499.33,6
2024-02-02,North America,ClearWave SE,94,4636.92,2506.51,5
2024-02-02,Europe,AuraSound Pro,202,18667.52,7578.88,7
2024-02-02,Europe,BassLink Ultra,115,7661.86,3646.9,5
2024-02-02,Europe,ClearWave SE,93,4665.49,2419.86,6
2024-02-02,Asia Pacific,AuraSound Pro,163,14095.92,6404.01,7
2024-02-02,Asia Pacific,BassLink Ultra,148,9942.19,4959.4,7
2024-02-02,Asia Pacific,ClearWave SE,85,4350.01,2381.03,5
2024-02-02,Latin America,AuraSound Pro,96,8604.01,4092.51,5
2024-02-02,Latin America,BassLink Ultra,79,5633.23,2781.47,9
2024-02-02,Latin America,ClearWave SE,83,3957.66,2351.62,5
2024-02-03,North America,AuraSound Pro,335,30627.05,14871.29,6
2024-02-03,North America,BassLink Ultra,201,13458.36,6753.95,10
2024-02-03,North America,ClearWave SE,136,6806.95,3878.77,5
2024-02-03,Europe,AuraSound Pro,168,14470.13,5876.17,7
2024-02-03,Europe,BassLink Ultra,99,6824.87,3599.88,6
2024-02-03,Europe,ClearWave SE,84,4062.31,2054.81,6
2024-02-03,Asia Pacific,AuraSound Pro,207,18190.26,7401.34,7
2024-02-03,Asia Pacific,BassLink Ultra,142,10062.48,4912.44,7
2024-02-03,Asia Pacific,ClearWave SE,87,4399.15,2552.43,5
2024-02-03,Latin America,AuraSound Pro,139,11935.65,5874.3,9
2024-02-03,Latin America,BassLink Ultra,79,5794.6,2956.34,9
2024-02-03,Latin America,ClearWave SE,98,5051.76,2865.42,6
2024-02-04,North America,AuraSound Pro,202,18956.15,8060.45,6
2024-02-04,North America,BassLink Ultra,126,8765.3,4481.64,5
2024-02-04,North America,ClearWave SE,119,6178.98,3497.54,5
2024-02-04,Europe,AuraSound Pro,215,20047.02,9646.35,6
2024-02-04,Europe,BassLink Ultra,125,8971.88,4450.54,8
2024-02-04,Europe,ClearWave SE,114,5856.4,3321.62,6
2024-02-04,Asia Pacific,AuraSound Pro,169,15945.41,7803.12,5
2024-02-04,Asia Pacific,BassLink Ultra,126,9098.99,4288.82,7
2024-02-04,Asia Pacific,ClearWave SE,119,6087.3,3376.3,6
2024-02-04,Latin America,AuraSound Pro,133,11726.36,5345.48,10
2024-02-04,Latin America,BassLink Ultra,105,7449.11,3919.07,8
2024-02-04,Latin America,ClearWave SE,70,3327.6,1737.46,4
2024-02-05,North America,AuraSound Pro,208,19279.59,8162.27,6
2024-02-05,North America,BassLink Ultra,217,15363.99,7202.68,8
2024-02-05,North America,ClearWave SE,158,7941.25,3935.49,5
2024-02-05,Europe,AuraSound Pro,155,14587.39,6390.95,7
2024-02-05,Europe,BassLink Ultra,108,7411.98,3985.16,7
2024-02-05,Europe,ClearWave SE,146,7580.41,4246.81,5
2024-02-05,Asia Pacific,AuraSound Pro,122,11193.54,4536.63,5
2024-02-05,Asia Pacific,BassLink Ultra,85,6124.17,2812.83,9
2024-02-05,Asia Pacific,ClearWave SE,83,4208.22,2113.09,8
2024-02-05,Latin America,AuraSound Pro,172,15572.17,7152.51,9
2024-02-05,Latin America,BassLink Ultra,111,7590.07,4041.75,8
2024-02-05,Latin America,ClearWave SE,61,2914.77,1549.98,5
2024-02-06,North America,AuraSound Pro,250,23146.81,10452.04,8
2024-02-06,North America,BassLink Ultra,123,8460.87,4174.61,7
2024-02-06,North America,ClearWave SE,122,6158.69,3546.93,5
2024-02-06,Europe,AuraSound Pro,147,13408.67,6378.62,9
2024-02-06,Europe,BassLink Ultra,123,8901.3,4347.25,6
2024-02-06,Europe,ClearWave SE,151,7310.32,3909.89,7
2024-02-06,Asia Pacific,AuraSound Pro,167,14725.85,7210.68,5
2024-02-06,Asia Pacific,BassLink Ultra,106,7695.47,4110.87,6
2024-02-06,Asia Pacific,ClearWave SE,103,5127.44,2810.49,5
2024-02-06,Latin America,AuraSound Pro,126,11267.14,5302.94,9
2024-02-06,Latin America,BassLink Ultra,80,5660.92,2624.04,8
2024-02-06,Latin America,ClearWave SE,84,4390.9,2206.8,7
2024-02-07,North America,AuraSound Pro,213,18711.11,7993.91,6
2024-02-07,North America,BassLink Ultra,148,10122.29,5323.72,8
2024-02-07,North America,ClearWave SE,167,7985.48,4381.1,5
2024-02-07,Europe,AuraSound Pro,111,9836.4,4780.34,7
2024-02-07,Europe,BassLink Ultra,131,9569.2,4356.15,8
2024-02-07,Europe,ClearWave SE,75,3835.79,2312.76,5
2024-02-07,Asia Pacific,AuraSound Pro,191,16669.18,7599.14,5
2024-02-07,Asia Pacific,BassLink Ultra,127,8985.2,4357.38,7
2024-02-07,Asia Pacific,ClearWave SE,80,4139.42,2304.56,5
2024-02-07,Latin America,AuraSound Pro,103,9602.78,4513.82,7
2024-02-07,Latin America,BassLink Ultra,93,6537.41,2995.26,7
2024-02-07,Latin America,ClearWave SE,58,2802.51,1678.78,3
2024-02-08,North America,AuraSound Pro,237,21247.22,9392.52,8
2024-02-08,North America,BassLink Ultra,175,11712.11,5870.7,10
2024-02-08,North America,ClearWave SE,119,5682.28,3304.19,7
2024-02-08,Europe,AuraSound Pro,159,13828.66,6011.59,6
2024-02-08,Europe,BassLink Ultra,132,8966.03,4821.78,10
2024-02-08,Europe,ClearWave SE,97,5084.2,2948.44,4
2024-02-08,Asia Pacific,AuraSound Pro,194,17525.63,7883.08,6
2024-02-08,Asia Pacific,BassLink Ultra,123,8886.06,4336.77,7
2024-02-08,Asia Pacific,ClearWave SE,95,4647.96,2706.11,4
2024-02-08,Latin America,AuraSound Pro,184,17051.45,7513.51,8
2024-02-08,Latin America,BassLink Ultra,91,6151.24,3196.12,9
2024-02-08,Latin America,ClearWave SE,63,3261.86,1939.75,7
2024-02-09,North America,AuraSound Pro,202,17603.96,8546.0,6
2024-02-09,North America,BassLink Ultra,128,8905.26,4555.31,8
2024-02-09,North America,ClearWave SE,124,6488.32,3509.88,7
2024-02-09,Europe,AuraSound Pro,146,13640.34,6049.14,7
2024-02-09,Europe,BassLink Ultra,163,11658.62,6284.3,11
2024-02-09,Europe,ClearWave SE,107,5181.73,3054.11,5
2024-02-09,Asia Pacific,AuraSound Pro,168,15436.17,6688.36,8
2024-02-09,Asia Pacific,BassLink Ultra,151,10525.44,5113.05,7
2024-02-09,Asia Pacific,ClearWave SE,120,5899.94,3033.24,5
2024-02-09,Latin America,AuraSound Pro,149,12873.02,5491.48,7
2024-02-09,Latin America,BassLink Ultra,83,5780.33,3033.99,6
2024-02-09,Latin America,ClearWave SE,92,4531.19,2662.34,7
2024-02-10,North America,AuraSound Pro,235,21431.33,8923.23,6
2024-02-10,North America,BassLink Ultra,122,8697.88,3974.62,9
2024-02-10,North America,ClearWave SE,131,6370.03,3739.68,5
2024-02-10,Europe,AuraSound Pro,215,19723.49,8898.03,5
2024-02-10,Europe,BassLink Ultra,105,7005.89,3365.59,7
2024-02-10,Europe,ClearWave SE,114,5910.4,3423.7,6
2024-02-10,Asia Pacific,AuraSound Pro,184,16161.24,7864.83,8
2024-02-10,Asia Pacific,BassLink Ultra,132,8879.29,4392.63,10
2024-02-10,Asia Pacific,ClearWave SE,115,5775.67,3100.63,5
2024-02-10,Latin America,AuraSound Pro,113,10412.83,5077.58,6
2024-02-10,Latin America,BassLink Ultra,104,7127.72,3856.65,7
2024-02-10,Latin America,ClearWave SE,83,3949.18,2373.1,6
2024-02-11,North America,AuraSound Pro,179,16638.81,7160.29,8
2024-02-11,North America,BassLink Ultra,166,11149.58,5287.01,10
2024-02-11,North America,ClearWave SE,123,6026.57,3379.82,5
2024-02-11,Europe,AuraSound Pro,146,13458.06,5508.83,5
2024-02-11,Europe,BassLink Ultra,155,11274.04,5282.26,10
2024-02-11,Europe,ClearWave SE,100,5146.26,2567.03,5
2024-02-11,Asia Pacific,AuraSound Pro,164,14114.37,6772.41,8
2024-02-11,Asia Pacific,BassLink Ultra,96,6446.15,3487.13,8
2024-02-11,Asia Pacific,ClearWave SE,112,5811.07,3241.97,6
2024-02-11,Latin America,AuraSound Pro,73,6449.02,2864.1,7
2024-02-11,Latin America,BassLink Ultra,99,7200.99,3559.72,9
2024-02-11,Latin America,ClearWave SE,99,4994.39,2858.24,7
2024-02-12,North America,AuraSound Pro,219,18927.82,8320.78,5
2024-02-12,North America,BassLink Ultra,238,17408.1,8879.26,7
2024-02-12,North America,ClearWave SE,124,6281.89,3158.55,7
2024-02-12,Europe,AuraSound Pro,155,13910.08,5690.73,5
2024-02-12,Europe,BassLink Ultra,118,8648.25,4178.27,7
2024-02-12,Europe,ClearWave SE,77,3891.87,2046.64,5
2024-02-12,Asia Pacific,AuraSound Pro,164,14028.57,5691.25,5
2024-02-12,Asia Pacific,BassLink Ultra,108,7787.64,3949.93,7
2024-02-12,Asia Pacific,ClearWave SE,63,3285.35,1769.72,6
2024-02-12,Latin America,AuraSound Pro,131,11333.46,4942.18,6
2024-02-12,Latin America,BassLink Ultra,111,7763.88,4038.97,8
2024-02-12,Latin America,ClearWave SE,62,3075.15,1661.23,4
2024-02-13,North America,AuraSound Pro,227,20648.16,8937.42,7
2024-02-13,North America,BassLink Ultra,140,9561.09,4359.4,8
2024-02-13,North America,ClearWave SE,170,8170.68,4389.47,6
2024-02-13,Europe,AuraSound Pro,117,10129.81,4484.52,6
2024-02-13,Europe,BassLink Ultra,125,8381.46,4069.01,8
2024-02-13,Europe,ClearWave SE,106,5393.62,2884.57,6
2024-02-13,Asia Pacific,AuraSound Pro,158,14411.93,7021.43,7
2024-02-13,Asia Pacific,BassLink Ultra,140,10018.06,4628.9,8
2024-02-13,Asia Pacific,ClearWave SE,73,3471.08,1879.33,6
2024-02-13,Latin America,AuraSound Pro,122,11063.54,4524.29,5
2024-02-13,Latin America,BassLink Ultra,92,6338.09,3314.3,6
2024-02-13,Latin America,ClearWave SE,87,4432.85,2403.9,6
2024-02-14,North America,AuraSound Pro,169,14913.75,7099.07,8
2024-02-14,North America,BassLink Ultra,203,14666.07,7857.44,7
2024-02-14,North America,ClearWave SE,120,5890.14,3292.83,6
2024-02-14,Europe,AuraSound Pro,233,21398.74,9992.28,5
2024-02-14,Europe,BassLink Ultra,103,7158.89,3323.58,7
2024-02-14,Europe,ClearWave SE,96,4633.21,2306.41,6
2024-02-14,Asia Pacific,AuraSound Pro,210,18596.68,7651.68,8
2024-02-14,Asia Pacific,BassLink Ultra,82,5840.83,2982.2,7
2024-02-14,Asia Pacific,ClearWave SE,72,3774.94,2057.12,5
2024-02-14,Latin America,AuraSound Pro,107,9615.05,3917.92,7
2024-02-14,Latin America,BassLink Ultra,100,6917.96,3140.06,8
2024-02-14,Latin America,ClearWave SE,70,3380.33,1681.95,5
2024-02-15,North America,AuraSound Pro,204,17971.06,8734.07,8
2024-02-15,North America,BassLink Ultra,176,12445.05,6629.11,7
2024-02-15,North America,ClearWave SE,120,5930.12,3157.45,6
2024-02-15,Europe,AuraSound Pro,141,12756.74,5788.41,7
2024-02-15,Europe,BassLink Ultra,145,10088.11,4844.65,8
2024-02-15,Europe,ClearWave SE,87,4156.75,2214.17,5
2024-02-15,Asia Pacific,AuraSound Pro,108,9797.13,4090.57,7
2024-02-15,Asia Pacific,BassLink Ultra,174,12164.74,5962.89,6
2024-02-15,Asia Pacific,ClearWave SE,115,5818.22,3008.86,8
2024-02-15,Latin America,AuraSound Pro,114,10233.77,4644.82,6
2024-02-15,Latin America,BassLink Ultra,94,6601.03,3544.73,8
2024-02-15,Latin America,ClearWave SE,76,3656.7,2129.53,5
2024-02-16,North America,AuraSound Pro,243,22838.58,9555.47,6
2024-02-16,North America,BassLink Ultra,165,11529.19,6183.74,7
2024-02-16,North America,ClearWave SE,86,4207.05,2176.54,7
2024-02-16,Europe,AuraSound Pro,159,14324.54,6436.15,8
2024-02-16,Europe,BassLink Ultra,158,11590.04,5687.91,8
2024-02-16,Europe,ClearWave SE,113,5690.41,3415.19,6
2024-02-16,Asia Pacific,AuraSound Pro,155,14442.17,6419.88,6
2024-02-16,Asia Pacific,BassLink Ultra,129,9143.01,4961.35,5
2024-02-16,Asia Pacific,ClearWave SE,91,4634.49,2662.5,5
2024-02-16,Latin America,AuraSound Pro,107,9435.77,4126.11,7
2024-02-16,Latin America,BassLink Ultra,79,5369.25,2930.24,9
2024-02-16,Latin America,ClearWave SE,86,4210.84,2091.0,6
2024-02-17,North America,AuraSound Pro,248,22854.2,9549.78,7
2024-02-17,North America,BassLink Ultra,180,12797.93,6739.54,8
2024-02-17,North America,ClearWave SE,131,6279.28,3445.06,7
2024-02-17,Europe,AuraSound Pro,173,15423.65,6338.21,6
2024-02-17,Europe,BassLink Ultra,109,7864.06,4284.09,7
2024-02-17,Europe,ClearWave SE,70,3351.23,1843.41,6
2024-02-17,Asia Pacific,AuraSound Pro,183,15727.47,6472.82,8
2024-02-17,Asia Pacific,BassLink Ultra,83,5653.71,2703.04,7
2024-02-17,Asia Pacific,ClearWave SE,108,5302.55,2902.66,5
2024-02-17,Latin America,AuraSound Pro,142,13390.65,6150.52,5
2024-02-17,Latin America,BassLink Ultra,117,7880.05,4246.29,6
2024-02-17,Latin America,ClearWave SE,39,1966.35,1108.48,6
2024-02-18,North America,AuraSound Pro,223,19549.88,9173.89,6
2024-02-18,North America,BassLink Ultra,168,11820.05,5933.87,8
2024-02-18,North America,ClearWave SE,132,6447.84,3543.97,5
2024-02-18,Europe,AuraSound Pro,155,14129.16,5791.4,6
2024-02-18,Europe,BassLink Ultra,108,7181.08,3598.53,9
2024-02-18,Europe,ClearWave SE,95,4910.2,2432.61,6
2024-02-18,Asia Pacific,AuraSound Pro,189,16695.62,6914.83,6
2024-02-18,Asia Pacific,BassLink Ultra,87,6297.81,3031.36,7
2024-02-18,Asia Pacific,ClearWave SE,96,4767.28,2836.98,6
2024-02-18,Latin America,AuraSound Pro,135,11649.69,5438.44,6
2024-02-18,Latin America,BassLink Ultra,54,3829.62,1992.88,7
2024-02-18,Latin America,ClearWave SE,86,4499.5,2603.92,7
2024-02-19,North America,AuraSound Pro,218,19221.64,7967.04,7
2024-02-19,North America,BassLink Ultra,173,11561.2,5618.8,9
2024-02-19,North America,ClearWave SE,122,6057.75,3303.58,6
2024-02-19,Europe,AuraSound Pro,159,14122.13,5786.01,5
2024-02-19,Europe,BassLink Ultra,116,8380.41,4483.81,9
2024-02-19,Europe,ClearWave SE,115,5732.92,3392.84,5
2024-02-19,Asia Pacific,AuraSound Pro,183,16645.62,7183.87,5
2024-02-19,Asia Pacific,BassLink Ultra,123,8814.17,4244.58,6
2024-02-19,Asia Pacific,ClearWave SE,72,3676.02,1900.19,7
2024-02-19,Latin America,AuraSound Pro,117,10389.62,4262.12,7
2024-02-19,Latin America,BassLink Ultra,90,6152.7,3282.76,6
2024-02-19,Latin America,ClearWave SE,68,3396.89,1832.53,5
2024-02-20,North America,AuraSound Pro,346,29610.61,13229.09,7
2024-02-20,North America,BassLink Ultra,153,10898.59,5244.25,8
2024-02-20,North America,ClearWave SE,141,7063.6,4254.84,6
2024-02-20,Europe,AuraSound Pro,203,17574.17,7537.6,7
2024-02-20,Europe,BassLink Ultra,129,8891.56,4331.74,10
2024-02-20,Europe,ClearWave SE,105,5431.12,2702.5,6
2024-02-20,Asia Pacific,AuraSound Pro,166,15357.18,6852.67,7
2024-02-20,Asia Pacific,BassLink Ultra,83,5556.87,2627.42,7
2024-02-20,Asia Pacific,ClearWave SE,89,4559.2,2494.43,4
2024-02-20,Latin America,AuraSound Pro,125,11769.31,4846.65,7
2024-02-20,Latin America,BassLink Ultra,69,4682.42,2173.02,7
2024-02-20,Latin America,ClearWave SE,92,4635.09,2369.3,6
2024-02-21,North America,AuraSound Pro,235,20911.15,9737.73,8
2024-02-21,North America,BassLink Ultra,129,9405.65,4505.78,6
2024-02-21,North America,ClearWave SE,148,7552.2,3790.01,5
2024-02-21,Europe,AuraSound Pro,150,13004.83,6388.16,9
2024-02-21,Europe,BassLink Ultra,92,6439.47,3335.4,8
2024-02-21,Europe,ClearWave SE,97,4997.88,2726.66,5
2024-02-21,Asia Pacific,AuraSound Pro,102,8760.33,3678.62,8
2024-02-21,Asia Pacific,BassLink Ultra,86,5748.27,3071.67,7
2024-02-21,Asia Pacific,ClearWave SE,83,4340.29,2242.46,6
2024-02-21,Latin America,AuraSound Pro,90,8048.07,3689.4,7
2024-02-21,Latin America,BassLink Ultra,92,6748.91,3165.31,7
2024-02-21,Latin America,ClearWave SE,77,3948.27,2024.61,6
2024-02-22,North America,AuraSound Pro,305,26753.48,12377.64,6
2024-02-22,North America,BassLink Ultra,125,8805.69,4642.03,8
2024-02-22,North America,ClearWave SE,114,5419.07,2895.26,5
2024-02-22,Europe,AuraSound Pro,138,12197.16,5870.78,7
2024-02-22,Europe,BassLink Ultra,115,7991.46,3619.47,8
2024-02-22,Europe,ClearWave SE,154,7404.77,3900.67,5
2024-02-22,Asia Pacific,AuraSound Pro,185,17469.33,7145.69,6
2024-02-22,Asia Pacific,BassLink Ultra,100,6923.73,3637.91,9
2024-02-22,Asia Pacific,ClearWave SE,62,3188.5,1666.34,6
2024-02-22,Latin America,AuraSound Pro,83,7586.16,3236.53,8
2024-02-22,Latin America,BassLink Ultra,89,6055.23,2748.43,6
2024-02-22,Latin America,ClearWave SE,65,3395.72,1898.13,6
2024-02-23,North America,AuraSound Pro,315,28394.18,13438.68,5
2024-02-23,North America,BassLink Ultra,126,9166.28,4992.37,6
2024-02-23,North America,ClearWave SE,117,6012.81,3291.39,6
2024-02-23,Europe,AuraSound Pro,132,11986.93,5055.51,6
2024-02-23,Europe,BassLink Ultra,151,10258.91,4689.51,7
2024-02-23,Europe,ClearWave SE,60,3092.64,1815.2,6
2024-02-23,Asia Pacific,AuraSound Pro,204,18855.69,8747.5,5
2024-02-23,Asia Pacific,BassLink Ultra,79,5487.87,2490.16,8
2024-02-23,Asia Pacific,ClearWave SE,97,4606.58,2491.34,5
2024-02-23,Latin America,AuraSound Pro,108,10178.7,4329.52,7
2024-02-23,Latin America,BassLink Ultra,71,4835.33,2176.61,6
2024-02-23,Latin America,ClearWave SE,81,4147.14,2439.87,5
2024-02-24,North America,AuraSound Pro,150,13262.67,6221.99,6
2024-02-24,North America,BassLink Ultra,138,9533.97,5150.19,8
2024-02-24,North America,ClearWave SE,107,5397.41,3064.17,7
2024-02-24,Europe,AuraSound Pro,180,16537.26,6946.62,6
2024-02-24,Europe,BassLink Ultra,137,10022.25,4552.53,9
2024-02-24,Europe,ClearWave SE,115,5631.9,3230.38,4
2024-02-24,Asia Pacific,AuraSound Pro,147,13246.86,5971.69,7
2024-02-24,Asia Pacific,BassLink Ultra,128,9252.12,4808.52,7
2024-02-24,Asia Pacific,ClearWave SE,85,4428.04,2530.21,7
2024-02-24,Latin America,AuraSound Pro,141,12401.92,5923.61,7
2024-02-24,Latin America,BassLink Ultra,79,5438.32,2979.4,6
2024-02-24,Latin America,ClearWave SE,77,3936.63,2192.03,6
2024-02-25,North America,AuraSound Pro,211,18761.02,7873.5,7
2024-02-25,North America,BassLink Ultra,173,11968.24,5415.86,9
2024-02-25,North America,ClearWave SE,89,4540.26,2655.53,5
2024-02-25,Europe,AuraSound Pro,195,16761.32,7549.83,7
2024-02-25,Europe,BassLink Ultra,145,9823.04,5206.21,8
2024-02-25,Europe,ClearWave SE,65,3129.68,1847.08,7
2024-02-25,Asia Pacific,AuraSound Pro,144,12686.49,6133.0,6
2024-02-25,Asia Pacific,BassLink Ultra,140,9554.09,4896.35,8
2024-02-25,Asia Pacific,ClearWave SE,115,5982.3,2969.24,6
2024-02-25,Latin America,AuraSound Pro,114,10308.98,4442.0,7
2024-02-25,Latin America,BassLink Ultra,71,5029.56,2431.31,6
2024-02-25,Latin America,ClearWave SE,62,2965.6,1723.65,7
2024-02-26,North America,AuraSound Pro,190,17415.17,7574.22,5
2024-02-26,North America,BassLink Ultra,146,10672.7,5487.62,7
2024-02-26,North America,ClearWave SE,151,7321.27,3960.93,7
2024-02-26,Europe,AuraSound Pro,162,14254.53,6127.58,7
2024-02-26,Europe,BassLink Ultra,134,8973.04,4503.3,7
2024-02-26,Europe,ClearWave SE,96,4913.2,2812.81,5
2024-02-26,Asia Pacific,AuraSound Pro,109,9708.48,4162.85,6
2024-02-26,Asia Pacific,BassLink Ultra,111,7589.07,3633.24,6
2024-02-26,Asia Pacific,ClearWave SE,94,4747.76,2390.34,6
2024-02-26,Latin America,AuraSound Pro,110,9996.94,4609.87,6
2024-02-26,Latin America,BassLink Ultra,67,4461.95,2438.46,9
2024-02-26,Latin America,ClearWave SE,82,4183.88,2351.76,5
2024-02-27,North America,AuraSound Pro,168,15265.98,7372.68,6
2024-02-27,North America,BassLink Ultra,168,11408.67,5804.26,8
2024-02-27,North America,ClearWave SE,148,7330.57,3641.05,7
2024-02-27,Europe,AuraSound Pro,129,11550.96,5673.63,7
2024-02-27,Europe,BassLink Ultra,157,10646.19,5506.7,7
2024-02-27,Europe,ClearWave SE,100,4795.35,2768.46,5
2024-02-27,Asia Pacific,AuraSound Pro,154,13524.07,6005.99,7
2024-02-27,Asia Pacific,BassLink Ultra,160,11352.59,5383.42,9
2024-02-27,Asia Pacific,ClearWave SE,81,3927.42,2323.15,6
2024-02-27,Latin America,AuraSound Pro,105,9232.39,3944.82,6
2024-02-27,Latin America,BassLink Ultra,86,6159.23,3145.35,7
2024-02-27,Latin America,ClearWave SE,62,3239.31,1902.23,6
2024-02-28,North America,AuraSound Pro,232,21781.08,9888.24,7
2024-02-28,North America,BassLink Ultra,165,11828.84,6195.85,6
2024-02-28,North America,ClearWave SE,103,5082.61,3030.68,6
2024-02-28,Europe,AuraSound Pro,217,19076.45,8358.55,9
2024-02-28,Europe,BassLink Ultra,133,9576.19,4744.38,8
2024-02-28,Europe,ClearWave SE,76,3877.3,2101.64,6
2024-02-28,Asia Pacific,AuraSound Pro,235,22070.28,9065.6,6
2024-02-28,Asia Pacific,BassLink Ultra,101,7029.35,3178.61,9
2024-02-28,Asia Pacific,ClearWave SE,90,4299.42,2360.47,4
2024-02-28,Latin America,AuraSound Pro,111,10143.89,4345.86,8
2024-02-28,Latin America,BassLink Ultra,82,5492.68,2573.68,7
2024-02-28,Latin America,ClearWave SE,82,4227.95,2411.47,6
2024-02-29,North America,AuraSound Pro,196,17302.58,7396.79,6
2024-02-29,North America,BassLink Ultra,270,18626.85,9041.08,9
2024-02-29,North America,ClearWave SE,132,6471.85,3854.09,6
2024-02-29,Europe,AuraSound Pro,170,15075.59,6791.66,7
2024-02-29,Europe,BassLink Ultra,119,8373.26,4189.25,7
2024-02-29,Europe,ClearWave SE,107,5443.57,3196.3,5
2024-02-29,Asia Pacific,AuraSound Pro,171,15294.75,7034.81,7
2024-02-29,Asia Pacific,BassLink Ultra,123,8332.65,4327.94,6
2024-02-29,Asia Pacific,ClearWave SE,82,3961.97,1962.04,5
2024-02-29,Latin America,AuraSound Pro,148,13338.41,5595.77,8
2024-02-29,Latin America,BassLink Ultra,75,5042.09,2381.06,6
2024-02-29,Latin America,ClearWave SE,113,5505.02,2759.94,6
2024-03-01,North America,AuraSound Pro,159,13907.14,6833.8,6
2024-03-01,North America,BassLink Ultra,183,12700.29,6259.9,10
2024-03-01,North America,ClearWave SE,174,8874.09,4560.27,6
2024-03-01,Europe,AuraSound Pro,103,9612.41,4439.28,7
2024-03-01,Europe,BassLink Ultra,101,7143.67,3298.38,8
2024-03-01,Europe,ClearWave SE,83,4228.86,2189.23,5
2024-03-01,Asia Pacific,AuraSound Pro,186,16243.22,7320.86,6
2024-03-01,Asia Pacific,BassLink Ultra,105,7564.1,3456.07,7
2024-03-01,Asia Pacific,ClearWave SE,151,7645.43,4363.63,5
2024-03-01,Latin America,AuraSound Pro,129,11998.9,5746.57,9
2024-03-01,Latin America,BassLink Ultra,86,5919.0,3132.07,9
2024-03-01,Latin America,ClearWave SE,53,2743.52,1624.39,5
2024-03-02,North America,AuraSound Pro,178,15838.54,7560.03,6
2024-03-02,North America,BassLink Ultra,148,9909.97,5328.94,8
2024-03-02,North America,ClearWave SE,141,7378.51,3706.39,4
2024-03-02,Europe,AuraSound Pro,154,13685.88,6532.86,7
2024-03-02,Europe,BassLink Ultra,85,5782.64,2804.88,8
2024-03-02,Europe,ClearWave SE,87,4292.41,2343.94,5
2024-03-02,Asia Pacific,AuraSound Pro,187,17179.44,6970.6,8
2024-03-02,Asia Pacific,BassLink Ultra,127,8874.5,3998.24,6
2024-03-02,Asia Pacific,ClearWave SE,101,5073.44,2548.44,6
2024-03-02,Latin America,AuraSound Pro,133,12306.14,5816.59,8
2024-03-02,Latin America,BassLink Ultra,88,5937.59,3070.42,9
2024-03-02,Latin America,ClearWave SE,92,4447.26,2296.78,6
2024-03-03,North America,AuraSound Pro,221,20699.67,9796.83,7
2024-03-03,North America,BassLink Ultra,209,15197.12,7718.32,9
2024-03-03,North America,ClearWave SE,96,4786.52,2746.52,6
2024-03-03,Europe,AuraSound Pro,146,12893.94,5502.3,6
2024-03-03,Europe,BassLink Ultra,115,8377.11,4194.47,6
2024-03-03,Europe,ClearWave SE,82,4231.1,2401.34,7
2024-03-03,Asia Pacific,AuraSound Pro,137,12565.78,5387.77,7
2024-03-03,Asia Pacific,BassLink Ultra,115,7907.6,3771.54,8
2024-03-03,Asia Pacific,ClearWave SE,100,4858.39,2723.05,5
2024-03-03,Latin America,AuraSound Pro,144,13366.68,6349.47,5
2024-03-03,Latin America,BassLink Ultra,75,5033.18,2616.72,8
2024-03-03,Latin America,ClearWave SE,56,2668.19,1396.94,4
2024-03-04,North America,AuraSound Pro,223,19142.6,8901.62,5
2024-03-04,North America,BassLink Ultra,170,12360.09,5964.1,7
2024-03-04,North America,ClearWave SE,127,6189.38,3456.38,6
2024-03-04,Europe,AuraSound Pro,201,18735.58,9270.11,7
2024-03-04,Europe,BassLink Ultra,101,6731.39,3271.74,7
2024-03-04,Europe,ClearWave SE,105,5150.68,2920.32,7
2024-03-04,Asia Pacific,AuraSound Pro,176,16253.68,6639.7,8
2024-03-04,Asia Pacific,BassLink Ultra,120,8452.04,4331.34,9
2024-03-04,Asia Pacific,ClearWave SE,93,4686.7,2830.65,7
2024-03-04,Latin America,AuraSound Pro,113,10379.77,4567.42,8
2024-03-04,Latin America,BassLink Ultra,95,6933.75,3764.43,6
2024-03-04,Latin America,ClearWave SE,74,3592.59,2171.79,4
2024-03-05,North America,AuraSound Pro,235,21344.66,8747.07,7
2024-03-05,North America,BassLink Ultra,219,15599.93,7602.04,7
2024-03-05,North America,ClearWave SE,175,8920.71,5052.25,6
2024-03-05,Europe,AuraSound Pro,149,13590.79,6237.32,6
2024-03-05,Europe,BassLink Ultra,138,9615.32,4968.97,7
2024-03-05,Europe,ClearWave SE,92,4377.93,2542.27,6
2024-03-05,Asia Pacific,AuraSound Pro,212,19723.01,9412.87,7
2024-03-05,Asia Pacific,BassLink Ultra,112,7829.86,3838.11,8
2024-03-05,Asia Pacific,ClearWave SE,93,4545.4,2710.62,5
2024-03-05,Latin America,AuraSound Pro,172,15253.73,6249.13,8
2024-03-05,Latin America,BassLink Ultra,85,5702.0,2911.92,7
2024-03-05,Latin America,ClearWave SE,55,2849.25,1688.1,6
2024-03-06,North America,AuraSound Pro,234,20608.12,9834.97,6
2024-03-06,North America,BassLink Ultra,155,11362.0,5641.24,9
2024-03-06,North America,ClearWave SE,106,5550.82,3246.49,5
2024-03-06,Europe,AuraSound Pro,165,14211.41,6025.23,6
2024-03-06,Europe,BassLink Ultra,118,8067.68,3711.92,6
2024-03-06,Europe,ClearWave SE,93,4869.01,2816.83,5
2024-03-06,Asia Pacific,AuraSound Pro,153,13463.32,6419.94,7
2024-03-06,Asia Pacific,BassLink Ultra,87,5926.25,2743.66,6
2024-03-06,Asia Pacific,ClearWave SE,76,3865.34,1939.95,4
2024-03-06,Latin America,AuraSound Pro,136,11806.52,5145.73,6
2024-03-06,Latin America,BassLink Ultra,85,5831.61,2952.78,7
2024-03-06,Latin America,ClearWave SE,64,3225.18,1775.8,6
2024-03-07,North America,AuraSound Pro,221,19437.61,8725.64,6
2024-03-07,North America,BassLink Ultra,145,9952.14,5296.91,7
2024-03-07,North America,ClearWave SE,115,5724.95,3290.42,5
2024-03-07,Europe,AuraSound Pro,248,22935.83,11068.79,7
2024-03-07,Europe,BassLink Ultra,132,9552.89,5244.01,5
2024-03-07,Europe,ClearWave SE,92,4458.88,2447.18,6
2024-03-07,Asia Pacific,AuraSound Pro,153,13745.31,6603.81,9
2024-03-07,Asia Pacific,BassLink Ultra,133,9221.92,4452.56,7
2024-03-07,Asia Pacific,ClearWave SE,120,5774.45,2983.12,5
2024-03-07,Latin America,AuraSound Pro,176,15821.81,7325.93,8
2024-03-07,Latin America,BassLink Ultra,91,6287.68,3245.49,6
2024-03-07,Latin America,ClearWave SE,71,3437.58,1806.97,5
2024-03-08,North America,AuraSound Pro,182,16911.64,7284.07,6
2024-03-08,North America,BassLink Ultra,117,8086.1,4283.8,8
2024-03-08,North America,ClearWave SE,101,5077.66,2985.48,5
2024-03-08,Europe,AuraSound Pro,154,14097.89,5989.42,7
2024-03-08,Europe,BassLink Ultra,133,9075.65,4322.96,7
2024-03-08,Europe,ClearWave SE,109,5585.28,2858.13,7
2024-03-08,Asia Pacific,AuraSound Pro,101,8719.77,3913.01,6
2024-03-08,Asia Pacific,BassLink Ultra,91,6202.31,3354.48,7
2024-03-08,Asia Pacific,ClearWave SE,56,2872.39,1470.65,4
2024-03-08,Latin America,AuraSound Pro,69,6269.48,3103.14,6
2024-03-08,Latin America,BassLink Ultra,77,5565.76,2599.6,9
2024-03-08,Latin America,ClearWave SE,70,3539.59,2106.65,4
2024-03-09,North America,AuraSound Pro,227,19508.98,7962.43,12
2024-03-09,North America,BassLink Ultra,96,6946.94,3237.75,10
2024-03-09,North America,ClearWave SE,116,5646.61,2825.89,5
2024-03-09,Europe,AuraSound Pro,152,13826.64,5949.53,7
2024-03-09,Europe,BassLink Ultra,112,8075.18,3950.45,6
2024-03-09,Europe,ClearWave SE,87,4467.76,2327.98,6
2024-03-09,Asia Pacific,AuraSound Pro,176,16517.93,7265.56,9
2024-03-09,Asia Pacific,BassLink Ultra,112,8054.64,3813.41,9
2024-03-09,Asia Pacific,ClearWave SE,84,4392.95,2497.24,5
2024-03-09,Latin America,AuraSound Pro,117,10646.19,4961.82,7
2024-03-09,Latin America,BassLink Ultra,101,7385.09,3976.76,7
2024-03-09,Latin America,ClearWave SE,57,2787.2,1675.02,6
2024-03-10,North America,AuraSound Pro,243,22939.32,9934.31,8
2024-03-10,North America,BassLink Ultra,129,8977.06,4274.02,7
2024-03-10,North America,ClearWave SE,142,7407.71,3818.16,5
2024-03-10,Europe,AuraSound Pro,193,16607.02,6863.89,6
2024-03-10,Europe,BassLink Ultra,130,8780.68,4801.34,6
2024-03-10,Europe,ClearWave SE,99,4823.63,2637.59,3
2024-03-10,Asia Pacific,AuraSound Pro,195,17993.54,8223.23,7
2024-03-10,Asia Pacific,BassLink Ultra,90,6237.62,3358.7,10
2024-03-10,Asia Pacific,ClearWave SE,110,5373.32,2772.46,5
2024-03-10,Latin America,AuraSound Pro,107,9561.49,4587.46,5
2024-03-10,Latin America,BassLink Ultra,91,6389.12,3059.08,7
2024-03-10,Latin America,ClearWave SE,46,2321.63,1260.0,5
2024-03-11,North America,AuraSound Pro,244,21614.93,10179.98,7
2024-03-11,North America,BassLink Ultra,162,11702.32,5929.1,8
2024-03-11,North America,ClearWave SE,135,6680.84,3547.17,6
2024-03-11,Europe,AuraSound Pro,166,15053.15,6725.12,7
2024-03-11,Europe,BassLink Ultra,164,10941.68,5644.5,8
2024-03-11,Europe,ClearWave SE,80,3868.24,2156.46,6
2024-03-11,Asia Pacific,AuraSound Pro,163,15135.91,7469.89,6
2024-03-11,Asia Pacific,BassLink Ultra,74,4946.37,2251.97,7
2024-03-11,Asia Pacific,ClearWave SE,80,3889.83,2188.17,7
2024-03-11,Latin America,AuraSound Pro,131,11622.72,5568.67,5
2024-03-11,Latin America,BassLink Ultra,83,5722.51,2782.6,9
2024-03-11,Latin America,ClearWave SE,60,2912.14,1468.64,7
2024-03-12,North America,AuraSound Pro,150,13958.68,5931.2,4
2024-03-12,North America,BassLink Ultra,184,13294.93,6494.06,7
2024-03-12,North America,ClearWave SE,80,4172.19,2119.68,5
2024-03-12,Europe,AuraSound Pro,176,15888.24,6481.44,7
2024-03-12,Europe,BassLink Ultra,73,4936.18,2545.3,7
2024-03-12,Europe,ClearWave SE,98,5004.23,2514.77,6
2024-03-12,Asia Pacific,AuraSound Pro,125,11375.63,5567.95,6
2024-03-12,Asia Pacific,BassLink Ultra,96,6621.39,3344.24,8
2024-03-12,Asia Pacific,ClearWave SE,110,5671.93,3189.33,5
2024-03-12,Latin America,AuraSound Pro,90,7779.89,3399.35,6
2024-03-12,Latin America,BassLink Ultra,119,8460.54,3866.56,7
2024-03-12,Latin America,ClearWave SE,53,2558.54,1499.31,5
2024-03-13,North America,AuraSound Pro,199,17313.83,8382.31,6
2024-03-13,North America,BassLink Ultra,107,7490.75,3918.78,8
2024-03-13,North America,ClearWave SE,121,6127.32,3304.79,6
2024-03-13,Europe,AuraSound Pro,176,16119.27,7149.88,8
2024-03-13,Europe,BassLink Ultra,141,9519.67,5076.77,8
2024-03-13,Europe,ClearWave SE,122,6056.88,3250.69,6
2024-03-13,Asia Pacific,AuraSound Pro,146,13590.78,6096.31,7
2024-03-13,Asia Pacific,BassLink Ultra,73,5146.59,2483.34,8
2024-03-13,Asia Pacific,ClearWave SE,85,4346.19,2316.69,6
2024-03-13,Latin America,AuraSound Pro,145,13631.5,6011.75,7
2024-03-13,Latin America,BassLink Ultra,73,5359.79,2425.72,9
2024-03-13,Latin America,ClearWave SE,94,4787.42,2433.17,7
2024-03-14,North America,AuraSound Pro,156,13767.8,6253.08,7
2024-03-14,North America,BassLink Ultra,114,7716.3,3794.99,7
2024-03-14,North America,ClearWave SE,124,5940.97,3197.68,6
2024-03-14,Europe,AuraSound Pro,207,18000.2,7668.86,8
2024-03-14,Europe,BassLink Ultra,132,9632.68,4738.92,7
2024-03-14,Europe,ClearWave SE,65,3096.19,1731.26,7
2024-03-14,Asia Pacific,AuraSound Pro,149,13526.98,5962.58,6
2024-03-14,Asia Pacific,BassLink Ultra,109,7457.44,3884.91,8
2024-03-14,Asia Pacific,ClearWave SE,95,4689.55,2604.98,5
2024-03-14,Latin America,AuraSound Pro,115,10692.81,5105.91,6
2024-03-14,Latin America,BassLink Ultra,73,5271.39,2862.57,7
2024-03-14,Latin America,ClearWave SE,65,3196.53,1888.43,5
2024-03-15,North America,AuraSound Pro,112,9911.97,4366.34,6
2024-03-15,North America,BassLink Ultra,112,7895.32,4188.81,8
2024-03-15,North America,ClearWave SE,102,4920.13,2580.6,6
2024-03-15,Europe,AuraSound Pro,133,12183.74,4996.57,5
2024-03-15,Europe,BassLink Ultra,117,8350.28,3919.15,7
2024-03-15,Europe,ClearWave SE,73,3790.16,2249.56,6
2024-03-15,Asia Pacific,AuraSound Pro,123,10970.59,4680.58,6
2024-03-15,Asia Pacific,BassLink Ultra,131,9327.39,4966.23,8
2024-03-15,Asia Pacific,ClearWave SE,69,3531.39,1888.07,5
2024-03-15,Latin America,AuraSound Pro,92,7932.38,3921.23,8
2024-03-15,Latin America,BassLink Ultra,100,7255.23,3474.85,10
2024-03-15,Latin America,ClearWave SE,106,5251.88,2846.64,5
2024-03-16,North America,AuraSound Pro,231,21516.45,9104.42,5
2024-03-16,North America,BassLink Ultra,149,10765.64,5443.31,8
2024-03-16,North America,ClearWave SE,94,4823.76,2522.02,5
2024-03-16,Europe,AuraSound Pro,200,17681.83,8237.67,7
2024-03-16,Europe,BassLink Ultra,167,11901.68,6040.53,10
2024-03-16,Europe,ClearWave SE,68,3490.62,1814.74,5
2024-03-16,Asia Pacific,AuraSound Pro,122,11116.38,5249.57,7
2024-03-16,Asia Pacific,BassLink Ultra,113,8185.24,3720.19,6
2024-03-16,Asia Pacific,ClearWave SE,72,3591.55,2144.78,7
2024-03-16,Latin America,AuraSound Pro,107,9160.66,3777.34,5
2024-03-16,Latin America,BassLink Ultra,67,4711.91,2202.65,10
2024-03-16,Latin America,ClearWave SE,81,4237.6,2121.11,4
2024-03-17,North America,AuraSound Pro,207,18747.0,8436.62,8
2024-03-17,North America,BassLink Ultra,102,7436.87,3648.97,9
2024-03-17,North America,ClearWave SE,125,6119.62,3382.94,5
2024-03-17,Europe,AuraSound Pro,188,17412.45,8111.98,7
2024-03-17,Europe,BassLink Ultra,128,8775.8,3950.09,8
2024-03-17,Europe,ClearWave SE,79,4013.12,2266.24,5
2024-03-17,Asia Pacific,AuraSound Pro,143,13162.97,5714.28,7
2024-03-17,Asia Pacific,BassLink Ultra,122,8404.49,3895.12,10
2024-03-17,Asia Pacific,ClearWave SE,89,4272.67,2303.92,6
2024-03-17,Latin America,AuraSound Pro,139,12031.05,4872.61,7
2024-03-17,Latin America,BassLink Ultra,69,4710.74,2125.91,9
2024-03-17,Latin America,ClearWave SE,84,4391.33,2446.99,6
2024-03-18,North America,AuraSound Pro,168,15192.21,6672.39,7
2024-03-18,North America,BassLink Ultra,104,7089.92,3257.79,10
2024-03-18,North America,ClearWave SE,100,4837.48,2919.94,5
2024-03-18,Europe,AuraSound Pro,220,20537.48,10157.86,4
2024-03-18,Europe,BassLink Ultra,153,10523.15,5057.16,8
2024-03-18,Europe,ClearWave SE,132,6718.9,3558.84,5
2024-03-18,Asia Pacific,AuraSound Pro,160,13863.25,6336.4,6
2024-03-18,Asia Pacific,BassLink Ultra,133,9544.62,5128.19,9
2024-03-18,Asia Pacific,ClearWave SE,121,6120.88,3155.5,5
2024-03-18,Latin America,AuraSound Pro,176,16392.51,6928.49,6
2024-03-18,Latin America,BassLink Ultra,82,5788.29,2918.09,6
2024-03-18,Latin America,ClearWave SE,69,3464.61,1804.06,5
2024-03-19,North America,AuraSound Pro,248,21294.44,9578.91,7
2024-03-19,North America,BassLink Ultra,114,7825.48,4001.67,9
2024-03-19,North America,ClearWave SE,156,7693.02,4350.45,6
2024-03-19,Europe,AuraSound Pro,126,11567.49,5264.15,6
2024-03-19,Europe,BassLink Ultra,136,9062.63,4364.36,7
2024-03-19,Europe,ClearWave SE,77,3916.85,2109.43,7
2024-03-19,Asia Pacific,AuraSound Pro,141,12577.29,6151.88,8
2024-03-19,Asia Pacific,BassLink Ultra,96,6775.84,3705.92,7
2024-03-19,Asia Pacific,ClearWave SE,75,3689.0,2031.36,5
2024-03-19,Latin America,AuraSound Pro,127,11997.59,5346.8,6
2024-03-19,Latin America,BassLink Ultra,65,4374.27,2354.79,6
2024-03-19,Latin America,ClearWave SE,46,2336.26,1270.05,4
2024-03-20,North America,AuraSound Pro,178,16520.75,8089.31,7
2024-03-20,North America,BassLink Ultra,153,10335.21,5144.26,8
2024-03-20,North America,ClearWave SE,151,7474.11,3977.64,7
2024-03-20,Europe,AuraSound Pro,156,13564.87,6390.31,6
2024-03-20,Europe,BassLink Ultra,182,13211.93,6707.67,9
2024-03-20,Europe,ClearWave SE,117,5872.39,2958.05,5
2024-03-20,Asia Pacific,AuraSound Pro,176,15674.02,6765.99,7
2024-03-20,Asia Pacific,BassLink Ultra,104,7230.02,3684.19,7
2024-03-20,Asia Pacific,ClearWave SE,94,4853.4,2445.24,7
2024-03-20,Latin America,AuraSound Pro,182,16916.45,8043.98,6
2024-03-20,Latin America,BassLink Ultra,85,5725.67,3077.62,7
2024-03-20,Latin America,ClearWave SE,72,3628.31,2169.56,4
2024-03-21,North America,AuraSound Pro,189,17534.81,8601.67,9
2024-03-21,North America,BassLink Ultra,123,8556.99,4401.68,7
2024-03-21,North America,ClearWave SE,101,5099.21,3030.28,5
2024-03-21,Europe,AuraSound Pro,127,11363.1,4651.52,6
2024-03-21,Europe,BassLink Ultra,128,9037.56,4386.02,8
2024-03-21,Europe,ClearWave SE,98,5058.69,2855.43,7
2024-03-21,Asia Pacific,AuraSound Pro,162,14453.21,7099.64,8
2024-03-21,Asia Pacific,BassLink Ultra,166,11293.59,5788.7,9
2024-03-21,Asia Pacific,ClearWave SE,65,3106.24,1744.09,6
2024-03-21,Latin America,AuraSound Pro,118,10328.68,4802.7,8
2024-03-21,Latin America,BassLink Ultra,80,5410.71,2534.62,7
2024-03-21,Latin America,ClearWave SE,59,2817.03,1517.7,4
2024-03-22,North America,AuraSound Pro,109,9693.93,4658.16,9
2024-03-22,North America,BassLink Ultra,141,9436.39,4313.52,6
2024-03-22,North America,ClearWave SE,157,8145.13,4531.67,7
2024-03-22,Europe,AuraSound Pro,169,15429.7,6312.33,5
2024-03-22,Europe,BassLink Ultra,107,7241.71,3350.7,7
2024-03-22,Europe,ClearWave SE,94,4579.63,2447.33,5
2024-03-22,Asia Pacific,AuraSound Pro,179,15426.44,6253.52,5
2024-03-22,Asia Pacific,BassLink Ultra,132,9156.26,4568.65,9
2024-03-22,Asia Pacific,ClearWave SE,78,3835.03,1973.04,5
2024-03-22,Latin America,AuraSound Pro,155,13690.91,6029.25,7
2024-03-22,Latin America,BassLink Ultra,76,5148.51,2727.43,7
2024-03-22,Latin America,ClearWave SE,72,3590.31,2141.5,8
2024-03-23,North America,AuraSound Pro,189,16752.88,7964.63,6
2024-03-23,North America,BassLink Ultra,141,9596.87,4701.83,8
2024-03-23,North America,ClearWave SE,119,5758.98,3356.95,5
2024-03-23,Europe,AuraSound Pro,208,18568.2,8486.64,6
2024-03-23,Europe,BassLink Ultra,127,9214.43,4201.43,8
2024-03-23,Europe,ClearWave SE,79,3915.96,2174.71,6
2024-03-23,Asia Pacific,AuraSound Pro,162,15302.23,6383.62,4
2024-03-23,Asia Pacific,BassLink Ultra,86,5798.24,2701.25,10
2024-03-23,Asia Pacific,ClearWave SE,74,3761.86,2062.32,5
2024-03-23,Latin America,AuraSound Pro,79,7175.88,3277.97,5
2024-03-23,Latin America,BassLink Ultra,80,5629.14,2854.14,6
2024-03-23,Latin America,ClearWave SE,74,3523.62,1881.72,5
2024-03-24,North America,AuraSound Pro,208,18270.87,8542.47,8
2024-03-24,North America,BassLink Ultra,183,13109.19,6698.94,8
2024-03-24,North America,ClearWave SE,89,4342.92,2349.96,5
2024-03-24,Europe,AuraSound Pro,174,15326.59,6216.19,10
2024-03-24,Europe,BassLink Ultra,80,5730.56,2592.47,7
2024-03-24,Europe,ClearWave SE,105,5078.05,2777.09,6
2024-03-24,Asia Pacific,AuraSound Pro,153,13838.04,6111.75,6
2024-03-24,Asia Pacific,BassLink Ultra,126,8550.91,3867.2,8
2024-03-24,Asia Pacific,ClearWave SE,87,4519.03,2533.66,7
2024-03-24,Latin America,AuraSound Pro,107,9869.52,4808.17,8
2024-03-24,Latin America,BassLink Ultra,63,4307.42,2023.9,8
2024-03-24,Latin America,ClearWave SE,55,2764.61,1547.29,5
2024-03-25,North America,AuraSound Pro,285,24574.01,10146.63,5
2024-03-25,North America,BassLink Ultra,141,9586.34,4585.42,6
2024-03-25,North America,ClearWave SE,142,6753.49,3825.39,5
2024-03-25,Europe,AuraSound Pro,200,18776.87,7638.66,7
2024-03-25,Europe,BassLink Ultra,183,13016.98,6741.58,6
2024-03-25,Europe,ClearWave SE,76,3943.52,1973.39,6
2024-03-25,Asia Pacific,AuraSound Pro,156,13696.17,5818.94,6
2024-03-25,Asia Pacific,BassLink Ultra,157,10701.7,5627.0,8
2024-03-25,Asia Pacific,ClearWave SE,71,3517.59,1822.34,7
2024-03-25,Latin America,AuraSound Pro,114,10704.65,4627.67,7
2024-03-25,Latin America,BassLink Ultra,93,6633.82,3625.81,8
2024-03-25,Latin America,ClearWave SE,53,2694.96,1550.21,5
2024-03-26,North America,AuraSound Pro,147,13234.42,5731.79,7
2024-03-26,North America,BassLink Ultra,202,14484.66,6854.47,6
2024-03-26,North America,ClearWave SE,81,3927.16,2282.36,5
2024-03-26,Europe,AuraSound Pro,154,14206.69,6900.61,7
2024-03-26,Europe,BassLink Ultra,107,7830.64,3818.75,8
2024-03-26,Europe,ClearWave SE,83,4143.43,2100.68,5
2024-03-26,Asia Pacific,AuraSound Pro,123,11410.6,5520.38,5
2024-03-26,Asia Pacific,BassLink Ultra,121,8771.32,4617.79,7
2024-03-26,Asia Pacific,ClearWave SE,90,4699.32,2678.99,5
2024-03-26,Latin America,AuraSound Pro,113,10317.06,4652.49,5
2024-03-26,Latin America,BassLink Ultra,75,5407.99,2899.45,7
2024-03-26,Latin America,ClearWave SE,82,4202.41,2455.53,4
2024-03-27,North America,AuraSound Pro,187,17431.43,7266.32,7
2024-03-27,North America,BassLink Ultra,169,12038.53,5721.09,9
2024-03-27,North America,ClearWave SE,109,5205.69,2987.66,6
2024-03-27,Europe,AuraSound Pro,204,18143.9,7623.07,6
2024-03-27,Europe,BassLink Ultra,119,8069.95,4212.82,9
2024-03-27,Europe,ClearWave SE,151,7518.97,4407.3,6
2024-03-27,Asia Pacific,AuraSound Pro,161,13916.68,6686.92,7
2024-03-27,Asia Pacific,BassLink Ultra,132,9112.09,4901.65,9
2024-03-27,Asia Pacific,ClearWave SE,73,3615.62,2142.26,6
2024-03-27,Latin America,AuraSound Pro,139,12221.61,5223.41,8
2024-03-27,Latin America,BassLink Ultra,78,5609.62,2744.86,8
2024-03-27,Latin America,ClearWave SE,70,3453.51,1845.18,6
2024-03-28,North America,AuraSound Pro,203,18159.58,8792.73,5
2024-03-28,North America,BassLink Ultra,263,17741.71,9727.32,11
2024-03-28,North America,ClearWave SE,106,5385.39,3018.46,5
2024-03-28,Europe,AuraSound Pro,115,10643.86,4498.25,5
2024-03-28,Europe,BassLink Ultra,126,8747.28,4336.93,9
2024-03-28,Europe,ClearWave SE,108,5405.87,2866.7,5
2024-03-28,Asia Pacific,AuraSound Pro,169,14972.61,6137.66,6
2024-03-28,Asia Pacific,BassLink Ultra,95,6462.63,2908.33,6
2024-03-28,Asia Pacific,ClearWave SE,71,3414.55,1715.59,6
2024-03-28,Latin America,AuraSound Pro,119,10634.42,4420.97,7
2024-03-28,Latin America,BassLink Ultra,51,3524.81,1805.17,8
2024-03-28,Latin America,ClearWave SE,57,2717.1,1642.15,6
2024-03-29,North America,AuraSound Pro,246,21786.09,9694.3,6
2024-03-29,North America,BassLink Ultra,139,10080.25,5409.1,10
2024-03-29,North America,ClearWave SE,115,5739.21,3463.95,5
2024-03-29,Europe,AuraSound Pro,135,12195.29,6028.04,7
2024-03-29,Europe,BassLink Ultra,93,6188.16,3034.35,9
2024-03-29,Europe,ClearWave SE,104,5114.39,2997.17,5
2024-03-29,Asia Pacific,AuraSound Pro,122,10504.7,4431.32,6
2024-03-29,Asia Pacific,BassLink Ultra,72,4997.65,2437.29,8
2024-03-29,Asia Pacific,ClearWave SE,54,2593.32,1555.67,5
2024-03-29,Latin America,AuraSound Pro,108,9522.66,4131.27,6
2024-03-29,Latin America,BassLink Ultra,87,5859.26,3008.68,7
2024-03-29,Latin America,ClearWave SE,66,3160.06,1896.35,7
2024-03-30,North America,AuraSound Pro,214,18620.06,8972.17,6
2024-03-30,North America,BassLink Ultra,136,9775.11,5312.57,7
2024-03-30,North America,ClearWave SE,105,5135.67,2705.4,6
2024-03-30,Europe,AuraSound Pro,120,10846.91,4549.08,5
2024-03-30,Europe,BassLink Ultra,95,6522.92,3263.64,8
2024-03-30,Europe,ClearWave SE,103,5223.91,2675.35,6
2024-03-30,Asia Pacific,AuraSound Pro,120,10666.37,4716.84,7
2024-03-30,Asia Pacific,BassLink Ultra,94,6367.93,3115.33,7
2024-03-30,Asia Pacific,ClearWave SE,75,3929.69,2110.16,6
2024-03-30,Latin America,AuraSound Pro,97,8840.47,3733.17,8
2024-03-30,Latin America,BassLink Ultra,100,6697.37,3238.04,8
2024-03-30,Latin America,ClearWave SE,78,3843.05,1965.09,4
2024-03-31,North America,AuraSound Pro,243,21609.8,9009.22,7
2024-03-31,North America,BassLink Ultra,120,8230.74,4232.9,7
2024-03-31,North America,ClearWave SE,149,7346.09,4302.16,6
2024-03-31,Europe,AuraSound Pro,153,14182.82,5974.01,5
2024-03-31,Europe,BassLink Ultra,146,9733.52,5051.74,6
2024-03-31,Europe,ClearWave SE,84,4245.27,2213.86,5
2024-03-31,Asia Pacific,AuraSound Pro,123,10678.22,4611.05,6
2024-03-31,Asia Pacific,BassLink Ultra,101,6802.66,3270.5,7
2024-03-31,Asia Pacific,ClearWave SE,86,4464.43,2481.95,7
2024-03-31,Latin America,AuraSound Pro,84,7306.86,3561.98,7
2024-03-31,Latin America,BassLink Ultra,63,4523.94,2189.05,6
2024-03-31,Latin America,ClearWave SE,76,3628.12,1898.51,6
2024-04-01,North America,AuraSound Pro,139,12813.7,6249.61,6
2024-04-01,North America,BassLink Ultra,93,6809.5,3367.2,6
2024-04-01,North America,ClearWave SE,69,3590.58,2002.05,5
2024-04-01,Europe,AuraSound Pro,181,16030.59,7118.1,7
2024-04-01,Europe,BassLink Ultra,104,7492.91,4076.89,9
2024-04-01,Europe,ClearWave SE,119,6130.31,3604.34,6
2024-04-01,Asia Pacific,AuraSound Pro,127,11316.59,5269.44,6
2024-04-01,Asia Pacific,BassLink Ultra,140,9658.46,4959.37,7
2024-04-01,Asia Pacific,ClearWave SE,91,4569.88,2364.67,5
2024-04-01,Latin America,AuraSound Pro,135,12127.51,5147.43,6
2024-04-01,Latin America,BassLink Ultra,77,5375.81,2901.84,8
2024-04-01,Latin America,ClearWave SE,91,4436.35,2414.0,6
2024-04-02,North America,AuraSound Pro,178,15218.82,6217.4,6
2024-04-02,North America,BassLink Ultra,163,11466.17,5335.37,8
2024-04-02,North America,ClearWave SE,123,6290.96,3646.69,7
2024-04-02,Europe,AuraSound Pro,159,14081.82,6524.98,7
2024-04-02,Europe,BassLink Ultra,104,7508.79,3827.46,7
2024-04-02,Europe,ClearWave SE,79,4089.23,2177.11,4
2024-04-02,Asia Pacific,AuraSound Pro,157,13678.89,6069.75,7
2024-04-02,Asia Pacific,BassLink Ultra,112,7866.59,4039.75,7
2024-04-02,Asia Pacific,ClearWave SE,71,3386.55,1796.32,5
2024-04-02,Latin America,AuraSound Pro,137,12534.43,5567.61,7
2024-04-02,Latin America,BassLink Ultra,79,5395.9,2456.66,8
2024-04-02,Latin America,ClearWave SE,55,2695.22,1492.0,6
2024-04-03,North America,AuraSound Pro,281,24443.24,10734.89,8
2024-04-03,North America,BassLink Ultra,143,10236.4,5550.79,8
2024-04-03,North America,ClearWave SE,118,5717.15,3249.26,7
2024-04-03,Europe,AuraSound Pro,205,18429.11,8340.63,8
2024-04-03,Europe,BassLink Ultra,117,7941.16,4212.92,5
2024-04-03,Europe,ClearWave SE,131,6507.9,3419.53,5
2024-04-03,Asia Pacific,AuraSound Pro,94,8825.23,4307.05,7
2024-04-03,Asia Pacific,BassLink Ultra,66,4728.88,2145.36,8
2024-04-03,Asia Pacific,ClearWave SE,53,2760.89,1370.29,5
2024-04-03,Latin America,AuraSound Pro,152,13657.99,5636.46,7
2024-04-03,Latin America,BassLink Ultra,78,5521.56,2615.35,8
2024-04-03,Latin America,ClearWave SE,36,1723.14,873.08,5
2024-04-04,North America,AuraSound Pro,169,14744.39,6641.49,7
2024-04-04,North America,BassLink Ultra,109,7275.28,3312.25,8
2024-04-04,North America,ClearWave SE,105,5429.51,2844.33,5
2024-04-04,Europe,AuraSound Pro,140,12534.45,5728.06,6
2024-04-04,Europe,BassLink Ultra,76,5221.12,2405.17,8
2024-04-04,Europe,ClearWave SE,76,3900.53,2345.35,5
2024-04-04,Asia Pacific,AuraSound Pro,193,16995.01,7847.77,7
2024-04-04,Asia Pacific,BassLink Ultra,79,5671.74,2712.18,5
2024-04-04,Asia Pacific,ClearWave SE,88,4203.9,2305.5,5
2024-04-04,Latin America,AuraSound Pro,113,10216.06,4367.13,7
2024-04-04,Latin America,BassLink Ultra,93,6547.62,3283.46,7
2024-04-04,Latin America,ClearWave SE,61,3080.86,1552.04,6
2024-04-05,North America,AuraSound Pro,204,18496.87,7701.18,7
2024-04-05,North America,BassLink Ultra,178,12341.63,6639.6,8
2024-04-05,North America,ClearWave SE,123,6224.71,3171.13,6
2024-04-05,Europe,AuraSound Pro,127,11895.97,5631.98,6
2024-04-05,Europe,BassLink Ultra,87,5896.74,3099.59,9
2024-04-05,Europe,ClearWave SE,65,3287.24,1641.77,5
2024-04-05,Asia Pacific,AuraSound Pro,129,11200.04,5528.55,5
2024-04-05,Asia Pacific,BassLink Ultra,92,6248.18,3292.2,7
2024-04-05,Asia Pacific,ClearWave SE,111,5283.1,2635.14,4
2024-04-05,Latin America,AuraSound Pro,141,13177.4,5439.68,6
2024-04-05,Latin America,BassLink Ultra,92,6366.94,3393.3,8
2024-04-05,Latin America,ClearWave SE,49,2556.84,1343.14,7
2024-04-06,North America,AuraSound Pro,237,21893.49,10698.17,5
2024-04-06,North America,BassLink Ultra,149,10677.28,4872.89,7
2024-04-06,North America,ClearWave SE,78,3822.99,2305.74,5
2024-04-06,Europe,AuraSound Pro,202,19044.37,8359.49,7
2024-04-06,Europe,BassLink Ultra,104,7547.94,3532.93,9
2024-04-06,Europe,ClearWave SE,111,5489.94,3084.82,5
2024-04-06,Asia Pacific,AuraSound Pro,192,16808.69,6895.95,6
2024-04-06,Asia Pacific,BassLink Ultra,94,6360.65,3087.97,6
2024-04-06,Asia Pacific,ClearWave SE,70,3528.45,2089.82,5
2024-04-06,Latin America,AuraSound Pro,115,10519.34,4657.33,5
2024-04-06,Latin America,BassLink Ultra,66,4621.48,2083.06,10
2024-04-06,Latin America,ClearWave SE,76,3623.87,1940.61,7
2024-04-07,North America,AuraSound Pro,182,16381.37,7975.99,7
2024-04-07,North America,BassLink Ultra,149,10739.08,5760.84,10
2024-04-07,North America,ClearWave SE,77,3805.37,2288.31,4
2024-04-07,Europe,AuraSound Pro,138,12869.37,5768.7,7
2024-04-07,Europe,BassLink Ultra,111,7704.54,4143.31,7
2024-04-07,Europe,ClearWave SE,97,4877.0,2443.41,5
2024-04-07,Asia Pacific,AuraSound Pro,138,12158.92,5438.04,7
2024-04-07,Asia Pacific,BassLink Ultra,90,6105.51,2826.28,9
2024-04-07,Asia Pacific,ClearWave SE,96,4785.42,2488.53,5
2024-04-07,Latin America,AuraSound Pro,97,9113.04,3972.12,6
2024-04-07,Latin America,BassLink Ultra,76,5148.58,2775.67,8
2024-04-07,Latin America,ClearWave SE,88,4611.91,2308.35,5
2024-04-08,North America,AuraSound Pro,194,17077.17,7199.52,6
2024-04-08,North America,BassLink Ultra,119,8301.93,4238.88,8
2024-04-08,North America,ClearWave SE,96,4935.09,2448.58,5
2024-04-08,Europe,AuraSound Pro,165,14748.63,6684.06,7
2024-04-08,Europe,BassLink Ultra,67,4871.01,2627.39,7
2024-04-08,Europe,ClearWave SE,108,5629.4,3382.29,4
2024-04-08,Asia Pacific,AuraSound Pro,75,6599.89,3242.52,7
2024-04-08,Asia Pacific,BassLink Ultra,103,7052.21,3370.26,6
2024-04-08,Asia Pacific,ClearWave SE,80,3832.26,1962.11,5
2024-04-08,Latin America,AuraSound Pro,118,10362.69,4492.03,4
2024-04-08,Latin America,BassLink Ultra,72,5274.39,2871.75,7
2024-04-08,Latin America,ClearWave SE,71,3694.67,1831.37,4
2024-04-09,North America,AuraSound Pro,184,15753.76,6745.55,7
2024-04-09,North America,BassLink Ultra,189,13536.54,7438.9,7
2024-04-09,North America,ClearWave SE,111,5567.38,3004.28,4
2024-04-09,Europe,AuraSound Pro,152,13819.7,5879.64,8
2024-04-09,Europe,BassLink Ultra,158,11075.19,6080.6,8
2024-04-09,Europe,ClearWave SE,63,3235.08,1662.03,7
2024-04-09,Asia Pacific,AuraSound Pro,100,8937.63,4248.59,5
2024-04-09,Asia Pacific,BassLink Ultra,131,9238.82,4473.5,7
2024-04-09,Asia Pacific,ClearWave SE,69,3354.24,1846.49,6
2024-04-09,Latin America,AuraSound Pro,110,9844.97,4843.99,9
2024-04-09,Latin America,BassLink Ultra,94,6341.85,3214.81,8
2024-04-09,Latin America,ClearWave SE,63,3218.03,1724.62,7
2024-04-10,North America,AuraSound Pro,178,15849.19,7655.72,6
2024-04-10,North America,BassLink Ultra,151,11061.64,5468.25,7
2024-04-10,North America,ClearWave SE,110,5602.15,2941.59,4
2024-04-10,Europe,AuraSound Pro,147,13034.7,5649.33,6
2024-04-10,Europe,BassLink Ultra,72,4884.2,2349.04,7
2024-04-10,Europe,ClearWave SE,85,4225.66,2359.69,6
2024-04-10,Asia Pacific,AuraSound Pro,172,15644.4,6460.7,8
2024-04-10,Asia Pacific,BassLink Ultra,89,6289.0,3295.17,8
2024-04-10,Asia Pacific,ClearWave SE,86,4097.23,2408.43,5
2024-04-10,Latin America,AuraSound Pro,78,6762.16,3318.85,6
2024-04-10,Latin America,BassLink Ultra,96,6749.14,3121.91,6
2024-04-10,Latin America,ClearWave SE,49,2379.34,1285.38,5
2024-04-11,North America,AuraSound Pro,149,13229.75,5823.51,7
2024-04-11,North America,BassLink Ultra,114,7634.2,3677.32,8
2024-04-11,North America,ClearWave SE,104,5343.35,3149.45,4
2024-04-11,Europe,AuraSound Pro,139,12742.81,5519.61,8
2024-04-11,Europe,BassLink Ultra,111,7388.08,3626.94,7
2024-04-11,Europe,ClearWave SE,110,5645.31,2983.27,5
2024-04-11,Asia Pacific,AuraSound Pro,120,10740.84,5052.83,8
2024-04-11,Asia Pacific,BassLink Ultra,111,7854.1,4253.07,6
2024-04-11,Asia Pacific,ClearWave SE,85,4278.16,2246.95,5
2024-04-11,Latin America,AuraSound Pro,69,6258.56,3035.46,6
2024-04-11,Latin America,BassLink Ultra,111,7783.45,3542.38,9
2024-04-11,Latin America,ClearWave SE,59,2893.44,1490.1,4
2024-04-12,North America,AuraSound Pro,120,10537.59,4707.76,7
2024-04-12,North America,BassLink Ultra,139,9345.51,4930.58,8
2024-04-12,North America,ClearWave SE,116,5574.98,3154.49,6
2024-04-12,Europe,AuraSound Pro,158,14426.59,6437.9,8
2024-04-12,Europe,BassLink Ultra,96,6812.41,3121.07,8
2024-04-12,Europe,ClearWave SE,60,3013.03,1535.67,5
2024-04-12,Asia Pacific,AuraSound Pro,165,14348.49,5945.84,7
2024-04-12,Asia Pacific,BassLink Ultra,60,4034.24,2077.45,10
2024-04-12,Asia Pacific,ClearWave SE,79,3998.99,2012.61,6
2024-04-12,Latin America,AuraSound Pro,93,8168.25,3591.21,6
2024-04-12,Latin America,BassLink Ultra,77,5569.76,2902.04,8
2024-04-12,Latin America,ClearWave SE,64,3127.41,1767.93,5
2024-04-13,North America,AuraSound Pro,150,14079.84,5733.56,6
2024-04-13,North America,BassLink Ultra,159,11502.75,6297.11,9
2024-04-13,North America,ClearWave SE,113,5732.1,2918.32,7
2024-04-13,Europe,AuraSound Pro,145,12448.25,5447.43,7
2024-04-13,Europe,BassLink Ultra,119,8294.95,3778.43,9
2024-04-13,Europe,ClearWave SE,69,3597.13,2034.25,4
2024-04-13,Asia Pacific,AuraSound Pro,141,12137.98,5978.33,5
2024-04-13,Asia Pacific,BassLink Ultra,89,6138.96,3181.52,5
2024-04-13,Asia Pacific,ClearWave SE,98,4785.43,2534.95,6
2024-04-13,Latin America,AuraSound Pro,112,9615.05,4411.3,6
2024-04-13,Latin America,BassLink Ultra,52,3485.52,1802.28,5
2024-04-13,Latin America,ClearWave SE,53,2628.62,1543.72,6
2024-04-14,North America,AuraSound Pro,166,15013.88,6340.73,7
2024-04-14,North America,BassLink Ultra,142,9490.12,5071.26,8
2024-04-14,North America,ClearWave SE,69,3465.34,1750.17,5
2024-04-14,Europe,AuraSound Pro,164,14295.82,6031.99,8
2024-04-14,Europe,BassLink Ultra,133,8859.53,4030.2,8
2024-04-14,Europe,ClearWave SE,109,5354.5,2856.4,6
2024-04-14,Asia Pacific,AuraSound Pro,98,8401.53,3958.55,7
2024-04-14,Asia Pacific,BassLink Ultra,121,8673.47,4488.72,10
2024-04-14,Asia Pacific,ClearWave SE,68,3272.22,1666.49,5
2024-04-14,Latin America,AuraSound Pro,123,11580.96,5345.21,7
2024-04-14,Latin America,BassLink Ultra,79,5594.61,2954.77,9
2024-04-14,Latin America,ClearWave SE,70,3344.01,1930.25,6
2024-04-15,North America,AuraSound Pro,162,14783.13,6405.15,7
2024-04-15,North America,BassLink Ultra,100,7147.53,3342.11,8
2024-04-15,North America,ClearWave SE,100,5206.38,2698.41,4
2024-04-15,Europe,AuraSound Pro,161,14489.29,7057.16,6
2024-04-15,Europe,BassLink Ultra,114,7765.73,3616.31,6
2024-04-15,Europe,ClearWave SE,100,5126.39,2712.07,7
2024-04-15,Asia Pacific,AuraSound Pro,86,8113.78,3499.49,5
2024-04-15,Asia Pacific,BassLink Ultra,78,5494.48,2611.15,6
2024-04-15,Asia Pacific,ClearWave SE,73,3793.71,1921.07,6
2024-04-15,Latin America,AuraSound Pro,119,10354.08,5095.75,7
2024-04-15,Latin America,BassLink Ultra,84,5983.12,2872.85,7
2024-04-15,Latin America,ClearWave SE,52,2493.69,1273.84,5
2024-04-16,North America,AuraSound Pro,170,15750.48,6579.36,6
2024-04-16,North America,BassLink Ultra,135,9162.53,4212.57,6
2024-04-16,North America,ClearWave SE,91,4619.97,2559.93,7
2024-04-16,Europe,AuraSound Pro,186,16953.62,7272.24,8
2024-04-16,Europe,BassLink Ultra,104,7563.55,3834.34,7
2024-04-16,Europe,ClearWave SE,93,4730.1,2851.28,5
2024-04-16,Asia Pacific,AuraSound Pro,154,13313.86,6327.58,6
2024-04-16,Asia Pacific,BassLink Ultra,90,6381.39,3146.12,8
2024-04-16,Asia Pacific,ClearWave SE,52,2667.62,1595.18,5
2024-04-16,Latin America,AuraSound Pro,111,9742.0,4004.5,7
2024-04-16,Latin America,BassLink Ultra,80,5673.77,2962.31,7
2024-04-16,Latin America,ClearWave SE,70,3334.18,1788.07,5
2024-04-17,North America,AuraSound Pro,144,13377.13,5700.7,7
2024-04-17,North America,BassLink Ultra,101,7136.88,3288.28,10
2024-04-17,North America,ClearWave SE,117,6140.89,3182.56,5
2024-04-17,Europe,AuraSound Pro,174,16387.07,7987.44,5
2024-04-17,Europe,BassLink Ultra,140,9441.68,5171.62,8
2024-04-17,Europe,ClearWave SE,74,3614.81,2113.78,5
2024-04-17,Asia Pacific,AuraSound Pro,113,10008.43,4937.4,6
2024-04-17,Asia Pacific,BassLink Ultra,74,5006.55,2746.68,10
2024-04-17,Asia Pacific,ClearWave SE,67,3205.33,1606.6,6
2024-04-17,Latin America,AuraSound Pro,107,10041.78,4515.86,6
2024-04-17,Latin America,BassLink Ultra,70,5001.49,2616.72,9
2024-04-17,Latin America,ClearWave SE,53,2685.85,1350.38,5
2024-04-18,North America,AuraSound Pro,195,18418.83,8246.26,5
2024-04-18,North America,BassLink Ultra,118,8503.6,4332.94,9
2024-04-18,North America,ClearWave SE,95,4798.58,2707.85,6
2024-04-18,Europe,AuraSound Pro,117,10100.9,4106.02,6
2024-04-18,Europe,BassLink Ultra,97,6593.17,3452.21,8
2024-04-18,Europe,ClearWave SE,84,4057.44,2436.78,4
2024-04-18,Asia Pacific,AuraSound Pro,175,15187.42,6162.69,6
2024-04-18,Asia Pacific,BassLink Ultra,94,6549.71,3286.65,7
2024-04-18,Asia Pacific,ClearWave SE,74,3779.93,2055.13,5
2024-04-18,Latin America,AuraSound Pro,85,7888.68,3612.69,7
2024-04-18,Latin America,BassLink Ultra,63,4465.82,2380.26,7
2024-04-18,Latin America,ClearWave SE,42,2176.64,1237.68,5
2024-04-19,North America,AuraSound Pro,152,13273.95,6124.76,4
2024-04-19,North America,BassLink Ultra,83,5847.42,3167.4,5
2024-04-19,North America,ClearWave SE,95,4852.91,2715.13,7
2024-04-19,Europe,AuraSound Pro,110,9863.2,4212.81,6
2024-04-19,Europe,BassLink Ultra,98,7169.23,3608.31,8
2024-04-19,Europe,ClearWave SE,95,4573.04,2452.71,8
2024-04-19,Asia Pacific,AuraSound Pro,137,12263.13,5825.22,6
2024-04-19,Asia Pacific,BassLink Ultra,83,5754.76,3122.87,7
2024-04-19,Asia Pacific,ClearWave SE,65,3254.96,1641.36,7
2024-04-19,Latin America,AuraSound Pro,115,9944.71,4892.05,5
2024-04-19,Latin America,BassLink Ultra,80,5456.67,2847.05,6
2024-04-19,Latin America,ClearWave SE,66,3337.12,1979.48,7
2024-04-20,North America,AuraSound Pro,165,14474.6,7149.31,6
2024-04-20,North America,BassLink Ultra,166,11832.96,5575.79,7
2024-04-20,North America,ClearWave SE,84,4161.84,2167.39,5
2024-04-20,Europe,AuraSound Pro,142,12572.21,5099.77,7
2024-04-20,Europe,BassLink Ultra,125,8439.58,3932.56,8
2024-04-20,Europe,ClearWave SE,91,4342.04,2446.65,7
2024-04-20,Asia Pacific,AuraSound Pro,106,9796.24,4682.45,5
2024-04-20,Asia Pacific,BassLink Ultra,104,7210.87,3801.45,7
2024-04-20,Asia Pacific,ClearWave SE,90,4682.56,2362.89,5
2024-04-20,Latin America,AuraSound Pro,89,8253.48,3974.15,7
2024-04-20,Latin America,BassLink Ultra,73,4879.28,2268.82,7
2024-04-20,Latin America,ClearWave SE,93,4716.55,2343.5,7
2024-04-21,North America,AuraSound Pro,199,18205.19,8721.0,7
2024-04-21,North America,BassLink Ultra,124,8643.67,4320.94,7
2024-04-21,North America,ClearWave SE,102,5100.62,2954.11,5
2024-04-21,Europe,AuraSound Pro,113,10319.63,4339.56,6
2024-04-21,Europe,BassLink Ultra,108,7299.8,3987.4,9
2024-04-21,Europe,ClearWave SE,70,3543.68,1852.82,6
2024-04-21,Asia Pacific,AuraSound Pro,143,13484.91,6070.48,7
2024-04-21,Asia Pacific,BassLink Ultra,127,8562.04,4321.19,7
2024-04-21,Asia Pacific,ClearWave SE,62,3073.96,1810.14,6
2024-04-21,Latin America,AuraSound Pro,96,8962.8,3733.91,6
2024-04-21,Latin America,BassLink Ultra,64,4534.52,2201.99,8
2024-04-21,Latin America,ClearWave SE,50,2534.29,1320.18,6
2024-04-22,North America,AuraSound Pro,196,16979.79,8201.13,7
2024-04-22,North America,BassLink Ultra,100,6948.29,3238.5,8
2024-04-22,North America,ClearWave SE,120,5762.33,3173.17,6
2024-04-22,Europe,AuraSound Pro,162,14630.41,6444.36,7
2024-04-22,Europe,BassLink Ultra,101,7049.13,3517.74,9
2024-04-22,Europe,ClearWave SE,86,4257.66,2263.64,6
2024-04-22,Asia Pacific,AuraSound Pro,223,19542.67,9311.22,6
2024-04-22,Asia Pacific,BassLink Ultra,60,4034.29,1911.79,7
2024-04-22,Asia Pacific,ClearWave SE,72,3480.09,1898.99,6
2024-04-22,Latin America,AuraSound Pro,110,9950.09,4349.09,5
2024-04-22,Latin America,BassLink Ultra,79,5461.39,2598.65,7
2024-04-22,Latin America,ClearWave SE,54,2769.52,1433.67,4
2024-04-23,North America,AuraSound Pro,227,20098.3,9159.53,6
2024-04-23,North America,BassLink Ultra,139,9293.04,4974.14,7
2024-04-23,North America,ClearWave SE,103,5073.04,2914.44,5
2024-04-23,Europe,AuraSound Pro,161,13947.45,5872.81,6
2024-04-23,Europe,BassLink Ultra,85,5768.28,3140.12,7
2024-04-23,Europe,ClearWave SE,80,4168.48,2313.22,6
2024-04-23,Asia Pacific,AuraSound Pro,154,14078.67,6955.16,5
2024-04-23,Asia Pacific,BassLink Ultra,109,7287.15,3362.03,6
2024-04-23,Asia Pacific,ClearWave SE,82,4103.17,2166.5,6
2024-04-23,Latin America,AuraSound Pro,90,7998.65,3783.9,6
2024-04-23,Latin America,BassLink Ultra,60,3997.0,1839.55,8
2024-04-23,Latin America,ClearWave SE,65,3294.0,1921.06,5
2024-04-24,North America,AuraSound Pro,110,9511.26,4601.87,6
2024-04-24,North America,BassLink Ultra,108,7568.19,3774.54,8
2024-04-24,North America,ClearWave SE,108,5441.99,3017.17,6
2024-04-24,Europe,AuraSound Pro,168,14568.1,6996.29,8
2024-04-24,Europe,BassLink Ultra,92,6277.44,3058.56,7
2024-04-24,Europe,ClearWave SE,79,3912.64,2361.37,4
2024-04-24,Asia Pacific,AuraSound Pro,131,11263.51,5409.63,6
2024-04-24,Asia Pacific,BassLink Ultra,168,11830.74,5525.92,9
2024-04-24,Asia Pacific,ClearWave SE,64,3229.27,1673.13,5
2024-04-24,Latin America,AuraSound Pro,86,7457.15,3117.88,8
2024-04-24,Latin America,BassLink Ultra,86,6189.33,3365.44,9
2024-04-24,Latin America,ClearWave SE,47,2289.25,1345.26,6
2024-04-25,North America,AuraSound Pro,145,13596.64,6302.35,8
2024-04-25,North America,BassLink Ultra,102,7069.2,3217.35,6
2024-04-25,North America,ClearWave SE,78,3860.61,2059.94,5
2024-04-25,Europe,AuraSound Pro,161,13986.24,6125.83,7
2024-04-25,Europe,BassLink Ultra,82,5910.47,3077.72,7
2024-04-25,Europe,ClearWave SE,72,3457.4,1950.33,5
2024-04-25,Asia Pacific,AuraSound Pro,114,10339.46,5035.53,8
2024-04-25,Asia Pacific,BassLink Ultra,70,4839.87,2586.01,8
2024-04-25,Asia Pacific,ClearWave SE,95,4923.26,2921.15,7
2024-04-25,Latin America,AuraSound Pro,137,12645.39,5811.88,7
2024-04-25,Latin America,BassLink Ultra,77,5507.85,2525.97,7
2024-04-25,Latin America,ClearWave SE,43,2114.63,1050.95,5
2024-04-26,North America,AuraSound Pro,209,19032.82,8844.82,5
2024-04-26,North America,BassLink Ultra,109,7339.38,3927.7,8
2024-04-26,North America,ClearWave SE,96,5030.08,2543.77,7
2024-04-26,Europe,AuraSound Pro,170,15068.84,7361.93,5
2024-04-26,Europe,BassLink Ultra,101,7133.22,3675.55,7
2024-04-26,Europe,ClearWave SE,69,3567.86,1842.6,4
2024-04-26,Asia Pacific,AuraSound Pro,132,12190.12,5719.9,8
2024-04-26,Asia Pacific,BassLink Ultra,96,6966.11,3435.77,6
2024-04-26,Asia Pacific,ClearWave SE,71,3422.5,1840.75,6
2024-04-26,Latin America,AuraSound Pro,95,8863.74,4292.82,7
2024-04-26,Latin America,BassLink Ultra,61,4365.26,2100.35,7
2024-04-26,Latin America,ClearWave SE,52,2595.65,1506.96,7
2024-04-27,North America,AuraSound Pro,136,12087.11,5294.89,5
2024-04-27,North America,BassLink Ultra,157,10836.54,5444.55,8
2024-04-27,North America,ClearWave SE,75,3665.84,2190.98,6
2024-04-27,Europe,AuraSound Pro,156,14245.82,5807.12,8
2024-04-27,Europe,BassLink Ultra,103,7241.95,3519.17,11
2024-04-27,Europe,ClearWave SE,77,3836.41,1921.27,6
2024-04-27,Asia Pacific,AuraSound Pro,144,12625.69,5959.67,11
2024-04-27,Asia Pacific,BassLink Ultra,82,5716.63,2736.14,7
2024-04-27,Asia Pacific,ClearWave SE,83,4211.81,2466.84,4
2024-04-27,Latin America,AuraSound Pro,84,7388.07,3643.8,6
2024-04-27,Latin America,BassLink Ultra,96,6388.03,3205.64,8
2024-04-27,Latin America,ClearWave SE,56,2917.23,1754.79,5
2024-04-28,North America,AuraSound Pro,109,10245.42,4770.52,9
2024-04-28,North America,BassLink Ultra,117,7976.12,3963.98,7
2024-04-28,North America,ClearWave SE,150,7391.1,3792.15,4
2024-04-28,Europe,AuraSound Pro,179,16372.4,7129.41,7
2024-04-28,Europe,BassLink Ultra,114,8352.16,4501.68,8
2024-04-28,Europe,ClearWave SE,91,4334.3,2263.08,8
2024-04-28,Asia Pacific,AuraSound Pro,193,17467.51,8241.82,6
2024-04-28,Asia Pacific,BassLink Ultra,98,6576.53,3231.49,6
2024-04-28,Asia Pacific,ClearWave SE,84,4405.19,2315.23,7
2024-04-28,Latin America,AuraSound Pro,64,5725.15,2760.24,6
2024-04-28,Latin America,BassLink Ultra,80,5433.19,2919.45,8
2024-04-28,Latin America,ClearWave SE,43,2152.17,1288.02,5
2024-04-29,North America,AuraSound Pro,161,15005.01,6611.88,6
2024-04-29,North America,BassLink Ultra,110,7610.79,4121.56,6
2024-04-29,North America,ClearWave SE,95,4980.98,2720.51,7
2024-04-29,Europe,AuraSound Pro,109,10247.92,4857.68,6
2024-04-29,Europe,BassLink Ultra,111,7940.93,4320.88,6
2024-04-29,Europe,ClearWave SE,79,4057.68,2259.46,7
2024-04-29,Asia Pacific,AuraSound Pro,101,8749.19,3960.39,7
2024-04-29,Asia Pacific,BassLink Ultra,107,7840.02,3907.63,11
2024-04-29,Asia Pacific,ClearWave SE,72,3722.05,2250.55,5
2024-04-29,Latin America,AuraSound Pro,67,6274.51,2649.17,6
2024-04-29,Latin America,BassLink Ultra,52,3472.46,1683.2,10
2024-04-29,Latin America,ClearWave SE,66,3447.41,1808.12,5
2024-04-30,North America,AuraSound Pro,141,13239.32,6275.06,7
2024-04-30,North America,BassLink Ultra,144,10227.24,5593.22,8
2024-04-30,North America,ClearWave SE,102,5107.72,2594.09,6
2024-04-30,Europe,AuraSound Pro,110,9990.46,4479.97,7
2024-04-30,Europe,BassLink Ultra,97,7094.88,3464.86,6
2024-04-30,Europe,ClearWave SE,109,5505.47,2906.24,5
2024-04-30,Asia Pacific,AuraSound Pro,93,8759.09,3650.41,6
2024-04-30,Asia Pacific,BassLink Ultra,83,5647.55,2982.17,7
2024-04-30,Asia Pacific,ClearWave SE,66,3162.34,1846.3,5
2024-04-30,Latin America,AuraSound Pro,99,9224.85,4303.26,7
2024-04-30,Latin America,BassLink Ultra,74,5183.65,2453.37,8
2024-04-30,Latin America,ClearWave SE,60,3143.6,1609.92,6
2024-05-01,North America,AuraSound Pro,142,13152.4,5547.97,6
2024-05-01,North America,BassLink Ultra,144,10133.61,5473.8,7
2024-05-01,North America,ClearWave SE,91,4626.11,2741.94,5
2024-05-01,Europe,AuraSound Pro,215,18745.16,8949.82,6
2024-05-01,Europe,BassLink Ultra,82,5773.12,2888.17,7
2024-05-01,Europe,ClearWave SE,75,3687.05,2036.73,5
2024-05-01,Asia Pacific,AuraSound Pro,120,11080.66,5198.73,7
2024-05-01,Asia Pacific,BassLink Ultra,79,5670.17,3093.18,7
2024-05-01,Asia Pacific,ClearWave SE,60,2904.56,1622.09,5
2024-05-01,Latin America,AuraSound Pro,88,8075.14,3677.5,6
2024-05-01,Latin America,BassLink Ultra,52,3662.09,1650.09,6
2024-05-01,Latin America,ClearWave SE,57,2969.12,1558.12,5
2024-05-02,North America,AuraSound Pro,200,18685.0,9151.38,5
2024-05-02,North America,BassLink Ultra,108,7686.78,3774.44,8
2024-05-02,North America,ClearWave SE,82,3972.54,2311.85,5
2024-05-02,Europe,AuraSound Pro,94,8360.95,4029.11,6
2024-05-02,Europe,BassLink Ultra,82,5519.66,2622.94,9
2024-05-02,Europe,ClearWave SE,80,4012.59,2249.47,6
2024-05-02,Asia Pacific,AuraSound Pro,154,13890.73,5771.7,6
2024-05-02,Asia Pacific,BassLink Ultra,89,6501.05,3125.93,6
2024-05-02,Asia Pacific,ClearWave SE,75,3654.7,1823.69,6
2024-05-02,Latin America,AuraSound Pro,100,8728.73,3826.8,6
2024-05-02,Latin America,BassLink Ultra,97,6526.45,3202.12,8
2024-05-02,Latin America,ClearWave SE,97,5003.4,2571.17,5
2024-05-03,North America,AuraSound Pro,183,16560.18,7749.46,8
2024-05-03,North America,BassLink Ultra,93,6616.97,3324.81,7
2024-05-03,North America,ClearWave SE,70,3641.67,2037.92,7
2024-05-03,Europe,AuraSound Pro,132,12183.2,5804.96,6
2024-05-03,Europe,BassLink Ultra,117,7998.58,3927.78,7
2024-05-03,Europe,ClearWave SE,91,4362.02,2574.24,6
2024-05-03,Asia Pacific,AuraSound Pro,100,8764.46,3879.3,6
2024-05-03,Asia Pacific,BassLink Ultra,73,4922.77,2361.05,6
2024-05-03,Asia Pacific,ClearWave SE,50,2461.19,1420.38,8
2024-05-03,Latin America,AuraSound Pro,100,8847.82,4176.17,7
2024-05-03,Latin America,BassLink Ultra,84,5730.03,2614.76,7
2024-05-03,Latin America,ClearWave SE,41,2060.92,1139.76,6
2024-05-04,North America,AuraSound Pro,127,11845.2,5127.11,7
2024-05-04,North America,BassLink Ultra,85,5975.02,2732.22,6
2024-05-04,North America,ClearWave SE,81,4120.88,2403.93,6
2024-05-04,Europe,AuraSound Pro,186,17009.06,7432.92,7
2024-05-04,Europe,BassLink Ultra,85,5991.52,3142.79,9
2024-05-04,Europe,ClearWave SE,57,2837.85,1660.07,5
2024-05-04,Asia Pacific,AuraSound Pro,123,11247.49,5469.59,7
2024-05-04,Asia Pacific,BassLink Ultra,82,5859.07,3119.22,7
2024-05-04,Asia Pacific,ClearWave SE,65,3115.91,1692.43,7
2024-05-04,Latin America,AuraSound Pro,80,7395.21,3045.33,6
2024-05-04,Latin America,BassLink Ultra,63,4451.73,2043.19,9
2024-05-04,Latin America,ClearWave SE,47,2457.97,1434.96,5
2024-05-05,North America,AuraSound Pro,118,11079.1,4830.64,6
2024-05-05,North America,BassLink Ultra,119,8698.42,3917.62,6
2024-05-05,North America,ClearWave SE,114,5685.82,3436.52,6
2024-05-05,Europe,AuraSound Pro,120,11331.0,5005.02,7
2024-05-05,Europe,BassLink Ultra,105,7205.14,3304.61,6
2024-05-05,Europe,ClearWave SE,80,4198.84,2210.91,7
2024-05-05,Asia Pacific,AuraSound Pro,103,8957.59,3857.74,6
2024-05-05,Asia Pacific,BassLink Ultra,80,5382.42,2890.37,8
2024-05-05,Asia Pacific,ClearWave SE,55,2730.16,1437.7,6
2024-05-05,Latin America,AuraSound Pro,87,8212.19,3366.4,8
2024-05-05,Latin America,BassLink Ultra,63,4410.75,2124.19,5
2024-05-05,Latin America,ClearWave SE,60,3130.99,1827.12,6
2024-05-06,North America,AuraSound Pro,165,15332.24,6628.36,8
2024-05-06,North America,BassLink Ultra,82,5720.46,2737.57,6
2024-05-06,North America,ClearWave SE,90,4318.26,2387.78,6
2024-05-06,Europe,AuraSound Pro,128,11441.83,5457.44,5
2024-05-06,Europe,BassLink Ultra,86,5919.04,2850.89,10
2024-05-06,Europe,ClearWave SE,61,2968.75,1774.05,5
2024-05-06,Asia Pacific,AuraSound Pro,130,11677.91,5276.42,7
2024-05-06,Asia Pacific,BassLink Ultra,96,6515.62,3071.16,7
2024-05-06,Asia Pacific,ClearWave SE,57,2972.4,1500.44,7
2024-05-06,Latin America,AuraSound Pro,110,10298.93,4316.15,7
2024-05-06,Latin America,BassLink Ultra,87,5881.73,3216.14,6
2024-05-06,Latin America,ClearWave SE,40,2019.4,1015.54,4
2024-05-07,North America,AuraSound Pro,162,13877.74,6028.92,7
2024-05-07,North America,BassLink Ultra,85,6192.82,3179.33,9
2024-05-07,North America,ClearWave SE,62,3066.17,1578.35,6
2024-05-07,Europe,AuraSound Pro,147,13232.59,5457.94,7
2024-05-07,Europe,BassLink Ultra,69,5001.2,2467.93,9
2024-05-07,Europe,ClearWave SE,68,3490.68,1829.87,5
2024-05-07,Asia Pacific,AuraSound Pro,103,9103.69,4068.38,7
2024-05-07,Asia Pacific,BassLink Ultra,75,5065.21,2537.66,6
2024-05-07,Asia Pacific,ClearWave SE,81,4223.31,2268.73,5
2024-05-07,Latin America,AuraSound Pro,112,10388.01,4210.56,6
2024-05-07,Latin America,BassLink Ultra,56,3813.5,1792.18,6
2024-05-07,Latin America,ClearWave SE,54,2635.35,1319.67,5
2024-05-08,North America,AuraSound Pro,181,16860.7,7561.62,6
2024-05-08,North America,BassLink Ultra,120,8147.31,3841.75,7
2024-05-08,North America,ClearWave SE,76,3753.41,2234.0,5
2024-05-08,Europe,AuraSound Pro,100,9389.93,3843.88,9
2024-05-08,Europe,BassLink Ultra,100,7079.88,3213.95,6
2024-05-08,Europe,ClearWave SE,105,5352.92,3025.45,5
2024-05-08,Asia Pacific,AuraSound Pro,104,9290.74,3870.41,6
2024-05-08,Asia Pacific,BassLink Ultra,84,5771.72,3039.56,8
2024-05-08,Asia Pacific,ClearWave SE,45,2319.73,1369.54,5
2024-05-08,Latin America,AuraSound Pro,86,7790.47,3690.32,7
2024-05-08,Latin America,BassLink Ultra,61,4432.69,2003.63,7
2024-05-08,Latin America,ClearWave SE,50,2486.2,1232.61,7
2024-05-09,North America,AuraSound Pro,142,12830.67,5978.54,8
2024-05-09,North America,BassLink Ultra,114,8003.87,3921.67,8
2024-05-09,North America,ClearWave SE,92,4506.25,2293.28,6
2024-05-09,Europe,AuraSound Pro,120,10972.09,4908.62,8
2024-05-09,Europe,BassLink Ultra,102,6825.35,3353.53,6
2024-05-09,Europe,ClearWave SE,48,2459.19,1441.26,7
2024-05-09,Asia Pacific,AuraSound Pro,121,11362.26,5455.54,5
2024-05-09,Asia Pacific,BassLink Ultra,76,5281.71,2625.38,9
2024-05-09,Asia Pacific,ClearWave SE,64,3336.46,1864.32,5
2024-05-09,Latin America,AuraSound Pro,104,9214.48,4247.28,7
2024-05-09,Latin America,BassLink Ultra,72,4964.01,2420.85,8
2024-05-09,Latin America,ClearWave SE,45,2193.42,1280.19,5
2024-05-10,North America,AuraSound Pro,131,11793.72,5695.28,6
2024-05-10,North America,BassLink Ultra,107,7381.39,3873.5,7
2024-05-10,North America,ClearWave SE,116,6065.35,3531.2,6
2024-05-10,Europe,AuraSound Pro,126,10817.24,5339.27,10
2024-05-10,Europe,BassLink Ultra,75,5336.76,2553.26,7
2024-05-10,Europe,ClearWave SE,104,5170.75,3035.09,7
2024-05-10,Asia Pacific,AuraSound Pro,109,9845.88,4575.64,5
2024-05-10,Asia Pacific,BassLink Ultra,75,5325.91,2476.87,9
2024-05-10,Asia Pacific,ClearWave SE,64,3272.79,1627.35,6
2024-05-10,Latin America,AuraSound Pro,90,8405.45,3803.07,5
2024-05-10,Latin America,BassLink Ultra,64,4475.08,2067.37,8
2024-05-10,Latin America,ClearWave SE,46,2391.43,1423.36,6
2024-05-11,North America,AuraSound Pro,156,14287.05,6787.3,7
2024-05-11,North America,BassLink Ultra,117,7807.47,3901.83,6
2024-05-11,North America,ClearWave SE,82,4043.86,2194.07,5
2024-05-11,Europe,AuraSound Pro,113,10172.62,4287.11,7
2024-05-11,Europe,BassLink Ultra,135,9502.23,4977.55,9
2024-05-11,Europe,ClearWave SE,93,4617.81,2531.76,5
2024-05-11,Asia Pacific,AuraSound Pro,147,12976.99,5355.88,8
2024-05-11,Asia Pacific,BassLink Ultra,71,4898.09,2494.34,8
2024-05-11,Asia Pacific,ClearWave SE,72,3422.61,1770.02,5
2024-05-11,Latin America,AuraSound Pro,92,8081.77,3321.84,7
2024-05-11,Latin America,BassLink Ultra,62,4434.99,2403.0,9
2024-05-11,Latin America,ClearWave SE,40,2003.02,1191.57,5
2024-05-12,North America,AuraSound Pro,176,16483.59,6857.56,9
2024-05-12,North America,BassLink Ultra,136,9432.99,4699.51,8
2024-05-12,North America,ClearWave SE,85,4174.58,2500.42,5
2024-05-12,Europe,AuraSound Pro,120,10983.79,4608.76,5
2024-05-12,Europe,BassLink Ultra,129,9359.93,4798.14,7
2024-05-12,Europe,ClearWave SE,62,3237.54,1649.8,6
2024-05-12,Asia Pacific,AuraSound Pro,100,9389.19,4411.01,7
2024-05-12,Asia Pacific,BassLink Ultra,70,4871.39,2493.09,8
2024-05-12,Asia Pacific,ClearWave SE,61,3190.38,1891.65,6
2024-05-12,Latin America,AuraSound Pro,105,9466.26,4227.28,6
2024-05-12,Latin America,BassLink Ultra,75,5369.92,2637.13,6
2024-05-12,Latin America,ClearWave SE,68,3471.09,1738.03,6
2024-05-13,North America,AuraSound Pro,149,13089.95,5586.25,8
2024-05-13,North America,BassLink Ultra,134,9264.57,4863.65,7
2024-05-13,North America,ClearWave SE,86,4510.52,2614.97,5
2024-05-13,Europe,AuraSound Pro,128,11211.89,4954.09,5
2024-05-13,Europe,BassLink Ultra,105,7149.13,3876.42,8
2024-05-13,Europe,ClearWave SE,51,2549.98,1431.96,7
2024-05-13,Asia Pacific,AuraSound Pro,101,9093.47,3827.23,10
2024-05-13,Asia Pacific,BassLink Ultra,85,5729.67,3017.33,9
2024-05-13,Asia Pacific,ClearWave SE,54,2704.43,1372.19,5
2024-05-13,Latin America,AuraSound Pro,80,7115.09,3390.48,5
2024-05-13,Latin America,BassLink Ultra,49,3349.67,1677.89,7
2024-05-13,Latin America,ClearWave SE,54,2717.21,1558.64,5
2024-05-14,North America,AuraSound Pro,141,13189.9,6495.83,6
2024-05-14,North America,BassLink Ultra,107,7121.46,3519.71,8
2024-05-14,North America,ClearWave SE,88,4328.1,2367.81,5
2024-05-14,Europe,AuraSound Pro,154,14082.83,6253.68,7
2024-05-14,Europe,BassLink Ultra,92,6300.33,2864.8,6
2024-05-14,Europe,ClearWave SE,86,4154.22,2427.58,6
2024-05-14,Asia Pacific,AuraSound Pro,125,11047.02,5023.2,6
2024-05-14,Asia Pacific,BassLink Ultra,75,5121.32,2402.11,10
2024-05-14,Asia Pacific,ClearWave SE,59,2944.94,1572.74,5
2024-05-14,Latin America,AuraSound Pro,91,8305.03,3381.05,6
2024-05-14,Latin America,BassLink Ultra,78,5350.83,2458.47,7
2024-05-14,Latin America,ClearWave SE,57,2869.47,1437.3,7
2024-05-15,North America,AuraSound Pro,162,14152.43,6373.78,6
2024-05-15,North America,BassLink Ultra,76,5557.77,2969.22,8
2024-05-15,North America,ClearWave SE,80,3841.68,2109.87,6
2024-05-15,Europe,AuraSound Pro,125,11095.9,5132.35,5
2024-05-15,Europe,BassLink Ultra,87,5951.94,3206.76,6
2024-05-15,Europe,ClearWave SE,65,3343.35,1666.44,6
2024-05-15,Asia Pacific,AuraSound Pro,114,10057.05,4401.29,7
2024-05-15,Asia Pacific,BassLink Ultra,83,5775.9,3147.24,7
2024-05-15,Asia Pacific,ClearWave SE,67,3343.42,1913.49,4
2024-05-15,Latin America,AuraSound Pro,102,8893.64,4060.96,6
2024-05-15,Latin America,BassLink Ultra,69,5042.86,2530.76,7
2024-05-15,Latin America,ClearWave SE,39,1861.83,976.6,5
2024-05-16,North America,AuraSound Pro,165,15507.68,6833.69,9
2024-05-16,North America,BassLink Ultra,105,7358.19,3508.22,10
2024-05-16,North America,ClearWave SE,62,3163.43,1893.22,4
2024-05-16,Europe,AuraSound Pro,119,10704.84,4860.01,6
2024-05-16,Europe,BassLink Ultra,99,7265.02,3956.37,7
2024-05-16,Europe,ClearWave SE,76,3876.93,2112.63,5
2024-05-16,Asia Pacific,AuraSound Pro,143,12843.01,5632.8,7
2024-05-16,Asia Pacific,BassLink Ultra,139,9426.13,5090.97,7
2024-05-16,Asia Pacific,ClearWave SE,80,3839.03,2155.46,7
2024-05-16,Latin America,AuraSound Pro,54,4902.62,2024.93,7
2024-05-16,Latin America,BassLink Ultra,49,3596.56,1820.27,7
2024-05-16,Latin America,ClearWave SE,40,1918.56,1155.64,7
2024-05-17,North America,AuraSound Pro,133,12148.04,4946.96,5
2024-05-17,North America,BassLink Ultra,111,7596.59,3465.27,9
2024-05-17,North America,ClearWave SE,69,3299.47,1883.89,6
2024-05-17,Europe,AuraSound Pro,85,7544.82,3202.88,8
2024-05-17,Europe,BassLink Ultra,96,6668.1,3298.5,6
2024-05-17,Europe,ClearWave SE,82,4093.14,2270.77,5
2024-05-17,Asia Pacific,AuraSound Pro,93,8022.52,3764.73,6
2024-05-17,Asia Pacific,BassLink Ultra,91,6299.27,3096.58,6
2024-05-17,Asia Pacific,ClearWave SE,41,1967.73,1041.05,5
2024-05-17,Latin America,AuraSound Pro,112,9863.42,4403.12,8
2024-05-17,Latin America,BassLink Ultra,56,3732.5,2014.34,7
2024-05-17,Latin America,ClearWave SE,44,2151.08,1094.93,5
2024-05-18,North America,AuraSound Pro,131,11357.46,5258.82,7
2024-05-18,North America,BassLink Ultra,137,9643.69,4586.56,6
2024-05-18,North America,ClearWave SE,72,3612.39,1961.84,6
2024-05-18,Europe,AuraSound Pro,142,13253.09,6558.97,5
2024-05-18,Europe,BassLink Ultra,66,4492.4,2137.08,10
2024-05-18,Europe,ClearWave SE,45,2342.64,1254.51,5
2024-05-18,Asia Pacific,AuraSound Pro,84,7813.62,3622.17,5
2024-05-18,Asia Pacific,BassLink Ultra,58,4188.47,1900.88,9
2024-05-18,Asia Pacific,ClearWave SE,64,3166.81,1740.76,7
2024-05-18,Latin America,AuraSound Pro,84,7440.46,3105.96,8
2024-05-18,Latin America,BassLink Ultra,60,4158.94,2153.77,5
2024-05-18,Latin America,ClearWave SE,55,2776.75,1621.13,5
2024-05-19,North America,AuraSound Pro,142,12570.09,5735.15,6
2024-05-19,North America,BassLink Ultra,121,8505.1,4535.68,6
2024-05-19,North America,ClearWave SE,96,4758.25,2526.46,6
2024-05-19,Europe,AuraSound Pro,142,13209.13,6533.15,7
2024-05-19,Europe,BassLink Ultra,112,7670.54,3635.23,8
2024-05-19,Europe,ClearWave SE,72,3621.0,2082.61,4
2024-05-19,Asia Pacific,AuraSound Pro,142,12887.68,5854.69,5
2024-05-19,Asia Pacific,BassLink Ultra,61,4092.06,1890.23,8
2024-05-19,Asia Pacific,ClearWave SE,63,3256.59,1863.23,4
2024-05-19,Latin America,AuraSound Pro,77,6863.16,3022.75,8
2024-05-19,Latin America,BassLink Ultra,63,4262.46,1938.01,8
2024-05-19,Latin America,ClearWave SE,43,2220.43,1271.05,6
2024-05-20,North America,AuraSound Pro,144,13168.45,5884.15,7
2024-05-20,North America,BassLink Ultra,89,6035.16,3022.35,10
2024-05-20,North America,ClearWave SE,111,5679.58,3226.1,6
2024-05-20,Europe,AuraSound Pro,132,11879.04,5766.91,6
2024-05-20,Europe,BassLink Ultra,101,6820.23,3578.11,5
2024-05-20,Europe,ClearWave SE,98,5103.13,2922.08,6
2024-05-20,Asia Pacific,AuraSound Pro,91,7780.69,3235.32,8
2024-05-20,Asia Pacific,BassLink Ultra,118,8190.64,4284.26,8
2024-05-20,Asia Pacific,ClearWave SE,54,2616.32,1536.83,6
2024-05-20,Latin America,AuraSound Pro,96,8308.65,4105.47,7
2024-05-20,Latin America,BassLink Ultra,50,3527.58,1906.32,8
2024-05-20,Latin America,ClearWave SE,62,3002.65,1692.68,4
2024-05-21,North America,AuraSound Pro,117,10332.13,4350.82,6
2024-05-21,North America,BassLink Ultra,100,6820.72,3375.17,9
2024-05-21,North America,ClearWave SE,105,5496.29,2985.5,5
2024-05-21,Europe,AuraSound Pro,127,11036.99,5156.0,8
2024-05-21,Europe,BassLink Ultra,135,9816.85,4849.95,8
2024-05-21,Europe,ClearWave SE,73,3645.11,2046.2,6
2024-05-21,Asia Pacific,AuraSound Pro,103,9108.27,4199.81,7
2024-05-21,Asia Pacific,BassLink Ultra,53,3686.58,1755.8,7
2024-05-21,Asia Pacific,ClearWave SE,69,3454.34,1785.95,5
2024-05-21,Latin America,AuraSound Pro,102,8786.33,3675.07,5
2024-05-21,Latin America,BassLink Ultra,72,5148.29,2661.35,9
2024-05-21,Latin America,ClearWave SE,76,3623.85,2041.54,5
2024-05-22,North America,AuraSound Pro,146,12951.33,5568.66,8
2024-05-22,North America,BassLink Ultra,137,9944.34,4815.38,9
2024-05-22,North America,ClearWave SE,89,4619.44,2554.82,7
2024-05-22,Europe,AuraSound Pro,207,19092.35,9390.04,7
2024-05-22,Europe,BassLink Ultra,88,6229.89,3104.0,8
2024-05-22,Europe,ClearWave SE,72,3688.26,1952.15,5
2024-05-22,Asia Pacific,AuraSound Pro,130,11198.41,5423.38,6
2024-05-22,Asia Pacific,BassLink Ultra,88,6427.65,3328.32,6
2024-05-22,Asia Pacific,ClearWave SE,88,4330.48,2275.66,5
2024-05-22,Latin America,AuraSound Pro,65,5585.64,2277.8,8
2024-05-22,Latin America,BassLink Ultra,83,5830.88,3114.15,8
2024-05-22,Latin America,ClearWave SE,47,2287.75,1244.99,5
2024-05-23,North America,AuraSound Pro,153,13842.9,6766.06,6
2024-05-23,North America,BassLink Ultra,100,7302.53,3682.22,7
2024-05-23,North America,ClearWave SE,66,3134.63,1830.99,6
2024-05-23,Europe,AuraSound Pro,127,11902.58,5044.06,6
2024-05-23,Europe,BassLink Ultra,77,5445.15,2539.58,8
2024-05-23,Europe,ClearWave SE,58,2888.81,1620.44,7
2024-05-23,Asia Pacific,AuraSound Pro,121,10673.89,4959.23,6
2024-05-23,Asia Pacific,BassLink Ultra,85,5727.95,2821.22,7
2024-05-23,Asia Pacific,ClearWave SE,73,3562.43,2108.92,5
2024-05-23,Latin America,AuraSound Pro,83,7554.2,3119.09,7
2024-05-23,Latin America,BassLink Ultra,82,5830.68,2988.05,7
2024-05-23,Latin America,ClearWave SE,41,1968.21,1129.93,4
2024-05-24,North America,AuraSound Pro,210,18423.46,7999.46,7
2024-05-24,North America,BassLink Ultra,128,9314.65,4674.29,7
2024-05-24,North America,ClearWave SE,75,3891.42,1931.82,5
2024-05-24,Europe,AuraSound Pro,120,10628.11,5188.43,7
2024-05-24,Europe,BassLink Ultra,87,6118.93,2887.72,7
2024-05-24,Europe,ClearWave SE,100,5112.54,2531.11,5
2024-05-24,Asia Pacific,AuraSound Pro,93,7982.27,3321.22,6
2024-05-24,Asia Pacific,BassLink Ultra,89,6077.71,2747.68,8
2024-05-24,Asia Pacific,ClearWave SE,60,2918.39,1610.23,5
2024-05-24,Latin America,AuraSound Pro,87,7715.16,3389.29,7
2024-05-24,Latin America,BassLink Ultra,82,5711.42,3059.45,7
2024-05-24,Latin America,ClearWave SE,46,2313.5,1169.37,6
2024-05-25,North America,AuraSound Pro,133,11617.03,5621.37,5
2024-05-25,North America,BassLink Ultra,99,7002.25,3635.47,6
2024-05-25,North America,ClearWave SE,99,4982.82,2707.39,5
2024-05-25,Europe,AuraSound Pro,118,10959.4,5044.71,6
2024-05-25,Europe,BassLink Ultra,85,5722.17,2582.78,9
2024-05-25,Europe,ClearWave SE,85,4372.49,2306.63,5
2024-05-25,Asia Pacific,AuraSound Pro,62,5529.46,2354.56,6
2024-05-25,Asia Pacific,BassLink Ultra,72,4815.2,2262.24,7
2024-05-25,Asia Pacific,ClearWave SE,55,2710.36,1344.15,5
2024-05-25,Latin America,AuraSound Pro,133,12152.72,5345.19,9
2024-05-25,Latin America,BassLink Ultra,55,3677.78,1823.16,8
2024-05-25,Latin America,ClearWave SE,58,2784.79,1630.47,6
2024-05-26,North America,AuraSound Pro,130,11484.15,5064.67,5
2024-05-26,North America,BassLink Ultra,102,7354.32,3634.16,6
2024-05-26,North America,ClearWave SE,104,5306.09,2912.78,5
2024-05-26,Europe,AuraSound Pro,132,11970.17,5086.16,6
2024-05-26,Europe,BassLink Ultra,100,6679.95,3668.69,7
2024-05-26,Europe,ClearWave SE,72,3561.41,1955.73,5
2024-05-26,Asia Pacific,AuraSound Pro,102,9213.4,3772.31,8
2024-05-26,Asia Pacific,BassLink Ultra,66,4440.92,2180.92,8
2024-05-26,Asia Pacific,ClearWave SE,80,3870.61,1949.84,6
2024-05-26,Latin America,AuraSound Pro,74,6873.56,3259.67,7
2024-05-26,Latin America,BassLink Ultra,42,2869.77,1326.38,9
2024-05-26,Latin America,ClearWave SE,81,3992.23,2184.91,6
2024-05-27,North America,AuraSound Pro,188,17596.98,7386.38,5
2024-05-27,North America,BassLink Ultra,83,5881.75,3075.49,7
2024-05-27,North America,ClearWave SE,79,4127.01,2071.59,6
2024-05-27,Europe,AuraSound Pro,105,9821.03,4445.81,7
2024-05-27,Europe,BassLink Ultra,103,6956.88,3157.44,8
2024-05-27,Europe,ClearWave SE,63,3032.52,1657.37,6
2024-05-27,Asia Pacific,AuraSound Pro,98,8620.5,3516.75,7
2024-05-27,Asia Pacific,BassLink Ultra,91,6676.5,3429.75,7
2024-05-27,Asia Pacific,ClearWave SE,48,2500.71,1446.21,6
2024-05-27,Latin America,AuraSound Pro,100,8729.34,3701.16,8
2024-05-27,Latin America,BassLink Ultra,48,3338.92,1763.62,8
2024-05-27,Latin America,ClearWave SE,45,2315.28,1359.64,7
2024-05-28,North America,AuraSound Pro,111,9763.15,4230.72,7
2024-05-28,North America,BassLink Ultra,94,6387.95,3165.44,7
2024-05-28,North America,ClearWave SE,98,4700.98,2804.05,7
2024-05-28,Europe,AuraSound Pro,80,7383.89,3161.51,8
2024-05-28,Europe,BassLink Ultra,83,6006.34,2972.04,8
2024-05-28,Europe,ClearWave SE,52,2645.51,1534.25,6
2024-05-28,Asia Pacific,AuraSound Pro,169,15141.89,7350.91,6
2024-05-28,Asia Pacific,BassLink Ultra,97,6993.62,3434.22,7
2024-05-28,Asia Pacific,ClearWave SE,55,2839.14,1476.47,4
2024-05-28,Latin America,AuraSound Pro,109,9665.19,4473.04,7
2024-05-28,Latin America,BassLink Ultra,54,3890.72,1789.33,7
2024-05-28,Latin America,ClearWave SE,54,2658.01,1600.22,5
2024-05-29,North America,AuraSound Pro,117,10747.33,4382.82,6
2024-05-29,North America,BassLink Ultra,98,7174.72,3725.95,7
2024-05-29,North America,ClearWave SE,74,3638.71,1895.02,7
2024-05-29,Europe,AuraSound Pro,205,18691.05,8002.4,5
2024-05-29,Europe,BassLink Ultra,55,3829.87,1942.0,7
2024-05-29,Europe,ClearWave SE,45,2301.9,1313.11,4
2024-05-29,Asia Pacific,AuraSound Pro,95,8642.69,3955.48,7
2024-05-29,Asia Pacific,BassLink Ultra,72,4945.44,2295.6,5
2024-05-29,Asia Pacific,ClearWave SE,57,2901.59,1647.17,5
2024-05-29,Latin America,AuraSound Pro,79,7170.25,3533.84,8
2024-05-29,Latin America,BassLink Ultra,70,4695.02,2202.46,8
2024-05-29,Latin America,ClearWave SE,71,3661.53,2210.5,4
2024-05-30,North America,AuraSound Pro,126,11680.23,5365.83,6
2024-05-30,North America,BassLink Ultra,99,7096.91,3740.36,6
2024-05-30,North America,ClearWave SE,54,2827.34,1605.84,5
2024-05-30,Europe,AuraSound Pro,85,7825.92,3340.08,6
2024-05-30,Europe,BassLink Ultra,85,5824.21,2987.18,6
2024-05-30,Europe,ClearWave SE,71,3472.38,1718.92,5
2024-05-30,Asia Pacific,AuraSound Pro,97,8972.02,4125.08,7
2024-05-30,Asia Pacific,BassLink Ultra,74,5273.24,2406.46,8
2024-05-30,Asia Pacific,ClearWave SE,65,3262.02,1718.0,5
2024-05-30,Latin America,AuraSound Pro,88,8033.83,3524.08,6
2024-05-30,Latin America,BassLink Ultra,64,4399.15,2090.59,7
2024-05-30,Latin America,ClearWave SE,60,2880.37,1724.57,6
2024-05-31,North America,AuraSound Pro,125,11487.23,5050.32,7
2024-05-31,North America,BassLink Ultra,130,9519.77,4404.47,7
2024-05-31,North America,ClearWave SE,70,3456.02,1848.8,4
2024-05-31,Europe,AuraSound Pro,119,10640.5,4495.95,6
2024-05-31,Europe,BassLink Ultra,92,6430.32,3085.56,8
2024-05-31,Europe,ClearWave SE,50,2433.52,1400.14,6
2024-05-31,Asia Pacific,AuraSound Pro,89,7801.67,3816.98,6
2024-05-31,Asia Pacific,BassLink Ultra,47,3412.36,1670.35,8
2024-05-31,Asia Pacific,ClearWave SE,48,2370.2,1255.82,5
2024-05-31,Latin America,AuraSound Pro,64,5803.82,2384.97,8
2024-05-31,Latin America,BassLink Ultra,53,3871.56,1888.26,6
2024-05-31,Latin America,ClearWave SE,36,1732.52,868.75,6
2024-06-01,North America,AuraSound Pro,117,10185.6,4822.56,6
2024-06-01,North America,BassLink Ultra,100,6914.64,3461.85,7
2024-06-01,North America,ClearWave SE,55,2693.12,1550.36,6
2024-06-01,Europe,AuraSound Pro,110,9500.59,4615.4,7
2024-06-01,Europe,BassLink Ultra,95,6555.66,3032.52,5
2024-06-01,Europe,ClearWave SE,76,3686.4,2008.0,8
2024-06-01,Asia Pacific,AuraSound Pro,113,9758.98,4433.72,8
2024-06-01,Asia Pacific,BassLink Ultra,90,6380.43,2968.6,8
2024-06-01,Asia Pacific,ClearWave SE,72,3428.11,1852.18,7
2024-06-01,Latin America,AuraSound Pro,103,9005.86,4126.29,5
2024-06-01,Latin America,BassLink Ultra,71,4845.96,2656.08,7
2024-06-01,Latin America,ClearWave SE,59,2827.19,1456.51,6
2024-06-02,North America,AuraSound Pro,108,9827.28,4595.66,8
2024-06-02,North America,BassLink Ultra,84,5626.15,2863.11,7
2024-06-02,North America,ClearWave SE,110,5504.25,2980.38,6
2024-06-02,Europe,AuraSound Pro,107,9470.59,4667.5,6
2024-06-02,Europe,BassLink Ultra,76,5365.94,2869.33,9
2024-06-02,Europe,ClearWave SE,61,2919.64,1609.14,5
2024-06-02,Asia Pacific,AuraSound Pro,116,10561.7,4890.05,7
2024-06-02,Asia Pacific,BassLink Ultra,64,4572.83,2156.02,9
2024-06-02,Asia Pacific,ClearWave SE,53,2627.86,1447.79,5
2024-06-02,Latin America,AuraSound Pro,56,4802.17,2206.4,6
2024-06-02,Latin America,BassLink Ultra,42,3047.45,1598.92,7
2024-06-02,Latin America,ClearWave SE,45,2166.53,1238.35,7
2024-06-03,North America,AuraSound Pro,130,11189.81,5363.03,5
2024-06-03,North America,BassLink Ultra,96,6883.23,3523.83,9
2024-06-03,North America,ClearWave SE,74,3804.99,2077.03,7
2024-06-03,Europe,AuraSound Pro,114,10220.51,4861.45,7
2024-06-03,Europe,BassLink Ultra,85,5758.66,2860.76,9
2024-06-03,Europe,ClearWave SE,100,5163.98,2584.16,5
2024-06-03,Asia Pacific,AuraSound Pro,106,9250.21,4010.46,8
2024-06-03,Asia Pacific,BassLink Ultra,77,5147.62,2398.04,6
2024-06-03,Asia Pacific,ClearWave SE,55,2676.15,1458.16,6
2024-06-03,Latin America,AuraSound Pro,110,9846.76,4687.92,7
2024-06-03,Latin America,BassLink Ultra,48,3244.06,1601.6,8
2024-06-03,Latin America,ClearWave SE,61,3074.01,1652.88,5
2024-06-04,North America,AuraSound Pro,124,11243.01,4981.88,6
2024-06-04,North America,BassLink Ultra,75,5334.76,2855.45,8
2024-06-04,North America,ClearWave SE,77,4032.27,2143.78,4
2024-06-04,Europe,AuraSound Pro,97,8821.57,3643.9,7
2024-06-04,Europe,BassLink Ultra,93,6567.48,3250.85,9
2024-06-04,Europe,ClearWave SE,76,3830.9,2123.17,5
2024-06-04,Asia Pacific,AuraSound Pro,77,6585.35,2810.2,6
2024-06-04,Asia Pacific,BassLink Ultra,45,3133.33,1717.27,8
2024-06-04,Asia Pacific,ClearWave SE,51,2456.06,1228.71,4
2024-06-04,Latin America,AuraSound Pro,86,7940.9,3323.17,8
2024-06-04,Latin America,BassLink Ultra,41,2791.55,1259.42,8
2024-06-04,Latin America,ClearWave SE,42,2019.14,1218.44,5
2024-06-05,North America,AuraSound Pro,117,10212.0,4676.01,6
2024-06-05,North America,BassLink Ultra,90,6387.73,3138.88,7
2024-06-05,North America,ClearWave SE,65,3299.4,1784.26,5
2024-06-05,Europe,AuraSound Pro,127,11503.1,5547.72,6
2024-06-05,Europe,BassLink Ultra,85,6052.38,2793.18,7
2024-06-05,Europe,ClearWave SE,58,3028.44,1546.25,7
2024-06-05,Asia Pacific,AuraSound Pro,79,7433.97,3231.53,8
2024-06-05,Asia Pacific,BassLink Ultra,86,6317.45,3002.47,7
2024-06-05,Asia Pacific,ClearWave SE,69,3378.58,1678.07,3
2024-06-05,Latin America,AuraSound Pro,68,6084.81,2558.05,6
2024-06-05,Latin America,BassLink Ultra,61,4092.3,2107.57,8
2024-06-05,Latin America,ClearWave SE,49,2327.77,1215.73,6
2024-06-06,North America,AuraSound Pro,163,14069.14,6348.68,7
2024-06-06,North America,BassLink Ultra,85,6133.75,2843.02,7
2024-06-06,North America,ClearWave SE,89,4309.33,2596.71,5
2024-06-06,Europe,AuraSound Pro,113,9833.44,4262.3,7
2024-06-06,Europe,BassLink Ultra,56,3833.46,2097.76,7
2024-06-06,Europe,ClearWave SE,71,3371.97,1890.26,5
2024-06-06,Asia Pacific,AuraSound Pro,97,8454.52,3919.95,7
2024-06-06,Asia Pacific,BassLink Ultra,88,6047.84,2874.06,9
2024-06-06,Asia Pacific,ClearWave SE,73,3631.87,1967.32,5
2024-06-06,Latin America,AuraSound Pro,75,6774.5,2757.39,5
2024-06-06,Latin America,BassLink Ultra,75,5343.76,2744.1,7
2024-06-06,Latin America,ClearWave SE,60,3011.8,1598.15,6
2024-06-07,North America,AuraSound Pro,166,15066.59,7016.17,6
2024-06-07,North America,BassLink Ultra,108,7481.86,3751.13,9
2024-06-07,North America,ClearWave SE,70,3460.15,1749.2,7
2024-06-07,Europe,AuraSound Pro,91,8111.8,3781.39,9
2024-06-07,Europe,BassLink Ultra,82,5895.3,3141.14,7
2024-06-07,Europe,ClearWave SE,75,3743.73,2076.36,6
2024-06-07,Asia Pacific,AuraSound Pro,72,6410.06,2819.78,6
2024-06-07,Asia Pacific,BassLink Ultra,59,4278.51,1955.22,6
2024-06-07,Asia Pacific,ClearWave SE,47,2313.0,1160.59,6
2024-06-07,Latin America,AuraSound Pro,94,8784.75,3732.97,6
2024-06-07,Latin America,BassLink Ultra,38,2758.98,1452.0,5
2024-06-07,Latin America,ClearWave SE,68,3517.4,1744.8,6
2024-06-08,North America,AuraSound Pro,158,14560.11,6608.19,6
2024-06-08,North America,BassLink Ultra,62,4348.28,2241.7,8
2024-06-08,North America,ClearWave SE,107,5542.15,2837.67,5
2024-06-08,Europe,AuraSound Pro,72,6600.74,2821.74,5
2024-06-08,Europe,BassLink Ultra,95,6594.62,3568.36,8
2024-06-08,Europe,ClearWave SE,81,3854.99,2164.55,6
2024-06-08,Asia Pacific,AuraSound Pro,115,10124.76,4726.32,6
2024-06-08,Asia Pacific,BassLink Ultra,57,3803.84,1867.4,8
2024-06-08,Asia Pacific,ClearWave SE,69,3552.91,1937.3,5
2024-06-08,Latin America,AuraSound Pro,106,9851.01,4366.46,8
2024-06-08,Latin America,BassLink Ultra,46,3231.19,1599.16,6
2024-06-08,Latin America,ClearWave SE,37,1890.06,980.02,5
2024-06-09,North America,AuraSound Pro,124,10854.99,4966.67,5
2024-06-09,North America,BassLink Ultra,81,5690.26,2676.43,5
2024-06-09,North America,ClearWave SE,51,2431.09,1336.56,4
2024-06-09,Europe,AuraSound Pro,166,15247.61,6418.84,9
2024-06-09,Europe,BassLink Ultra,92,6727.02,3118.6,7
2024-06-09,Europe,ClearWave SE,47,2246.17,1192.28,5
2024-06-09,Asia Pacific,AuraSound Pro,109,9841.99,4113.41,6
2024-06-09,Asia Pacific,BassLink Ultra,77,5301.34,2695.99,6
2024-06-09,Asia Pacific,ClearWave SE,51,2478.86,1278.31,5
2024-06-09,Latin America,AuraSound Pro,113,9928.69,4031.9,6
2024-06-09,Latin America,BassLink Ultra,91,6663.9,3391.57,8
2024-06-09,Latin America,ClearWave SE,74,3857.55,2260.99,5
2024-06-10,North America,AuraSound Pro,106,9312.52,4194.34,6
2024-06-10,North America,BassLink Ultra,95,6361.68,3323.07,10
2024-06-10,North America,ClearWave SE,67,3404.3,1844.88,6
2024-06-10,Europe,AuraSound Pro,163,15230.68,6847.94,7
2024-06-10,Europe,BassLink Ultra,99,6735.04,3292.45,7
2024-06-10,Europe,ClearWave SE,69,3416.13,1771.68,6
2024-06-10,Asia Pacific,AuraSound Pro,76,6617.71,3122.9,6
2024-06-10,Asia Pacific,BassLink Ultra,67,4635.81,2541.39,6
2024-06-10,Asia Pacific,ClearWave SE,49,2349.04,1315.42,5
2024-06-10,Latin America,AuraSound Pro,58,5183.85,2124.62,9
2024-06-10,Latin America,BassLink Ultra,68,4592.53,2114.33,13
2024-06-10,Latin America,ClearWave SE,34,1657.41,852.06,6
2024-06-11,North America,AuraSound Pro,115,10048.62,4514.53,5
2024-06-11,North America,BassLink Ultra,114,7711.08,4090.04,8
2024-06-11,North America,ClearWave SE,70,3463.8,1779.41,6
2024-06-11,Europe,AuraSound Pro,93,8416.13,3720.16,6
2024-06-11,Europe,BassLink Ultra,69,4656.94,2495.14,9
2024-06-11,Europe,ClearWave SE,78,3925.13,2146.63,4
2024-06-11,Asia Pacific,AuraSound Pro,141,12165.53,5658.63,6
2024-06-11,Asia Pacific,BassLink Ultra,77,5355.43,2626.06,7
2024-06-11,Asia Pacific,ClearWave SE,57,2743.02,1501.61,5
2024-06-11,Latin America,AuraSound Pro,66,5927.93,2930.07,7
2024-06-11,Latin America,BassLink Ultra,66,4580.01,2412.69,8
2024-06-11,Latin America,ClearWave SE,40,2068.74,1102.82,4
2024-06-12,North America,AuraSound Pro,171,15520.91,6784.99,8
2024-06-12,North America,BassLink Ultra,65,4360.04,2394.88,9
2024-06-12,North America,ClearWave SE,70,3551.89,1886.73,6
2024-06-12,Europe,AuraSound Pro,82,7263.36,3210.14,6
2024-06-12,Europe,BassLink Ultra,80,5847.56,2655.89,10
2024-06-12,Europe,ClearWave SE,107,5573.69,2789.12,6
2024-06-12,Asia Pacific,AuraSound Pro,124,10870.78,5260.0,7
2024-06-12,Asia Pacific,BassLink Ultra,73,5078.12,2307.95,8
2024-06-12,Asia Pacific,ClearWave SE,56,2667.59,1522.87,6
2024-06-12,Latin America,AuraSound Pro,62,5419.96,2226.54,6
2024-06-12,Latin America,BassLink Ultra,80,5602.42,2978.86,9
2024-06-12,Latin America,ClearWave SE,47,2235.05,1277.28,6
2024-06-13,North America,AuraSound Pro,180,16439.68,7176.27,5
2024-06-13,North America,BassLink Ultra,89,6150.35,2899.46,7
2024-06-13,North America,ClearWave SE,56,2669.04,1415.02,8
2024-06-13,Europe,AuraSound Pro,123,11317.67,5294.75,8
2024-06-13,Europe,BassLink Ultra,69,4719.43,2516.3,7
2024-06-13,Europe,ClearWave SE,62,2947.42,1504.38,6
2024-06-13,Asia Pacific,AuraSound Pro,115,9909.12,4854.5,5
2024-06-13,Asia Pacific,BassLink Ultra,81,5828.22,3062.98,7
2024-06-13,Asia Pacific,ClearWave SE,78,3953.03,2230.14,7
2024-06-13,Latin America,AuraSound Pro,81,7458.51,3542.23,7
2024-06-13,Latin America,BassLink Ultra,51,3420.93,1704.61,8
2024-06-13,Latin America,ClearWave SE,56,2783.7,1552.73,6
2024-06-14,North America,AuraSound Pro,117,10650.14,5107.0,7
2024-06-14,North America,BassLink Ultra,99,6993.87,3262.07,6
2024-06-14,North America,ClearWave SE,57,2755.78,1566.49,5
2024-06-14,Europe,AuraSound Pro,151,13028.65,6324.34,8
2024-06-14,Europe,BassLink Ultra,57,3974.41,1943.51,6
2024-06-14,Europe,ClearWave SE,72,3700.61,2210.7,5
2024-06-14,Asia Pacific,AuraSound Pro,108,9499.8,4552.0,5
2024-06-14,Asia Pacific,BassLink Ultra,70,4820.52,2324.78,7
2024-06-14,Asia Pacific,ClearWave SE,68,3436.44,2023.54,6
2024-06-14,Latin America,AuraSound Pro,78,6984.5,2836.04,5
2024-06-14,Latin America,BassLink Ultra,80,5650.66,2958.84,8
2024-06-14,Latin America,ClearWave SE,38,1826.76,1024.1,6
2024-06-15,North America,AuraSound Pro,121,10812.14,4918.32,6
2024-06-15,North America,BassLink Ultra,119,8448.55,4083.03,6
2024-06-15,North America,ClearWave SE,86,4358.23,2422.64,7
2024-06-15,Europe,AuraSound Pro,122,11327.89,5186.96,6
2024-06-15,Europe,BassLink Ultra,66,4545.61,2262.15,7
2024-06-15,Europe,ClearWave SE,64,3092.3,1863.26,4
2024-06-15,Asia Pacific,AuraSound Pro,99,9109.38,4046.79,7
2024-06-15,Asia Pacific,BassLink Ultra,52,3567.11,1811.46,9
2024-06-15,Asia Pacific,ClearWave SE,96,4696.66,2514.43,5
2024-06-15,Latin America,AuraSound Pro,73,6308.98,3016.72,6
2024-06-15,Latin America,BassLink Ultra,55,3761.9,2020.72,7
2024-06-15,Latin America,ClearWave SE,29,1452.27,779.89,5
2024-06-16,North America,AuraSound Pro,107,10107.48,4480.65,7
2024-06-16,North America,BassLink Ultra,121,8353.53,4455.17,6
2024-06-16,North America,ClearWave SE,105,5042.9,2965.59,5
2024-06-16,Europe,AuraSound Pro,91,7898.61,3423.78,7
2024-06-16,Europe,BassLink Ultra,70,4848.95,2459.06,7
2024-06-16,Europe,ClearWave SE,62,3198.28,1775.63,6
2024-06-16,Asia Pacific,AuraSound Pro,96,8704.31,4269.93,6
2024-06-16,Asia Pacific,BassLink Ultra,64,4353.99,2046.89,8
2024-06-16,Asia Pacific,ClearWave SE,50,2500.59,1365.51,7
2024-06-16,Latin America,AuraSound Pro,76,6518.14,2717.17,5
2024-06-16,Latin America,BassLink Ultra,57,3958.66,1986.12,8
2024-06-16,Latin America,ClearWave SE,57,2930.41,1696.59,5
2024-06-17,North America,AuraSound Pro,109,9649.98,4316.3,7
2024-06-17,North America,BassLink Ultra,117,8049.09,3733.35,7
2024-06-17,North America,ClearWave SE,78,3792.34,2132.57,5
2024-06-17,Europe,AuraSound Pro,93,8358.92,3913.6,6
2024-06-17,Europe,BassLink Ultra,96,6577.23,3016.48,8
2024-06-17,Europe,ClearWave SE,59,2971.95,1730.03,6
2024-06-17,Asia Pacific,AuraSound Pro,123,10665.22,4599.02,6
2024-06-17,Asia Pacific,BassLink Ultra,74,5035.61,2627.28,7
2024-06-17,Asia Pacific,ClearWave SE,56,2810.65,1533.81,6
2024-06-17,Latin America,AuraSound Pro,71,6454.98,3187.08,5
2024-06-17,Latin America,BassLink Ultra,53,3767.87,2032.79,9
2024-06-17,Latin America,ClearWave SE,47,2329.74,1307.26,5
2024-06-18,North America,AuraSound Pro,133,11663.01,5506.71,7
2024-06-18,North America,BassLink Ultra,65,4675.19,2362.01,8
2024-06-18,North America,ClearWave SE,57,2844.09,1600.96,7
2024-06-18,Europe,AuraSound Pro,83,7813.98,3524.36,6
2024-06-18,Europe,BassLink Ultra,68,4690.37,2301.64,10
2024-06-18,Europe,ClearWave SE,76,3815.76,2097.47,4
2024-06-18,Asia Pacific,AuraSound Pro,96,8353.18,3477.87,5
2024-06-18,Asia Pacific,BassLink Ultra,71,5048.55,2474.7,8
2024-06-18,Asia Pacific,ClearWave SE,58,2977.46,1594.55,6
2024-06-18,Latin America,AuraSound Pro,71,6242.95,2688.88,7
2024-06-18,Latin America,BassLink Ultra,61,4069.53,1862.26,7
2024-06-18,Latin America,ClearWave SE,36,1751.38,1020.66,5
2024-06-19,North America,AuraSound Pro,126,11258.6,4973.03,7
2024-06-19,North America,BassLink Ultra,98,6997.64,3653.39,7
2024-06-19,North America,ClearWave SE,85,4438.5,2413.31,7
2024-06-19,Europe,AuraSound Pro,95,8919.09,3673.31,10
2024-06-19,Europe,BassLink Ultra,114,8211.77,4174.06,8
2024-06-19,Europe,ClearWave SE,59,2808.86,1492.17,5
2024-06-19,Asia Pacific,AuraSound Pro,115,10707.49,4459.4,7
2024-06-19,Asia Pacific,BassLink Ultra,71,4985.25,2376.16,7
2024-06-19,Asia Pacific,ClearWave SE,66,3261.05,1878.53,5
2024-06-19,Latin America,AuraSound Pro,60,5630.46,2510.45,6
2024-06-19,Latin America,BassLink Ultra,46,3064.64,1409.9,9
2024-06-19,Latin America,ClearWave SE,63,3097.32,1770.13,5
2024-06-20,North America,AuraSound Pro,159,14297.71,6967.84,8
2024-06-20,North America,BassLink Ultra,50,3394.3,1631.86,7
2024-06-20,North America,ClearWave SE,75,3654.97,1931.49,5
2024-06-20,Europe,AuraSound Pro,92,8065.64,3389.3,8
2024-06-20,Europe,BassLink Ultra,69,4806.98,2406.82,8
2024-06-20,Europe,ClearWave SE,75,3865.75,1932.58,7
2024-06-20,Asia Pacific,AuraSound Pro,78,6770.75,2918.37,6
2024-06-20,Asia Pacific,BassLink Ultra,72,5121.78,2499.99,5
2024-06-20,Asia Pacific,ClearWave SE,45,2202.37,1221.28,7
2024-06-20,Latin America,AuraSound Pro,85,7818.59,3228.54,6
2024-06-20,Latin America,BassLink Ultra,58,4104.46,2183.69,8
2024-06-20,Latin America,ClearWave SE,32,1601.6,889.48,5
2024-06-21,North America,AuraSound Pro,205,19275.72,9371.9,8
2024-06-21,North America,BassLink Ultra,96,7016.98,3226.75,8
2024-06-21,North America,ClearWave SE,72,3724.01,2050.32,4
2024-06-21,Europe,AuraSound Pro,94,8249.63,3884.42,7
2024-06-21,Europe,BassLink Ultra,69,4715.76,2287.08,6
2024-06-21,Europe,ClearWave SE,50,2513.31,1271.72,7
2024-06-21,Asia Pacific,AuraSound Pro,86,7854.09,3693.66,8
2024-06-21,Asia Pacific,BassLink Ultra,72,5097.85,2512.59,7
2024-06-21,Asia Pacific,ClearWave SE,47,2311.4,1350.01,6
2024-06-21,Latin America,AuraSound Pro,91,8140.94,3822.03,7
2024-06-21,Latin America,BassLink Ultra,41,2907.66,1592.24,7
2024-06-21,Latin America,ClearWave SE,39,1983.53,1100.0,4
2024-06-22,North America,AuraSound Pro,140,12042.12,5959.14,7
2024-06-22,North America,BassLink Ultra,102,7246.92,3881.66,8
2024-06-22,North America,ClearWave SE,68,3527.28,1824.25,5
2024-06-22,Europe,AuraSound Pro,99,9224.7,4306.17,7
2024-06-22,Europe,BassLink Ultra,98,6803.63,3193.62,8
2024-06-22,Europe,ClearWave SE,61,3058.94,1785.24,4
2024-06-22,Asia Pacific,AuraSound Pro,103,9529.23,4023.81,8
2024-06-22,Asia Pacific,BassLink Ultra,66,4709.56,2312.13,7
2024-06-22,Asia Pacific,ClearWave SE,50,2377.49,1255.49,6
2024-06-22,Latin America,AuraSound Pro,51,4605.49,2228.57,8
2024-06-22,Latin America,BassLink Ultra,50,3486.25,1760.26,8
2024-06-22,Latin America,ClearWave SE,49,2419.63,1199.87,5
2024-06-23,North America,AuraSound Pro,126,11325.51,4609.84,6
2024-06-23,North America,BassLink Ultra,72,5069.46,2433.81,9
2024-06-23,North America,ClearWave SE,68,3308.31,1832.24,5
2024-06-23,Europe,AuraSound Pro,106,9212.12,4287.21,5
2024-06-23,Europe,BassLink Ultra,69,4813.76,2200.31,8
2024-06-23,Europe,ClearWave SE,44,2205.64,1217.34,6
2024-06-23,Asia Pacific,AuraSound Pro,97,8801.48,3882.76,7
2024-06-23,Asia Pacific,BassLink Ultra,79,5491.83,2926.41,7
2024-06-23,Asia Pacific,ClearWave SE,49,2498.78,1316.78,6
2024-06-23,Latin America,AuraSound Pro,60,5521.19,2350.28,5
2024-06-23,Latin America,BassLink Ultra,46,3211.78,1459.62,6
2024-06-23,Latin America,ClearWave SE,33,1641.18,925.44,5
2024-06-24,North America,AuraSound Pro,118,11000.5,4708.91,6
2024-06-24,North America,BassLink Ultra,109,7753.37,3753.96,7
2024-06-24,North America,ClearWave SE,71,3660.45,2196.31,7
2024-06-24,Europe,AuraSound Pro,67,6008.25,2806.4,7
2024-06-24,Europe,BassLink Ultra,72,5250.02,2790.48,8
2024-06-24,Europe,ClearWave SE,54,2594.79,1367.54,5
2024-06-24,Asia Pacific,AuraSound Pro,121,11323.53,5221.71,7
2024-06-24,Asia Pacific,BassLink Ultra,64,4479.97,2035.43,7
2024-06-24,Asia Pacific,ClearWave SE,43,2181.18,1191.08,5
2024-06-24,Latin America,AuraSound Pro,42,3951.94,1676.91,6
2024-06-24,Latin America,BassLink Ultra,74,5208.7,2827.81,8
2024-06-24,Latin America,ClearWave SE,36,1725.59,969.76,4
2024-06-25,North America,AuraSound Pro,107,9671.81,4380.44,6
2024-06-25,North America,BassLink Ultra,94,6660.49,3123.12,7
2024-06-25,North America,ClearWave SE,103,5164.13,2780.9,5
2024-06-25,Europe,AuraSound Pro,128,12024.52,5596.9,5
2024-06-25,Europe,BassLink Ultra,74,5381.68,2472.59,7
2024-06-25,Europe,ClearWave SE,73,3619.49,1967.17,5
2024-06-25,Asia Pacific,AuraSound Pro,122,10466.94,4797.88,7
2024-06-25,Asia Pacific,BassLink Ultra,60,4135.56,2054.98,6
2024-06-25,Asia Pacific,ClearWave SE,46,2218.05,1106.09,5
2024-06-25,Latin America,AuraSound Pro,83,7182.11,3520.41,6
2024-06-25,Latin America,BassLink Ultra,61,4331.41,2307.22,9
2024-06-25,Latin America,ClearWave SE,42,2140.96,1197.97,5
2024-06-26,North America,AuraSound Pro,134,11912.94,5189.57,9
2024-06-26,North America,BassLink Ultra,106,7416.1,3948.87,8
2024-06-26,North America,ClearWave SE,60,2867.88,1435.79,5
2024-06-26,Europe,AuraSound Pro,77,7080.24,3340.84,5
2024-06-26,Europe,BassLink Ultra,80,5400.16,2502.4,6
2024-06-26,Europe,ClearWave SE,55,2709.75,1577.1,4
2024-06-26,Asia Pacific,AuraSound Pro,76,7002.69,3086.22,7
2024-06-26,Asia Pacific,BassLink Ultra,58,4058.51,1965.58,6
2024-06-26,Asia Pacific,ClearWave SE,48,2284.14,1324.74,4
2024-06-26,Latin America,AuraSound Pro,93,8631.72,3879.23,7
2024-06-26,Latin America,BassLink Ultra,59,4211.88,1999.07,7
2024-06-26,Latin America,ClearWave SE,45,2299.56,1186.46,6
2024-06-27,North America,AuraSound Pro,108,9611.68,4534.25,6
2024-06-27,North America,BassLink Ultra,65,4592.73,2467.31,6
2024-06-27,North America,ClearWave SE,69,3331.43,1903.88,5
2024-06-27,Europe,AuraSound Pro,111,9775.31,4134.0,6
2024-06-27,Europe,BassLink Ultra,69,4821.39,2411.2,7
2024-06-27,Europe,ClearWave SE,50,2468.6,1404.51,5
2024-06-27,Asia Pacific,AuraSound Pro,97,8807.45,3726.04,8
2024-06-27,Asia Pacific,BassLink Ultra,57,3889.41,1837.7,7
2024-06-27,Asia Pacific,ClearWave SE,92,4803.71,2481.18,6
2024-06-27,Latin America,AuraSound Pro,91,8238.42,3525.63,7
2024-06-27,Latin America,BassLink Ultra,64,4276.68,2018.29,7
2024-06-27,Latin America,ClearWave SE,50,2488.33,1422.8,6
2024-06-28,North America,AuraSound Pro,100,8907.34,4072.41,6
2024-06-28,North America,BassLink Ultra,59,4132.84,1869.69,8
2024-06-28,North America,ClearWave SE,86,4322.33,2353.79,5
2024-06-28,Europe,AuraSound Pro,85,7559.73,3630.19,5
2024-06-28,Europe,BassLink Ultra,73,5054.78,2702.56,8
2024-06-28,Europe,ClearWave SE,80,3891.6,2244.62,4
2024-06-28,Asia Pacific,AuraSound Pro,123,11379.51,4828.9,7
2024-06-28,Asia Pacific,BassLink Ultra,80,5513.03,2576.02,8
2024-06-28,Asia Pacific,ClearWave SE,53,2610.37,1451.47,5
2024-06-28,Latin America,AuraSound Pro,78,6849.18,2913.5,6
2024-06-28,Latin America,BassLink Ultra,50,3399.79,1622.33,4
2024-06-28,Latin America,ClearWave SE,46,2361.65,1289.12,5
2024-06-29,North America,AuraSound Pro,152,13183.7,6485.8,8
2024-06-29,North America,BassLink Ultra,80,5423.48,2508.72,8
2024-06-29,North America,ClearWave SE,77,3837.55,2230.09,5
2024-06-29,Europe,AuraSound Pro,117,10725.05,4361.36,8
2024-06-29,Europe,BassLink Ultra,91,6056.59,2745.44,6
2024-06-29,Europe,ClearWave SE,65,3173.11,1810.82,6
2024-06-29,Asia Pacific,AuraSound Pro,82,7036.81,3440.65,8
2024-06-29,Asia Pacific,BassLink Ultra,57,3986.18,2100.11,7
2024-06-29,Asia Pacific,ClearWave SE,46,2240.38,1353.38,5
2024-06-29,Latin America,AuraSound Pro,77,7223.91,3021.19,5
2024-06-29,Latin America,BassLink Ultra,49,3475.48,1828.41,8
2024-06-29,Latin America,ClearWave SE,36,1741.26,942.63,7
2024-06-30,North America,AuraSound Pro,120,10839.32,5360.74,8
2024-06-30,North America,BassLink Ultra,123,8492.76,4155.33,6
2024-06-30,North America,ClearWave SE,76,3815.33,2211.08,6
2024-06-30,Europe,AuraSound Pro,95,8337.76,3765.05,7
2024-06-30,Europe,BassLink Ultra,127,9267.17,4768.28,8
2024-06-30,Europe,ClearWave SE,68,3496.16,1807.52,5
2024-06-30,Asia Pacific,AuraSound Pro,100,9052.89,4309.82,6
2024-06-30,Asia Pacific,BassLink Ultra,77,5651.35,2844.66,9
2024-06-30,Asia Pacific,ClearWave SE,62,3241.05,1852.74,5
2024-06-30,Latin America,AuraSound Pro,60,5326.19,2326.32,9
2024-06-30,Latin America,BassLink Ultra,67,4773.04,2242.57,8
2024-06-30,Latin America,ClearWave SE,55,2742.77,1519.57,5
2024-07-01,North America,AuraSound Pro,142,12662.74,6148.86,8
2024-07-01,North America,BassLink Ultra,83,5942.61,3156.13,8
2024-07-01,North America,ClearWave SE,87,4181.86,2257.15,5
2024-07-01,Europe,AuraSound Pro,95,8626.93,3885.05,8
2024-07-01,Europe,BassLink Ultra,76,5082.93,2579.06,8
2024-07-01,Europe,ClearWave SE,58,2777.22,1545.97,7
2024-07-01,Asia Pacific,AuraSound Pro,77,7171.08,3240.93,6
2024-07-01,Asia Pacific,BassLink Ultra,50,3643.26,1703.07,7
2024-07-01,Asia Pacific,ClearWave SE,54,2635.58,1365.45,4
2024-07-01,Latin America,AuraSound Pro,61,5246.85,2300.75,7
2024-07-01,Latin America,BassLink Ultra,56,3889.21,1970.18,10
2024-07-01,Latin America,ClearWave SE,46,2197.19,1250.36,5
2024-07-02,North America,AuraSound Pro,126,10980.48,4739.54,7
2024-07-02,North America,BassLink Ultra,80,5773.82,3013.3,8
2024-07-02,North America,ClearWave SE,64,3269.03,1862.63,6
2024-07-02,Europe,AuraSound Pro,102,8856.6,4032.01,6
2024-07-02,Europe,BassLink Ultra,71,5140.71,2313.44,8
2024-07-02,Europe,ClearWave SE,67,3214.34,1805.51,5
2024-07-02,Asia Pacific,AuraSound Pro,107,9265.46,3929.32,6
2024-07-02,Asia Pacific,BassLink Ultra,65,4448.28,2388.68,7
2024-07-02,Asia Pacific,ClearWave SE,73,3660.92,1849.14,7
2024-07-02,Latin America,AuraSound Pro,63,5653.95,2634.41,6
2024-07-02,Latin America,BassLink Ultra,55,4018.28,1829.88,8
2024-07-02,Latin America,ClearWave SE,33,1621.77,850.91,5
2024-07-03,North America,AuraSound Pro,69,6217.03,2894.3,7
2024-07-03,North America,BassLink Ultra,66,4465.15,2165.36,7
2024-07-03,North America,ClearWave SE,83,4218.42,2196.71,6
2024-07-03,Europe,AuraSound Pro,139,12488.93,5676.2,9
2024-07-03,Europe,BassLink Ultra,129,9223.28,4251.59,7
2024-07-03,Europe,ClearWave SE,52,2486.83,1497.99,6
2024-07-03,Asia Pacific,AuraSound Pro,71,6379.93,3060.55,6
2024-07-03,Asia Pacific,BassLink Ultra,68,4689.79,2393.35,8
2024-07-03,Asia Pacific,ClearWave SE,59,3058.66,1701.86,5
2024-07-03,Latin America,AuraSound Pro,56,4804.31,2298.5,6
2024-07-03,Latin America,BassLink Ultra,34,2372.79,1262.02,7
2024-07-03,Latin America,ClearWave SE,31,1530.11,813.44,5
2024-07-04,North America,AuraSound Pro,133,11940.69,5766.32,5
2024-07-04,North America,BassLink Ultra,89,6392.9,3362.34,7
2024-07-04,North America,ClearWave SE,75,3909.65,2078.34,6
2024-07-04,Europe,AuraSound Pro,96,8213.1,3503.8,7
2024-07-04,Europe,BassLink Ultra,69,4673.34,2116.33,7
2024-07-04,Europe,ClearWave SE,51,2654.59,1574.72,6
2024-07-04,Asia Pacific,AuraSound Pro,120,10264.63,5067.02,8
2024-07-04,Asia Pacific,BassLink Ultra,51,3710.0,1777.65,9
2024-07-04,Asia Pacific,ClearWave SE,44,2292.37,1170.22,6
2024-07-04,Latin America,AuraSound Pro,76,7019.86,3234.34,5
2024-07-04,Latin America,BassLink Ultra,49,3567.98,1751.82,9
2024-07-04,Latin America,ClearWave SE,26,1292.93,750.25,8
2024-07-05,North America,AuraSound Pro,83,7288.53,2976.62,7
2024-07-05,North America,BassLink Ultra,65,4389.27,2262.16,8
2024-07-05,North America,ClearWave SE,88,4400.69,2611.13,6
2024-07-05,Europe,AuraSound Pro,77,7263.87,3121.08,8
2024-07-05,Europe,BassLink Ultra,69,4615.29,2528.48,6
2024-07-05,Europe,ClearWave SE,76,3858.43,2120.87,8
2024-07-05,Asia Pacific,AuraSound Pro,94,8641.92,3824.11,6
2024-07-05,Asia Pacific,BassLink Ultra,56,3810.2,1776.09,8
2024-07-05,Asia Pacific,ClearWave SE,64,3304.27,1774.76,5
2024-07-05,Latin America,AuraSound Pro,98,8590.79,3609.27,7
2024-07-05,Latin America,BassLink Ultra,52,3814.69,1845.45,8
2024-07-05,Latin America,ClearWave SE,33,1610.28,887.76,6
2024-07-06,North America,AuraSound Pro,102,8961.33,3658.17,6
2024-07-06,North America,BassLink Ultra,86,5774.91,2697.86,10
2024-07-06,North America,ClearWave SE,73,3501.19,2023.59,5
2024-07-06,Europe,AuraSound Pro,109,9390.04,4496.9,7
2024-07-06,Europe,BassLink Ultra,93,6574.64,3406.87,7
2024-07-06,Europe,ClearWave SE,50,2384.39,1184.07,8
2024-07-06,Asia Pacific,AuraSound Pro,98,8878.25,4037.9,6
2024-07-06,Asia Pacific,BassLink Ultra,65,4742.53,2322.7,7
2024-07-06,Asia Pacific,ClearWave SE,68,3495.84,1930.13,6
2024-07-06,Latin America,AuraSound Pro,67,6263.69,2672.22,8
2024-07-06,Latin America,BassLink Ultra,50,3602.94,1771.59,7
2024-07-06,Latin America,ClearWave SE,35,1819.88,1067.78,5
2024-07-07,North America,AuraSound Pro,187,16784.92,7389.56,8
2024-07-07,North America,BassLink Ultra,60,4198.62,2081.52,6
2024-07-07,North America,ClearWave SE,55,2753.06,1436.18,6
2024-07-07,Europe,AuraSound Pro,94,8566.19,4030.25,8
2024-07-07,Europe,BassLink Ultra,68,4705.97,2294.61,10
2024-07-07,Europe,ClearWave SE,57,2948.91,1743.45,8
2024-07-07,Asia Pacific,AuraSound Pro,88,8022.39,3466.56,6
2024-07-07,Asia Pacific,BassLink Ultra,79,5364.14,2539.49,9
2024-07-07,Asia Pacific,ClearWave SE,40,1960.69,1039.87,6
2024-07-07,Latin America,AuraSound Pro,65,6018.13,2527.9,6
2024-07-07,Latin America,BassLink Ultra,51,3739.39,1806.58,7
2024-07-07,Latin America,ClearWave SE,42,2184.9,1269.97,5
2024-07-08,North America,AuraSound Pro,90,8133.02,3360.66,8
2024-07-08,North America,BassLink Ultra,110,8056.92,3835.41,9
2024-07-08,North America,ClearWave SE,70,3571.66,2078.51,5
2024-07-08,Europe,AuraSound Pro,90,8109.3,3525.55,6
2024-07-08,Europe,BassLink Ultra,71,5118.16,2600.34,9
2024-07-08,Europe,ClearWave SE,50,2582.34,1356.25,7
2024-07-08,Asia Pacific,AuraSound Pro,68,6104.34,2647.06,7
2024-07-08,Asia Pacific,BassLink Ultra,71,5209.89,2354.82,7
2024-07-08,Asia Pacific,ClearWave SE,42,2003.1,1080.31,6
2024-07-08,Latin America,AuraSound Pro,72,6721.21,2772.9,10
2024-07-08,Latin America,BassLink Ultra,64,4555.1,2479.04,9
2024-07-08,Latin America,ClearWave SE,25,1226.02,667.75,5
2024-07-09,North America,AuraSound Pro,96,9053.08,3738.71,5
2024-07-09,North America,BassLink Ultra,86,6093.62,3248.01,9
2024-07-09,North America,ClearWave SE,57,2823.65,1514.1,4
2024-07-09,Europe,AuraSound Pro,85,7740.25,3234.9,6
2024-07-09,Europe,BassLink Ultra,69,4740.74,2454.37,8
2024-07-09,Europe,ClearWave SE,63,3267.19,1746.31,5
2024-07-09,Asia Pacific,AuraSound Pro,109,10209.15,4351.26,6
2024-07-09,Asia Pacific,BassLink Ultra,61,4472.79,2138.56,8
2024-07-09,Asia Pacific,ClearWave SE,55,2743.37,1425.41,7
2024-07-09,Latin America,AuraSound Pro,59,5337.47,2283.33,7
2024-07-09,Latin America,BassLink Ultra,44,3053.1,1444.95,7
2024-07-09,Latin America,ClearWave SE,50,2552.51,1426.33,5
2024-07-10,North America,AuraSound Pro,128,11134.47,5297.48,6
2024-07-10,North America,BassLink Ultra,78,5377.59,2881.75,6
2024-07-10,North America,ClearWave SE,72,3470.45,1986.93,5
2024-07-10,Europe,AuraSound Pro,98,8808.52,4302.68,7
2024-07-10,Europe,BassLink Ultra,50,3526.91,1830.19,12
2024-07-10,Europe,ClearWave SE,49,2519.61,1351.68,5
2024-07-10,Asia Pacific,AuraSound Pro,96,8967.44,4348.29,6
2024-07-10,Asia Pacific,BassLink Ultra,59,4171.34,2130.02,9
2024-07-10,Asia Pacific,ClearWave SE,60,3000.37,1638.58,5
2024-07-10,Latin America,AuraSound Pro,71,6183.81,2789.99,7
2024-07-10,Latin America,BassLink Ultra,56,4032.55,2100.16,8
2024-07-10,Latin America,ClearWave SE,45,2338.06,1207.27,5
2024-07-11,North America,AuraSound Pro,124,11322.13,5141.18,8
2024-07-11,North America,BassLink Ultra,135,9451.14,4717.83,8
2024-07-11,North America,ClearWave SE,62,2993.65,1546.29,5
2024-07-11,Europe,AuraSound Pro,114,10371.89,4344.35,5
2024-07-11,Europe,BassLink Ultra,82,5588.42,2676.11,8
2024-07-11,Europe,ClearWave SE,52,2578.23,1434.84,6
2024-07-11,Asia Pacific,AuraSound Pro,87,7908.22,3435.84,5
2024-07-11,Asia Pacific,BassLink Ultra,72,4950.39,2642.84,8
2024-07-11,Asia Pacific,ClearWave SE,47,2445.37,1308.15,8
2024-07-11,Latin America,AuraSound Pro,71,6361.14,2773.45,5
2024-07-11,Latin America,BassLink Ultra,62,4492.55,2458.71,9
2024-07-11,Latin America,ClearWave SE,48,2374.15,1352.03,5
2024-07-12,North America,AuraSound Pro,126,11598.29,5691.56,6
2024-07-12,North America,BassLink Ultra,83,5664.98,2759.03,9
2024-07-12,North America,ClearWave SE,69,3451.05,1907.66,5
2024-07-12,Europe,AuraSound Pro,93,8305.43,3633.19,5
2024-07-12,Europe,BassLink Ultra,74,5216.6,2792.45,9
2024-07-12,Europe,ClearWave SE,54,2757.21,1496.88,6
2024-07-12,Asia Pacific,AuraSound Pro,87,7819.15,3416.88,6
2024-07-12,Asia Pacific,BassLink Ultra,77,5534.46,2625.98,6
2024-07-12,Asia Pacific,ClearWave SE,38,1851.46,918.31,7
2024-07-12,Latin America,AuraSound Pro,63,5732.96,2407.78,6
2024-07-12,Latin America,BassLink Ultra,82,5623.27,2550.19,8
2024-07-12,Latin America,ClearWave SE,34,1750.02,949.37,7
2024-07-13,North America,AuraSound Pro,142,13050.8,5606.82,4
2024-07-13,North America,BassLink Ultra,89,6121.33,3025.46,6
2024-07-13,North America,ClearWave SE,68,3440.21,1908.84,8
2024-07-13,Europe,AuraSound Pro,120,10835.72,5050.54,8
2024-07-13,Europe,BassLink Ultra,69,4787.18,2520.09,9
2024-07-13,Europe,ClearWave SE,50,2597.51,1294.56,6
2024-07-13,Asia Pacific,AuraSound Pro,107,10065.23,4125.46,7
2024-07-13,Asia Pacific,BassLink Ultra,48,3302.62,1516.01,10
2024-07-13,Asia Pacific,ClearWave SE,43,2064.57,1161.06,8
2024-07-13,Latin America,AuraSound Pro,84,7865.59,3475.43,7
2024-07-13,Latin America,BassLink Ultra,42,2920.59,1431.64,7
2024-07-13,Latin America,ClearWave SE,58,2971.9,1637.78,7
2024-07-14,North America,AuraSound Pro,117,10051.43,4708.69,6
2024-07-14,North America,BassLink Ultra,83,6058.11,3083.76,9
2024-07-14,North America,ClearWave SE,85,4162.81,2222.81,6
2024-07-14,Europe,AuraSound Pro,104,9274.58,4583.24,6
2024-07-14,Europe,BassLink Ultra,121,8494.01,4095.59,6
2024-07-14,Europe,ClearWave SE,53,2722.8,1535.23,6
2024-07-14,Asia Pacific,AuraSound Pro,67,6246.22,2923.34,6
2024-07-14,Asia Pacific,BassLink Ultra,100,6712.79,3338.89,9
2024-07-14,Asia Pacific,ClearWave SE,46,2336.63,1390.85,5
2024-07-14,Latin America,AuraSound Pro,54,4931.74,2384.04,6
2024-07-14,Latin America,BassLink Ultra,56,3933.77,2065.97,8
2024-07-14,Latin America,ClearWave SE,37,1829.2,1008.33,5
2024-07-15,North America,AuraSound Pro,116,10290.23,4436.81,6
2024-07-15,North America,BassLink Ultra,101,7395.78,3811.49,8
2024-07-15,North America,ClearWave SE,70,3397.23,1877.7,7
2024-07-15,Europe,AuraSound Pro,139,12158.22,5327.1,7
2024-07-15,Europe,BassLink Ultra,78,5428.62,2852.79,7
2024-07-15,Europe,ClearWave SE,48,2416.77,1434.05,6
2024-07-15,Asia Pacific,AuraSound Pro,104,9091.72,3742.83,6
2024-07-15,Asia Pacific,BassLink Ultra,68,4703.33,2556.05,9
2024-07-15,Asia Pacific,ClearWave SE,68,3381.0,1883.66,4
2024-07-15,Latin America,AuraSound Pro,62,5792.54,2577.65,6
2024-07-15,Latin America,BassLink Ultra,40,2660.57,1262.52,8
2024-07-15,Latin America,ClearWave SE,35,1821.19,944.56,6
2024-07-16,North America,AuraSound Pro,108,9246.56,4387.15,6
2024-07-16,North America,BassLink Ultra,91,6170.5,2952.76,9
2024-07-16,North America,ClearWave SE,78,3800.71,2187.24,5
2024-07-16,Europe,AuraSound Pro,70,6271.53,2580.16,6
2024-07-16,Europe,BassLink Ultra,63,4508.76,2059.76,8
2024-07-16,Europe,ClearWave SE,59,3087.4,1690.56,6
2024-07-16,Asia Pacific,AuraSound Pro,77,6710.52,2985.35,8
2024-07-16,Asia Pacific,BassLink Ultra,67,4748.63,2392.4,7
2024-07-16,Asia Pacific,ClearWave SE,44,2211.66,1164.65,6
2024-07-16,Latin America,AuraSound Pro,59,5049.86,2155.33,6
2024-07-16,Latin America,BassLink Ultra,40,2802.12,1509.73,8
2024-07-16,Latin America,ClearWave SE,33,1628.63,887.82,7
2024-07-17,North America,AuraSound Pro,132,11717.31,5644.38,5
2024-07-17,North America,BassLink Ultra,97,6696.84,3154.17,9
2024-07-17,North America,ClearWave SE,68,3305.75,1707.32,7
2024-07-17,Europe,AuraSound Pro,110,9630.63,4356.88,6
2024-07-17,Europe,BassLink Ultra,112,8134.53,4366.41,6
2024-07-17,Europe,ClearWave SE,54,2679.6,1505.08,5
2024-07-17,Asia Pacific,AuraSound Pro,134,11641.52,5392.21,7
2024-07-17,Asia Pacific,BassLink Ultra,72,4958.19,2583.17,7
2024-07-17,Asia Pacific,ClearWave SE,50,2550.75,1326.28,5
2024-07-17,Latin America,AuraSound Pro,78,7080.68,3092.98,8
2024-07-17,Latin America,BassLink Ultra,83,5793.17,3011.47,7
2024-07-17,Latin America,ClearWave SE,30,1456.8,722.05,5
2024-07-18,North America,AuraSound Pro,149,13802.94,5841.71,6
2024-07-18,North America,BassLink Ultra,86,6270.13,3264.71,8
2024-07-18,North America,ClearWave SE,63,3061.18,1518.25,6
2024-07-18,Europe,AuraSound Pro,83,7683.28,3346.1,8
2024-07-18,Europe,BassLink Ultra,68,4603.87,2228.68,8
2024-07-18,Europe,ClearWave SE,40,2052.32,1037.79,5
2024-07-18,Asia Pacific,AuraSound Pro,111,9556.17,4680.72,6
2024-07-18,Asia Pacific,BassLink Ultra,54,3883.92,1979.22,6
2024-07-18,Asia Pacific,ClearWave SE,66,3173.3,1861.63,6
2024-07-18,Latin America,AuraSound Pro,80,7479.78,3500.74,9
2024-07-18,Latin America,BassLink Ultra,47,3287.57,1497.56,6
2024-07-18,Latin America,ClearWave SE,40,1904.75,1136.61,8
2024-07-19,North America,AuraSound Pro,122,10681.19,4442.8,8
2024-07-19,North America,BassLink Ultra,66,4622.43,2526.81,7
2024-07-19,North America,ClearWave SE,83,4211.77,2305.01,6
2024-07-19,Europe,AuraSound Pro,98,9144.11,3943.32,8
2024-07-19,Europe,BassLink Ultra,86,6282.67,2860.89,8
2024-07-19,Europe,ClearWave SE,35,1771.67,1031.63,6
2024-07-19,Asia Pacific,AuraSound Pro,99,9094.97,3793.5,5
2024-07-19,Asia Pacific,BassLink Ultra,70,5119.54,2477.62,9
2024-07-19,Asia Pacific,ClearWave SE,51,2443.89,1470.36,5
2024-07-19,Latin America,AuraSound Pro,44,3787.65,1746.09,7
2024-07-19,Latin America,BassLink Ultra,36,2623.0,1260.12,8
2024-07-19,Latin America,ClearWave SE,58,2783.51,1663.25,4
2024-07-20,North America,AuraSound Pro,105,9342.45,4288.35,6
2024-07-20,North America,BassLink Ultra,127,8493.61,4063.8,8
2024-07-20,North America,ClearWave SE,63,3184.71,1629.99,7
2024-07-20,Europe,AuraSound Pro,93,8381.11,3838.45,6
2024-07-20,Europe,BassLink Ultra,81,5730.85,2814.87,9
2024-07-20,Europe,ClearWave SE,34,1757.82,914.59,5
2024-07-20,Asia Pacific,AuraSound Pro,94,8762.78,3609.44,6
2024-07-20,Asia Pacific,BassLink Ultra,64,4528.28,2162.21,6
2024-07-20,Asia Pacific,ClearWave SE,59,2897.74,1442.47,7
2024-07-20,Latin America,AuraSound Pro,60,5580.0,2470.97,7
2024-07-20,Latin America,BassLink Ultra,61,4424.63,2155.47,8
2024-07-20,Latin America,ClearWave SE,45,2234.5,1153.28,5
2024-07-21,North America,AuraSound Pro,163,14391.2,6242.92,8
2024-07-21,North America,BassLink Ultra,111,7425.61,4031.45,6
2024-07-21,North America,ClearWave SE,76,3694.16,1861.46,5
2024-07-21,Europe,AuraSound Pro,139,12579.99,6060.61,6
2024-07-21,Europe,BassLink Ultra,75,5241.57,2544.21,5
2024-07-21,Europe,ClearWave SE,60,3046.64,1573.31,5
2024-07-21,Asia Pacific,AuraSound Pro,101,8858.69,4120.64,6
2024-07-21,Asia Pacific,BassLink Ultra,60,4383.13,2295.29,10
2024-07-21,Asia Pacific,ClearWave SE,82,4178.14,2340.35,4
2024-07-21,Latin America,AuraSound Pro,66,5820.49,2469.32,7
2024-07-21,Latin America,BassLink Ultra,54,3840.13,1964.09,9
2024-07-21,Latin America,ClearWave SE,39,2021.83,1080.75,7
2024-07-22,North America,AuraSound Pro,125,10975.6,5002.32,7
2024-07-22,North America,BassLink Ultra,68,4802.75,2312.42,8
2024-07-22,North America,ClearWave SE,82,4171.35,2228.62,6
2024-07-22,Europe,AuraSound Pro,151,14213.9,6081.14,7
2024-07-22,Europe,BassLink Ultra,79,5472.74,2984.29,8
2024-07-22,Europe,ClearWave SE,57,2838.13,1581.72,6
2024-07-22,Asia Pacific,AuraSound Pro,88,8181.34,3324.84,5
2024-07-22,Asia Pacific,BassLink Ultra,88,6343.14,3453.96,7
2024-07-22,Asia Pacific,ClearWave SE,38,1980.19,1149.07,6
2024-07-22,Latin America,AuraSound Pro,99,9287.03,4356.69,7
2024-07-22,Latin America,BassLink Ultra,66,4406.98,2153.43,7
2024-07-22,Latin America,ClearWave SE,31,1475.78,752.16,5
2024-07-23,North America,AuraSound Pro,150,14157.5,6175.12,7
2024-07-23,North America,BassLink Ultra,98,6630.64,3459.63,8
2024-07-23,North America,ClearWave SE,64,3314.94,1937.39,6
2024-07-23,Europe,AuraSound Pro,97,8737.14,3957.15,6
2024-07-23,Europe,BassLink Ultra,78,5387.3,2448.82,7
2024-07-23,Europe,ClearWave SE,60,2971.87,1560.6,4
2024-07-23,Asia Pacific,AuraSound Pro,94,8878.75,3859.23,6
2024-07-23,Asia Pacific,BassLink Ultra,86,6150.62,3008.9,6
2024-07-23,Asia Pacific,ClearWave SE,53,2636.33,1492.52,6
2024-07-23,Latin America,AuraSound Pro,69,6191.02,2682.61,6
2024-07-23,Latin America,BassLink Ultra,60,4296.55,2358.52,8
2024-07-23,Latin America,ClearWave SE,45,2309.53,1235.23,5
2024-07-24,North America,AuraSound Pro,109,10092.71,4571.09,7
2024-07-24,North America,BassLink Ultra,104,7382.04,3476.56,6
2024-07-24,North America,ClearWave SE,68,3422.95,2024.42,5
2024-07-24,Europe,AuraSound Pro,101,9319.67,4142.94,7
2024-07-24,Europe,BassLink Ultra,61,4214.34,2163.74,8
2024-07-24,Europe,ClearWave SE,53,2635.68,1551.47,7
2024-07-24,Asia Pacific,AuraSound Pro,78,6895.66,3214.06,8
2024-07-24,Asia Pacific,BassLink Ultra,50,3432.98,1853.8,8
2024-07-24,Asia Pacific,ClearWave SE,59,2807.9,1597.09,5
2024-07-24,Latin America,AuraSound Pro,46,4289.56,2067.07,6
2024-07-24,Latin America,BassLink Ultra,50,3453.25,1697.5,7
2024-07-24,Latin America,ClearWave SE,36,1879.37,967.42,6
2024-07-25,North America,AuraSound Pro,155,13602.8,5906.71,8
2024-07-25,North America,BassLink Ultra,95,6535.41,3289.9,8
2024-07-25,North America,ClearWave SE,58,2998.97,1721.35,5
2024-07-25,Europe,AuraSound Pro,103,9677.18,4402.21,7
2024-07-25,Europe,BassLink Ultra,76,5394.84,2444.29,8
2024-07-25,Europe,ClearWave SE,63,3242.46,1813.25,6
2024-07-25,Asia Pacific,AuraSound Pro,95,8363.88,3869.2,6
2024-07-25,Asia Pacific,BassLink Ultra,52,3532.75,1809.34,8
2024-07-25,Asia Pacific,ClearWave SE,47,2428.3,1289.38,5
2024-07-25,Latin America,AuraSound Pro,81,7090.3,3120.2,6
2024-07-25,Latin America,BassLink Ultra,66,4804.88,2602.07,8
2024-07-25,Latin America,ClearWave SE,34,1618.89,869.69,6
2024-07-26,North America,AuraSound Pro,131,11978.64,4898.75,6
2024-07-26,North America,BassLink Ultra,78,5422.22,2802.17,8
2024-07-26,North America,ClearWave SE,49,2343.11,1263.31,4
2024-07-26,Europe,AuraSound Pro,104,9278.0,4111.29,7
2024-07-26,Europe,BassLink Ultra,76,5195.33,2566.57,8
2024-07-26,Europe,ClearWave SE,63,3026.73,1707.23,7
2024-07-26,Asia Pacific,AuraSound Pro,91,8212.92,3973.89,5
2024-07-26,Asia Pacific,BassLink Ultra,45,3064.82,1647.11,7
2024-07-26,Asia Pacific,ClearWave SE,49,2372.88,1376.42,4
2024-07-26,Latin America,AuraSound Pro,45,3993.3,1923.57,6
2024-07-26,Latin America,BassLink Ultra,71,5166.59,2790.86,8
2024-07-26,Latin America,ClearWave SE,43,2047.44,1098.35,5
2024-07-27,North America,AuraSound Pro,113,9938.12,4295.61,7
2024-07-27,North America,BassLink Ultra,68,4867.23,2625.83,10
2024-07-27,North America,ClearWave SE,55,2868.41,1503.32,6
2024-07-27,Europe,AuraSound Pro,82,7112.63,3072.68,7
2024-07-27,Europe,BassLink Ultra,83,5993.17,3153.22,6
2024-07-27,Europe,ClearWave SE,48,2511.29,1245.36,5
2024-07-27,Asia Pacific,AuraSound Pro,86,8085.3,3523.64,7
2024-07-27,Asia Pacific,BassLink Ultra,92,6495.53,3129.51,7
2024-07-27,Asia Pacific,ClearWave SE,72,3434.55,1704.33,6
2024-07-27,Latin America,AuraSound Pro,56,5122.26,2173.19,6
2024-07-27,Latin America,BassLink Ultra,38,2672.51,1233.64,7
2024-07-27,Latin America,ClearWave SE,37,1777.15,979.17,6
2024-07-28,North America,AuraSound Pro,137,12877.05,6118.72,6
2024-07-28,North America,BassLink Ultra,70,4828.84,2630.31,11
2024-07-28,North America,ClearWave SE,91,4427.13,2214.17,7
2024-07-28,Europe,AuraSound Pro,97,8678.92,3604.51,7
2024-07-28,Europe,BassLink Ultra,69,5015.99,2623.25,8
2024-07-28,Europe,ClearWave SE,60,2943.21,1514.59,5
2024-07-28,Asia Pacific,AuraSound Pro,85,7571.54,3182.24,8
2024-07-28,Asia Pacific,BassLink Ultra,78,5384.5,2935.42,7
2024-07-28,Asia Pacific,ClearWave SE,54,2670.51,1323.19,5
2024-07-28,Latin America,AuraSound Pro,80,7414.65,3091.95,5
2024-07-28,Latin America,BassLink Ultra,56,4024.95,1983.84,10
2024-07-28,Latin America,ClearWave SE,35,1704.88,980.63,7
2024-07-29,North America,AuraSound Pro,128,11345.35,5536.03,6
2024-07-29,North America,BassLink Ultra,81,5905.89,2923.49,9
2024-07-29,North America,ClearWave SE,66,3209.53,1659.1,7
2024-07-29,Europe,AuraSound Pro,136,12367.23,5775.21,6
2024-07-29,Europe,BassLink Ultra,69,4609.28,2451.0,6
2024-07-29,Europe,ClearWave SE,57,2710.08,1392.11,6
2024-07-29,Asia Pacific,AuraSound Pro,114,10554.18,4515.6,8
2024-07-29,Asia Pacific,BassLink Ultra,75,5156.24,2601.57,9
2024-07-29,Asia Pacific,ClearWave SE,50,2594.78,1404.63,5
2024-07-29,Latin America,AuraSound Pro,75,6541.29,2991.33,8
2024-07-29,Latin America,BassLink Ultra,30,2019.83,993.09,8
2024-07-29,Latin America,ClearWave SE,28,1459.28,782.65,5
2024-07-30,North America,AuraSound Pro,125,11478.32,4917.43,8
2024-07-30,North America,BassLink Ultra,87,6290.88,3060.54,8
2024-07-30,North America,ClearWave SE,73,3469.64,1898.87,5
2024-07-30,Europe,AuraSound Pro,111,10467.78,4676.96,5
2024-07-30,Europe,BassLink Ultra,72,5037.18,2735.4,9
2024-07-30,Europe,ClearWave SE,60,2938.29,1630.61,6
2024-07-30,Asia Pacific,AuraSound Pro,85,7637.07,3664.63,5
2024-07-30,Asia Pacific,BassLink Ultra,62,4130.09,2214.46,9
2024-07-30,Asia Pacific,ClearWave SE,56,2666.46,1437.08,5
2024-07-30,Latin America,AuraSound Pro,49,4588.13,2217.17,6
2024-07-30,Latin America,BassLink Ultra,48,3402.23,1645.44,7
2024-07-30,Latin America,ClearWave SE,39,1878.14,1071.48,6
2024-07-31,North America,AuraSound Pro,132,11354.34,4818.71,6
2024-07-31,North America,BassLink Ultra,72,5094.65,2662.52,8
2024-07-31,North America,ClearWave SE,83,4192.08,2254.52,5
2024-07-31,Europe,AuraSound Pro,152,13220.98,5833.7,8
2024-07-31,Europe,BassLink Ultra,58,4165.42,2075.44,6
2024-07-31,Europe,ClearWave SE,56,2775.84,1614.33,6
2024-07-31,Asia Pacific,AuraSound Pro,136,11691.99,5154.69,9
2024-07-31,Asia Pacific,BassLink Ultra,74,5270.54,2551.42,7
2024-07-31,Asia Pacific,ClearWave SE,66,3425.83,1756.23,6
2024-07-31,Latin America,AuraSound Pro,54,4636.92,2127.61,5
2024-07-31,Latin America,BassLink Ultra,47,3368.49,1727.26,9
2024-07-31,Latin America,ClearWave SE,33,1684.2,992.0,5
2024-08-01,North America,AuraSound Pro,164,14183.64,6814.54,7
2024-08-01,North America,BassLink Ultra,125,9161.17,4199.19,8
2024-08-01,North America,ClearWave SE,85,4421.77,2435.07,5
2024-08-01,Europe,AuraSound Pro,139,12924.84,5375.91,7
2024-08-01,Europe,BassLink Ultra,71,4944.75,2434.75,9
2024-08-01,Europe,ClearWave SE,66,3315.24,1988.65,6
2024-08-01,Asia Pacific,AuraSound Pro,102,9465.58,4412.11,6
2024-08-01,Asia Pacific,BassLink Ultra,83,6018.84,3203.01,10
2024-08-01,Asia Pacific,ClearWave SE,38,1969.86,1068.69,5
2024-08-01,Latin America,AuraSound Pro,62,5302.6,2384.0,7
2024-08-01,Latin America,BassLink Ultra,53,3626.41,1792.77,7
2024-08-01,Latin America,ClearWave SE,38,1953.09,999.35,5
2024-08-02,North America,AuraSound Pro,138,12641.95,6042.75,7
2024-08-02,North America,BassLink Ultra,81,5892.86,3073.19,7
2024-08-02,North America,ClearWave SE,91,4510.06,2254.58,7
2024-08-02,Europe,AuraSound Pro,115,10320.71,5015.64,8
2024-08-02,Europe,BassLink Ultra,56,4065.56,2153.52,6
2024-08-02,Europe,ClearWave SE,46,2234.02,1267.1,6
2024-08-02,Asia Pacific,AuraSound Pro,113,10626.42,5074.19,6
2024-08-02,Asia Pacific,BassLink Ultra,83,5722.87,2670.92,7
2024-08-02,Asia Pacific,ClearWave SE,51,2652.38,1382.66,5
2024-08-02,Latin America,AuraSound Pro,68,6374.99,2661.99,6
2024-08-02,Latin America,BassLink Ultra,35,2343.14,1066.11,8
2024-08-02,Latin America,ClearWave SE,39,1918.98,1038.21,7
2024-08-03,North America,AuraSound Pro,137,12106.28,5318.29,7
2024-08-03,North America,BassLink Ultra,118,8243.71,4039.96,9
2024-08-03,North America,ClearWave SE,97,4737.29,2397.16,5
2024-08-03,Europe,AuraSound Pro,81,6936.78,3318.08,5
2024-08-03,Europe,BassLink Ultra,89,5963.73,2788.04,6
2024-08-03,Europe,ClearWave SE,60,3134.46,1895.92,6
2024-08-03,Asia Pacific,AuraSound Pro,68,6338.61,3136.82,6
2024-08-03,Asia Pacific,BassLink Ultra,83,5972.84,2900.02,8
2024-08-03,Asia Pacific,ClearWave SE,66,3361.41,1671.72,6
2024-08-03,Latin America,AuraSound Pro,59,5167.63,2514.02,6
2024-08-03,Latin America,BassLink Ultra,61,4283.95,2021.28,6
2024-08-03,Latin America,ClearWave SE,36,1800.1,944.75,5
2024-08-04,North America,AuraSound Pro,120,10322.35,4858.05,7
2024-08-04,North America,BassLink Ultra,110,7529.21,3817.87,6
2024-08-04,North America,ClearWave SE,58,2889.06,1724.74,5
2024-08-04,Europe,AuraSound Pro,101,8731.45,3807.81,5
2024-08-04,Europe,BassLink Ultra,78,5704.61,3135.67,6
2024-08-04,Europe,ClearWave SE,75,3882.82,1972.17,4
2024-08-04,Asia Pacific,AuraSound Pro,77,6725.61,2967.66,9
2024-08-04,Asia Pacific,BassLink Ultra,68,4641.64,2233.28,7
2024-08-04,Asia Pacific,ClearWave SE,90,4530.34,2447.08,5
2024-08-04,Latin America,AuraSound Pro,80,6930.71,2871.73,6
2024-08-04,Latin America,BassLink Ultra,42,2882.78,1434.25,8
2024-08-04,Latin America,ClearWave SE,58,2935.21,1660.99,5
2024-08-05,North America,AuraSound Pro,99,8750.73,3889.0,8
2024-08-05,North America,BassLink Ultra,80,5322.37,2417.84,8
2024-08-05,North America,ClearWave SE,63,3159.87,1862.36,5
2024-08-05,Europe,AuraSound Pro,85,7572.12,3412.83,7
2024-08-05,Europe,BassLink Ultra,79,5755.75,2883.2,8
2024-08-05,Europe,ClearWave SE,50,2515.82,1314.15,6
2024-08-05,Asia Pacific,AuraSound Pro,135,11853.42,4856.31,6
2024-08-05,Asia Pacific,BassLink Ultra,56,4110.24,1975.38,7
2024-08-05,Asia Pacific,ClearWave SE,53,2744.31,1563.12,5
2024-08-05,Latin America,AuraSound Pro,79,7261.96,3416.97,5
2024-08-05,Latin America,BassLink Ultra,60,4354.82,2211.79,8
2024-08-05,Latin America,ClearWave SE,59,3043.26,1508.31,5
2024-08-06,North America,AuraSound Pro,151,13214.86,5919.09,6
2024-08-06,North America,BassLink Ultra,82,5553.88,2701.2,6
2024-08-06,North America,ClearWave SE,63,3067.65,1692.45,5
2024-08-06,Europe,AuraSound Pro,76,7014.75,3036.4,7
2024-08-06,Europe,BassLink Ultra,76,5285.38,2795.92,8
2024-08-06,Europe,ClearWave SE,51,2508.63,1500.05,6
2024-08-06,Asia Pacific,AuraSound Pro,121,11184.6,5455.38,6
2024-08-06,Asia Pacific,BassLink Ultra,54,3812.98,2012.64,8
2024-08-06,Asia Pacific,ClearWave SE,52,2700.01,1535.69,5
2024-08-06,Latin America,AuraSound Pro,80,7473.31,3536.29,6
2024-08-06,Latin America,BassLink Ultra,41,2878.76,1398.16,8
2024-08-06,Latin America,ClearWave SE,46,2393.96,1188.92,6
2024-08-07,North America,AuraSound Pro,113,9743.08,3964.23,7
2024-08-07,North America,BassLink Ultra,116,8514.16,4170.27,9
2024-08-07,North America,ClearWave SE,87,4490.74,2685.67,4
2024-08-07,Europe,AuraSound Pro,95,8664.39,4176.82,8
2024-08-07,Europe,BassLink Ultra,53,3586.95,1614.18,7
2024-08-07,Europe,ClearWave SE,51,2484.18,1311.07,6
2024-08-07,Asia Pacific,AuraSound Pro,60,5493.71,2252.46,8
2024-08-07,Asia Pacific,BassLink Ultra,65,4475.18,2146.21,6
2024-08-07,Asia Pacific,ClearWave SE,45,2151.7,1295.83,6
2024-08-07,Latin America,AuraSound Pro,60,5508.32,2605.82,9
2024-08-07,Latin America,BassLink Ultra,49,3405.46,1536.21,10
2024-08-07,Latin America,ClearWave SE,42,2037.25,1214.52,6
2024-08-08,North America,AuraSound Pro,139,12912.67,5498.02,6
2024-08-08,North America,BassLink Ultra,101,6718.46,3037.43,7
2024-08-08,North America,ClearWave SE,51,2597.89,1447.58,5
2024-08-08,Europe,AuraSound Pro,80,7409.58,3278.34,6
2024-08-08,Europe,BassLink Ultra,72,4833.09,2237.21,6
2024-08-08,Europe,ClearWave SE,65,3387.32,1984.59,5
2024-08-08,Asia Pacific,AuraSound Pro,72,6511.13,3060.01,6
2024-08-08,Asia Pacific,BassLink Ultra,67,4845.12,2590.37,7
2024-08-08,Asia Pacific,ClearWave SE,55,2752.48,1639.16,6
2024-08-08,Latin America,AuraSound Pro,58,5244.54,2337.87,6
2024-08-08,Latin America,BassLink Ultra,60,4029.32,1942.44,7
2024-08-08,Latin America,ClearWave SE,55,2655.46,1565.84,4
2024-08-09,North America,AuraSound Pro,145,13006.62,5589.64,6
2024-08-09,North America,BassLink Ultra,72,4984.72,2536.86,8
2024-08-09,North America,ClearWave SE,59,3030.44,1815.68,5
2024-08-09,Europe,AuraSound Pro,94,8830.06,3828.05,7
2024-08-09,Europe,BassLink Ultra,64,4363.94,2301.4,8
2024-08-09,Europe,ClearWave SE,68,3375.1,1993.6,6
2024-08-09,Asia Pacific,AuraSound Pro,99,9318.68,4050.11,6
2024-08-09,Asia Pacific,BassLink Ultra,73,4890.94,2610.15,6
2024-08-09,Asia Pacific,ClearWave SE,70,3623.5,2181.95,4
2024-08-09,Latin America,AuraSound Pro,62,5718.37,2606.81,6
2024-08-09,Latin America,BassLink Ultra,35,2450.24,1185.59,7
2024-08-09,Latin America,ClearWave SE,43,2230.58,1237.5,7
2024-08-10,North America,AuraSound Pro,138,12489.68,5290.82,6
2024-08-10,North America,BassLink Ultra,65,4706.03,2331.04,9
2024-08-10,North America,ClearWave SE,63,3116.62,1879.81,6
2024-08-10,Europe,AuraSound Pro,94,8271.07,3595.3,7
2024-08-10,Europe,BassLink Ultra,94,6743.23,3378.27,8
2024-08-10,Europe,ClearWave SE,55,2646.04,1474.08,7
2024-08-10,Asia Pacific,AuraSound Pro,133,12484.0,5537.29,8
2024-08-10,Asia Pacific,BassLink Ultra,60,4184.19,2056.56,9
2024-08-10,Asia Pacific,ClearWave SE,64,3099.97,1721.31,5
2024-08-10,Latin America,AuraSound Pro,104,8939.42,3790.26,8
2024-08-10,Latin America,BassLink Ultra,49,3473.22,1759.6,7
2024-08-10,Latin America,ClearWave SE,49,2393.91,1249.37,8
2024-08-11,North America,AuraSound Pro,97,8447.27,4084.87,7
2024-08-11,North America,BassLink Ultra,103,7141.83,3400.92,9
2024-08-11,North America,ClearWave SE,83,4256.61,2246.12,5
2024-08-11,Europe,AuraSound Pro,79,6832.7,3211.7,6
2024-08-11,Europe,BassLink Ultra,86,6317.45,2891.26,7
2024-08-11,Europe,ClearWave SE,77,3960.45,2291.52,5
2024-08-11,Asia Pacific,AuraSound Pro,81,7358.41,3625.15,5
2024-08-11,Asia Pacific,BassLink Ultra,73,4991.43,2739.83,7
2024-08-11,Asia Pacific,ClearWave SE,48,2426.73,1273.98,8
2024-08-11,Latin America,AuraSound Pro,64,5537.08,2415.78,6
2024-08-11,Latin America,BassLink Ultra,57,3830.88,2050.38,9
2024-08-11,Latin America,ClearWave SE,45,2287.83,1176.56,6
2024-08-12,North America,AuraSound Pro,190,16291.52,6619.93,6
2024-08-12,North America,BassLink Ultra,82,5698.75,2842.22,7
2024-08-12,North America,ClearWave SE,76,3835.77,2022.95,5
2024-08-12,Europe,AuraSound Pro,83,7377.16,3404.83,6
2024-08-12,Europe,BassLink Ultra,54,3720.43,1902.64,8
2024-08-12,Europe,ClearWave SE,63,3166.19,1693.44,6
2024-08-12,Asia Pacific,AuraSound Pro,110,9442.8,4663.97,6
2024-08-12,Asia Pacific,BassLink Ultra,85,5674.3,2897.03,9
2024-08-12,Asia Pacific,ClearWave SE,43,2101.83,1246.25,5
2024-08-12,Latin America,AuraSound Pro,46,3962.65,1859.56,8
2024-08-12,Latin America,BassLink Ultra,61,4273.77,2108.59,10
2024-08-12,Latin America,ClearWave SE,31,1618.07,905.74,6
2024-08-13,North America,AuraSound Pro,112,10386.98,4357.81,5
2024-08-13,North America,BassLink Ultra,108,7419.45,3926.75,6
2024-08-13,North America,ClearWave SE,76,3635.25,1804.48,5
2024-08-13,Europe,AuraSound Pro,107,9486.26,4040.52,8
2024-08-13,Europe,BassLink Ultra,76,5580.73,3060.03,11
2024-08-13,Europe,ClearWave SE,49,2447.34,1395.16,8
2024-08-13,Asia Pacific,AuraSound Pro,87,7496.61,3085.62,6
2024-08-13,Asia Pacific,BassLink Ultra,65,4678.9,2332.66,6
2024-08-13,Asia Pacific,ClearWave SE,47,2361.35,1239.33,5
2024-08-13,Latin America,AuraSound Pro,76,6573.41,2787.73,7
2024-08-13,Latin America,BassLink Ultra,57,4097.87,2212.12,7
2024-08-13,Latin America,ClearWave SE,51,2619.89,1451.05,6
2024-08-14,North America,AuraSound Pro,135,11923.35,5431.08,8
2024-08-14,North America,BassLink Ultra,115,8436.59,4143.25,8
2024-08-14,North America,ClearWave SE,66,3390.68,1816.92,6
2024-08-14,Europe,AuraSound Pro,101,9189.55,3820.39,6
2024-08-14,Europe,BassLink Ultra,76,5228.66,2557.21,8
2024-08-14,Europe,ClearWave SE,67,3406.82,1832.22,7
2024-08-14,Asia Pacific,AuraSound Pro,98,8566.73,3791.7,6
2024-08-14,Asia Pacific,BassLink Ultra,81,5818.86,2788.66,7
2024-08-14,Asia Pacific,ClearWave SE,36,1887.53,1031.87,4
2024-08-14,Latin America,AuraSound Pro,80,7192.77,3300.95,6
2024-08-14,Latin America,BassLink Ultra,49,3581.86,1822.99,7
2024-08-14,Latin America,ClearWave SE,52,2706.17,1421.12,4
2024-08-15,North America,AuraSound Pro,140,12185.87,5724.55,7
2024-08-15,North America,BassLink Ultra,121,8342.79,4016.12,9
2024-08-15,North America,ClearWave SE,57,2826.54,1457.64,6
2024-08-15,Europe,AuraSound Pro,113,9803.12,4488.49,6
2024-08-15,Europe,BassLink Ultra,83,5973.98,2755.56,7
2024-08-15,Europe,ClearWave SE,60,3114.1,1869.15,6
2024-08-15,Asia Pacific,AuraSound Pro,80,6974.83,3138.98,6
2024-08-15,Asia Pacific,BassLink Ultra,60,4266.48,2057.97,8
2024-08-15,Asia Pacific,ClearWave SE,68,3388.1,1979.75,4
2024-08-15,Latin America,AuraSound Pro,79,6799.42,2872.52,6
2024-08-15,Latin America,BassLink Ultra,62,4232.06,2042.9,8
2024-08-15,Latin America,ClearWave SE,31,1597.91,926.95,6
2024-08-16,North America,AuraSound Pro,122,11280.51,4911.08,5
2024-08-16,North America,BassLink Ultra,81,5730.81,2666.35,8
2024-08-16,North America,ClearWave SE,65,3178.37,1867.29,7
2024-08-16,Europe,AuraSound Pro,101,8970.84,3863.13,6
2024-08-16,Europe,BassLink Ultra,77,5154.22,2687.76,8
2024-08-16,Europe,ClearWave SE,71,3482.9,1944.01,6
2024-08-16,Asia Pacific,AuraSound Pro,42,3762.99,1593.65,7
2024-08-16,Asia Pacific,BassLink Ultra,63,4611.55,2195.47,10
2024-08-16,Asia Pacific,ClearWave SE,58,2946.81,1741.09,6
2024-08-16,Latin America,AuraSound Pro,66,5998.81,2513.88,8
2024-08-16,Latin America,BassLink Ultra,38,2724.44,1369.86,8
2024-08-16,Latin America,ClearWave SE,30,1574.49,791.79,5
2024-08-17,North America,AuraSound Pro,148,12937.56,6371.54,7
2024-08-17,North America,BassLink Ultra,93,6691.96,3256.75,6
2024-08-17,North America,ClearWave SE,71,3425.22,1871.05,6
2024-08-17,Europe,AuraSound Pro,126,11291.99,5176.53,7
2024-08-17,Europe,BassLink Ultra,88,6458.44,2937.98,6
2024-08-17,Europe,ClearWave SE,61,2973.8,1784.39,6
2024-08-17,Asia Pacific,AuraSound Pro,62,5401.68,2306.52,6
2024-08-17,Asia Pacific,BassLink Ultra,72,5247.53,2483.11,9
2024-08-17,Asia Pacific,ClearWave SE,55,2803.05,1482.6,6
2024-08-17,Latin America,AuraSound Pro,77,6593.45,3155.08,7
2024-08-17,Latin America,BassLink Ultra,44,2995.28,1488.23,7
2024-08-17,Latin America,ClearWave SE,29,1402.19,811.65,5
2024-08-18,North America,AuraSound Pro,102,8919.83,3722.27,6
2024-08-18,North America,BassLink Ultra,138,9857.11,5106.19,9
2024-08-18,North America,ClearWave SE,58,2952.05,1574.74,4
2024-08-18,Europe,AuraSound Pro,94,8266.26,3413.54,5
2024-08-18,Europe,BassLink Ultra,79,5374.25,2453.22,8
2024-08-18,Europe,ClearWave SE,50,2472.86,1241.51,6
2024-08-18,Asia Pacific,AuraSound Pro,108,10014.76,4242.63,6
2024-08-18,Asia Pacific,BassLink Ultra,56,3752.54,2060.96,7
2024-08-18,Asia Pacific,ClearWave SE,60,3079.03,1808.65,8
2024-08-18,Latin America,AuraSound Pro,81,7198.63,3551.97,5
2024-08-18,Latin America,BassLink Ultra,55,3734.52,2003.18,8
2024-08-18,Latin America,ClearWave SE,42,2161.07,1172.58,4
2024-08-19,North America,AuraSound Pro,134,11968.59,5497.97,6
2024-08-19,North America,BassLink Ultra,72,4795.46,2441.69,10
2024-08-19,North America,ClearWave SE,56,2713.19,1538.0,6
2024-08-19,Europe,AuraSound Pro,102,8857.19,4049.65,6
2024-08-19,Europe,BassLink Ultra,96,6554.58,3008.06,9
2024-08-19,Europe,ClearWave SE,58,3028.69,1571.74,5
2024-08-19,Asia Pacific,AuraSound Pro,86,7820.84,3645.99,6
2024-08-19,Asia Pacific,BassLink Ultra,81,5661.49,2623.79,8
2024-08-19,Asia Pacific,ClearWave SE,65,3286.11,1818.57,4
2024-08-19,Latin America,AuraSound Pro,91,8501.36,3891.43,8
2024-08-19,Latin America,BassLink Ultra,45,3205.67,1731.77,9
2024-08-19,Latin America,ClearWave SE,54,2760.14,1384.34,5
2024-08-20,North America,AuraSound Pro,103,9702.13,4637.88,7
2024-08-20,North America,BassLink Ultra,64,4271.03,2153.3,9
2024-08-20,North America,ClearWave SE,61,3141.46,1871.24,5
2024-08-20,Europe,AuraSound Pro,121,10580.08,4535.91,7
2024-08-20,Europe,BassLink Ultra,86,6288.75,3280.74,7
2024-08-20,Europe,ClearWave SE,64,3163.42,1714.05,6
2024-08-20,Asia Pacific,AuraSound Pro,84,7598.63,3458.82,9
2024-08-20,Asia Pacific,BassLink Ultra,65,4536.05,2217.42,6
2024-08-20,Asia Pacific,ClearWave SE,52,2626.42,1558.8,7
2024-08-20,Latin America,AuraSound Pro,61,5714.1,2648.1,6
2024-08-20,Latin America,BassLink Ultra,57,4083.35,2188.53,6
2024-08-20,Latin America,ClearWave SE,34,1675.65,998.04,5
2024-08-21,North America,AuraSound Pro,174,15642.79,6375.96,7
2024-08-21,North America,BassLink Ultra,92,6579.96,3102.67,7
2024-08-21,North America,ClearWave SE,86,4261.26,2459.2,6
2024-08-21,Europe,AuraSound Pro,148,13670.12,6756.78,6
2024-08-21,Europe,BassLink Ultra,61,4126.63,1941.2,6
2024-08-21,Europe,ClearWave SE,67,3314.03,1706.01,6
2024-08-21,Asia Pacific,AuraSound Pro,88,7753.33,3303.09,5
2024-08-21,Asia Pacific,BassLink Ultra,90,6151.84,3139.46,8
2024-08-21,Asia Pacific,ClearWave SE,69,3430.63,1828.95,7
2024-08-21,Latin America,AuraSound Pro,81,7158.9,2965.73,7
2024-08-21,Latin America,BassLink Ultra,47,3235.89,1699.88,8
2024-08-21,Latin America,ClearWave SE,51,2612.07,1363.61,5
2024-08-22,North America,AuraSound Pro,153,13627.28,5777.12,7
2024-08-22,North America,BassLink Ultra,107,7593.49,3548.38,8
2024-08-22,North America,ClearWave SE,63,3178.2,1829.84,7
2024-08-22,Europe,AuraSound Pro,139,12786.5,5886.35,7
2024-08-22,Europe,BassLink Ultra,79,5770.23,2675.64,7
2024-08-22,Europe,ClearWave SE,43,2204.28,1266.09,5
2024-08-22,Asia Pacific,AuraSound Pro,105,9408.3,4088.33,6
2024-08-22,Asia Pacific,BassLink Ultra,64,4551.88,2298.9,7
2024-08-22,Asia Pacific,ClearWave SE,56,2858.76,1433.46,5
2024-08-22,Latin America,AuraSound Pro,63,5898.27,2870.34,7
2024-08-22,Latin America,BassLink Ultra,58,4185.85,2230.45,8
2024-08-22,Latin America,ClearWave SE,29,1408.8,748.06,6
2024-08-23,North America,AuraSound Pro,102,8957.44,4005.1,7
2024-08-23,North America,BassLink Ultra,100,7295.18,3828.58,6
2024-08-23,North America,ClearWave SE,87,4343.89,2239.37,7
2024-08-23,Europe,AuraSound Pro,101,8717.53,4119.04,7
2024-08-23,Europe,BassLink Ultra,69,4601.5,2133.75,6
2024-08-23,Europe,ClearWave SE,74,3652.4,2159.31,6
2024-08-23,Asia Pacific,AuraSound Pro,84,7295.15,3361.97,5
2024-08-23,Asia Pacific,BassLink Ultra,99,7110.32,3587.66,6
2024-08-23,Asia Pacific,ClearWave SE,61,2988.12,1597.17,6
2024-08-23,Latin America,AuraSound Pro,87,7577.45,3325.39,8
2024-08-23,Latin America,BassLink Ultra,32,2167.62,1175.81,6
2024-08-23,Latin America,ClearWave SE,41,2086.5,1238.76,7
2024-08-24,North America,AuraSound Pro,118,10664.16,5085.85,6
2024-08-24,North America,BassLink Ultra,60,4112.36,1922.26,7
2024-08-24,North America,ClearWave SE,82,4231.91,2318.73,5
2024-08-24,Europe,AuraSound Pro,93,8418.22,3453.36,9
2024-08-24,Europe,BassLink Ultra,72,5199.07,2768.48,8
2024-08-24,Europe,ClearWave SE,52,2594.62,1454.63,5
2024-08-24,Asia Pacific,AuraSound Pro,110,9698.73,3976.42,5
2024-08-24,Asia Pacific,BassLink Ultra,75,5063.87,2557.78,5
2024-08-24,Asia Pacific,ClearWave SE,58,3025.04,1562.51,5
2024-08-24,Latin America,AuraSound Pro,63,5585.73,2349.46,6
2024-08-24,Latin America,BassLink Ultra,42,2880.96,1485.6,6
2024-08-24,Latin America,ClearWave SE,41,1986.53,1042.49,6
2024-08-25,North America,AuraSound Pro,135,12093.99,5060.94,8
2024-08-25,North America,BassLink Ultra,65,4750.96,2557.95,7
2024-08-25,North America,ClearWave SE,74,3597.55,1943.34,5
2024-08-25,Europe,AuraSound Pro,109,9646.29,4087.23,8
2024-08-25,Europe,BassLink Ultra,84,5860.39,2764.63,9
2024-08-25,Europe,ClearWave SE,65,3255.88,1755.17,5
2024-08-25,Asia Pacific,AuraSound Pro,131,11600.2,4884.65,7
2024-08-25,Asia Pacific,BassLink Ultra,98,7004.92,3770.04,9
2024-08-25,Asia Pacific,ClearWave SE,48,2509.5,1362.29,5
2024-08-25,Latin America,AuraSound Pro,101,9131.27,3866.85,8
2024-08-25,Latin America,BassLink Ultra,62,4362.37,2176.19,8
2024-08-25,Latin America,ClearWave SE,33,1724.51,1002.28,5
2024-08-26,North America,AuraSound Pro,135,11744.55,5790.78,9
2024-08-26,North America,BassLink Ultra,78,5455.83,2931.96,7
2024-08-26,North America,ClearWave SE,69,3290.29,1935.54,6
2024-08-26,Europe,AuraSound Pro,114,10335.22,4942.1,8
2024-08-26,Europe,BassLink Ultra,81,5699.09,3116.06,8
2024-08-26,Europe,ClearWave SE,61,3015.1,1695.81,7
2024-08-26,Asia Pacific,AuraSound Pro,97,9052.78,3840.29,6
2024-08-26,Asia Pacific,BassLink Ultra,79,5489.71,2667.1,7
2024-08-26,Asia Pacific,ClearWave SE,66,3342.89,1949.16,3
2024-08-26,Latin America,AuraSound Pro,98,8848.76,3853.31,6
2024-08-26,Latin America,BassLink Ultra,69,4857.34,2213.3,9
2024-08-26,Latin America,ClearWave SE,38,1858.33,1057.53,5
2024-08-27,North America,AuraSound Pro,108,9746.05,4136.55,5
2024-08-27,North America,BassLink Ultra,117,8283.69,3969.82,7
2024-08-27,North America,ClearWave SE,104,5445.01,3230.23,5
2024-08-27,Europe,AuraSound Pro,98,8431.66,3594.78,7
2024-08-27,Europe,BassLink Ultra,107,7582.04,3592.08,7
2024-08-27,Europe,ClearWave SE,72,3712.66,1969.76,6
2024-08-27,Asia Pacific,AuraSound Pro,108,9411.55,4244.93,6
2024-08-27,Asia Pacific,BassLink Ultra,79,5775.19,2602.37,7
2024-08-27,Asia Pacific,ClearWave SE,51,2653.69,1464.9,5
2024-08-27,Latin America,AuraSound Pro,85,7796.71,3766.48,6
2024-08-27,Latin America,BassLink Ultra,49,3592.18,1622.65,7
2024-08-27,Latin America,ClearWave SE,42,1996.72,1139.74,6
2024-08-28,North America,AuraSound Pro,121,10960.15,5067.51,6
2024-08-28,North America,BassLink Ultra,80,5856.21,3009.35,8
2024-08-28,North America,ClearWave SE,76,3766.67,2269.38,7
2024-08-28,Europe,AuraSound Pro,134,12605.27,5871.31,7
2024-08-28,Europe,BassLink Ultra,76,5074.57,2385.48,8
2024-08-28,Europe,ClearWave SE,55,2695.82,1441.2,5
2024-08-28,Asia Pacific,AuraSound Pro,82,7041.48,3278.9,6
2024-08-28,Asia Pacific,BassLink Ultra,43,3050.03,1624.96,10
2024-08-28,Asia Pacific,ClearWave SE,82,4285.11,2516.9,5
2024-08-28,Latin America,AuraSound Pro,111,9666.32,4402.5,6
2024-08-28,Latin America,BassLink Ultra,54,3941.08,1934.02,8
2024-08-28,Latin America,ClearWave SE,44,2149.98,1071.92,5
2024-08-29,North America,AuraSound Pro,117,10841.06,4671.84,7
2024-08-29,North America,BassLink Ultra,119,8420.41,4261.13,6
2024-08-29,North America,ClearWave SE,78,3861.68,2277.86,6
2024-08-29,Europe,AuraSound Pro,113,10627.03,4902.1,5
2024-08-29,Europe,BassLink Ultra,86,6223.41,3388.33,9
2024-08-29,Europe,ClearWave SE,53,2645.23,1513.61,5
2024-08-29,Asia Pacific,AuraSound Pro,102,9357.94,4127.97,6
2024-08-29,Asia Pacific,BassLink Ultra,63,4263.79,1964.03,6
2024-08-29,Asia Pacific,ClearWave SE,51,2474.23,1306.78,4
2024-08-29,Latin America,AuraSound Pro,86,7903.66,3652.64,6
2024-08-29,Latin America,BassLink Ultra,63,4616.4,2157.54,7
2024-08-29,Latin America,ClearWave SE,44,2109.65,1145.56,4
2024-08-30,North America,AuraSound Pro,151,13358.72,6062.46,10
2024-08-30,North America,BassLink Ultra,87,5825.12,2942.75,8
2024-08-30,North America,ClearWave SE,79,4029.51,2084.36,4
2024-08-30,Europe,AuraSound Pro,89,8099.98,3580.81,7
2024-08-30,Europe,BassLink Ultra,67,4507.51,2355.96,7
2024-08-30,Europe,ClearWave SE,64,3268.42,1891.82,6
2024-08-30,Asia Pacific,AuraSound Pro,95,8903.73,3718.41,6
2024-08-30,Asia Pacific,BassLink Ultra,112,7872.97,3620.82,9
2024-08-30,Asia Pacific,ClearWave SE,52,2572.36,1326.68,5
2024-08-30,Latin America,AuraSound Pro,110,9930.7,4410.04,7
2024-08-30,Latin America,BassLink Ultra,68,4625.76,2421.22,7
2024-08-30,Latin America,ClearWave SE,39,1910.09,1044.36,7
2024-08-31,North America,AuraSound Pro,130,11703.59,5634.37,6
2024-08-31,North America,BassLink Ultra,86,5761.93,2920.62,9
2024-08-31,North America,ClearWave SE,95,4984.6,2746.0,6
2024-08-31,Europe,AuraSound Pro,89,7612.5,3431.87,6
2024-08-31,Europe,BassLink Ultra,101,7072.23,3830.65,8
2024-08-31,Europe,ClearWave SE,77,3713.85,2187.78,6
2024-08-31,Asia Pacific,AuraSound Pro,82,7150.25,3492.08,7
2024-08-31,Asia Pacific,BassLink Ultra,70,4807.92,2483.33,7
2024-08-31,Asia Pacific,ClearWave SE,52,2580.48,1556.06,7
2024-08-31,Latin America,AuraSound Pro,81,7244.55,3086.66,7
2024-08-31,Latin America,BassLink Ultra,76,5111.49,2438.42,7
2024-08-31,Latin America,ClearWave SE,43,2219.96,1104.9,5
2024-09-01,North America,AuraSound Pro,146,12792.9,5979.75,7
2024-09-01,North America,BassLink Ultra,88,5942.49,3091.3,7
2024-09-01,North America,ClearWave SE,91,4474.52,2298.45,7
2024-09-01,Europe,AuraSound Pro,99,9112.88,4052.7,10
2024-09-01,Europe,BassLink Ultra,61,4146.21,1975.98,6
2024-09-01,Europe,ClearWave SE,60,2860.4,1474.55,5
2024-09-01,Asia Pacific,AuraSound Pro,84,7686.33,3608.88,8
2024-09-01,Asia Pacific,BassLink Ultra,79,5264.6,2757.94,8
2024-09-01,Asia Pacific,ClearWave SE,51,2465.98,1383.77,5
2024-09-01,Latin America,AuraSound Pro,63,5691.77,2659.1,8
2024-09-01,Latin America,BassLink Ultra,69,4960.45,2264.28,7
2024-09-01,Latin America,ClearWave SE,33,1659.16,995.92,6
2024-09-02,North America,AuraSound Pro,127,11190.46,4768.22,8
2024-09-02,North America,BassLink Ultra,77,5415.79,2437.83,8
2024-09-02,North America,ClearWave SE,61,3193.08,1836.01,5
2024-09-02,Europe,AuraSound Pro,96,8653.55,3670.93,6
2024-09-02,Europe,BassLink Ultra,102,7221.64,3707.44,8
2024-09-02,Europe,ClearWave SE,74,3859.03,2127.87,6
2024-09-02,Asia Pacific,AuraSound Pro,92,8019.58,3707.22,5
2024-09-02,Asia Pacific,BassLink Ultra,59,4004.56,1994.12,8
2024-09-02,Asia Pacific,ClearWave SE,59,3002.95,1598.45,6
2024-09-02,Latin America,AuraSound Pro,57,5211.05,2134.19,9
2024-09-02,Latin America,BassLink Ultra,38,2613.39,1427.15,7
2024-09-02,Latin America,ClearWave SE,39,1951.54,1151.28,5
2024-09-03,North America,AuraSound Pro,182,16961.86,7342.81,6
2024-09-03,North America,BassLink Ultra,69,4990.06,2267.66,6
2024-09-03,North America,ClearWave SE,95,4780.13,2595.57,5
2024-09-03,Europe,AuraSound Pro,84,7506.79,3379.21,7
2024-09-03,Europe,BassLink Ultra,75,5442.33,2799.67,8
2024-09-03,Europe,ClearWave SE,59,2877.86,1545.29,6
2024-09-03,Asia Pacific,AuraSound Pro,77,6803.31,3135.66,5
2024-09-03,Asia Pacific,BassLink Ultra,75,5413.24,2693.89,7
2024-09-03,Asia Pacific,ClearWave SE,52,2474.07,1393.18,6
2024-09-03,Latin America,AuraSound Pro,123,11510.79,5666.68,5
2024-09-03,Latin America,BassLink Ultra,72,4829.55,2250.92,8
2024-09-03,Latin America,ClearWave SE,40,1988.8,1051.97,7
2024-09-04,North America,AuraSound Pro,105,9568.87,4025.07,7
2024-09-04,North America,BassLink Ultra,92,6265.96,3376.72,7
2024-09-04,North America,ClearWave SE,61,2910.9,1443.22,9
2024-09-04,Europe,AuraSound Pro,101,8876.81,3870.63,5
2024-09-04,Europe,BassLink Ultra,94,6371.25,3402.48,8
2024-09-04,Europe,ClearWave SE,60,2860.58,1460.3,5
2024-09-04,Asia Pacific,AuraSound Pro,99,8532.75,4192.78,7
2024-09-04,Asia Pacific,BassLink Ultra,77,5622.84,2654.05,8
2024-09-04,Asia Pacific,ClearWave SE,63,3265.82,1902.86,6
2024-09-04,Latin America,AuraSound Pro,99,8697.38,3779.65,6
2024-09-04,Latin America,BassLink Ultra,58,4015.31,2192.33,6
2024-09-04,Latin America,ClearWave SE,56,2898.94,1573.88,5
2024-09-05,North America,AuraSound Pro,178,16679.61,7888.52,6
2024-09-05,North America,BassLink Ultra,104,7197.13,3653.43,7
2024-09-05,North America,ClearWave SE,71,3650.27,2046.26,6
2024-09-05,Europe,AuraSound Pro,143,12249.89,5084.91,6
2024-09-05,Europe,BassLink Ultra,104,7393.81,3756.89,7
2024-09-05,Europe,ClearWave SE,82,3990.53,2169.54,6
2024-09-05,Asia Pacific,AuraSound Pro,108,9476.48,4122.7,5
2024-09-05,Asia Pacific,BassLink Ultra,66,4430.84,2297.8,7
2024-09-05,Asia Pacific,ClearWave SE,71,3618.38,1794.32,5
2024-09-05,Latin America,AuraSound Pro,67,6198.71,3063.62,7
2024-09-05,Latin America,BassLink Ultra,83,5656.57,2792.99,8
2024-09-05,Latin America,ClearWave SE,43,2099.17,1141.94,6
2024-09-06,North America,AuraSound Pro,114,10697.66,4423.49,8
2024-09-06,North America,BassLink Ultra,129,8781.31,4528.01,7
2024-09-06,North America,ClearWave SE,102,5013.65,2808.61,6
2024-09-06,Europe,AuraSound Pro,129,11896.11,5600.08,6
2024-09-06,Europe,BassLink Ultra,82,5720.24,3104.86,7
2024-09-06,Europe,ClearWave SE,54,2675.53,1396.01,5
2024-09-06,Asia Pacific,AuraSound Pro,127,11807.17,5081.61,7
2024-09-06,Asia Pacific,BassLink Ultra,61,4446.68,2180.77,8
2024-09-06,Asia Pacific,ClearWave SE,42,2091.32,1093.12,5
2024-09-06,Latin America,AuraSound Pro,101,9392.79,4061.22,6
2024-09-06,Latin America,BassLink Ultra,70,4680.14,2522.2,7
2024-09-06,Latin America,ClearWave SE,52,2620.94,1456.78,5
2024-09-07,North America,AuraSound Pro,151,14011.48,5947.59,5
2024-09-07,North America,BassLink Ultra,89,6035.33,3173.97,9
2024-09-07,North America,ClearWave SE,78,3729.17,1992.14,5
2024-09-07,Europe,AuraSound Pro,144,12835.01,5693.79,9
2024-09-07,Europe,BassLink Ultra,77,5633.5,3014.18,6
2024-09-07,Europe,ClearWave SE,65,3261.64,1894.62,6
2024-09-07,Asia Pacific,AuraSound Pro,98,9232.33,4297.59,5
2024-09-07,Asia Pacific,BassLink Ultra,83,5690.3,2572.81,7
2024-09-07,Asia Pacific,ClearWave SE,53,2760.85,1633.62,4
2024-09-07,Latin America,AuraSound Pro,50,4524.25,1931.45,5
2024-09-07,Latin America,BassLink Ultra,51,3559.66,1776.84,7
2024-09-07,Latin America,ClearWave SE,61,2966.57,1606.49,5
2024-09-08,North America,AuraSound Pro,166,14678.52,6121.24,7
2024-09-08,North America,BassLink Ultra,137,9214.54,4537.87,7
2024-09-08,North America,ClearWave SE,53,2740.91,1538.3,5
2024-09-08,Europe,AuraSound Pro,73,6567.46,2683.72,5
2024-09-08,Europe,BassLink Ultra,79,5332.14,2751.93,7
2024-09-08,Europe,ClearWave SE,78,3997.41,2176.45,6
2024-09-08,Asia Pacific,AuraSound Pro,140,12614.65,5648.95,8
2024-09-08,Asia Pacific,BassLink Ultra,86,6105.78,3121.8,10
2024-09-08,Asia Pacific,ClearWave SE,70,3506.21,1998.53,7
2024-09-08,Latin America,AuraSound Pro,58,4959.19,2258.4,6
2024-09-08,Latin America,BassLink Ultra,61,4210.25,2060.55,8
2024-09-08,Latin America,ClearWave SE,39,1970.84,1124.67,6
2024-09-09,North America,AuraSound Pro,170,15212.32,6551.06,6
2024-09-09,North America,BassLink Ultra,93,6816.47,3448.12,7
2024-09-09,North America,ClearWave SE,93,4627.28,2450.96,5
2024-09-09,Europe,AuraSound Pro,116,10740.98,4523.48,8
2024-09-09,Europe,BassLink Ultra,87,5961.84,3156.41,8
2024-09-09,Europe,ClearWave SE,58,2975.68,1528.14,5
2024-09-09,Asia Pacific,AuraSound Pro,89,8367.01,3608.32,7
2024-09-09,Asia Pacific,BassLink Ultra,67,4898.48,2553.04,7
2024-09-09,Asia Pacific,ClearWave SE,59,2941.96,1491.87,7
2024-09-09,Latin America,AuraSound Pro,58,5468.46,2606.77,7
2024-09-09,Latin America,BassLink Ultra,46,3311.4,1530.55,7
2024-09-09,Latin America,ClearWave SE,41,2061.25,1198.77,5
2024-09-10,North America,AuraSound Pro,124,11119.19,5251.93,6
2024-09-10,North America,BassLink Ultra,86,6288.33,3429.75,7
2024-09-10,North America,ClearWave SE,71,3492.58,1851.05,5
2024-09-10,Europe,AuraSound Pro,97,9086.51,4357.06,7
2024-09-10,Europe,BassLink Ultra,76,5402.66,2784.43,7
2024-09-10,Europe,ClearWave SE,62,3252.12,1852.5,5
2024-09-10,Asia Pacific,AuraSound Pro,87,7499.35,3224.13,7
2024-09-10,Asia Pacific,BassLink Ultra,63,4273.89,2168.89,7
2024-09-10,Asia Pacific,ClearWave SE,72,3485.52,1903.47,5
2024-09-10,Latin America,AuraSound Pro,80,6879.44,3391.53,6
2024-09-10,Latin America,BassLink Ultra,57,3824.5,1947.61,9
2024-09-10,Latin America,ClearWave SE,40,2013.24,1176.87,6
2024-09-11,North America,AuraSound Pro,160,14944.57,7313.74,7
2024-09-11,North America,BassLink Ultra,132,9507.21,4941.03,5
2024-09-11,North America,ClearWave SE,60,2928.11,1521.09,5
2024-09-11,Europe,AuraSound Pro,105,9677.24,4523.22,7
2024-09-11,Europe,BassLink Ultra,70,4962.43,2611.32,7
2024-09-11,Europe,ClearWave SE,67,3486.2,2035.72,6
2024-09-11,Asia Pacific,AuraSound Pro,104,9638.03,4013.74,7
2024-09-11,Asia Pacific,BassLink Ultra,55,3769.25,1742.62,7
2024-09-11,Asia Pacific,ClearWave SE,49,2471.32,1292.42,5
2024-09-11,Latin America,AuraSound Pro,80,7309.12,3039.99,5
2024-09-11,Latin America,BassLink Ultra,52,3811.9,1866.75,7
2024-09-11,Latin America,ClearWave SE,34,1698.04,854.37,6
2024-09-12,North America,AuraSound Pro,139,12381.85,5167.18,6
2024-09-12,North America,BassLink Ultra,138,10105.79,5387.94,6
2024-09-12,North America,ClearWave SE,112,5390.68,2972.05,5
2024-09-12,Europe,AuraSound Pro,100,8932.66,3723.06,6
2024-09-12,Europe,BassLink Ultra,76,5335.81,2479.22,10
2024-09-12,Europe,ClearWave SE,70,3669.02,1855.01,5
2024-09-12,Asia Pacific,AuraSound Pro,120,10336.91,5001.3,6
2024-09-12,Asia Pacific,BassLink Ultra,45,3089.61,1482.12,8
2024-09-12,Asia Pacific,ClearWave SE,68,3475.4,1976.35,5
2024-09-12,Latin America,AuraSound Pro,71,6464.71,2885.89,7
2024-09-12,Latin America,BassLink Ultra,50,3549.61,1910.48,9
2024-09-12,Latin America,ClearWave SE,40,2002.81,1067.61,5
2024-09-13,North America,AuraSound Pro,151,13568.93,6064.73,7
2024-09-13,North America,BassLink Ultra,86,5870.77,3181.36,8
2024-09-13,North America,ClearWave SE,91,4669.37,2742.72,5
2024-09-13,Europe,AuraSound Pro,126,11398.78,5331.08,6
2024-09-13,Europe,BassLink Ultra,69,5052.96,2335.92,8
2024-09-13,Europe,ClearWave SE,78,3945.46,2316.76,5
2024-09-13,Asia Pacific,AuraSound Pro,66,6189.89,2527.1,7
2024-09-13,Asia Pacific,BassLink Ultra,69,4997.73,2318.55,8
2024-09-13,Asia Pacific,ClearWave SE,72,3589.76,2071.73,6
2024-09-13,Latin America,AuraSound Pro,93,8725.03,3884.51,7
2024-09-13,Latin America,BassLink Ultra,52,3660.57,1714.96,7
2024-09-13,Latin America,ClearWave SE,50,2464.03,1462.07,7
2024-09-14,North America,AuraSound Pro,111,10167.76,4816.51,7
2024-09-14,North America,BassLink Ultra,125,8443.18,4034.86,7
2024-09-14,North America,ClearWave SE,80,3894.71,2321.01,5
2024-09-14,Europe,AuraSound Pro,114,10292.1,5000.75,6
2024-09-14,Europe,BassLink Ultra,81,5752.3,2790.28,7
2024-09-14,Europe,ClearWave SE,75,3911.78,1951.38,4
2024-09-14,Asia Pacific,AuraSound Pro,123,11582.31,5661.02,8
2024-09-14,Asia Pacific,BassLink Ultra,77,5229.85,2638.58,10
2024-09-14,Asia Pacific,ClearWave SE,65,3343.49,1726.84,6
2024-09-14,Latin America,AuraSound Pro,59,5048.83,2135.76,8
2024-09-14,Latin America,BassLink Ultra,49,3587.25,1750.25,6
2024-09-14,Latin America,ClearWave SE,48,2324.98,1243.25,5
2024-09-15,North America,AuraSound Pro,136,12747.39,5733.96,8
2024-09-15,North America,BassLink Ultra,136,9112.36,4182.1,7
2024-09-15,North America,ClearWave SE,78,4012.46,2390.58,8
2024-09-15,Europe,AuraSound Pro,158,14219.41,7015.07,5
2024-09-15,Europe,BassLink Ultra,100,6834.85,3218.35,7
2024-09-15,Europe,ClearWave SE,60,2954.62,1532.98,6
2024-09-15,Asia Pacific,AuraSound Pro,74,6764.07,2748.97,8
2024-09-15,Asia Pacific,BassLink Ultra,98,7125.27,3380.81,7
2024-09-15,Asia Pacific,ClearWave SE,82,4012.62,2166.78,6
2024-09-15,Latin America,AuraSound Pro,66,5657.8,2369.22,7
2024-09-15,Latin America,BassLink Ultra,52,3526.55,1706.09,8
2024-09-15,Latin America,ClearWave SE,37,1881.56,1053.21,7
2024-09-16,North America,AuraSound Pro,159,14296.88,6848.61,6
2024-09-16,North America,BassLink Ultra,106,7619.61,4164.84,7
2024-09-16,North America,ClearWave SE,45,2307.02,1365.37,7
2024-09-16,Europe,AuraSound Pro,117,10843.33,4597.12,7
2024-09-16,Europe,BassLink Ultra,65,4479.93,2433.21,8
2024-09-16,Europe,ClearWave SE,73,3683.19,1872.1,5
2024-09-16,Asia Pacific,AuraSound Pro,123,10722.52,5115.24,5
2024-09-16,Asia Pacific,BassLink Ultra,73,5235.86,2503.58,6
2024-09-16,Asia Pacific,ClearWave SE,61,3188.63,1715.61,5
2024-09-16,Latin America,AuraSound Pro,91,8348.46,3921.48,6
2024-09-16,Latin America,BassLink Ultra,64,4563.96,2462.27,8
2024-09-16,Latin America,ClearWave SE,59,2887.59,1525.75,6
2024-09-17,North America,AuraSound Pro,125,11319.36,4838.37,8
2024-09-17,North America,BassLink Ultra,110,7457.85,3760.27,9
2024-09-17,North America,ClearWave SE,67,3299.6,1656.28,5
2024-09-17,Europe,AuraSound Pro,95,8673.87,3791.02,8
2024-09-17,Europe,BassLink Ultra,108,7702.96,3554.12,9
2024-09-17,Europe,ClearWave SE,53,2524.63,1364.89,6
2024-09-17,Asia Pacific,AuraSound Pro,84,7713.99,3338.58,4
2024-09-17,Asia Pacific,BassLink Ultra,71,5062.13,2565.4,7
2024-09-17,Asia Pacific,ClearWave SE,80,4014.14,2194.2,5
2024-09-17,Latin America,AuraSound Pro,132,12068.74,5201.7,7
2024-09-17,Latin America,BassLink Ultra,58,4116.0,2211.47,7
2024-09-17,Latin America,ClearWave SE,37,1897.09,1112.78,5
2024-09-18,North America,AuraSound Pro,152,14171.9,5759.28,8
2024-09-18,North America,BassLink Ultra,96,6716.6,3339.97,8
2024-09-18,North America,ClearWave SE,96,4640.88,2477.17,5
2024-09-18,Europe,AuraSound Pro,147,13800.36,6677.53,7
2024-09-18,Europe,BassLink Ultra,101,6770.18,3221.16,6
2024-09-18,Europe,ClearWave SE,65,3371.26,1797.52,5
2024-09-18,Asia Pacific,AuraSound Pro,74,6631.9,3264.63,9
2024-09-18,Asia Pacific,BassLink Ultra,93,6457.04,2945.15,6
2024-09-18,Asia Pacific,ClearWave SE,81,3886.72,1953.68,5
2024-09-18,Latin America,AuraSound Pro,92,8464.53,3858.57,6
2024-09-18,Latin America,BassLink Ultra,73,5245.53,2786.4,7
2024-09-18,Latin America,ClearWave SE,53,2638.35,1556.93,7
2024-09-19,North America,AuraSound Pro,165,14683.23,6104.1,6
2024-09-19,North America,BassLink Ultra,102,7282.83,3995.65,6
2024-09-19,North America,ClearWave SE,98,4909.71,2721.64,3
2024-09-19,Europe,AuraSound Pro,115,9833.19,4068.88,7
2024-09-19,Europe,BassLink Ultra,92,6249.07,3371.19,7
2024-09-19,Europe,ClearWave SE,68,3402.64,1749.98,6
2024-09-19,Asia Pacific,AuraSound Pro,112,10432.94,4632.26,7
2024-09-19,Asia Pacific,BassLink Ultra,72,4807.6,2525.55,8
2024-09-19,Asia Pacific,ClearWave SE,80,4126.03,2458.12,5
2024-09-19,Latin America,AuraSound Pro,88,7643.27,3151.91,6
2024-09-19,Latin America,BassLink Ultra,77,5374.91,2864.44,7
2024-09-19,Latin America,ClearWave SE,40,2089.36,1048.2,6
2024-09-20,North America,AuraSound Pro,137,12328.81,5461.81,7
2024-09-20,North America,BassLink Ultra,95,6444.88,3031.6,6
2024-09-20,North America,ClearWave SE,82,4221.31,2353.75,4
2024-09-20,Europe,AuraSound Pro,129,11828.51,5501.26,7
2024-09-20,Europe,BassLink Ultra,126,8439.28,4523.33,7
2024-09-20,Europe,ClearWave SE,60,3079.79,1528.78,6
2024-09-20,Asia Pacific,AuraSound Pro,126,11694.36,4740.93,7
2024-09-20,Asia Pacific,BassLink Ultra,114,7703.91,3967.35,8
2024-09-20,Asia Pacific,ClearWave SE,96,4629.09,2385.72,5
2024-09-20,Latin America,AuraSound Pro,75,6564.69,2892.16,6
2024-09-20,Latin America,BassLink Ultra,52,3739.92,1951.96,10
2024-09-20,Latin America,ClearWave SE,61,3197.87,1894.94,7
2024-09-21,North America,AuraSound Pro,103,9080.67,3802.23,5
2024-09-21,North America,BassLink Ultra,99,6795.05,3711.17,7
2024-09-21,North America,ClearWave SE,87,4293.66,2341.5,6
2024-09-21,Europe,AuraSound Pro,100,8677.88,4252.66,6
2024-09-21,Europe,BassLink Ultra,83,5626.96,2736.89,6
2024-09-21,Europe,ClearWave SE,68,3321.71,1772.83,5
2024-09-21,Asia Pacific,AuraSound Pro,107,10094.26,4386.91,6
2024-09-21,Asia Pacific,BassLink Ultra,94,6299.87,3126.52,8
2024-09-21,Asia Pacific,ClearWave SE,68,3487.87,1927.22,6
2024-09-21,Latin America,AuraSound Pro,94,8293.75,3385.56,8
2024-09-21,Latin America,BassLink Ultra,63,4320.36,2008.59,8
2024-09-21,Latin America,ClearWave SE,52,2681.24,1517.47,6
2024-09-22,North America,AuraSound Pro,111,9497.99,4559.27,6
2024-09-22,North America,BassLink Ultra,110,7702.04,3871.58,7
2024-09-22,North America,ClearWave SE,83,3967.88,2308.54,5
2024-09-22,Europe,AuraSound Pro,112,9615.76,4424.6,7
2024-09-22,Europe,BassLink Ultra,83,5840.88,3095.57,9
2024-09-22,Europe,ClearWave SE,53,2679.42,1511.49,6
2024-09-22,Asia Pacific,AuraSound Pro,128,12059.23,5098.11,8
2024-09-22,Asia Pacific,BassLink Ultra,80,5695.48,2619.61,8
2024-09-22,Asia Pacific,ClearWave SE,82,4184.0,2089.55,5
2024-09-22,Latin America,AuraSound Pro,72,6800.56,3303.42,7
2024-09-22,Latin America,BassLink Ultra,58,4148.52,2050.24,8
2024-09-22,Latin America,ClearWave SE,38,1865.91,1010.74,7
2024-09-23,North America,AuraSound Pro,156,13826.04,6097.47,6
2024-09-23,North America,BassLink Ultra,106,7451.77,4066.06,9
2024-09-23,North America,ClearWave SE,93,4589.73,2459.51,5
2024-09-23,Europe,AuraSound Pro,119,10966.15,5201.28,6
2024-09-23,Europe,BassLink Ultra,100,7058.56,3328.02,7
2024-09-23,Europe,ClearWave SE,78,4060.97,2445.0,4
2024-09-23,Asia Pacific,AuraSound Pro,94,8104.22,3691.97,6
2024-09-23,Asia Pacific,BassLink Ultra,79,5293.33,2596.5,7
2024-09-23,Asia Pacific,ClearWave SE,56,2903.03,1675.31,5
2024-09-23,Latin America,AuraSound Pro,74,6836.45,3042.74,8
2024-09-23,Latin America,BassLink Ultra,54,3873.4,2092.5,5
2024-09-23,Latin America,ClearWave SE,49,2335.08,1276.18,5
2024-09-24,North America,AuraSound Pro,140,13143.43,6069.04,7
2024-09-24,North America,BassLink Ultra,102,7063.43,3298.7,7
2024-09-24,North America,ClearWave SE,44,2299.92,1248.19,5
2024-09-24,Europe,AuraSound Pro,118,10614.6,4631.11,7
2024-09-24,Europe,BassLink Ultra,63,4553.27,2254.84,6
2024-09-24,Europe,ClearWave SE,76,3632.07,1992.83,6
2024-09-24,Asia Pacific,AuraSound Pro,100,9099.37,3881.35,7
2024-09-24,Asia Pacific,BassLink Ultra,74,5090.73,2595.35,9
2024-09-24,Asia Pacific,ClearWave SE,57,2825.67,1508.63,5
2024-09-24,Latin America,AuraSound Pro,142,12863.77,5967.18,7
2024-09-24,Latin America,BassLink Ultra,53,3806.22,2036.62,7
2024-09-24,Latin America,ClearWave SE,44,2199.25,1217.65,4
2024-09-25,North America,AuraSound Pro,141,12969.61,5325.03,7
2024-09-25,North America,BassLink Ultra,139,9681.15,4500.85,7
2024-09-25,North America,ClearWave SE,78,3775.94,2260.11,7
2024-09-25,Europe,AuraSound Pro,158,13993.9,6089.81,7
2024-09-25,Europe,BassLink Ultra,89,6005.3,2834.31,8
2024-09-25,Europe,ClearWave SE,63,3137.57,1697.69,5
2024-09-25,Asia Pacific,AuraSound Pro,99,9338.91,3934.2,8
2024-09-25,Asia Pacific,BassLink Ultra,68,4870.62,2676.29,8
2024-09-25,Asia Pacific,ClearWave SE,67,3344.22,1962.57,7
2024-09-25,Latin America,AuraSound Pro,79,6817.03,2927.62,6
2024-09-25,Latin America,BassLink Ultra,70,5035.94,2583.97,8
2024-09-25,Latin America,ClearWave SE,72,3559.99,2091.65,6
2024-09-26,North America,AuraSound Pro,191,17249.86,8360.5,8
2024-09-26,North America,BassLink Ultra,94,6761.72,3375.96,6
2024-09-26,North America,ClearWave SE,81,3996.28,2368.84,6
2024-09-26,Europe,AuraSound Pro,164,14511.55,6238.52,4
2024-09-26,Europe,BassLink Ultra,76,5520.98,2914.64,8
2024-09-26,Europe,ClearWave SE,81,4090.75,2107.96,5
2024-09-26,Asia Pacific,AuraSound Pro,100,9178.3,4244.83,5
2024-09-26,Asia Pacific,BassLink Ultra,110,7897.48,4041.82,8
2024-09-26,Asia Pacific,ClearWave SE,57,2958.06,1664.32,7
2024-09-26,Latin America,AuraSound Pro,91,7958.52,3611.71,8
2024-09-26,Latin America,BassLink Ultra,84,5864.93,3129.59,6
2024-09-26,Latin America,ClearWave SE,63,3060.29,1846.17,7
2024-09-27,North America,AuraSound Pro,166,14684.71,6655.21,7
2024-09-27,North America,BassLink Ultra,111,7493.79,3786.64,6
2024-09-27,North America,ClearWave SE,68,3398.83,2009.8,7
2024-09-27,Europe,AuraSound Pro,131,11400.55,4654.89,6
2024-09-27,Europe,BassLink Ultra,101,7001.92,3761.8,7
2024-09-27,Europe,ClearWave SE,66,3370.84,1709.44,6
2024-09-27,Asia Pacific,AuraSound Pro,102,9037.12,4279.21,7
2024-09-27,Asia Pacific,BassLink Ultra,79,5711.34,2679.07,8
2024-09-27,Asia Pacific,ClearWave SE,72,3488.69,1842.99,7
2024-09-27,Latin America,AuraSound Pro,83,7247.82,3355.45,6
2024-09-27,Latin America,BassLink Ultra,101,7361.79,3685.32,9
2024-09-27,Latin America,ClearWave SE,36,1758.05,881.07,8
2024-09-28,North America,AuraSound Pro,136,12300.44,5321.86,6
2024-09-28,North America,BassLink Ultra,87,6352.56,3426.9,8
2024-09-28,North America,ClearWave SE,78,3943.47,1993.52,5
2024-09-28,Europe,AuraSound Pro,98,9185.47,4424.88,6
2024-09-28,Europe,BassLink Ultra,104,7592.48,4124.56,11
2024-09-28,Europe,ClearWave SE,80,4015.77,1995.96,5
2024-09-28,Asia Pacific,AuraSound Pro,107,10005.47,4586.82,8
2024-09-28,Asia Pacific,BassLink Ultra,77,5180.88,2556.1,9
2024-09-28,Asia Pacific,ClearWave SE,101,4849.85,2929.57,4
2024-09-28,Latin America,AuraSound Pro,77,6947.8,3149.78,6
2024-09-28,Latin America,BassLink Ultra,86,6029.16,3080.72,7
2024-09-28,Latin America,ClearWave SE,62,2949.8,1591.62,6
2024-09-29,North America,AuraSound Pro,147,13173.93,6499.21,7
2024-09-29,North America,BassLink Ultra,148,10706.37,5608.6,5
2024-09-29,North America,ClearWave SE,110,5716.57,3431.0,5
2024-09-29,Europe,AuraSound Pro,133,11902.37,5650.49,8
2024-09-29,Europe,BassLink Ultra,96,6441.76,3495.35,10
2024-09-29,Europe,ClearWave SE,47,2379.97,1354.49,5
2024-09-29,Asia Pacific,AuraSound Pro,128,11276.75,4756.55,6
2024-09-29,Asia Pacific,BassLink Ultra,112,8203.75,4355.6,7
2024-09-29,Asia Pacific,ClearWave SE,67,3279.09,1921.83,5
2024-09-29,Latin America,AuraSound Pro,88,7920.1,3378.13,5
2024-09-29,Latin America,BassLink Ultra,49,3411.24,1658.8,10
2024-09-29,Latin America,ClearWave SE,51,2507.49,1241.57,5
2024-09-30,North America,AuraSound Pro,124,11039.86,4602.15,6
2024-09-30,North America,BassLink Ultra,163,11556.89,6129.49,8
2024-09-30,North America,ClearWave SE,110,5669.59,3073.18,3
2024-09-30,Europe,AuraSound Pro,115,10263.72,4859.03,9
2024-09-30,Europe,BassLink Ultra,83,5648.94,2744.88,6
2024-09-30,Europe,ClearWave SE,80,4118.44,2394.99,4
2024-09-30,Asia Pacific,AuraSound Pro,83,7719.79,3633.62,8
2024-09-30,Asia Pacific,BassLink Ultra,71,4953.55,2656.01,8
2024-09-30,Asia Pacific,ClearWave SE,99,4992.53,2933.91,6
2024-09-30,Latin America,AuraSound Pro,101,8746.55,4085.68,5
2024-09-30,Latin America,BassLink Ultra,54,3637.39,1789.56,10
2024-09-30,Latin America,ClearWave SE,48,2371.77,1366.67,4
2024-10-01,North America,AuraSound Pro,173,14825.18,7246.43,8
2024-10-01,North America,BassLink Ultra,100,7054.45,3503.69,8
2024-10-01,North America,ClearWave SE,107,5315.42,2675.19,5
2024-10-01,Europe,AuraSound Pro,121,10445.46,4973.79,9
2024-10-01,Europe,BassLink Ultra,72,4791.21,2358.77,8
2024-10-01,Europe,ClearWave SE,72,3447.0,1784.03,5
2024-10-01,Asia Pacific,AuraSound Pro,139,12449.24,5609.5,7
2024-10-01,Asia Pacific,BassLink Ultra,88,6306.66,3219.55,6
2024-10-01,Asia Pacific,ClearWave SE,55,2826.65,1512.3,5
2024-10-01,Latin America,AuraSound Pro,92,8476.67,4125.22,9
2024-10-01,Latin America,BassLink Ultra,65,4554.59,2170.57,9
2024-10-01,Latin America,ClearWave SE,51,2454.54,1331.83,6
2024-10-02,North America,AuraSound Pro,157,14215.0,6189.18,5
2024-10-02,North America,BassLink Ultra,125,8632.28,4541.3,8
2024-10-02,North America,ClearWave SE,67,3223.54,1718.0,5
2024-10-02,Europe,AuraSound Pro,128,11463.54,4952.9,6
2024-10-02,Europe,BassLink Ultra,74,5326.31,2573.91,8
2024-10-02,Europe,ClearWave SE,102,5297.35,3109.21,6
2024-10-02,Asia Pacific,AuraSound Pro,86,7741.62,3670.97,8
2024-10-02,Asia Pacific,BassLink Ultra,109,7576.77,3661.27,7
2024-10-02,Asia Pacific,ClearWave SE,94,4933.92,2709.85,4
2024-10-02,Latin America,AuraSound Pro,82,7041.47,3205.94,6
2024-10-02,Latin America,BassLink Ultra,49,3496.5,1832.55,8
2024-10-02,Latin America,ClearWave SE,44,2307.44,1237.18,4
2024-10-03,North America,AuraSound Pro,149,13801.84,6545.0,8
2024-10-03,North America,BassLink Ultra,134,9790.59,4973.6,8
2024-10-03,North America,ClearWave SE,80,4102.5,2324.46,4
2024-10-03,Europe,AuraSound Pro,105,9448.64,4461.72,7
2024-10-03,Europe,BassLink Ultra,79,5355.36,2527.37,8
2024-10-03,Europe,ClearWave SE,81,4050.8,2095.67,4
2024-10-03,Asia Pacific,AuraSound Pro,117,10915.6,5254.64,7
2024-10-03,Asia Pacific,BassLink Ultra,122,8276.43,4294.14,8
2024-10-03,Asia Pacific,ClearWave SE,78,3736.9,2167.57,5
2024-10-03,Latin America,AuraSound Pro,113,10156.16,4448.07,5
2024-10-03,Latin America,BassLink Ultra,72,4808.11,2605.44,8
2024-10-03,Latin America,ClearWave SE,67,3310.44,1810.49,6
2024-10-04,North America,AuraSound Pro,151,13635.59,5547.2,8
2024-10-04,North America,BassLink Ultra,123,8795.56,4470.43,6
2024-10-04,North America,ClearWave SE,87,4286.11,2355.31,5
2024-10-04,Europe,AuraSound Pro,141,12160.73,5899.51,7
2024-10-04,Europe,BassLink Ultra,132,8906.12,4605.1,7
2024-10-04,Europe,ClearWave SE,70,3330.24,1704.01,4
2024-10-04,Asia Pacific,AuraSound Pro,114,9848.52,4601.94,6
2024-10-04,Asia Pacific,BassLink Ultra,86,5802.88,3159.76,7
2024-10-04,Asia Pacific,ClearWave SE,63,3285.36,1815.26,6
2024-10-04,Latin America,AuraSound Pro,90,7756.39,3415.64,6
2024-10-04,Latin America,BassLink Ultra,61,4219.75,1949.17,10
2024-10-04,Latin America,ClearWave SE,48,2473.3,1261.08,5
2024-10-05,North America,AuraSound Pro,113,9890.22,4574.74,8
2024-10-05,North America,BassLink Ultra,72,5086.07,2538.59,6
2024-10-05,North America,ClearWave SE,101,5134.57,2556.69,4
2024-10-05,Europe,AuraSound Pro,115,10024.32,4565.53,6
2024-10-05,Europe,BassLink Ultra,92,6492.53,3017.12,7
2024-10-05,Europe,ClearWave SE,88,4576.55,2269.66,6
2024-10-05,Asia Pacific,AuraSound Pro,134,12264.36,5954.29,6
2024-10-05,Asia Pacific,BassLink Ultra,87,6131.17,2780.9,7
2024-10-05,Asia Pacific,ClearWave SE,111,5377.59,2823.59,6
2024-10-05,Latin America,AuraSound Pro,84,7829.79,3412.33,9
2024-10-05,Latin America,BassLink Ultra,61,4067.66,1941.78,8
2024-10-05,Latin America,ClearWave SE,62,3164.67,1908.22,5
2024-10-06,North America,AuraSound Pro,141,12941.0,6405.16,8
2024-10-06,North America,BassLink Ultra,139,10155.08,4685.2,9
2024-10-06,North America,ClearWave SE,107,5591.97,2897.8,6
2024-10-06,Europe,AuraSound Pro,200,17543.49,8053.21,7
2024-10-06,Europe,BassLink Ultra,81,5636.04,2834.47,6
2024-10-06,Europe,ClearWave SE,70,3428.82,1757.22,3
2024-10-06,Asia Pacific,AuraSound Pro,158,13748.14,5702.32,7
2024-10-06,Asia Pacific,BassLink Ultra,72,5266.8,2746.28,9
2024-10-06,Asia Pacific,ClearWave SE,54,2705.86,1362.96,5
2024-10-06,Latin America,AuraSound Pro,95,8130.63,3785.76,8
2024-10-06,Latin America,BassLink Ultra,72,4895.22,2472.96,5
2024-10-06,Latin America,ClearWave SE,44,2144.25,1150.73,5
2024-10-07,North America,AuraSound Pro,168,15325.29,6926.49,5
2024-10-07,North America,BassLink Ultra,88,6151.86,3015.16,7
2024-10-07,North America,ClearWave SE,104,5008.68,2528.07,6
2024-10-07,Europe,AuraSound Pro,136,12676.54,5200.34,7
2024-10-07,Europe,BassLink Ultra,159,11529.81,5300.96,10
2024-10-07,Europe,ClearWave SE,69,3575.5,2139.14,4
2024-10-07,Asia Pacific,AuraSound Pro,111,10318.44,5007.94,6
2024-10-07,Asia Pacific,BassLink Ultra,94,6853.64,3401.96,6
2024-10-07,Asia Pacific,ClearWave SE,67,3307.73,1847.51,5
2024-10-07,Latin America,AuraSound Pro,88,8310.32,3772.21,6
2024-10-07,Latin America,BassLink Ultra,76,5136.18,2408.48,7
2024-10-07,Latin America,ClearWave SE,47,2419.83,1270.09,6
2024-10-08,North America,AuraSound Pro,163,14223.46,6730.63,6
2024-10-08,North America,BassLink Ultra,131,9428.15,4413.11,8
2024-10-08,North America,ClearWave SE,103,5235.96,3071.15,7
2024-10-08,Europe,AuraSound Pro,108,9851.72,4254.13,10
2024-10-08,Europe,BassLink Ultra,105,7153.36,3276.18,6
2024-10-08,Europe,ClearWave SE,100,4936.6,2707.53,5
2024-10-08,Asia Pacific,AuraSound Pro,172,15255.61,7501.78,5
2024-10-08,Asia Pacific,BassLink Ultra,85,5970.82,3129.96,9
2024-10-08,Asia Pacific,ClearWave SE,79,4034.64,2440.02,6
2024-10-08,Latin America,AuraSound Pro,116,10645.15,4973.68,6
2024-10-08,Latin America,BassLink Ultra,84,6114.55,2885.18,7
2024-10-08,Latin America,ClearWave SE,41,2149.93,1177.46,7
2024-10-09,North America,AuraSound Pro,145,13249.29,5456.69,5
2024-10-09,North America,BassLink Ultra,133,9634.81,4400.87,8
2024-10-09,North America,ClearWave SE,100,4759.87,2478.21,5
2024-10-09,Europe,AuraSound Pro,150,13880.15,6553.56,8
2024-10-09,Europe,BassLink Ultra,103,7312.99,3414.16,6
2024-10-09,Europe,ClearWave SE,77,3678.96,2200.38,6
2024-10-09,Asia Pacific,AuraSound Pro,171,15427.03,7406.92,7
2024-10-09,Asia Pacific,BassLink Ultra,74,5285.9,2586.74,7
2024-10-09,Asia Pacific,ClearWave SE,82,4056.16,2259.54,6
2024-10-09,Latin America,AuraSound Pro,107,9159.17,4112.27,5
2024-10-09,Latin America,BassLink Ultra,77,5325.28,2803.86,8
2024-10-09,Latin America,ClearWave SE,62,3067.88,1626.28,6
2024-10-10,North America,AuraSound Pro,159,13598.75,5999.06,8
2024-10-10,North America,BassLink Ultra,128,9119.4,4548.33,6
2024-10-10,North America,ClearWave SE,96,4963.19,2850.04,5
2024-10-10,Europe,AuraSound Pro,125,11686.2,5071.78,7
2024-10-10,Europe,BassLink Ultra,101,6879.14,3268.79,8
2024-10-10,Europe,ClearWave SE,94,4534.4,2656.51,5
2024-10-10,Asia Pacific,AuraSound Pro,147,13784.49,6113.07,6
2024-10-10,Asia Pacific,BassLink Ultra,111,7791.79,4039.61,7
2024-10-10,Asia Pacific,ClearWave SE,57,2947.68,1522.58,6
2024-10-10,Latin America,AuraSound Pro,95,8749.0,3767.49,7
2024-10-10,Latin America,BassLink Ultra,54,3873.15,1958.58,6
2024-10-10,Latin America,ClearWave SE,51,2598.44,1501.44,6
2024-10-11,North America,AuraSound Pro,155,13924.48,6085.16,5
2024-10-11,North America,BassLink Ultra,149,10132.2,5278.26,6
2024-10-11,North America,ClearWave SE,96,4852.52,2438.79,6
2024-10-11,Europe,AuraSound Pro,126,11469.19,5655.69,7
2024-10-11,Europe,BassLink Ultra,134,9327.38,4253.63,8
2024-10-11,Europe,ClearWave SE,77,3854.72,2161.29,6
2024-10-11,Asia Pacific,AuraSound Pro,82,7355.43,3185.1,6
2024-10-11,Asia Pacific,BassLink Ultra,59,4156.75,1969.44,7
2024-10-11,Asia Pacific,ClearWave SE,70,3392.28,1857.2,6
2024-10-11,Latin America,AuraSound Pro,106,9223.73,4414.23,9
2024-10-11,Latin America,BassLink Ultra,51,3686.61,1894.37,6
2024-10-11,Latin America,ClearWave SE,58,2969.24,1742.97,6
2024-10-12,North America,AuraSound Pro,145,13059.74,5386.11,7
2024-10-12,North America,BassLink Ultra,126,9218.73,4317.26,10
2024-10-12,North America,ClearWave SE,73,3690.9,2120.39,6
2024-10-12,Europe,AuraSound Pro,163,15186.97,6256.34,7
2024-10-12,Europe,BassLink Ultra,128,8957.45,4201.65,6
2024-10-12,Europe,ClearWave SE,51,2521.46,1472.72,7
2024-10-12,Asia Pacific,AuraSound Pro,115,9891.5,4768.32,6
2024-10-12,Asia Pacific,BassLink Ultra,90,6213.66,3379.36,8
2024-10-12,Asia Pacific,ClearWave SE,86,4413.43,2368.71,6
2024-10-12,Latin America,AuraSound Pro,73,6432.64,3055.71,6
2024-10-12,Latin America,BassLink Ultra,73,5091.48,2335.21,8
2024-10-12,Latin America,ClearWave SE,53,2639.88,1483.62,5
2024-10-13,North America,AuraSound Pro,204,18422.15,7677.24,6
2024-10-13,North America,BassLink Ultra,136,9544.76,4786.27,9
2024-10-13,North America,ClearWave SE,100,5204.58,2629.65,5
2024-10-13,Europe,AuraSound Pro,152,13383.5,6208.0,6
2024-10-13,Europe,BassLink Ultra,159,11034.7,5296.65,9
2024-10-13,Europe,ClearWave SE,93,4715.85,2460.77,7
2024-10-13,Asia Pacific,AuraSound Pro,85,7344.66,3016.05,6
2024-10-13,Asia Pacific,BassLink Ultra,111,8094.19,4368.23,7
2024-10-13,Asia Pacific,ClearWave SE,53,2728.44,1414.72,6
2024-10-13,Latin America,AuraSound Pro,81,7300.11,3167.99,6
2024-10-13,Latin America,BassLink Ultra,67,4864.67,2466.66,6
2024-10-13,Latin America,ClearWave SE,53,2561.24,1429.97,6
2024-10-14,North America,AuraSound Pro,253,23438.26,11077.34,6
2024-10-14,North America,BassLink Ultra,116,7880.46,3980.35,8
2024-10-14,North America,ClearWave SE,89,4319.15,2326.39,5
2024-10-14,Europe,AuraSound Pro,175,16076.38,7466.43,8
2024-10-14,Europe,BassLink Ultra,93,6267.93,3348.94,7
2024-10-14,Europe,ClearWave SE,68,3345.38,2011.67,6
2024-10-14,Asia Pacific,AuraSound Pro,163,14323.06,6071.61,7
2024-10-14,Asia Pacific,BassLink Ultra,103,7339.44,3708.35,9
2024-10-14,Asia Pacific,ClearWave SE,100,4884.02,2607.11,6
2024-10-14,Latin America,AuraSound Pro,90,8136.61,3809.87,7
2024-10-14,Latin America,BassLink Ultra,88,6347.28,3320.31,7
2024-10-14,Latin America,ClearWave SE,37,1869.74,1105.74,5
2024-10-15,North America,AuraSound Pro,133,12540.31,5844.03,4
2024-10-15,North America,BassLink Ultra,112,7890.13,3626.36,7
2024-10-15,North America,ClearWave SE,107,5327.81,2888.81,6
2024-10-15,Europe,AuraSound Pro,132,11580.55,5669.0,7
2024-10-15,Europe,BassLink Ultra,111,7532.09,3497.37,8
2024-10-15,Europe,ClearWave SE,69,3528.33,1844.29,6
2024-10-15,Asia Pacific,AuraSound Pro,132,11575.55,5080.2,6
2024-10-15,Asia Pacific,BassLink Ultra,79,5523.62,2694.8,7
2024-10-15,Asia Pacific,ClearWave SE,87,4368.37,2177.81,6
2024-10-15,Latin America,AuraSound Pro,88,8011.26,3738.48,7
2024-10-15,Latin America,BassLink Ultra,78,5683.64,3019.77,7
2024-10-15,Latin America,ClearWave SE,65,3384.14,1794.52,4
2024-10-16,North America,AuraSound Pro,197,18490.38,7684.82,7
2024-10-16,North America,BassLink Ultra,129,8737.3,4527.87,7
2024-10-16,North America,ClearWave SE,82,4011.16,2215.13,6
2024-10-16,Europe,AuraSound Pro,155,14118.46,6348.27,7
2024-10-16,Europe,BassLink Ultra,88,6103.12,2763.81,7
2024-10-16,Europe,ClearWave SE,75,3718.73,1858.89,4
2024-10-16,Asia Pacific,AuraSound Pro,163,14049.52,6882.64,9
2024-10-16,Asia Pacific,BassLink Ultra,119,8246.98,3769.62,7
2024-10-16,Asia Pacific,ClearWave SE,104,5143.46,2668.92,5
2024-10-16,Latin America,AuraSound Pro,115,10786.29,4733.62,7
2024-10-16,Latin America,BassLink Ultra,45,3073.04,1613.66,8
2024-10-16,Latin America,ClearWave SE,48,2376.41,1362.62,4
2024-10-17,North America,AuraSound Pro,179,16062.43,7631.72,7
2024-10-17,North America,BassLink Ultra,109,7320.45,3321.96,8
2024-10-17,North America,ClearWave SE,126,6181.01,3320.79,5
2024-10-17,Europe,AuraSound Pro,111,9606.36,3904.46,7
2024-10-17,Europe,BassLink Ultra,95,6683.49,3050.34,7
2024-10-17,Europe,ClearWave SE,77,3900.03,2194.69,5
2024-10-17,Asia Pacific,AuraSound Pro,93,8261.21,3417.68,7
2024-10-17,Asia Pacific,BassLink Ultra,97,7114.69,3662.4,7
2024-10-17,Asia Pacific,ClearWave SE,76,3621.89,2189.95,6
2024-10-17,Latin America,AuraSound Pro,105,9215.41,4057.35,6
2024-10-17,Latin America,BassLink Ultra,60,4094.64,1979.53,10
2024-10-17,Latin America,ClearWave SE,60,3088.97,1684.85,5
2024-10-18,North America,AuraSound Pro,192,16685.76,7073.79,6
2024-10-18,North America,BassLink Ultra,146,9842.28,4549.33,7
2024-10-18,North America,ClearWave SE,68,3422.68,1864.27,5
2024-10-18,Europe,AuraSound Pro,118,10237.66,4902.79,6
2024-10-18,Europe,BassLink Ultra,96,6459.32,2941.2,8
2024-10-18,Europe,ClearWave SE,111,5478.31,3121.35,6
2024-10-18,Asia Pacific,AuraSound Pro,137,11792.18,4979.91,7
2024-10-18,Asia Pacific,BassLink Ultra,99,6640.53,3169.73,9
2024-10-18,Asia Pacific,ClearWave SE,82,4000.0,2012.1,4
2024-10-18,Latin America,AuraSound Pro,83,7433.6,3096.02,8
2024-10-18,Latin America,BassLink Ultra,76,5532.85,2763.92,9
2024-10-18,Latin America,ClearWave SE,66,3240.97,1734.63,6
2024-10-19,North America,AuraSound Pro,177,16281.72,7727.58,6
2024-10-19,North America,BassLink Ultra,119,8059.68,4160.51,6
2024-10-19,North America,ClearWave SE,85,4398.26,2398.95,5
2024-10-19,Europe,AuraSound Pro,144,12420.19,6131.61,6
2024-10-19,Europe,BassLink Ultra,76,5353.13,2450.06,8
2024-10-19,Europe,ClearWave SE,76,3733.05,1862.27,6
2024-10-19,Asia Pacific,AuraSound Pro,143,12816.25,6237.5,9
2024-10-19,Asia Pacific,BassLink Ultra,92,6319.37,2957.77,7
2024-10-19,Asia Pacific,ClearWave SE,63,3208.45,1711.45,6
2024-10-19,Latin America,AuraSound Pro,117,10041.72,4519.01,7
2024-10-19,Latin America,BassLink Ultra,76,5200.55,2547.06,9
2024-10-19,Latin America,ClearWave SE,66,3147.92,1582.99,6
2024-10-20,North America,AuraSound Pro,139,12214.57,5190.15,6
2024-10-20,North America,BassLink Ultra,116,8471.16,3934.17,7
2024-10-20,North America,ClearWave SE,87,4537.45,2623.23,5
2024-10-20,Europe,AuraSound Pro,138,12836.27,5670.26,7
2024-10-20,Europe,BassLink Ultra,114,8235.93,4347.46,6
2024-10-20,Europe,ClearWave SE,76,3614.84,2138.99,4
2024-10-20,Asia Pacific,AuraSound Pro,130,11499.11,5038.13,6
2024-10-20,Asia Pacific,BassLink Ultra,91,6616.44,2994.3,7
2024-10-20,Asia Pacific,ClearWave SE,68,3355.44,1724.66,5
2024-10-20,Latin America,AuraSound Pro,113,10103.84,4341.03,6
2024-10-20,Latin America,BassLink Ultra,58,3961.75,1999.2,8
2024-10-20,Latin America,ClearWave SE,67,3346.48,1940.69,5
2024-10-21,North America,AuraSound Pro,136,11811.74,5645.15,5
2024-10-21,North America,BassLink Ultra,122,8571.03,3908.0,10
2024-10-21,North America,ClearWave SE,133,6697.76,3510.86,6
2024-10-21,Europe,AuraSound Pro,115,10395.29,4666.25,8
2024-10-21,Europe,BassLink Ultra,139,10102.07,4551.2,7
2024-10-21,Europe,ClearWave SE,83,4232.46,2493.42,6
2024-10-21,Asia Pacific,AuraSound Pro,168,14630.94,6135.12,6
2024-10-21,Asia Pacific,BassLink Ultra,111,8073.76,4152.93,8
2024-10-21,Asia Pacific,ClearWave SE,49,2567.09,1360.99,6
2024-10-21,Latin America,AuraSound Pro,106,9642.45,4246.66,8
2024-10-21,Latin America,BassLink Ultra,74,5406.0,2436.8,8
2024-10-21,Latin America,ClearWave SE,81,4148.43,2466.44,6
2024-10-22,North America,AuraSound Pro,160,15081.65,6409.49,6
2024-10-22,North America,BassLink Ultra,109,7645.73,3731.08,7
2024-10-22,North America,ClearWave SE,98,4845.83,2926.35,5
2024-10-22,Europe,AuraSound Pro,153,14439.43,6877.24,5
2024-10-22,Europe,BassLink Ultra,154,10358.58,5118.33,7
2024-10-22,Europe,ClearWave SE,84,4284.28,2472.17,7
2024-10-22,Asia Pacific,AuraSound Pro,147,13175.38,5585.26,6
2024-10-22,Asia Pacific,BassLink Ultra,90,6456.77,3259.4,9
2024-10-22,Asia Pacific,ClearWave SE,96,4839.58,2603.51,5
2024-10-22,Latin America,AuraSound Pro,134,12567.78,5261.55,5
2024-10-22,Latin America,BassLink Ultra,99,7107.49,3571.96,8
2024-10-22,Latin America,ClearWave SE,76,3928.8,2273.99,6
2024-10-23,North America,AuraSound Pro,163,14466.85,6025.45,6
2024-10-23,North America,BassLink Ultra,117,7823.1,4059.02,7
2024-10-23,North America,ClearWave SE,112,5859.05,3464.52,4
2024-10-23,Europe,AuraSound Pro,144,12653.91,5211.83,7
2024-10-23,Europe,BassLink Ultra,76,5182.77,2845.72,8
2024-10-23,Europe,ClearWave SE,96,4833.58,2855.73,6
2024-10-23,Asia Pacific,AuraSound Pro,146,12851.25,5893.31,7
2024-10-23,Asia Pacific,BassLink Ultra,79,5739.16,3144.95,10
2024-10-23,Asia Pacific,ClearWave SE,46,2293.09,1350.17,5
2024-10-23,Latin America,AuraSound Pro,95,8585.1,3490.33,7
2024-10-23,Latin America,BassLink Ultra,64,4466.82,2366.82,9
2024-10-23,Latin America,ClearWave SE,44,2163.91,1308.73,5
2024-10-24,North America,AuraSound Pro,171,15076.03,6423.38,7
2024-10-24,North America,BassLink Ultra,141,9608.23,4685.93,9
2024-10-24,North America,ClearWave SE,196,10178.92,5464.68,6
2024-10-24,Europe,AuraSound Pro,144,13277.82,6489.17,7
2024-10-24,Europe,BassLink Ultra,103,7159.63,3680.69,6
2024-10-24,Europe,ClearWave SE,64,3325.45,1998.94,5
2024-10-24,Asia Pacific,AuraSound Pro,110,10181.31,4762.23,6
2024-10-24,Asia Pacific,BassLink Ultra,112,8211.88,4153.45,7
2024-10-24,Asia Pacific,ClearWave SE,53,2671.86,1451.78,6
2024-10-24,Latin America,AuraSound Pro,95,8337.64,3525.21,6
2024-10-24,Latin America,BassLink Ultra,117,8277.74,4046.31,9
2024-10-24,Latin America,ClearWave SE,75,3740.34,2257.88,5
2024-10-25,North America,AuraSound Pro,266,22861.03,10602.96,6
2024-10-25,North America,BassLink Ultra,96,6761.92,3149.33,11
2024-10-25,North America,ClearWave SE,72,3470.01,1978.65,5
2024-10-25,Europe,AuraSound Pro,168,15376.86,7121.2,6
2024-10-25,Europe,BassLink Ultra,94,6863.22,3519.42,8
2024-10-25,Europe,ClearWave SE,85,4338.43,2174.35,6
2024-10-25,Asia Pacific,AuraSound Pro,174,16094.36,7633.72,7
2024-10-25,Asia Pacific,BassLink Ultra,93,6632.28,3208.77,8
2024-10-25,Asia Pacific,ClearWave SE,44,2161.29,1223.31,5
2024-10-25,Latin America,AuraSound Pro,113,10657.58,5088.04,6
2024-10-25,Latin America,BassLink Ultra,69,4744.74,2380.46,9
2024-10-25,Latin America,ClearWave SE,49,2502.05,1391.29,6
2024-10-26,North America,AuraSound Pro,252,22679.79,10418.93,6
2024-10-26,North America,BassLink Ultra,106,7450.52,3680.72,7
2024-10-26,North America,ClearWave SE,141,7182.87,3591.8,5
2024-10-26,Europe,AuraSound Pro,124,10708.94,4564.48,5
2024-10-26,Europe,BassLink Ultra,99,6596.59,3442.95,8
2024-10-26,Europe,ClearWave SE,114,5940.19,3331.99,5
2024-10-26,Asia Pacific,AuraSound Pro,151,14207.87,6496.13,6
2024-10-26,Asia Pacific,BassLink Ultra,77,5325.38,2787.65,9
2024-10-26,Asia Pacific,ClearWave SE,80,4115.12,2114.68,6
2024-10-26,Latin America,AuraSound Pro,108,9404.57,4346.32,5
2024-10-26,Latin America,BassLink Ultra,90,6493.18,3223.08,7
2024-10-26,Latin America,ClearWave SE,66,3461.93,1950.75,5
2024-10-27,North America,AuraSound Pro,148,13735.46,6607.2,6
2024-10-27,North America,BassLink Ultra,109,7427.7,4017.18,6
2024-10-27,North America,ClearWave SE,159,7881.23,4448.26,6
2024-10-27,Europe,AuraSound Pro,110,10032.02,4596.63,5
2024-10-27,Europe,BassLink Ultra,92,6354.46,3123.34,7
2024-10-27,Europe,ClearWave SE,99,4719.47,2462.63,6
2024-10-27,Asia Pacific,AuraSound Pro,136,12152.6,5719.18,5
2024-10-27,Asia Pacific,BassLink Ultra,108,7849.07,4246.88,6
2024-10-27,Asia Pacific,ClearWave SE,74,3587.39,1778.32,6
2024-10-27,Latin America,AuraSound Pro,112,9763.35,4513.84,7
2024-10-27,Latin America,BassLink Ultra,78,5539.39,3030.21,8
2024-10-27,Latin America,ClearWave SE,46,2309.43,1240.59,4
2024-10-28,North America,AuraSound Pro,215,19048.0,8609.81,7
2024-10-28,North America,BassLink Ultra,106,7107.38,3735.28,8
2024-10-28,North America,ClearWave SE,112,5351.41,2992.45,6
2024-10-28,Europe,AuraSound Pro,184,16328.37,6995.79,6
2024-10-28,Europe,BassLink Ultra,101,6727.44,3289.91,9
2024-10-28,Europe,ClearWave SE,67,3326.55,1667.4,6
2024-10-28,Asia Pacific,AuraSound Pro,183,16325.41,7229.23,7
2024-10-28,Asia Pacific,BassLink Ultra,96,6738.7,3671.88,6
2024-10-28,Asia Pacific,ClearWave SE,80,4009.8,2212.55,5
2024-10-28,Latin America,AuraSound Pro,100,8585.74,3996.7,7
2024-10-28,Latin America,BassLink Ultra,64,4531.7,2117.48,6
2024-10-28,Latin America,ClearWave SE,54,2688.46,1618.81,4
2024-10-29,North America,AuraSound Pro,240,21447.26,9562.16,7
2024-10-29,North America,BassLink Ultra,113,7905.89,4269.4,7
2024-10-29,North America,ClearWave SE,131,6685.0,3881.67,4
2024-10-29,Europe,AuraSound Pro,102,9607.65,4419.71,8
2024-10-29,Europe,BassLink Ultra,91,6477.33,3081.78,9
2024-10-29,Europe,ClearWave SE,102,5109.89,2913.46,5
2024-10-29,Asia Pacific,AuraSound Pro,156,13959.73,6403.7,5
2024-10-29,Asia Pacific,BassLink Ultra,120,8655.74,4120.06,6
2024-10-29,Asia Pacific,ClearWave SE,96,4892.9,2800.95,4
2024-10-29,Latin America,AuraSound Pro,88,7835.85,3353.22,8
2024-10-29,Latin America,BassLink Ultra,84,5639.99,3066.91,7
2024-10-29,Latin America,ClearWave SE,64,3329.47,1797.74,6
2024-10-30,North America,AuraSound Pro,176,15080.6,7172.94,7
2024-10-30,North America,BassLink Ultra,165,11254.8,5823.08,9
2024-10-30,North America,ClearWave SE,117,5687.68,2858.23,5
2024-10-30,Europe,AuraSound Pro,118,10862.46,4631.55,6
2024-10-30,Europe,BassLink Ultra,129,8834.56,4309.49,6
2024-10-30,Europe,ClearWave SE,80,3832.11,2035.31,6
2024-10-30,Asia Pacific,AuraSound Pro,179,15902.71,7571.15,4
2024-10-30,Asia Pacific,BassLink Ultra,97,6709.09,3453.56,7
2024-10-30,Asia Pacific,ClearWave SE,79,4141.49,2187.73,6
2024-10-30,Latin America,AuraSound Pro,77,6650.02,2952.21,6
2024-10-30,Latin America,BassLink Ultra,65,4456.6,2400.52,7
2024-10-30,Latin America,ClearWave SE,76,3841.81,2082.22,5
2024-10-31,North America,AuraSound Pro,162,14712.66,6423.07,5
2024-10-31,North America,BassLink Ultra,123,8935.7,4414.52,7
2024-10-31,North America,ClearWave SE,102,5288.95,2936.23,8
2024-10-31,Europe,AuraSound Pro,181,16646.02,6908.76,6
2024-10-31,Europe,BassLink Ultra,122,8825.56,4452.66,7
2024-10-31,Europe,ClearWave SE,133,6608.19,3765.49,6
2024-10-31,Asia Pacific,AuraSound Pro,160,14133.93,5928.99,8
2024-10-31,Asia Pacific,BassLink Ultra,140,9929.62,4848.28,6
2024-10-31,Asia Pacific,ClearWave SE,100,4762.19,2593.34,6
2024-10-31,Latin America,AuraSound Pro,114,10414.26,4702.05,8
2024-10-31,Latin America,BassLink Ultra,64,4326.97,2112.88,7
2024-10-31,Latin America,ClearWave SE,59,2990.63,1655.95,6
2024-11-01,North America,AuraSound Pro,204,17440.53,8261.33,8
2024-11-01,North America,BassLink Ultra,134,9756.54,5276.77,10
2024-11-01,North America,ClearWave SE,172,9025.2,4764.13,6
2024-11-01,Europe,AuraSound Pro,127,11881.16,5607.95,6
2024-11-01,Europe,BassLink Ultra,127,8487.09,4247.76,8
2024-11-01,Europe,ClearWave SE,96,4879.01,2854.06,7
2024-11-01,Asia Pacific,AuraSound Pro,171,14869.58,6384.7,6
2024-11-01,Asia Pacific,BassLink Ultra,97,6707.5,3558.51,7
2024-11-01,Asia Pacific,ClearWave SE,68,3451.03,1728.3,8
2024-11-01,Latin America,AuraSound Pro,119,10860.2,5155.03,5
2024-11-01,Latin America,BassLink Ultra,106,7555.43,4127.83,7
2024-11-01,Latin America,ClearWave SE,65,3282.42,1985.38,4
2024-11-02,North America,AuraSound Pro,191,16923.71,7655.11,5
2024-11-02,North America,BassLink Ultra,92,6234.28,3007.38,9
2024-11-02,North America,ClearWave SE,138,6845.58,4068.77,6
2024-11-02,Europe,AuraSound Pro,266,23917.7,11265.12,6
2024-11-02,Europe,BassLink Ultra,80,5400.73,2757.68,8
2024-11-02,Europe,ClearWave SE,74,3660.65,2019.31,5
2024-11-02,Asia Pacific,AuraSound Pro,173,15799.34,6811.04,6
2024-11-02,Asia Pacific,BassLink Ultra,99,6927.87,3794.11,9
2024-11-02,Asia Pacific,ClearWave SE,77,3710.88,1969.82,6
2024-11-02,Latin America,AuraSound Pro,123,11479.82,5177.74,6
2024-11-02,Latin America,BassLink Ultra,76,5167.91,2338.36,8
2024-11-02,Latin America,ClearWave SE,55,2850.92,1612.95,6
2024-11-03,North America,AuraSound Pro,167,15220.13,7398.13,6
2024-11-03,North America,BassLink Ultra,112,7907.38,3804.05,9
2024-11-03,North America,ClearWave SE,83,4198.19,2235.86,7
2024-11-03,Europe,AuraSound Pro,154,14455.04,6669.08,6
2024-11-03,Europe,BassLink Ultra,93,6377.0,3237.73,7
2024-11-03,Europe,ClearWave SE,79,4035.12,2137.88,9
2024-11-03,Asia Pacific,AuraSound Pro,125,11566.66,5375.52,7
2024-11-03,Asia Pacific,BassLink Ultra,97,6902.41,3161.16,10
2024-11-03,Asia Pacific,ClearWave SE,84,4299.69,2164.41,5
2024-11-03,Latin America,AuraSound Pro,100,9216.23,4004.93,10
2024-11-03,Latin America,BassLink Ultra,93,6805.66,3693.48,7
2024-11-03,Latin America,ClearWave SE,52,2546.88,1384.34,5
2024-11-04,North America,AuraSound Pro,155,14116.72,6686.06,5
2024-11-04,North America,BassLink Ultra,158,10541.09,4793.81,8
2024-11-04,North America,ClearWave SE,111,5592.25,2800.51,7
2024-11-04,Europe,AuraSound Pro,183,17059.68,8317.08,5
2024-11-04,Europe,BassLink Ultra,209,15115.09,7614.41,8
2024-11-04,Europe,ClearWave SE,108,5555.45,3305.48,6
2024-11-04,Asia Pacific,AuraSound Pro,145,13495.43,5600.65,5
2024-11-04,Asia Pacific,BassLink Ultra,90,6493.19,3319.32,8
2024-11-04,Asia Pacific,ClearWave SE,79,4021.05,2270.78,4
2024-11-04,Latin America,AuraSound Pro,132,11901.56,5361.99,6
2024-11-04,Latin America,BassLink Ultra,80,5769.17,2720.43,6
2024-11-04,Latin America,ClearWave SE,45,2307.97,1285.72,6
2024-11-05,North America,AuraSound Pro,247,22336.93,9819.28,7
2024-11-05,North America,BassLink Ultra,156,10827.47,5212.79,8
2024-11-05,North America,ClearWave SE,86,4115.81,2262.99,4
2024-11-05,Europe,AuraSound Pro,268,23786.48,10946.05,6
2024-11-05,Europe,BassLink Ultra,101,7400.69,3852.7,8
2024-11-05,Europe,ClearWave SE,75,3615.56,1856.42,5
2024-11-05,Asia Pacific,AuraSound Pro,207,19239.13,9162.42,7
2024-11-05,Asia Pacific,BassLink Ultra,115,8228.57,3761.01,7
2024-11-05,Asia Pacific,ClearWave SE,102,5305.93,2844.1,7
2024-11-05,Latin America,AuraSound Pro,106,9378.76,3850.94,7
2024-11-05,Latin America,BassLink Ultra,103,6997.35,3517.88,8
2024-11-05,Latin America,ClearWave SE,59,2952.65,1487.27,5
2024-11-06,North America,AuraSound Pro,175,15128.89,6876.08,7
2024-11-06,North America,BassLink Ultra,126,8883.45,4742.43,8
2024-11-06,North America,ClearWave SE,95,4792.97,2726.95,6
2024-11-06,Europe,AuraSound Pro,178,16231.95,7565.33,7
2024-11-06,Europe,BassLink Ultra,127,8735.6,4259.44,9
2024-11-06,Europe,ClearWave SE,94,4795.97,2898.35,6
2024-11-06,Asia Pacific,AuraSound Pro,128,11456.58,4961.71,7
2024-11-06,Asia Pacific,BassLink Ultra,93,6430.15,3300.81,6
2024-11-06,Asia Pacific,ClearWave SE,72,3496.24,1987.12,6
2024-11-06,Latin America,AuraSound Pro,128,10961.15,5280.79,7
2024-11-06,Latin America,BassLink Ultra,127,8525.51,4205.31,8
2024-11-06,Latin America,ClearWave SE,55,2750.58,1607.36,5
2024-11-07,North America,AuraSound Pro,215,19424.12,8613.77,8
2024-11-07,North America,BassLink Ultra,139,9489.25,4488.5,8
2024-11-07,North America,ClearWave SE,121,5751.01,3371.86,8
2024-11-07,Europe,AuraSound Pro,196,16877.45,7385.32,8
2024-11-07,Europe,BassLink Ultra,98,6824.1,3313.67,7
2024-11-07,Europe,ClearWave SE,81,4210.19,2101.62,5
2024-11-07,Asia Pacific,AuraSound Pro,148,13906.78,5882.14,7
2024-11-07,Asia Pacific,BassLink Ultra,102,7103.73,3432.16,7
2024-11-07,Asia Pacific,ClearWave SE,67,3427.81,1970.89,6
2024-11-07,Latin America,AuraSound Pro,130,11309.11,4852.29,6
2024-11-07,Latin America,BassLink Ultra,59,3990.58,1811.78,9
2024-11-07,Latin America,ClearWave SE,61,2972.29,1555.96,4
2024-11-08,North America,AuraSound Pro,195,17950.34,7327.58,8
2024-11-08,North America,BassLink Ultra,128,8677.79,4009.31,5
2024-11-08,North America,ClearWave SE,105,5489.5,2767.52,5
2024-11-08,Europe,AuraSound Pro,168,15841.31,7087.56,7
2024-11-08,Europe,BassLink Ultra,105,7635.27,4131.97,7
2024-11-08,Europe,ClearWave SE,121,6193.92,3516.91,6
2024-11-08,Asia Pacific,AuraSound Pro,161,14537.65,6197.78,8
2024-11-08,Asia Pacific,BassLink Ultra,99,6786.82,3598.34,10
2024-11-08,Asia Pacific,ClearWave SE,89,4300.26,2435.71,6
2024-11-08,Latin America,AuraSound Pro,121,10452.69,4850.62,6
2024-11-08,Latin America,BassLink Ultra,71,5194.96,2779.68,9
2024-11-08,Latin America,ClearWave SE,52,2700.85,1624.25,5
2024-11-09,North America,AuraSound Pro,192,17361.59,7176.62,6
2024-11-09,North America,BassLink Ultra,102,7164.72,3697.85,6
2024-11-09,North America,ClearWave SE,95,4897.67,2789.91,6
2024-11-09,Europe,AuraSound Pro,158,14778.47,7136.81,8
2024-11-09,Europe,BassLink Ultra,77,5622.48,2932.22,6
2024-11-09,Europe,ClearWave SE,77,3768.97,2267.31,6
2024-11-09,Asia Pacific,AuraSound Pro,128,11757.79,5538.63,6
2024-11-09,Asia Pacific,BassLink Ultra,85,5930.64,2681.71,6
2024-11-09,Asia Pacific,ClearWave SE,73,3778.37,2203.88,7
2024-11-09,Latin America,AuraSound Pro,88,7932.04,3530.03,8
2024-11-09,Latin America,BassLink Ultra,97,6777.83,3614.43,7
2024-11-09,Latin America,ClearWave SE,65,3252.52,1797.17,6
2024-11-10,North America,AuraSound Pro,224,19320.77,8821.85,6
2024-11-10,North America,BassLink Ultra,164,11508.41,5336.52,8
2024-11-10,North America,ClearWave SE,94,4559.87,2272.74,6
2024-11-10,Europe,AuraSound Pro,137,12290.9,6009.82,7
2024-11-10,Europe,BassLink Ultra,107,7282.39,3767.66,8
2024-11-10,Europe,ClearWave SE,98,4921.6,2954.73,7
2024-11-10,Asia Pacific,AuraSound Pro,166,14720.23,6696.13,7
2024-11-10,Asia Pacific,BassLink Ultra,76,5356.61,2537.24,9
2024-11-10,Asia Pacific,ClearWave SE,78,3992.52,2378.67,5
2024-11-10,Latin America,AuraSound Pro,173,14950.27,7271.84,6
2024-11-10,Latin America,BassLink Ultra,108,7781.49,3701.25,8
2024-11-10,Latin America,ClearWave SE,72,3451.58,1967.87,6
2024-11-11,North America,AuraSound Pro,166,14690.36,5996.94,7
2024-11-11,North America,BassLink Ultra,148,10495.99,5093.21,8
2024-11-11,North America,ClearWave SE,115,5879.08,3500.32,5
2024-11-11,Europe,AuraSound Pro,190,17518.64,8089.44,7
2024-11-11,Europe,BassLink Ultra,139,9875.48,4837.36,7
2024-11-11,Europe,ClearWave SE,89,4468.56,2347.42,5
2024-11-11,Asia Pacific,AuraSound Pro,151,13139.83,6268.18,5
2024-11-11,Asia Pacific,BassLink Ultra,180,12153.97,5863.78,7
2024-11-11,Asia Pacific,ClearWave SE,108,5544.78,2880.67,5
2024-11-11,Latin America,AuraSound Pro,86,8117.0,3982.94,7
2024-11-11,Latin America,BassLink Ultra,116,8363.57,4366.62,8
2024-11-11,Latin America,ClearWave SE,92,4759.71,2706.79,7
2024-11-12,North America,AuraSound Pro,165,14657.2,6130.48,7
2024-11-12,North America,BassLink Ultra,76,5583.69,2853.94,8
2024-11-12,North America,ClearWave SE,99,5113.09,2876.93,7
2024-11-12,Europe,AuraSound Pro,132,11936.46,5515.4,8
2024-11-12,Europe,BassLink Ultra,137,9970.52,5454.86,8
2024-11-12,Europe,ClearWave SE,84,4168.69,2172.82,6
2024-11-12,Asia Pacific,AuraSound Pro,103,9511.56,4564.82,6
2024-11-12,Asia Pacific,BassLink Ultra,106,7390.4,3551.28,8
2024-11-12,Asia Pacific,ClearWave SE,73,3616.13,2184.49,5
2024-11-12,Latin America,AuraSound Pro,129,11437.46,5102.86,6
2024-11-12,Latin America,BassLink Ultra,77,5175.39,2604.8,6
2024-11-12,Latin America,ClearWave SE,67,3371.64,1937.47,5
2024-11-13,North America,AuraSound Pro,137,11833.28,5350.38,5
2024-11-13,North America,BassLink Ultra,78,5590.52,2981.15,9
2024-11-13,North America,ClearWave SE,100,5060.02,2549.42,6
2024-11-13,Europe,AuraSound Pro,137,11875.55,5730.96,8
2024-11-13,Europe,BassLink Ultra,86,5736.68,2889.74,9
2024-11-13,Europe,ClearWave SE,97,5077.73,2589.69,6
2024-11-13,Asia Pacific,AuraSound Pro,195,17592.87,7269.3,7
2024-11-13,Asia Pacific,BassLink Ultra,152,10881.79,5725.14,9
2024-11-13,Asia Pacific,ClearWave SE,97,4711.23,2541.55,7
2024-11-13,Latin America,AuraSound Pro,117,10331.44,4393.81,6
2024-11-13,Latin America,BassLink Ultra,135,8985.45,4744.5,8
2024-11-13,Latin America,ClearWave SE,71,3523.25,1873.77,4
2024-11-14,North America,AuraSound Pro,265,22709.96,11178.89,7
2024-11-14,North America,BassLink Ultra,160,11489.99,5617.53,8
2024-11-14,North America,ClearWave SE,100,5198.31,2674.5,7
2024-11-14,Europe,AuraSound Pro,181,15993.72,7088.12,5
2024-11-14,Europe,BassLink Ultra,149,10452.7,5082.58,7
2024-11-14,Europe,ClearWave SE,85,4255.84,2455.93,4
2024-11-14,Asia Pacific,AuraSound Pro,141,12535.89,5483.65,6
2024-11-14,Asia Pacific,BassLink Ultra,138,9488.78,4746.19,7
2024-11-14,Asia Pacific,ClearWave SE,65,3320.41,1843.43,6
2024-11-14,Latin America,AuraSound Pro,152,13327.62,6457.04,6
2024-11-14,Latin America,BassLink Ultra,125,9076.88,4826.71,9
2024-11-14,Latin America,ClearWave SE,88,4369.79,2426.16,6
2024-11-15,North America,AuraSound Pro,219,18724.68,8059.41,6
2024-11-15,North America,BassLink Ultra,203,14601.75,7309.53,10
2024-11-15,North America,ClearWave SE,163,8147.25,4578.22,6
2024-11-15,Europe,AuraSound Pro,160,14233.0,5768.91,7
2024-11-15,Europe,BassLink Ultra,111,7772.11,4122.51,8
2024-11-15,Europe,ClearWave SE,68,3496.6,1834.56,6
2024-11-15,Asia Pacific,AuraSound Pro,172,14967.49,7281.12,8
2024-11-15,Asia Pacific,BassLink Ultra,128,9220.63,4385.98,9
2024-11-15,Asia Pacific,ClearWave SE,127,6310.49,3607.74,5
2024-11-15,Latin America,AuraSound Pro,98,9066.87,4260.17,7
2024-11-15,Latin America,BassLink Ultra,68,4648.9,2274.79,8
2024-11-15,Latin America,ClearWave SE,55,2833.41,1601.46,5
2024-11-16,North America,AuraSound Pro,150,14062.84,5937.42,7
2024-11-16,North America,BassLink Ultra,113,7674.62,3702.67,8
2024-11-16,North America,ClearWave SE,135,6653.61,3644.82,5
2024-11-16,Europe,AuraSound Pro,202,17670.81,7953.45,7
2024-11-16,Europe,BassLink Ultra,152,10768.78,5358.53,7
2024-11-16,Europe,ClearWave SE,83,4254.4,2510.91,6
2024-11-16,Asia Pacific,AuraSound Pro,159,14176.79,6994.3,7
2024-11-16,Asia Pacific,BassLink Ultra,145,9804.59,5373.36,6
2024-11-16,Asia Pacific,ClearWave SE,105,5021.03,2907.06,6
2024-11-16,Latin America,AuraSound Pro,135,11895.85,5342.09,8
2024-11-16,Latin America,BassLink Ultra,82,5592.16,2711.69,6
2024-11-16,Latin America,ClearWave SE,61,2920.27,1741.03,5
2024-11-17,North America,AuraSound Pro,125,11288.15,5210.0,7
2024-11-17,North America,BassLink Ultra,138,9318.29,4217.77,7
2024-11-17,North America,ClearWave SE,106,5077.23,2782.19,6
2024-11-17,Europe,AuraSound Pro,236,21107.77,10323.11,5
2024-11-17,Europe,BassLink Ultra,176,12806.64,5951.08,8
2024-11-17,Europe,ClearWave SE,89,4288.78,2364.77,5
2024-11-17,Asia Pacific,AuraSound Pro,130,12263.15,5139.53,5
2024-11-17,Asia Pacific,BassLink Ultra,90,6184.77,3109.41,8
2024-11-17,Asia Pacific,ClearWave SE,84,4016.46,2159.64,6
2024-11-17,Latin America,AuraSound Pro,108,9833.69,4042.32,6
2024-11-17,Latin America,BassLink Ultra,133,9235.93,4173.83,7
2024-11-17,Latin America,ClearWave SE,58,2892.18,1555.21,7
2024-11-18,North America,AuraSound Pro,239,21917.1,9163.28,6
2024-11-18,North America,BassLink Ultra,174,12421.87,5774.54,8
2024-11-18,North America,ClearWave SE,107,5324.37,2943.71,6
2024-11-18,Europe,AuraSound Pro,173,15537.02,7138.08,5
2024-11-18,Europe,BassLink Ultra,140,9544.37,4556.51,7
2024-11-18,Europe,ClearWave SE,132,6602.34,3772.35,6
2024-11-18,Asia Pacific,AuraSound Pro,161,13966.85,6160.4,6
2024-11-18,Asia Pacific,BassLink Ultra,110,7829.59,4260.25,7
2024-11-18,Asia Pacific,ClearWave SE,92,4798.04,2627.54,7
2024-11-18,Latin America,AuraSound Pro,178,15874.02,7626.89,8
2024-11-18,Latin America,BassLink Ultra,88,6296.0,3402.34,6
2024-11-18,Latin America,ClearWave SE,68,3447.99,1856.28,6
2024-11-19,North America,AuraSound Pro,244,22903.28,11121.54,6
2024-11-19,North America,BassLink Ultra,141,9886.99,5219.44,8
2024-11-19,North America,ClearWave SE,120,5972.23,3425.28,6
2024-11-19,Europe,AuraSound Pro,169,15751.22,7153.48,8
2024-11-19,Europe,BassLink Ultra,101,6993.64,3660.43,7
2024-11-19,Europe,ClearWave SE,94,4631.03,2370.79,6
2024-11-19,Asia Pacific,AuraSound Pro,156,14236.31,6556.35,7
2024-11-19,Asia Pacific,BassLink Ultra,92,6586.86,3360.65,8
2024-11-19,Asia Pacific,ClearWave SE,101,5192.36,3016.25,6
2024-11-19,Latin America,AuraSound Pro,99,8872.6,4222.33,7
2024-11-19,Latin America,BassLink Ultra,87,6089.84,2965.08,7
2024-11-19,Latin America,ClearWave SE,72,3534.86,1852.92,5
2024-11-20,North America,AuraSound Pro,239,21211.69,9815.37,9
2024-11-20,North America,BassLink Ultra,173,11780.52,5488.35,7
2024-11-20,North America,ClearWave SE,135,6534.47,3318.12,6
2024-11-20,Europe,AuraSound Pro,187,16537.44,7677.3,7
2024-11-20,Europe,BassLink Ultra,122,8127.83,3975.81,6
2024-11-20,Europe,ClearWave SE,96,4761.45,2589.67,5
2024-11-20,Asia Pacific,AuraSound Pro,149,13752.42,6026.34,6
2024-11-20,Asia Pacific,BassLink Ultra,92,6389.65,3235.65,9
2024-11-20,Asia Pacific,ClearWave SE,89,4648.92,2807.34,5
2024-11-20,Latin America,AuraSound Pro,66,6025.44,2741.62,5
2024-11-20,Latin America,BassLink Ultra,102,7314.82,3655.13,8
2024-11-20,Latin America,ClearWave SE,105,5225.7,2849.87,5
2024-11-21,North America,AuraSound Pro,268,23583.67,10660.71,6
2024-11-21,North America,BassLink Ultra,126,9222.9,4938.56,7
2024-11-21,North America,ClearWave SE,122,6005.82,3630.12,5
2024-11-21,Europe,AuraSound Pro,139,12593.53,6046.93,6
2024-11-21,Europe,BassLink Ultra,138,9235.0,5004.39,6
2024-11-21,Europe,ClearWave SE,54,2827.23,1707.48,5
2024-11-21,Asia Pacific,AuraSound Pro,130,11705.92,5298.39,7
2024-11-21,Asia Pacific,BassLink Ultra,190,12658.1,6596.42,8
2024-11-21,Asia Pacific,ClearWave SE,77,3876.27,2161.1,6
2024-11-21,Latin America,AuraSound Pro,107,9750.74,4195.43,7
2024-11-21,Latin America,BassLink Ultra,117,8357.23,3860.12,8
2024-11-21,Latin America,ClearWave SE,74,3572.29,2103.44,6
2024-11-22,North America,AuraSound Pro,252,22183.02,9558.89,7
2024-11-22,North America,BassLink Ultra,140,9370.42,4779.47,8
2024-11-22,North America,ClearWave SE,124,6286.63,3716.78,5
2024-11-22,Europe,AuraSound Pro,162,14405.0,6838.2,7
2024-11-22,Europe,BassLink Ultra,133,9528.11,4302.42,7
2024-11-22,Europe,ClearWave SE,107,5544.15,3071.45,5
2024-11-22,Asia Pacific,AuraSound Pro,128,11337.75,4925.13,5
2024-11-22,Asia Pacific,BassLink Ultra,125,9099.05,4373.99,6
2024-11-22,Asia Pacific,ClearWave SE,96,4915.07,2936.22,5
2024-11-22,Latin America,AuraSound Pro,115,10391.72,4783.3,6
2024-11-22,Latin America,BassLink Ultra,141,9553.17,4757.11,7
2024-11-22,Latin America,ClearWave SE,58,2951.45,1607.45,7
2024-11-23,North America,AuraSound Pro,162,14448.49,5881.66,5
2024-11-23,North America,BassLink Ultra,178,12277.11,5581.21,8
2024-11-23,North America,ClearWave SE,111,5681.26,2995.9,5
2024-11-23,Europe,AuraSound Pro,120,10386.03,4515.08,8
2024-11-23,Europe,BassLink Ultra,143,9628.02,4489.86,9
2024-11-23,Europe,ClearWave SE,123,6056.22,3394.42,6
2024-11-23,Asia Pacific,AuraSound Pro,140,11994.21,5686.99,6
2024-11-23,Asia Pacific,BassLink Ultra,142,10145.67,5406.37,7
2024-11-23,Asia Pacific,ClearWave SE,75,3926.18,2253.26,5
2024-11-23,Latin America,AuraSound Pro,157,13532.19,6171.5,6
2024-11-23,Latin America,BassLink Ultra,81,5519.51,2640.97,7
2024-11-23,Latin America,ClearWave SE,73,3555.26,1868.42,5
2024-11-24,North America,AuraSound Pro,205,18248.95,8579.71,8
2024-11-24,North America,BassLink Ultra,229,15736.91,8297.14,6
2024-11-24,North America,ClearWave SE,100,5227.7,2851.44,5
2024-11-24,Europe,AuraSound Pro,199,17521.95,7517.83,6
2024-11-24,Europe,BassLink Ultra,121,8559.36,3957.07,7
2024-11-24,Europe,ClearWave SE,156,8070.4,4198.91,5
2024-11-24,Asia Pacific,AuraSound Pro,140,12821.3,5689.59,7
2024-11-24,Asia Pacific,BassLink Ultra,119,8093.74,3785.14,7
2024-11-24,Asia Pacific,ClearWave SE,117,5693.25,2933.18,4
2024-11-24,Latin America,AuraSound Pro,121,10811.09,4606.04,6
2024-11-24,Latin America,BassLink Ultra,85,6120.61,3192.07,7
2024-11-24,Latin America,ClearWave SE,68,3566.02,1864.27,6
2024-11-25,North America,AuraSound Pro,136,12062.11,5799.53,6
2024-11-25,North America,BassLink Ultra,129,8658.6,4759.25,11
2024-11-25,North America,ClearWave SE,172,8518.09,4729.66,6
2024-11-25,Europe,AuraSound Pro,149,13800.33,5666.2,6
2024-11-25,Europe,BassLink Ultra,119,8340.63,4092.14,7
2024-11-25,Europe,ClearWave SE,111,5403.22,2830.42,7
2024-11-25,Asia Pacific,AuraSound Pro,92,8106.24,3872.16,6
2024-11-25,Asia Pacific,BassLink Ultra,172,11664.22,5871.19,7
2024-11-25,Asia Pacific,ClearWave SE,95,4882.42,2829.76,4
2024-11-25,Latin America,AuraSound Pro,160,15033.79,6935.24,6
2024-11-25,Latin America,BassLink Ultra,95,6386.35,3430.82,7
2024-11-25,Latin America,ClearWave SE,43,2054.35,1102.95,6
2024-11-26,North America,AuraSound Pro,245,21815.7,9676.04,6
2024-11-26,North America,BassLink Ultra,120,8120.47,3669.28,11
2024-11-26,North America,ClearWave SE,139,6675.09,3459.06,6
2024-11-26,Europe,AuraSound Pro,221,19428.9,9411.07,6
2024-11-26,Europe,BassLink Ultra,185,12776.83,6748.71,8
2024-11-26,Europe,ClearWave SE,124,6356.78,3508.23,5
2024-11-26,Asia Pacific,AuraSound Pro,128,11911.14,5667.63,7
2024-11-26,Asia Pacific,BassLink Ultra,103,7543.8,4057.83,10
2024-11-26,Asia Pacific,ClearWave SE,69,3490.02,1948.47,7
2024-11-26,Latin America,AuraSound Pro,89,7934.63,3623.36,6
2024-11-26,Latin America,BassLink Ultra,63,4524.44,2276.46,7
2024-11-26,Latin America,ClearWave SE,67,3478.25,2010.69,5
2024-11-27,North America,AuraSound Pro,231,19907.55,9784.78,6
2024-11-27,North America,BassLink Ultra,102,7166.89,3796.14,6
2024-11-27,North America,ClearWave SE,113,5609.24,2868.0,7
2024-11-27,Europe,AuraSound Pro,181,15578.74,7338.28,6
2024-11-27,Europe,BassLink Ultra,95,6675.33,3126.06,8
2024-11-27,Europe,ClearWave SE,132,6573.55,3361.43,5
2024-11-27,Asia Pacific,AuraSound Pro,134,12346.32,5532.9,7
2024-11-27,Asia Pacific,BassLink Ultra,143,10217.35,4631.43,7
2024-11-27,Asia Pacific,ClearWave SE,104,4948.54,2746.33,5
2024-11-27,Latin America,AuraSound Pro,144,13296.17,6253.35,8
2024-11-27,Latin America,BassLink Ultra,106,7527.03,3690.07,8
2024-11-27,Latin America,ClearWave SE,101,5238.99,2750.18,5
2024-11-28,North America,AuraSound Pro,237,21495.08,9051.72,6
2024-11-28,North America,BassLink Ultra,169,11482.98,6173.41,8
2024-11-28,North America,ClearWave SE,148,7272.62,3649.59,6
2024-11-28,Europe,AuraSound Pro,124,11398.93,5598.47,6
2024-11-28,Europe,BassLink Ultra,145,10100.88,5324.82,8
2024-11-28,Europe,ClearWave SE,111,5553.21,3131.15,6
2024-11-28,Asia Pacific,AuraSound Pro,129,11968.09,5870.7,7
2024-11-28,Asia Pacific,BassLink Ultra,165,11822.08,6102.85,7
2024-11-28,Asia Pacific,ClearWave SE,111,5520.55,2769.78,6
2024-11-28,Latin America,AuraSound Pro,135,12572.95,5248.82,8
2024-11-28,Latin America,BassLink Ultra,94,6791.7,3537.6,7
2024-11-28,Latin America,ClearWave SE,76,3947.06,2138.55,5
2024-11-29,North America,AuraSound Pro,161,13883.17,6737.26,5
2024-11-29,North America,BassLink Ultra,206,13989.25,7228.99,8
2024-11-29,North America,ClearWave SE,141,7281.75,4356.17,6
2024-11-29,Europe,AuraSound Pro,129,11093.88,5169.64,8
2024-11-29,Europe,BassLink Ultra,117,8337.64,4512.14,5
2024-11-29,Europe,ClearWave SE,97,4794.62,2499.8,7
2024-11-29,Asia Pacific,AuraSound Pro,135,12720.98,5809.07,6
2024-11-29,Asia Pacific,BassLink Ultra,106,7453.84,3751.43,7
2024-11-29,Asia Pacific,ClearWave SE,94,4528.85,2262.57,5
2024-11-29,Latin America,AuraSound Pro,167,14444.99,6257.56,5
2024-11-29,Latin America,BassLink Ultra,70,4902.28,2247.8,7
2024-11-29,Latin America,ClearWave SE,71,3459.81,1748.9,5
2024-11-30,North America,AuraSound Pro,252,23185.89,11092.26,6
2024-11-30,North America,BassLink Ultra,171,11807.23,5527.72,9
2024-11-30,North America,ClearWave SE,174,8693.99,4716.6,5
2024-11-30,Europe,AuraSound Pro,183,16248.97,7675.84,4
2024-11-30,Europe,BassLink Ultra,136,9367.82,4505.27,7
2024-11-30,Europe,ClearWave SE,84,4011.44,2150.52,7
2024-11-30,Asia Pacific,AuraSound Pro,133,12123.73,5630.39,8
2024-11-30,Asia Pacific,BassLink Ultra,126,8759.27,4087.45,8
2024-11-30,Asia Pacific,ClearWave SE,80,4084.74,2027.84,4
2024-11-30,Latin America,AuraSound Pro,154,14095.24,6636.84,6
2024-11-30,Latin America,BassLink Ultra,99,7055.24,3485.05,8
2024-11-30,Latin America,ClearWave SE,72,3492.3,1841.17,6
2024-12-01,North America,AuraSound Pro,236,20555.32,8477.24,7
2024-12-01,North America,BassLink Ultra,131,9315.56,4499.35,6
2024-12-01,North America,ClearWave SE,108,5164.44,2985.65,5
2024-12-01,Europe,AuraSound Pro,239,20917.02,8923.81,5
2024-12-01,Europe,BassLink Ultra,177,12721.14,6688.54,10
2024-12-01,Europe,ClearWave SE,91,4726.8,2663.47,8
2024-12-01,Asia Pacific,AuraSound Pro,158,14320.62,6729.72,6
2024-12-01,Asia Pacific,BassLink Ultra,154,10544.2,4938.81,8
2024-12-01,Asia Pacific,ClearWave SE,94,4787.68,2541.67,5
2024-12-01,Latin America,AuraSound Pro,112,9675.01,4529.43,7
2024-12-01,Latin America,BassLink Ultra,119,8605.09,4605.98,6
2024-12-01,Latin America,ClearWave SE,70,3581.16,2077.57,4
2024-12-02,North America,AuraSound Pro,188,16397.95,7511.92,7
2024-12-02,North America,BassLink Ultra,130,8739.03,4558.93,9
2024-12-02,North America,ClearWave SE,104,5015.81,2656.57,5
2024-12-02,Europe,AuraSound Pro,127,10880.91,4501.67,8
2024-12-02,Europe,BassLink Ultra,156,10480.08,5303.61,6
2024-12-02,Europe,ClearWave SE,97,4690.07,2356.27,5
2024-12-02,Asia Pacific,AuraSound Pro,148,13759.43,5695.03,9
2024-12-02,Asia Pacific,BassLink Ultra,106,7616.18,3660.15,7
2024-12-02,Asia Pacific,ClearWave SE,66,3160.84,1891.25,5
2024-12-02,Latin America,AuraSound Pro,168,15357.73,6930.68,7
2024-12-02,Latin America,BassLink Ultra,94,6352.33,3121.78,7
2024-12-02,Latin America,ClearWave SE,92,4684.18,2664.68,6
2024-12-03,North America,AuraSound Pro,199,17089.46,8027.82,6
2024-12-03,North America,BassLink Ultra,153,11090.44,5602.86,7
2024-12-03,North America,ClearWave SE,119,6199.73,3376.22,6
2024-12-03,Europe,AuraSound Pro,158,14694.13,6823.27,5
2024-12-03,Europe,BassLink Ultra,141,10002.94,4688.91,7
2024-12-03,Europe,ClearWave SE,106,5256.39,2980.39,5
2024-12-03,Asia Pacific,AuraSound Pro,232,20834.34,8976.77,7
2024-12-03,Asia Pacific,BassLink Ultra,140,9767.28,4603.76,7
2024-12-03,Asia Pacific,ClearWave SE,78,3796.74,2168.58,6
2024-12-03,Latin America,AuraSound Pro,109,9570.52,4140.6,7
2024-12-03,Latin America,BassLink Ultra,71,4772.63,2471.68,8
2024-12-03,Latin America,ClearWave SE,72,3550.27,1926.11,7
2024-12-04,North America,AuraSound Pro,238,21991.8,9318.54,6
2024-12-04,North America,BassLink Ultra,184,13023.67,6470.4,5
2024-12-04,North America,ClearWave SE,139,6952.19,4094.75,6
2024-12-04,Europe,AuraSound Pro,212,19948.6,8557.59,7
2024-12-04,Europe,BassLink Ultra,144,10352.92,5618.06,7
2024-12-04,Europe,ClearWave SE,107,5158.84,2839.57,5
2024-12-04,Asia Pacific,AuraSound Pro,139,12287.0,5163.06,6
2024-12-04,Asia Pacific,BassLink Ultra,112,7708.72,4116.35,8
2024-12-04,Asia Pacific,ClearWave SE,121,6131.05,3673.0,6
2024-12-04,Latin America,AuraSound Pro,135,12345.91,5721.02,8
2024-12-04,Latin America,BassLink Ultra,91,6291.61,3310.67,8
2024-12-04,Latin America,ClearWave SE,68,3479.62,2002.67,6
2024-12-05,North America,AuraSound Pro,208,17996.79,8265.84,5
2024-12-05,North America,BassLink Ultra,115,8312.03,3748.36,6
2024-12-05,North America,ClearWave SE,133,6971.86,3903.12,7
2024-12-05,Europe,AuraSound Pro,230,20676.16,10173.6,5
2024-12-05,Europe,BassLink Ultra,145,10360.51,5659.73,7
2024-12-05,Europe,ClearWave SE,88,4441.97,2534.25,6
2024-12-05,Asia Pacific,AuraSound Pro,148,13449.71,5899.98,5
2024-12-05,Asia Pacific,BassLink Ultra,96,7015.18,3683.32,7
2024-12-05,Asia Pacific,ClearWave SE,122,6069.96,3524.09,4
2024-12-05,Latin America,AuraSound Pro,101,9522.0,4063.83,6
2024-12-05,Latin America,BassLink Ultra,78,5365.87,2651.83,8
2024-12-05,Latin America,ClearWave SE,69,3331.05,1853.7,4
2024-12-06,North America,AuraSound Pro,199,18572.63,7831.38,7
2024-12-06,North America,BassLink Ultra,179,12489.06,6243.78,6
2024-12-06,North America,ClearWave SE,131,6625.35,3378.21,5
2024-12-06,Europe,AuraSound Pro,231,20929.78,8681.22,6
2024-12-06,Europe,BassLink Ultra,100,7011.22,3746.35,7
2024-12-06,Europe,ClearWave SE,71,3693.16,2062.19,4
2024-12-06,Asia Pacific,AuraSound Pro,119,10824.17,4944.83,7
2024-12-06,Asia Pacific,BassLink Ultra,125,8781.42,4357.39,8
2024-12-06,Asia Pacific,ClearWave SE,83,4262.84,2322.87,5
2024-12-06,Latin America,AuraSound Pro,199,17938.18,8700.56,7
2024-12-06,Latin America,BassLink Ultra,74,5300.1,2599.95,9
2024-12-06,Latin America,ClearWave SE,94,4721.72,2617.46,6
2024-12-07,North America,AuraSound Pro,212,19165.21,8558.77,6
2024-12-07,North America,BassLink Ultra,144,10297.57,5040.96,9
2024-12-07,North America,ClearWave SE,109,5215.13,2771.82,5
2024-12-07,Europe,AuraSound Pro,206,18192.04,8845.35,6
2024-12-07,Europe,BassLink Ultra,114,7994.02,4134.92,7
2024-12-07,Europe,ClearWave SE,70,3573.7,1969.92,5
2024-12-07,Asia Pacific,AuraSound Pro,203,18779.32,9233.49,6
2024-12-07,Asia Pacific,BassLink Ultra,191,13147.35,6807.93,7
2024-12-07,Asia Pacific,ClearWave SE,58,3002.48,1502.8,4
2024-12-07,Latin America,AuraSound Pro,67,5946.01,2940.16,9
2024-12-07,Latin America,BassLink Ultra,95,6769.85,3678.96,6
2024-12-07,Latin America,ClearWave SE,83,3990.18,2139.18,7
2024-12-08,North America,AuraSound Pro,261,23845.0,10745.37,7
2024-12-08,North America,BassLink Ultra,144,9712.62,5074.76,6
2024-12-08,North America,ClearWave SE,139,7082.2,3863.51,5
2024-12-08,Europe,AuraSound Pro,169,14934.7,6989.96,6
2024-12-08,Europe,BassLink Ultra,114,8153.73,4214.27,8
2024-12-08,Europe,ClearWave SE,90,4345.05,2263.83,6
2024-12-08,Asia Pacific,AuraSound Pro,211,19439.66,9492.2,6
2024-12-08,Asia Pacific,BassLink Ultra,95,6538.73,3299.97,9
2024-12-08,Asia Pacific,ClearWave SE,100,4911.59,2773.08,5
2024-12-08,Latin America,AuraSound Pro,120,11264.09,5099.95,7
2024-12-08,Latin America,BassLink Ultra,68,4889.83,2496.7,10
2024-12-08,Latin America,ClearWave SE,87,4295.69,2230.31,5
2024-12-09,North America,AuraSound Pro,305,27279.78,12243.03,8
2024-12-09,North America,BassLink Ultra,151,11071.1,5786.27,7
2024-12-09,North America,ClearWave SE,120,6143.89,3523.77,6
2024-12-09,Europe,AuraSound Pro,202,18409.59,8253.05,5
2024-12-09,Europe,BassLink Ultra,142,10287.03,5455.65,8
2024-12-09,Europe,ClearWave SE,65,3357.03,1842.75,5
2024-12-09,Asia Pacific,AuraSound Pro,168,14576.86,6810.99,5
2024-12-09,Asia Pacific,BassLink Ultra,93,6806.21,3591.56,7
2024-12-09,Asia Pacific,ClearWave SE,106,5478.67,3169.45,7
2024-12-09,Latin America,AuraSound Pro,142,12384.48,6067.21,7
2024-12-09,Latin America,BassLink Ultra,106,7139.05,3598.16,5
2024-12-09,Latin America,ClearWave SE,93,4517.19,2487.35,5
2024-12-10,North America,AuraSound Pro,273,23772.34,11171.79,7
2024-12-10,North America,BassLink Ultra,136,9150.42,4216.92,8
2024-12-10,North America,ClearWave SE,110,5481.16,2928.41,6
2024-12-10,Europe,AuraSound Pro,265,24287.86,10963.46,7
2024-12-10,Europe,BassLink Ultra,83,6019.41,2907.89,7
2024-12-10,Europe,ClearWave SE,126,6210.41,3652.78,5
2024-12-10,Asia Pacific,AuraSound Pro,212,18210.04,8006.97,5
2024-12-10,Asia Pacific,BassLink Ultra,147,10769.06,5342.4,7
2024-12-10,Asia Pacific,ClearWave SE,106,5546.61,3240.45,6
2024-12-10,Latin America,AuraSound Pro,135,12191.78,4955.71,6
2024-12-10,Latin America,BassLink Ultra,97,7078.28,3750.67,7
2024-12-10,Latin America,ClearWave SE,74,3827.82,2257.71,4
2024-12-11,North America,AuraSound Pro,255,22947.59,11129.89,7
2024-12-11,North America,BassLink Ultra,112,8165.3,3991.15,7
2024-12-11,North America,ClearWave SE,84,4267.54,2579.53,6
2024-12-11,Europe,AuraSound Pro,206,17704.87,8052.42,6
2024-12-11,Europe,BassLink Ultra,114,8195.74,3866.27,7
2024-12-11,Europe,ClearWave SE,91,4588.56,2604.3,5
2024-12-11,Asia Pacific,AuraSound Pro,115,10746.42,5114.15,6
2024-12-11,Asia Pacific,BassLink Ultra,88,6282.72,3357.26,9
2024-12-11,Asia Pacific,ClearWave SE,125,6404.41,3572.96,6
2024-12-11,Latin America,AuraSound Pro,162,14150.94,6723.88,6
2024-12-11,Latin America,BassLink Ultra,103,7189.45,3373.64,8
2024-12-11,Latin America,ClearWave SE,78,4049.83,2294.6,5
2024-12-12,North America,AuraSound Pro,222,20167.22,9578.43,7
2024-12-12,North America,BassLink Ultra,166,11841.33,6382.59,6
2024-12-12,North America,ClearWave SE,165,8188.37,4433.63,6
2024-12-12,Europe,AuraSound Pro,216,20382.16,8725.01,6
2024-12-12,Europe,BassLink Ultra,145,9897.11,4524.0,8
2024-12-12,Europe,ClearWave SE,89,4343.13,2210.03,5
2024-12-12,Asia Pacific,AuraSound Pro,157,14769.73,6352.03,6
2024-12-12,Asia Pacific,BassLink Ultra,144,10257.27,5249.71,7
2024-12-12,Asia Pacific,ClearWave SE,114,5914.09,3345.54,6
2024-12-12,Latin America,AuraSound Pro,133,11702.12,5666.25,8
2024-12-12,Latin America,BassLink Ultra,111,7411.65,3629.87,8
2024-12-12,Latin America,ClearWave SE,77,3905.79,2306.99,6
2024-12-13,North America,AuraSound Pro,253,23865.45,11138.27,8
2024-12-13,North America,BassLink Ultra,156,10792.75,5701.52,6
2024-12-13,North America,ClearWave SE,112,5472.76,3057.8,4
2024-12-13,Europe,AuraSound Pro,161,14105.19,6719.27,7
2024-12-13,Europe,BassLink Ultra,130,8664.75,4199.64,7
2024-12-13,Europe,ClearWave SE,96,4985.4,2966.54,6
2024-12-13,Asia Pacific,AuraSound Pro,152,13001.49,5743.63,6
2024-12-13,Asia Pacific,BassLink Ultra,89,6438.85,3358.89,9
2024-12-13,Asia Pacific,ClearWave SE,124,6471.81,3269.82,5
2024-12-13,Latin America,AuraSound Pro,122,10976.57,4981.14,5
2024-12-13,Latin America,BassLink Ultra,115,8165.63,4146.36,6
2024-12-13,Latin America,ClearWave SE,74,3646.07,2001.74,5
2024-12-14,North America,AuraSound Pro,224,19178.05,8524.55,7
2024-12-14,North America,BassLink Ultra,179,12544.99,5958.58,8
2024-12-14,North America,ClearWave SE,210,11022.66,6237.28,4
2024-12-14,Europe,AuraSound Pro,184,16317.22,7802.34,9
2024-12-14,Europe,BassLink Ultra,140,9756.58,4456.81,7
2024-12-14,Europe,ClearWave SE,101,4923.02,2628.46,6
2024-12-14,Asia Pacific,AuraSound Pro,167,14319.96,6594.58,9
2024-12-14,Asia Pacific,BassLink Ultra,140,9798.17,5103.84,7
2024-12-14,Asia Pacific,ClearWave SE,111,5671.5,3371.42,5
2024-12-14,Latin America,AuraSound Pro,130,11908.29,4924.85,6
2024-12-14,Latin America,BassLink Ultra,106,7371.41,4043.52,7
2024-12-14,Latin America,ClearWave SE,76,3830.02,2106.74,5
2024-12-15,North America,AuraSound Pro,241,21164.91,10289.33,7
2024-12-15,North America,BassLink Ultra,209,14465.3,7740.28,7
2024-12-15,North America,ClearWave SE,106,5378.25,2775.43,6
2024-12-15,Europe,AuraSound Pro,148,12681.92,5378.02,6
2024-12-15,Europe,BassLink Ultra,101,7070.05,3356.64,12
2024-12-15,Europe,ClearWave SE,135,6652.8,3937.98,7
2024-12-15,Asia Pacific,AuraSound Pro,222,19532.95,7911.92,8
2024-12-15,Asia Pacific,BassLink Ultra,126,8486.44,4136.38,8
2024-12-15,Asia Pacific,ClearWave SE,124,6422.13,3278.04,7
2024-12-15,Latin America,AuraSound Pro,110,9789.61,3978.1,6
2024-12-15,Latin America,BassLink Ultra,95,6881.64,3137.96,9
2024-12-15,Latin America,ClearWave SE,65,3212.53,1873.92,5
2024-12-16,North America,AuraSound Pro,176,15149.26,6243.83,6
2024-12-16,North America,BassLink Ultra,151,10807.53,5600.77,10
2024-12-16,North America,ClearWave SE,152,7505.8,3779.29,6
2024-12-16,Europe,AuraSound Pro,155,13396.48,6506.39,6
2024-12-16,Europe,BassLink Ultra,155,10681.2,5529.81,8
2024-12-16,Europe,ClearWave SE,119,5728.46,2836.9,4
2024-12-16,Asia Pacific,AuraSound Pro,173,16232.94,7062.06,7
2024-12-16,Asia Pacific,BassLink Ultra,100,7143.21,3618.61,6
2024-12-16,Asia Pacific,ClearWave SE,79,3822.93,2106.98,7
2024-12-16,Latin America,AuraSound Pro,105,9167.27,4049.5,7
2024-12-16,Latin America,BassLink Ultra,67,4524.52,2038.01,7
2024-12-16,Latin America,ClearWave SE,78,3966.93,1993.68,5
2024-12-17,North America,AuraSound Pro,280,26200.73,11667.57,7
2024-12-17,North America,BassLink Ultra,134,9066.1,4483.93,7
2024-12-17,North America,ClearWave SE,119,5906.68,3342.55,4
2024-12-17,Europe,AuraSound Pro,260,22731.56,10902.0,7
2024-12-17,Europe,BassLink Ultra,141,9479.65,5114.55,8
2024-12-17,Europe,ClearWave SE,123,5863.91,3417.99,6
2024-12-17,Asia Pacific,AuraSound Pro,158,14328.09,6144.58,6
2024-12-17,Asia Pacific,BassLink Ultra,151,10154.36,5235.6,10
2024-12-17,Asia Pacific,ClearWave SE,69,3435.38,1808.97,7
2024-12-17,Latin America,AuraSound Pro,127,11979.08,5525.13,6
2024-12-17,Latin America,BassLink Ultra,58,4075.4,1988.84,8
2024-12-17,Latin America,ClearWave SE,68,3323.17,1710.79,4
2024-12-18,North America,AuraSound Pro,290,25191.08,10276.6,7
2024-12-18,North America,BassLink Ultra,174,12701.01,6281.0,9
2024-12-18,North America,ClearWave SE,149,7357.75,4149.04,4
2024-12-18,Europe,AuraSound Pro,228,20057.6,8215.34,5
2024-12-18,Europe,BassLink Ultra,153,10307.91,4833.62,10
2024-12-18,Europe,ClearWave SE,123,5947.69,3547.89,5
2024-12-18,Asia Pacific,AuraSound Pro,246,21274.72,9131.39,7
2024-12-18,Asia Pacific,BassLink Ultra,101,6806.78,3221.82,7
2024-12-18,Asia Pacific,ClearWave SE,85,4271.99,2172.14,8
2024-12-18,Latin America,AuraSound Pro,150,12852.72,5648.98,7
2024-12-18,Latin America,BassLink Ultra,104,7087.09,3512.57,8
2024-12-18,Latin America,ClearWave SE,69,3456.98,1731.49,5
2024-12-19,North America,AuraSound Pro,246,22865.77,9819.94,9
2024-12-19,North America,BassLink Ultra,174,11800.92,6109.38,9
2024-12-19,North America,ClearWave SE,92,4683.55,2822.92,6
2024-12-19,Europe,AuraSound Pro,171,15452.74,6495.09,6
2024-12-19,Europe,BassLink Ultra,184,13461.78,7384.43,7
2024-12-19,Europe,ClearWave SE,122,5815.44,3355.8,5
2024-12-19,Asia Pacific,AuraSound Pro,132,11887.37,4952.99,7
2024-12-19,Asia Pacific,BassLink Ultra,114,8079.43,3764.03,9
2024-12-19,Asia Pacific,ClearWave SE,83,4150.44,2280.31,5
2024-12-19,Latin America,AuraSound Pro,149,13223.17,5577.17,6
2024-12-19,Latin America,BassLink Ultra,110,7873.26,3922.37,6
2024-12-19,Latin America,ClearWave SE,60,3123.78,1865.4,6
2024-12-20,North America,AuraSound Pro,357,33715.58,16677.28,7
2024-12-20,North America,BassLink Ultra,168,12112.11,5943.65,8
2024-12-20,North America,ClearWave SE,121,5835.19,3117.61,4
2024-12-20,Europe,AuraSound Pro,181,16964.24,8217.22,6
2024-12-20,Europe,BassLink Ultra,173,12101.61,6645.45,8
2024-12-20,Europe,ClearWave SE,88,4584.48,2551.72,4
2024-12-20,Asia Pacific,AuraSound Pro,168,14992.07,7374.51,6
2024-12-20,Asia Pacific,BassLink Ultra,172,12295.0,6479.51,9
2024-12-20,Asia Pacific,ClearWave SE,76,3941.35,2268.38,6
2024-12-20,Latin America,AuraSound Pro,148,13919.73,5826.83,7
2024-12-20,Latin America,BassLink Ultra,164,11282.4,6024.13,7
2024-12-20,Latin America,ClearWave SE,89,4670.3,2445.05,6
2024-12-21,North America,AuraSound Pro,248,21900.16,9186.08,8
2024-12-21,North America,BassLink Ultra,171,12357.18,6234.62,9
2024-12-21,North America,ClearWave SE,115,5680.75,3419.94,5
2024-12-21,Europe,AuraSound Pro,214,19056.81,7763.11,6
2024-12-21,Europe,BassLink Ultra,138,9248.71,4426.8,7
2024-12-21,Europe,ClearWave SE,130,6621.11,3984.67,6
2024-12-21,Asia Pacific,AuraSound Pro,271,24573.39,11023.22,7
2024-12-21,Asia Pacific,BassLink Ultra,134,9661.25,5107.29,9
2024-12-21,Asia Pacific,ClearWave SE,110,5333.74,2982.44,5
2024-12-21,Latin America,AuraSound Pro,129,11982.03,5762.94,6
2024-12-21,Latin America,BassLink Ultra,105,7218.77,3312.08,8
2024-12-21,Latin America,ClearWave SE,92,4525.35,2429.16,7
2024-12-22,North America,AuraSound Pro,200,17168.39,8100.58,8
2024-12-22,North America,BassLink Ultra,210,15003.11,7553.75,6
2024-12-22,North America,ClearWave SE,143,6996.05,4027.99,7
2024-12-22,Europe,AuraSound Pro,185,17316.81,7863.7,7
2024-12-22,Europe,BassLink Ultra,149,10340.65,5118.04,5
2024-12-22,Europe,ClearWave SE,114,5486.02,3083.88,6
2024-12-22,Asia Pacific,AuraSound Pro,198,17551.32,7695.66,7
2024-12-22,Asia Pacific,BassLink Ultra,123,8669.52,4519.34,10
2024-12-22,Asia Pacific,ClearWave SE,85,4099.07,2160.61,6
2024-12-22,Latin America,AuraSound Pro,87,7882.65,3230.4,7
2024-12-22,Latin America,BassLink Ultra,60,4213.96,2074.34,8
2024-12-22,Latin America,ClearWave SE,85,4115.2,2345.46,5
2024-12-23,North America,AuraSound Pro,235,21943.67,9133.76,7
2024-12-23,North America,BassLink Ultra,89,5922.71,2927.75,7
2024-12-23,North America,ClearWave SE,177,9236.07,4659.02,5
2024-12-23,Europe,AuraSound Pro,170,15229.74,7230.06,5
2024-12-23,Europe,BassLink Ultra,126,9004.03,4848.52,7
2024-12-23,Europe,ClearWave SE,187,9033.04,4690.6,6
2024-12-23,Asia Pacific,AuraSound Pro,160,15014.86,6786.13,5
2024-12-23,Asia Pacific,BassLink Ultra,109,7540.43,3863.16,7
2024-12-23,Asia Pacific,ClearWave SE,65,3270.38,1705.84,5
2024-12-23,Latin America,AuraSound Pro,125,11064.65,5250.88,6
2024-12-23,Latin America,BassLink Ultra,112,8115.2,3880.74,10
2024-12-23,Latin America,ClearWave SE,73,3613.1,1949.59,6
2024-12-24,North America,AuraSound Pro,215,18998.23,7821.97,6
2024-12-24,North America,BassLink Ultra,191,13153.45,6081.75,7
2024-12-24,North America,ClearWave SE,113,5915.41,3044.46,5
2024-12-24,Europe,AuraSound Pro,140,13143.3,6484.07,7
2024-12-24,Europe,BassLink Ultra,123,8525.68,4043.14,9
2024-12-24,Europe,ClearWave SE,159,7682.58,4170.43,5
2024-12-24,Asia Pacific,AuraSound Pro,133,11798.24,4779.35,8
2024-12-24,Asia Pacific,BassLink Ultra,128,9379.3,4895.31,8
2024-12-24,Asia Pacific,ClearWave SE,70,3674.02,2056.98,6
2024-12-24,Latin America,AuraSound Pro,170,15826.48,6423.5,8
2024-12-24,Latin America,BassLink Ultra,110,8003.12,4149.89,6
2024-12-24,Latin America,ClearWave SE,54,2763.69,1593.37,5
2024-12-25,North America,AuraSound Pro,171,16042.53,7294.04,7
2024-12-25,North America,BassLink Ultra,146,10059.17,5406.38,8
2024-12-25,North America,ClearWave SE,133,6636.51,3833.48,5
2024-12-25,Europe,AuraSound Pro,161,15105.79,6895.1,6
2024-12-25,Europe,BassLink Ultra,106,7705.01,4049.11,10
2024-12-25,Europe,ClearWave SE,108,5603.97,3048.07,6
2024-12-25,Asia Pacific,AuraSound Pro,174,15962.38,6564.31,7
2024-12-25,Asia Pacific,BassLink Ultra,106,7308.66,3375.62,9
2024-12-25,Asia Pacific,ClearWave SE,93,4569.2,2710.07,5
2024-12-25,Latin America,AuraSound Pro,179,15436.09,7072.8,6
2024-12-25,Latin America,BassLink Ultra,105,7603.38,3767.35,7
2024-12-25,Latin America,ClearWave SE,68,3420.51,1721.23,6
2024-12-26,North America,AuraSound Pro,184,16920.63,7599.19,6
2024-12-26,North America,BassLink Ultra,170,11406.29,5971.61,10
2024-12-26,North America,ClearWave SE,181,9276.24,4750.66,6
2024-12-26,Europe,AuraSound Pro,183,17288.12,7672.28,5
2024-12-26,Europe,BassLink Ultra,167,11342.92,5170.68,9
2024-12-26,Europe,ClearWave SE,160,8396.92,4487.71,6
2024-12-26,Asia Pacific,AuraSound Pro,166,15221.29,6984.18,7
2024-12-26,Asia Pacific,BassLink Ultra,124,8892.08,4155.05,7
2024-12-26,Asia Pacific,ClearWave SE,73,3757.65,2190.05,6
2024-12-26,Latin America,AuraSound Pro,140,12327.18,5890.54,8
2024-12-26,Latin America,BassLink Ultra,86,5828.9,3016.0,7
2024-12-26,Latin America,ClearWave SE,96,4758.54,2407.91,7
2024-12-27,North America,AuraSound Pro,235,20950.92,9595.4,7
2024-12-27,North America,BassLink Ultra,157,10884.62,5145.4,7
2024-12-27,North America,ClearWave SE,145,7270.85,3985.75,5
2024-12-27,Europe,AuraSound Pro,205,17732.54,8511.94,7
2024-12-27,Europe,BassLink Ultra,111,7611.3,3792.22,8
2024-12-27,Europe,ClearWave SE,90,4514.79,2574.85,6
2024-12-27,Asia Pacific,AuraSound Pro,219,20435.93,9142.26,6
2024-12-27,Asia Pacific,BassLink Ultra,175,12219.4,5651.33,9
2024-12-27,Asia Pacific,ClearWave SE,106,5493.89,3126.73,5
2024-12-27,Latin America,AuraSound Pro,167,14581.88,6467.68,9
2024-12-27,Latin America,BassLink Ultra,104,6928.54,3778.52,10
2024-12-27,Latin America,ClearWave SE,70,3540.05,2111.84,6
2024-12-28,North America,AuraSound Pro,235,21055.11,9304.64,6
2024-12-28,North America,BassLink Ultra,155,10375.09,4737.1,9
2024-12-28,North America,ClearWave SE,131,6691.72,3462.36,5
2024-12-28,Europe,AuraSound Pro,256,22473.49,10316.46,8
2024-12-28,Europe,BassLink Ultra,130,8950.13,4581.71,10
2024-12-28,Europe,ClearWave SE,110,5439.37,2970.27,6
2024-12-28,Asia Pacific,AuraSound Pro,179,15832.27,6585.08,6
2024-12-28,Asia Pacific,BassLink Ultra,122,8454.92,3894.11,7
2024-12-28,Asia Pacific,ClearWave SE,70,3497.05,1899.0,6
2024-12-28,Latin America,AuraSound Pro,164,14207.12,5821.74,5
2024-12-28,Latin America,BassLink Ultra,112,7837.72,3893.61,9
2024-12-28,Latin America,ClearWave SE,44,2176.0,1196.73,5
2024-12-29,North America,AuraSound Pro,345,31702.28,13916.88,7
2024-12-29,North America,BassLink Ultra,117,8218.75,4071.04,6
2024-12-29,North America,ClearWave SE,143,7433.55,4259.46,6
2024-12-29,Europe,AuraSound Pro,199,18738.14,7855.69,7
2024-12-29,Europe,BassLink Ultra,143,10492.48,5159.79,7
2024-12-29,Europe,ClearWave SE,114,5783.66,3063.43,4
2024-12-29,Asia Pacific,AuraSound Pro,166,14679.49,6436.06,7
2024-12-29,Asia Pacific,BassLink Ultra,106,7613.29,3704.12,7
2024-12-29,Asia Pacific,ClearWave SE,104,5141.53,2838.31,7
2024-12-29,Latin America,AuraSound Pro,169,14589.3,6724.22,5
2024-12-29,Latin America,BassLink Ultra,150,10421.41,4764.97,9
2024-12-29,Latin America,ClearWave SE,82,3941.65,2172.65,6
2024-12-30,North America,AuraSound Pro,204,18554.13,8864.22,6
2024-12-30,North America,BassLink Ultra,144,10443.7,5057.41,8
2024-12-30,North America,ClearWave SE,223,10866.46,6300.94,5
2024-12-30,Europe,AuraSound Pro,192,17465.32,7846.0,7
2024-12-30,Europe,BassLink Ultra,132,9276.62,4468.09,8
2024-12-30,Europe,ClearWave SE,141,7047.47,3795.93,5
2024-12-30,Asia Pacific,AuraSound Pro,177,15876.32,7390.73,7
2024-12-30,Asia Pacific,BassLink Ultra,106,7739.47,4007.91,6
2024-12-30,Asia Pacific,ClearWave SE,90,4518.8,2719.66,6
2024-12-30,Latin America,AuraSound Pro,114,10270.03,4517.83,6
2024-12-30,Latin America,BassLink Ultra,98,7047.42,3776.74,8
2024-12-30,Latin America,ClearWave SE,76,3669.17,1844.89,6
2024-12-31,North America,AuraSound Pro,178,15320.79,6935.53,6
2024-12-31,North America,BassLink Ultra,200,13309.37,7110.57,7
2024-12-31,North America,ClearWave SE,141,6843.53,4136.24,6
2024-12-31,Europe,AuraSound Pro,228,20232.71,9188.08,8
2024-12-31,Europe,BassLink Ultra,178,12713.59,5825.85,10
2024-12-31,Europe,ClearWave SE,94,4586.58,2357.45,4
2024-12-31,Asia Pacific,AuraSound Pro,165,14838.61,6093.74,6
2024-12-31,Asia Pacific,BassLink Ultra,108,7637.38,3841.39,8
2024-12-31,Asia Pacific,ClearWave SE,126,6081.49,3020.52,6
2024-12-31,Latin America,AuraSound Pro,121,10470.04,4942.08,7
2024-12-31,Latin America,BassLink Ultra,115,8384.81,4038.52,6
2024-12-31,Latin America,ClearWave SE,74,3562.56,1787.85,5
2025-01-01,North America,AuraSound Pro,230,20326.93,9525.01,6
2025-01-01,North America,BassLink Ultra,180,12636.8,5816.01,8
2025-01-01,North America,ClearWave SE,112,5366.89,3153.97,7
2025-01-01,Europe,AuraSound Pro,156,14559.9,7078.91,6
2025-01-01,Europe,BassLink Ultra,110,7760.21,4061.26,6
2025-01-01,Europe,ClearWave SE,115,6009.17,3147.79,5
2025-01-01,Asia Pacific,AuraSound Pro,212,18579.52,8758.11,6
2025-01-01,Asia Pacific,BassLink Ultra,111,7936.6,4216.0,8
2025-01-01,Asia Pacific,ClearWave SE,82,3931.92,2195.16,5
2025-01-01,Latin America,AuraSound Pro,181,15929.08,6685.05,4
2025-01-01,Latin America,BassLink Ultra,55,3857.89,2103.63,6
2025-01-01,Latin America,ClearWave SE,108,5198.09,3142.84,7
2025-01-02,North America,AuraSound Pro,258,23018.45,10362.71,7
2025-01-02,North America,BassLink Ultra,128,9128.48,4932.1,8
2025-01-02,North America,ClearWave SE,113,5718.84,3268.51,6
2025-01-02,Europe,AuraSound Pro,240,21705.56,10488.34,6
2025-01-02,Europe,BassLink Ultra,156,10394.53,4930.65,8
2025-01-02,Europe,ClearWave SE,110,5713.34,3121.94,5
2025-01-02,Asia Pacific,AuraSound Pro,162,14344.5,6965.7,8
2025-01-02,Asia Pacific,BassLink Ultra,167,11380.51,6201.01,7
2025-01-02,Asia Pacific,ClearWave SE,137,6567.5,3606.83,6
2025-01-02,Latin America,AuraSound Pro,135,12079.79,5079.6,6
2025-01-02,Latin America,BassLink Ultra,84,5789.0,2989.02,8
2025-01-02,Latin America,ClearWave SE,111,5804.81,2947.8,5
2025-01-03,North America,AuraSound Pro,195,17397.97,7097.63,7
2025-01-03,North America,BassLink Ultra,156,10745.91,5802.35,7
2025-01-03,North America,ClearWave SE,101,4961.97,2630.75,6
2025-01-03,Europe,AuraSound Pro,251,22657.08,9962.05,5
2025-01-03,Europe,BassLink Ultra,133,9574.38,4416.18,7
2025-01-03,Europe,ClearWave SE,97,4642.16,2712.88,7
2025-01-03,Asia Pacific,AuraSound Pro,132,12347.51,5051.04,7
2025-01-03,Asia Pacific,BassLink Ultra,144,10289.58,4927.96,7
2025-01-03,Asia Pacific,ClearWave SE,83,4155.83,2473.24,5
2025-01-03,Latin America,AuraSound Pro,96,8849.9,4353.48,9
2025-01-03,Latin America,BassLink Ultra,89,6486.3,3352.74,7
2025-01-03,Latin America,ClearWave SE,117,5992.49,3475.85,4
2025-01-04,North America,AuraSound Pro,231,20358.24,9417.11,7
2025-01-04,North America,BassLink Ultra,241,16732.63,7785.69,6
2025-01-04,North America,ClearWave SE,199,10245.74,5627.64,5
2025-01-04,Europe,AuraSound Pro,186,17217.34,7612.77,5
2025-01-04,Europe,BassLink Ultra,143,9749.57,5163.52,10
2025-01-04,Europe,ClearWave SE,114,5532.96,2779.63,5
2025-01-04,Asia Pacific,AuraSound Pro,156,14328.9,6763.64,13
2025-01-04,Asia Pacific,BassLink Ultra,112,7942.11,4032.17,10
2025-01-04,Asia Pacific,ClearWave SE,147,7677.19,3963.11,4
2025-01-04,Latin America,AuraSound Pro,111,10115.11,4216.08,6
2025-01-04,Latin America,BassLink Ultra,88,6425.78,3425.42,10
2025-01-04,Latin America,ClearWave SE,116,5837.65,3267.18,5
2025-01-05,North America,AuraSound Pro,217,18703.99,8176.66,5
2025-01-05,North America,BassLink Ultra,177,12961.88,6553.17,8
2025-01-05,North America,ClearWave SE,106,5402.43,2716.19,6
2025-01-05,Europe,AuraSound Pro,240,21187.92,8676.16,5
2025-01-05,Europe,BassLink Ultra,128,8567.32,3919.37,9
2025-01-05,Europe,ClearWave SE,98,5033.4,2669.64,5
2025-01-05,Asia Pacific,AuraSound Pro,162,14568.0,6802.14,7
2025-01-05,Asia Pacific,BassLink Ultra,159,11601.17,5485.64,10
2025-01-05,Asia Pacific,ClearWave SE,125,5984.99,2999.36,5
2025-01-05,Latin America,AuraSound Pro,158,13877.01,5857.79,5
2025-01-05,Latin America,BassLink Ultra,155,10575.67,5077.05,7
2025-01-05,Latin America,ClearWave SE,88,4475.99,2601.08,6
2025-01-06,North America,AuraSound Pro,181,16213.7,7744.34,6
2025-01-06,North America,BassLink Ultra,216,15856.76,7249.75,7
2025-01-06,North America,ClearWave SE,112,5806.41,2888.96,5
2025-01-06,Europe,AuraSound Pro,164,15395.24,7162.69,6
2025-01-06,Europe,BassLink Ultra,103,6988.18,3300.46,7
2025-01-06,Europe,ClearWave SE,116,5881.22,3341.59,5
2025-01-06,Asia Pacific,AuraSound Pro,226,20406.12,8458.17,6
2025-01-06,Asia Pacific,BassLink Ultra,124,8667.93,4027.53,7
2025-01-06,Asia Pacific,ClearWave SE,94,4832.05,2748.52,6
2025-01-06,Latin America,AuraSound Pro,108,9447.47,3866.48,7
2025-01-06,Latin America,BassLink Ultra,86,6219.66,3026.73,6
2025-01-06,Latin America,ClearWave SE,73,3753.23,2260.91,7
2025-01-07,North America,AuraSound Pro,267,24320.04,11638.51,6
2025-01-07,North America,BassLink Ultra,141,9600.24,4387.34,10
2025-01-07,North America,ClearWave SE,144,7369.92,3913.49,6
2025-01-07,Europe,AuraSound Pro,221,19453.51,7903.72,7
2025-01-07,Europe,BassLink Ultra,128,8766.28,4639.87,9
2025-01-07,Europe,ClearWave SE,85,4260.09,2218.17,6
2025-01-07,Asia Pacific,AuraSound Pro,164,15250.84,6700.38,8
2025-01-07,Asia Pacific,BassLink Ultra,115,8000.66,4092.73,9
2025-01-07,Asia Pacific,ClearWave SE,108,5582.16,3294.78,9
2025-01-07,Latin America,AuraSound Pro,163,14029.91,5825.08,7
2025-01-07,Latin America,BassLink Ultra,70,4881.77,2356.96,9
2025-01-07,Latin America,ClearWave SE,101,5096.19,3081.71,5
2025-01-08,North America,AuraSound Pro,208,18276.82,7954.64,7
2025-01-08,North America,BassLink Ultra,180,12774.44,6038.28,7
2025-01-08,North America,ClearWave SE,150,7793.76,4077.5,5
2025-01-08,Europe,AuraSound Pro,253,23384.49,11183.69,6
2025-01-08,Europe,BassLink Ultra,170,11691.21,5444.21,8
2025-01-08,Europe,ClearWave SE,122,6315.03,3182.32,7
2025-01-08,Asia Pacific,AuraSound Pro,163,14895.52,6086.48,7
2025-01-08,Asia Pacific,BassLink Ultra,173,11949.35,5634.61,8
2025-01-08,Asia Pacific,ClearWave SE,132,6482.24,3388.73,6
2025-01-08,Latin America,AuraSound Pro,161,13950.25,6886.42,8
2025-01-08,Latin America,BassLink Ultra,100,6916.57,3734.03,11
2025-01-08,Latin America,ClearWave SE,67,3222.86,1864.43,5
2025-01-09,North America,AuraSound Pro,335,29297.93,13582.67,8
2025-01-09,North America,BassLink Ultra,149,10742.77,5208.94,9
2025-01-09,North America,ClearWave SE,150,7859.36,4133.97,6
2025-01-09,Europe,AuraSound Pro,173,16149.5,7366.94,6
2025-01-09,Europe,BassLink Ultra,119,8700.91,4376.75,7
2025-01-09,Europe,ClearWave SE,95,4640.15,2604.05,4
2025-01-09,Asia Pacific,AuraSound Pro,232,20717.14,8860.88,6
2025-01-09,Asia Pacific,BassLink Ultra,138,10079.55,5051.66,7
2025-01-09,Asia Pacific,ClearWave SE,98,5041.1,2738.62,5
2025-01-09,Latin America,AuraSound Pro,196,17782.13,8572.17,5
2025-01-09,Latin America,BassLink Ultra,120,8454.18,4058.45,7
2025-01-09,Latin America,ClearWave SE,66,3339.82,1738.01,4
2025-01-10,North America,AuraSound Pro,247,23161.12,9476.98,7
2025-01-10,North America,BassLink Ultra,196,13082.36,6457.65,7
2025-01-10,North America,ClearWave SE,131,6770.59,3815.48,5
2025-01-10,Europe,AuraSound Pro,170,15978.15,7491.09,8
2025-01-10,Europe,BassLink Ultra,101,7364.96,3738.75,6
2025-01-10,Europe,ClearWave SE,100,4860.87,2793.01,7
2025-01-10,Asia Pacific,AuraSound Pro,181,16490.2,6987.65,10
2025-01-10,Asia Pacific,BassLink Ultra,120,8319.86,4416.52,8
2025-01-10,Asia Pacific,ClearWave SE,128,6671.72,3695.88,8
2025-01-10,Latin America,AuraSound Pro,124,10678.28,4331.83,7
2025-01-10,Latin America,BassLink Ultra,96,6697.92,3580.3,9
2025-01-10,Latin America,ClearWave SE,108,5289.07,3103.26,7
2025-01-11,North America,AuraSound Pro,213,18750.61,8725.53,6
2025-01-11,North America,BassLink Ultra,197,13224.28,6145.59,6
2025-01-11,North America,ClearWave SE,162,8389.57,5046.85,6
2025-01-11,Europe,AuraSound Pro,262,23872.15,11006.34,8
2025-01-11,Europe,BassLink Ultra,147,10171.31,5027.21,6
2025-01-11,Europe,ClearWave SE,92,4534.46,2276.21,6
2025-01-11,Asia Pacific,AuraSound Pro,199,17877.05,7458.44,6
2025-01-11,Asia Pacific,BassLink Ultra,107,7264.42,3306.79,7
2025-01-11,Asia Pacific,ClearWave SE,135,6806.67,3823.29,5
2025-01-11,Latin America,AuraSound Pro,125,11637.1,4805.04,5
2025-01-11,Latin America,BassLink Ultra,99,7162.62,3450.95,9
2025-01-11,Latin America,ClearWave SE,102,5244.3,2728.4,5
2025-01-12,North America,AuraSound Pro,248,22814.62,11212.92,6
2025-01-12,North America,BassLink Ultra,160,11313.63,5418.88,7
2025-01-12,North America,ClearWave SE,125,5976.62,3277.93,3
2025-01-12,Europe,AuraSound Pro,281,25655.54,10818.16,6
2025-01-12,Europe,BassLink Ultra,125,8467.87,4367.06,7
2025-01-12,Europe,ClearWave SE,85,4169.51,2481.77,7
2025-01-12,Asia Pacific,AuraSound Pro,180,15858.36,7521.79,7
2025-01-12,Asia Pacific,BassLink Ultra,139,10038.9,4642.89,7
2025-01-12,Asia Pacific,ClearWave SE,103,5018.22,2805.29,6
2025-01-12,Latin America,AuraSound Pro,107,9555.44,4440.89,6
2025-01-12,Latin America,BassLink Ultra,96,6395.04,3357.07,7
2025-01-12,Latin America,ClearWave SE,71,3714.24,1847.79,6
2025-01-13,North America,AuraSound Pro,319,29533.27,12052.1,7
2025-01-13,North America,BassLink Ultra,146,9753.46,4937.16,12
2025-01-13,North America,ClearWave SE,183,9060.24,5166.09,5
2025-01-13,Europe,AuraSound Pro,268,24383.6,11137.11,7
2025-01-13,Europe,BassLink Ultra,114,7868.72,3788.21,9
2025-01-13,Europe,ClearWave SE,97,4612.89,2585.9,6
2025-01-13,Asia Pacific,AuraSound Pro,186,17211.7,8012.93,7
2025-01-13,Asia Pacific,BassLink Ultra,186,13440.06,6350.07,7
2025-01-13,Asia Pacific,ClearWave SE,82,4079.57,2416.56,5
2025-01-13,Latin America,AuraSound Pro,110,10255.62,4629.22,5
2025-01-13,Latin America,BassLink Ultra,126,8810.39,4565.15,8
2025-01-13,Latin America,ClearWave SE,78,4080.82,2455.72,4
2025-01-14,North America,AuraSound Pro,221,20810.64,9719.42,7
2025-01-14,North America,BassLink Ultra,236,15719.05,7303.31,7
2025-01-14,North America,ClearWave SE,151,7445.98,4095.84,7
2025-01-14,Europe,AuraSound Pro,211,18794.5,7815.31,7
2025-01-14,Europe,BassLink Ultra,114,7977.74,4295.3,5
2025-01-14,Europe,ClearWave SE,158,7811.07,3891.47,6
2025-01-14,Asia Pacific,AuraSound Pro,203,18897.32,8674.8,8
2025-01-14,Asia Pacific,BassLink Ultra,122,8941.21,4337.5,6
2025-01-14,Asia Pacific,ClearWave SE,81,3867.63,1965.14,4
2025-01-14,Latin America,AuraSound Pro,154,13253.4,5723.92,6
2025-01-14,Latin America,BassLink Ultra,136,9399.07,4425.33,9
2025-01-14,Latin America,ClearWave SE,95,4577.42,2510.95,6
2025-01-15,North America,AuraSound Pro,211,19432.82,8811.4,6
2025-01-15,North America,BassLink Ultra,150,10988.42,5877.35,6
2025-01-15,North America,ClearWave SE,135,6832.2,3665.1,7
2025-01-15,Europe,AuraSound Pro,195,17712.97,7631.51,6
2025-01-15,Europe,BassLink Ultra,139,9599.35,4439.61,8
2025-01-15,Europe,ClearWave SE,104,5080.71,2738.91,5
2025-01-15,Asia Pacific,AuraSound Pro,313,27533.09,12446.99,5
2025-01-15,Asia Pacific,BassLink Ultra,87,6290.19,3173.8,8
2025-01-15,Asia Pacific,ClearWave SE,112,5792.1,3493.13,5
2025-01-15,Latin America,AuraSound Pro,116,10210.08,4744.61,8
2025-01-15,Latin America,BassLink Ultra,101,7338.75,3543.96,8
2025-01-15,Latin America,ClearWave SE,95,4871.04,2937.02,5
2025-01-16,North America,AuraSound Pro,229,20671.73,10047.42,8
2025-01-16,North America,BassLink Ultra,125,8692.43,4360.4,8
2025-01-16,North America,ClearWave SE,145,6965.39,3758.11,5
2025-01-16,Europe,AuraSound Pro,196,18241.29,7948.99,8
2025-01-16,Europe,BassLink Ultra,122,8952.69,4478.39,8
2025-01-16,Europe,ClearWave SE,115,5732.68,3120.9,6
2025-01-16,Asia Pacific,AuraSound Pro,197,17643.92,7204.14,5
2025-01-16,Asia Pacific,BassLink Ultra,110,7981.78,4069.81,7
2025-01-16,Asia Pacific,ClearWave SE,85,4208.06,2300.92,5
2025-01-16,Latin America,AuraSound Pro,145,12777.38,6028.84,8
2025-01-16,Latin America,BassLink Ultra,78,5501.16,2976.89,8
2025-01-16,Latin America,ClearWave SE,85,4196.92,2117.63,7
2025-01-17,North America,AuraSound Pro,336,29814.15,12706.5,6
2025-01-17,North America,BassLink Ultra,143,9653.17,4443.57,8
2025-01-17,North America,ClearWave SE,115,5945.82,3592.62,6
2025-01-17,Europe,AuraSound Pro,174,15989.69,7824.46,5
2025-01-17,Europe,BassLink Ultra,160,11409.93,5286.47,7
2025-01-17,Europe,ClearWave SE,156,7579.13,4478.07,6
2025-01-17,Asia Pacific,AuraSound Pro,133,12233.1,5815.77,8
2025-01-17,Asia Pacific,BassLink Ultra,125,8911.49,4547.19,8
2025-01-17,Asia Pacific,ClearWave SE,126,5985.8,3148.72,6
2025-01-17,Latin America,AuraSound Pro,109,10208.98,4729.65,7
2025-01-17,Latin America,BassLink Ultra,132,9193.31,4650.58,7
2025-01-17,Latin America,ClearWave SE,88,4389.89,2318.71,5
2025-01-18,North America,AuraSound Pro,181,16980.58,6959.62,6
2025-01-18,North America,BassLink Ultra,174,12323.12,5918.31,9
2025-01-18,North America,ClearWave SE,141,7394.23,4230.61,7
2025-01-18,Europe,AuraSound Pro,185,16372.61,7137.82,5
2025-01-18,Europe,BassLink Ultra,159,10614.38,5707.83,9
2025-01-18,Europe,ClearWave SE,103,5165.77,2684.51,6
2025-01-18,Asia Pacific,AuraSound Pro,208,17858.46,8790.85,5
2025-01-18,Asia Pacific,BassLink Ultra,125,8762.24,4351.43,8
2025-01-18,Asia Pacific,ClearWave SE,111,5425.77,2952.45,6
2025-01-18,Latin America,AuraSound Pro,157,13669.7,5646.43,6
2025-01-18,Latin America,BassLink Ultra,101,7181.91,3636.46,9
2025-01-18,Latin America,ClearWave SE,83,3947.36,2095.06,5
2025-01-19,North America,AuraSound Pro,234,21983.83,9398.35,7
2025-01-19,North America,BassLink Ultra,212,15226.08,7615.15,6
2025-01-19,North America,ClearWave SE,132,6818.26,3878.79,6
2025-01-19,Europe,AuraSound Pro,172,15964.57,6617.77,6
2025-01-19,Europe,BassLink Ultra,145,10483.94,4872.39,6
2025-01-19,Europe,ClearWave SE,165,8545.78,5109.63,6
2025-01-19,Asia Pacific,AuraSound Pro,206,18414.89,7643.84,8
2025-01-19,Asia Pacific,BassLink Ultra,211,15048.0,7854.64,7
2025-01-19,Asia Pacific,ClearWave SE,77,4019.44,2297.65,6
2025-01-19,Latin America,AuraSound Pro,122,11442.01,5547.93,5
2025-01-19,Latin America,BassLink Ultra,92,6148.35,2941.32,7
2025-01-19,Latin America,ClearWave SE,102,5167.22,2965.47,7
2025-01-20,North America,AuraSound Pro,199,17147.49,7933.92,6
2025-01-20,North America,BassLink Ultra,195,14080.75,7273.91,8
2025-01-20,North America,ClearWave SE,116,6084.73,3134.54,6
2025-01-20,Europe,AuraSound Pro,176,16591.08,8195.1,6
2025-01-20,Europe,BassLink Ultra,161,11291.0,6176.88,9
2025-01-20,Europe,ClearWave SE,123,6035.97,3209.42,6
2025-01-20,Asia Pacific,AuraSound Pro,179,16826.52,7583.25,7
2025-01-20,Asia Pacific,BassLink Ultra,124,8866.19,4417.91,8
2025-01-20,Asia Pacific,ClearWave SE,106,5546.46,3167.76,8
2025-01-20,Latin America,AuraSound Pro,152,13396.74,5873.73,6
2025-01-20,Latin America,BassLink Ultra,83,6053.31,3211.6,7
2025-01-20,Latin America,ClearWave SE,87,4528.76,2280.85,5
2025-01-21,North America,AuraSound Pro,253,23152.69,10403.82,8
2025-01-21,North America,BassLink Ultra,137,9898.89,4764.99,7
2025-01-21,North America,ClearWave SE,88,4519.0,2476.08,4
2025-01-21,Europe,AuraSound Pro,212,19930.83,8206.08,5
2025-01-21,Europe,BassLink Ultra,114,8238.61,3766.64,10
2025-01-21,Europe,ClearWave SE,102,5163.6,2945.16,5
2025-01-21,Asia Pacific,AuraSound Pro,235,21198.84,9010.53,6
2025-01-21,Asia Pacific,BassLink Ultra,139,9627.5,4899.06,8
2025-01-21,Asia Pacific,ClearWave SE,124,6080.38,3574.34,5
2025-01-21,Latin America,AuraSound Pro,120,10807.75,4575.28,6
2025-01-21,Latin America,BassLink Ultra,87,6215.16,3156.35,9
2025-01-21,Latin America,ClearWave SE,87,4299.75,2484.66,6
2025-01-22,North America,AuraSound Pro,181,16382.46,7322.64,7
2025-01-22,North America,BassLink Ultra,233,17058.0,8618.02,11
2025-01-22,North America,ClearWave SE,127,6309.43,3449.65,6
2025-01-22,Europe,AuraSound Pro,173,15721.64,7188.2,5
2025-01-22,Europe,BassLink Ultra,109,7488.41,3827.79,9
2025-01-22,Europe,ClearWave SE,107,5104.02,2567.26,5
2025-01-22,Asia Pacific,AuraSound Pro,212,18240.57,8104.4,5
2025-01-22,Asia Pacific,BassLink Ultra,143,9838.07,4498.47,7
2025-01-22,Asia Pacific,ClearWave SE,157,7982.82,4122.27,5
2025-01-22,Latin America,AuraSound Pro,138,12929.74,5248.17,5
2025-01-22,Latin America,BassLink Ultra,158,11264.95,5135.1,7
2025-01-22,Latin America,ClearWave SE,114,5451.56,2779.53,4
2025-01-23,North America,AuraSound Pro,257,22345.33,10126.27,9
2025-01-23,North America,BassLink Ultra,154,10246.49,4765.29,8
2025-01-23,North America,ClearWave SE,182,8899.64,5017.83,5
2025-01-23,Europe,AuraSound Pro,152,13697.97,6530.81,6
2025-01-23,Europe,BassLink Ultra,153,10535.59,5576.97,8
2025-01-23,Europe,ClearWave SE,133,6946.79,3449.16,5
2025-01-23,Asia Pacific,AuraSound Pro,272,24971.17,10509.06,6
2025-01-23,Asia Pacific,BassLink Ultra,132,8928.58,4036.18,8
2025-01-23,Asia Pacific,ClearWave SE,109,5505.31,3141.1,5
2025-01-23,Latin America,AuraSound Pro,186,17532.13,7528.27,6
2025-01-23,Latin America,BassLink Ultra,110,7842.32,4063.19,8
2025-01-23,Latin America,ClearWave SE,84,4225.41,2416.99,4
2025-01-24,North America,AuraSound Pro,216,19675.86,8543.66,7
2025-01-24,North America,BassLink Ultra,129,9359.26,4760.26,7
2025-01-24,North America,ClearWave SE,142,6831.61,3510.05,6
2025-01-24,Europe,AuraSound Pro,207,18464.33,7988.57,6
2025-01-24,Europe,BassLink Ultra,152,10174.47,4873.4,7
2025-01-24,Europe,ClearWave SE,97,4853.0,2408.48,5
2025-01-24,Asia Pacific,AuraSound Pro,198,17480.42,7646.66,6
2025-01-24,Asia Pacific,BassLink Ultra,219,15800.99,7411.17,6
2025-01-24,Asia Pacific,ClearWave SE,112,5723.54,2887.8,6
2025-01-24,Latin America,AuraSound Pro,144,13429.13,6145.17,6
2025-01-24,Latin America,BassLink Ultra,101,7210.08,3764.94,7
2025-01-24,Latin America,ClearWave SE,111,5663.2,3307.84,4
2025-01-25,North America,AuraSound Pro,204,18693.14,9226.48,7
2025-01-25,North America,BassLink Ultra,215,15576.19,8065.86,7
2025-01-25,North America,ClearWave SE,112,5380.4,3046.53,5
2025-01-25,Europe,AuraSound Pro,170,15666.02,7471.74,6
2025-01-25,Europe,BassLink Ultra,122,8700.83,3924.7,8
2025-01-25,Europe,ClearWave SE,98,5063.26,2723.75,4
2025-01-25,Asia Pacific,AuraSound Pro,208,19543.44,8233.23,6
2025-01-25,Asia Pacific,BassLink Ultra,120,8641.46,3893.86,7
2025-01-25,Asia Pacific,ClearWave SE,107,5213.9,2633.85,5
2025-01-25,Latin America,AuraSound Pro,108,9729.71,4798.02,6
2025-01-25,Latin America,BassLink Ultra,95,6936.28,3729.55,6
2025-01-25,Latin America,ClearWave SE,111,5320.2,3050.49,5
2025-01-26,North America,AuraSound Pro,246,22134.2,9337.5,7
2025-01-26,North America,BassLink Ultra,221,15702.8,7107.22,10
2025-01-26,North America,ClearWave SE,217,10530.56,5453.95,7
2025-01-26,Europe,AuraSound Pro,246,22372.79,10763.97,6
2025-01-26,Europe,BassLink Ultra,161,11543.01,5650.32,7
2025-01-26,Europe,ClearWave SE,110,5750.07,3042.59,5
2025-01-26,Asia Pacific,AuraSound Pro,149,13819.95,5939.92,6
2025-01-26,Asia Pacific,BassLink Ultra,109,7578.35,3721.99,6
2025-01-26,Asia Pacific,ClearWave SE,137,7067.3,4118.92,6
2025-01-26,Latin America,AuraSound Pro,144,12466.46,5188.85,6
2025-01-26,Latin America,BassLink Ultra,125,9176.88,4689.97,8
2025-01-26,Latin America,ClearWave SE,107,5205.65,2672.5,6
2025-01-27,North America,AuraSound Pro,211,18294.97,7927.92,8
2025-01-27,North America,BassLink Ultra,186,13275.85,6678.89,7
2025-01-27,North America,ClearWave SE,167,8268.44,4302.45,6
2025-01-27,Europe,AuraSound Pro,234,21059.91,9778.23,5
2025-01-27,Europe,BassLink Ultra,147,9970.65,5117.47,7
2025-01-27,Europe,ClearWave SE,179,8771.44,4959.22,7
2025-01-27,Asia Pacific,AuraSound Pro,191,16661.15,7769.6,8
2025-01-27,Asia Pacific,BassLink Ultra,115,8239.38,4042.7,7
2025-01-27,Asia Pacific,ClearWave SE,71,3493.92,1841.04,6
2025-01-27,Latin America,AuraSound Pro,95,8590.04,4076.98,6
2025-01-27,Latin America,BassLink Ultra,80,5615.29,2998.64,9
2025-01-27,Latin America,ClearWave SE,122,5922.78,3417.29,6
2025-01-28,North America,AuraSound Pro,277,24102.02,11391.19,7
2025-01-28,North America,BassLink Ultra,179,12593.23,6156.06,7
2025-01-28,North America,ClearWave SE,103,5274.35,2635.79,6
2025-01-28,Europe,AuraSound Pro,217,20177.85,8449.09,7
2025-01-28,Europe,BassLink Ultra,160,11233.29,5875.68,8
2025-01-28,Europe,ClearWave SE,118,5775.7,3476.9,5
2025-01-28,Asia Pacific,AuraSound Pro,200,18778.66,8191.55,7
2025-01-28,Asia Pacific,BassLink Ultra,123,8809.18,4612.85,8
2025-01-28,Asia Pacific,ClearWave SE,107,5504.35,2846.51,5
2025-01-28,Latin America,AuraSound Pro,232,20168.27,9581.34,6
2025-01-28,Latin America,BassLink Ultra,83,5843.03,2869.11,7
2025-01-28,Latin America,ClearWave SE,52,2554.12,1339.46,5
2025-01-29,North America,AuraSound Pro,322,28428.41,11999.87,7
2025-01-29,North America,BassLink Ultra,150,10709.81,5374.57,7
2025-01-29,North America,ClearWave SE,95,4941.23,2495.09,5
2025-01-29,Europe,AuraSound Pro,191,17842.31,8396.39,8
2025-01-29,Europe,BassLink Ultra,156,11095.97,5821.67,6
2025-01-29,Europe,ClearWave SE,139,7133.61,3982.41,7
2025-01-29,Asia Pacific,AuraSound Pro,197,16873.92,7390.62,6
2025-01-29,Asia Pacific,BassLink Ultra,118,7866.39,3591.78,10
2025-01-29,Asia Pacific,ClearWave SE,111,5577.67,3071.86,6
2025-01-29,Latin America,AuraSound Pro,113,9681.77,4158.96,6
2025-01-29,Latin America,BassLink Ultra,77,5166.84,2695.92,7
2025-01-29,Latin America,ClearWave SE,73,3737.17,1895.16,6
2025-01-30,North America,AuraSound Pro,305,28066.88,13771.56,7
2025-01-30,North America,BassLink Ultra,208,14211.07,7709.18,9
2025-01-30,North America,ClearWave SE,119,6143.15,3042.55,5
2025-01-30,Europe,AuraSound Pro,183,17101.74,7990.5,7
2025-01-30,Europe,BassLink Ultra,115,7694.22,4101.08,9
2025-01-30,Europe,ClearWave SE,107,5402.61,2960.89,5
2025-01-30,Asia Pacific,AuraSound Pro,169,14635.33,7064.05,6
2025-01-30,Asia Pacific,BassLink Ultra,126,8886.62,4070.06,7
2025-01-30,Asia Pacific,ClearWave SE,130,6204.89,3617.36,6
2025-01-30,Latin America,AuraSound Pro,114,9926.57,4841.08,6
2025-01-30,Latin America,BassLink Ultra,91,6346.46,3374.7,8
2025-01-30,Latin America,ClearWave SE,80,4143.19,2105.74,7
2025-01-31,North America,AuraSound Pro,291,26301.83,12250.46,7
2025-01-31,North America,BassLink Ultra,117,8245.22,3922.63,9
2025-01-31,North America,ClearWave SE,99,4762.38,2525.99,5
2025-01-31,Europe,AuraSound Pro,190,17522.14,7372.75,8
2025-01-31,Europe,BassLink Ultra,120,8095.29,4142.71,7
2025-01-31,Europe,ClearWave SE,89,4437.73,2618.1,6
2025-01-31,Asia Pacific,AuraSound Pro,167,15749.6,7242.7,7
2025-01-31,Asia Pacific,BassLink Ultra,79,5569.61,2556.8,6
2025-01-31,Asia Pacific,ClearWave SE,108,5228.3,2911.56,6
2025-01-31,Latin America,AuraSound Pro,190,17241.21,7267.4,8
2025-01-31,Latin America,BassLink Ultra,90,6367.91,3218.35,8
2025-01-31,Latin America,ClearWave SE,94,4863.7,2932.19,6
2025-02-01,North America,AuraSound Pro,228,19592.47,9411.91,7
2025-02-01,North America,BassLink Ultra,229,15727.86,7702.96,7
2025-02-01,North America,ClearWave SE,155,7429.03,4381.36,6
2025-02-01,Europe,AuraSound Pro,179,15874.99,6495.75,8
2025-02-01,Europe,BassLink Ultra,145,9738.08,4571.06,7
2025-02-01,Europe,ClearWave SE,122,6180.28,3186.69,7
2025-02-01,Asia Pacific,AuraSound Pro,190,17137.99,8348.43,7
2025-02-01,Asia Pacific,BassLink Ultra,144,10314.47,4750.22,8
2025-02-01,Asia Pacific,ClearWave SE,99,4705.86,2411.35,5
2025-02-01,Latin America,AuraSound Pro,133,12531.38,5748.85,7
2025-02-01,Latin America,BassLink Ultra,101,6870.42,3767.72,6
2025-02-01,Latin America,ClearWave SE,82,3927.99,2234.12,6
2025-02-02,North America,AuraSound Pro,192,17724.63,7317.36,7
2025-02-02,North America,BassLink Ultra,165,12089.66,6348.96,7
2025-02-02,North America,ClearWave SE,127,6133.23,3553.15,5
2025-02-02,Europe,AuraSound Pro,210,18355.46,8028.83,7
2025-02-02,Europe,BassLink Ultra,236,16796.23,8489.18,7
2025-02-02,Europe,ClearWave SE,136,6514.04,3558.54,5
2025-02-02,Asia Pacific,AuraSound Pro,219,20024.77,8133.35,7
2025-02-02,Asia Pacific,BassLink Ultra,118,8038.88,4391.36,6
2025-02-02,Asia Pacific,ClearWave SE,80,4171.04,2404.46,6
2025-02-02,Latin America,AuraSound Pro,121,10561.5,5200.45,5
2025-02-02,Latin America,BassLink Ultra,123,8476.63,4544.19,8
2025-02-02,Latin America,ClearWave SE,77,3954.98,2284.98,6
2025-02-03,North America,AuraSound Pro,230,20626.33,9959.42,7
2025-02-03,North America,BassLink Ultra,157,11368.33,5169.13,9
2025-02-03,North America,ClearWave SE,122,5968.34,3278.13,6
2025-02-03,Europe,AuraSound Pro,255,23050.2,10023.09,4
2025-02-03,Europe,BassLink Ultra,161,11155.68,5584.36,7
2025-02-03,Europe,ClearWave SE,134,6837.69,3418.85,6
2025-02-03,Asia Pacific,AuraSound Pro,202,18264.01,8152.42,6
2025-02-03,Asia Pacific,BassLink Ultra,166,11304.44,5205.62,6
2025-02-03,Asia Pacific,ClearWave SE,130,6364.01,3839.07,4
2025-02-03,Latin America,AuraSound Pro,129,11148.16,4776.5,5
2025-02-03,Latin America,BassLink Ultra,103,7389.96,3470.11,7
2025-02-03,Latin America,ClearWave SE,89,4254.8,2276.89,6
2025-02-04,North America,AuraSound Pro,239,21563.98,9422.85,7
2025-02-04,North America,BassLink Ultra,186,13665.8,7208.32,8
2025-02-04,North America,ClearWave SE,135,6651.96,4013.88,4
2025-02-04,Europe,AuraSound Pro,186,15921.51,7194.03,9
2025-02-04,Europe,BassLink Ultra,146,9894.03,4474.17,8
2025-02-04,Europe,ClearWave SE,133,6978.81,4180.24,5
2025-02-04,Asia Pacific,AuraSound Pro,199,18070.41,8195.1,9
2025-02-04,Asia Pacific,BassLink Ultra,115,8185.04,3782.81,10
2025-02-04,Asia Pacific,ClearWave SE,121,6293.01,3488.16,5
2025-02-04,Latin America,AuraSound Pro,123,11177.66,4959.3,8
2025-02-04,Latin America,BassLink Ultra,124,8384.62,3860.0,7
2025-02-04,Latin America,ClearWave SE,75,3566.0,1854.29,5
2025-02-05,North America,AuraSound Pro,238,21648.72,9875.97,6
2025-02-05,North America,BassLink Ultra,181,13299.89,7241.08,7
2025-02-05,North America,ClearWave SE,125,6121.27,3246.67,5
2025-02-05,Europe,AuraSound Pro,310,28591.69,12212.4,7
2025-02-05,Europe,BassLink Ultra,115,7938.37,4365.83,6
2025-02-05,Europe,ClearWave SE,99,4894.44,2685.79,7
2025-02-05,Asia Pacific,AuraSound Pro,233,20894.29,9018.09,6
2025-02-05,Asia Pacific,BassLink Ultra,145,10067.8,5202.85,8
2025-02-05,Asia Pacific,ClearWave SE,105,5010.11,2496.09,5
2025-02-05,Latin America,AuraSound Pro,104,9585.95,4655.39,7
2025-02-05,Latin America,BassLink Ultra,111,7780.17,3588.31,7
2025-02-05,Latin America,ClearWave SE,102,5106.96,3048.4,7
2025-02-06,North America,AuraSound Pro,258,23238.85,9654.04,7
2025-02-06,North America,BassLink Ultra,133,9399.09,4881.07,7
2025-02-06,North America,ClearWave SE,116,5780.66,2913.22,5
2025-02-06,Europe,AuraSound Pro,251,23631.89,9887.4,7
2025-02-06,Europe,BassLink Ultra,239,17434.31,8939.05,9
2025-02-06,Europe,ClearWave SE,111,5634.77,3223.26,5
2025-02-06,Asia Pacific,AuraSound Pro,174,16365.3,6715.05,7
2025-02-06,Asia Pacific,BassLink Ultra,168,11255.88,5111.84,9
2025-02-06,Asia Pacific,ClearWave SE,78,4039.67,2197.71,6
2025-02-06,Latin America,AuraSound Pro,175,15464.55,6601.59,8
2025-02-06,Latin America,BassLink Ultra,127,8965.42,4261.75,7
2025-02-06,Latin America,ClearWave SE,73,3733.67,2229.08,7
2025-02-07,North America,AuraSound Pro,227,19714.75,9415.2,8
2025-02-07,North America,BassLink Ultra,149,10656.95,5106.65,7
2025-02-07,North America,ClearWave SE,97,4953.96,2934.97,5
2025-02-07,Europe,AuraSound Pro,176,15821.81,6534.97,7
2025-02-07,Europe,BassLink Ultra,165,11095.87,5899.08,8
2025-02-07,Europe,ClearWave SE,101,5145.07,2546.84,7
2025-02-07,Asia Pacific,AuraSound Pro,186,16939.56,7873.84,7
2025-02-07,Asia Pacific,BassLink Ultra,163,11533.52,6237.05,8
2025-02-07,Asia Pacific,ClearWave SE,82,4268.71,2433.08,6
2025-02-07,Latin America,AuraSound Pro,139,12182.25,5625.01,6
2025-02-07,Latin America,BassLink Ultra,136,9915.62,5139.59,7
2025-02-07,Latin America,ClearWave SE,91,4762.88,2875.02,4
2025-02-08,North America,AuraSound Pro,288,25140.51,10738.7,7
2025-02-08,North America,BassLink Ultra,163,11510.57,5874.78,6
2025-02-08,North America,ClearWave SE,152,7913.89,4258.68,5
2025-02-08,Europe,AuraSound Pro,289,26431.02,11613.97,6
2025-02-08,Europe,BassLink Ultra,101,6881.93,3412.16,6
2025-02-08,Europe,ClearWave SE,145,7450.69,3995.21,6
2025-02-08,Asia Pacific,AuraSound Pro,245,22334.27,9998.29,6
2025-02-08,Asia Pacific,BassLink Ultra,151,10638.65,5638.26,8
2025-02-08,Asia Pacific,ClearWave SE,94,4640.08,2585.45,6
2025-02-08,Latin America,AuraSound Pro,134,12613.43,5416.98,8
2025-02-08,Latin America,BassLink Ultra,91,6360.17,3372.48,10
2025-02-08,Latin America,ClearWave SE,72,3606.57,1995.04,5
2025-02-09,North America,AuraSound Pro,250,22905.33,11308.87,6
2025-02-09,North America,BassLink Ultra,178,12485.37,5820.09,8
2025-02-09,North America,ClearWave SE,181,9251.96,5226.38,4
2025-02-09,Europe,AuraSound Pro,182,16750.99,7000.85,9
2025-02-09,Europe,BassLink Ultra,136,9890.69,4526.01,7
2025-02-09,Europe,ClearWave SE,102,5082.88,3028.15,6
2025-02-09,Asia Pacific,AuraSound Pro,139,12238.54,5970.45,7
2025-02-09,Asia Pacific,BassLink Ultra,190,13244.82,6461.4,6
2025-02-09,Asia Pacific,ClearWave SE,120,6129.72,3219.56,5
2025-02-09,Latin America,AuraSound Pro,156,14629.0,6137.0,7
2025-02-09,Latin America,BassLink Ultra,119,8077.73,3637.78,7
2025-02-09,Latin America,ClearWave SE,75,3717.19,2022.51,6
2025-02-10,North America,AuraSound Pro,224,20948.51,9647.3,8
2025-02-10,North America,BassLink Ultra,116,7910.76,4053.52,8
2025-02-10,North America,ClearWave SE,165,8241.45,4543.49,5
2025-02-10,Europe,AuraSound Pro,267,23846.74,10235.99,6
2025-02-10,Europe,BassLink Ultra,153,10806.46,5522.99,9
2025-02-10,Europe,ClearWave SE,95,4527.67,2644.91,7
2025-02-10,Asia Pacific,AuraSound Pro,198,17073.79,7491.6,6
2025-02-10,Asia Pacific,BassLink Ultra,131,9309.1,4348.68,7
2025-02-10,Asia Pacific,ClearWave SE,118,5864.84,3420.84,5
2025-02-10,Latin America,AuraSound Pro,134,12616.46,6032.13,7
2025-02-10,Latin America,BassLink Ultra,99,6743.71,3683.59,8
2025-02-10,Latin America,ClearWave SE,49,2532.78,1278.06,6
2025-02-11,North America,AuraSound Pro,169,14979.96,6481.71,5
2025-02-11,North America,BassLink Ultra,156,11071.74,6000.21,7
2025-02-11,North America,ClearWave SE,95,4587.18,2689.54,6
2025-02-11,Europe,AuraSound Pro,201,17709.86,8131.21,7
2025-02-11,Europe,BassLink Ultra,138,9784.25,5104.0,10
2025-02-11,Europe,ClearWave SE,129,6440.11,3682.38,7
2025-02-11,Asia Pacific,AuraSound Pro,150,13483.51,6094.17,6
2025-02-11,Asia Pacific,BassLink Ultra,119,8041.41,4049.49,6
2025-02-11,Asia Pacific,ClearWave SE,102,4958.56,2483.82,4
2025-02-11,Latin America,AuraSound Pro,161,14257.65,5835.29,8
2025-02-11,Latin America,BassLink Ultra,98,7154.47,3561.92,8
2025-02-11,Latin America,ClearWave SE,104,5394.88,2890.46,5
2025-02-12,North America,AuraSound Pro,183,17163.66,8021.11,5
2025-02-12,North America,BassLink Ultra,150,10215.43,4866.19,7
2025-02-12,North America,ClearWave SE,160,7691.21,4134.87,5
2025-02-12,Europe,AuraSound Pro,151,12997.76,5359.81,7
2025-02-12,Europe,BassLink Ultra,130,8999.59,4300.53,8
2025-02-12,Europe,ClearWave SE,135,6735.91,3567.31,8
2025-02-12,Asia Pacific,AuraSound Pro,198,18494.85,9061.99,6
2025-02-12,Asia Pacific,BassLink Ultra,154,10298.42,5284.37,7
2025-02-12,Asia Pacific,ClearWave SE,133,6890.22,3687.17,5
2025-02-12,Latin America,AuraSound Pro,115,10262.86,4489.71,7
2025-02-12,Latin America,BassLink Ultra,109,7926.55,4289.82,6
2025-02-12,Latin America,ClearWave SE,72,3713.53,1951.17,6
2025-02-13,North America,AuraSound Pro,254,23509.51,9701.27,7
2025-02-13,North America,BassLink Ultra,223,16172.13,7323.76,8
2025-02-13,North America,ClearWave SE,189,9077.13,4541.12,6
2025-02-13,Europe,AuraSound Pro,182,15734.7,7452.58,8
2025-02-13,Europe,BassLink Ultra,153,10345.71,4671.32,9
2025-02-13,Europe,ClearWave SE,127,6444.47,3766.47,7
2025-02-13,Asia Pacific,AuraSound Pro,148,13904.51,6313.67,6
2025-02-13,Asia Pacific,BassLink Ultra,148,10805.58,5480.69,8
2025-02-13,Asia Pacific,ClearWave SE,88,4425.44,2393.02,7
2025-02-13,Latin America,AuraSound Pro,140,13006.2,6250.99,8
2025-02-13,Latin America,BassLink Ultra,113,8189.54,4002.42,9
2025-02-13,Latin America,ClearWave SE,65,3124.35,1601.28,5
2025-02-14,North America,AuraSound Pro,287,25062.18,12060.5,8
2025-02-14,North America,BassLink Ultra,208,14541.62,7607.52,7
2025-02-14,North America,ClearWave SE,102,5273.04,2630.63,5
2025-02-14,Europe,AuraSound Pro,204,18234.01,8415.45,7
2025-02-14,Europe,BassLink Ultra,146,10714.24,5073.48,6
2025-02-14,Europe,ClearWave SE,105,5328.97,2757.94,7
2025-02-14,Asia Pacific,AuraSound Pro,197,17187.83,7945.59,6
2025-02-14,Asia Pacific,BassLink Ultra,181,12814.03,6409.88,10
2025-02-14,Asia Pacific,ClearWave SE,96,4757.42,2758.16,6
2025-02-14,Latin America,AuraSound Pro,107,9590.33,4450.45,5
2025-02-14,Latin America,BassLink Ultra,97,6641.03,3496.18,6
2025-02-14,Latin America,ClearWave SE,73,3626.69,1847.63,6
2025-02-15,North America,AuraSound Pro,322,30195.59,14282.49,7
2025-02-15,North America,BassLink Ultra,160,11316.43,5198.95,10
2025-02-15,North America,ClearWave SE,142,6772.14,4037.48,6
2025-02-15,Europe,AuraSound Pro,252,23486.81,11236.5,6
2025-02-15,Europe,BassLink Ultra,91,6162.18,3369.73,6
2025-02-15,Europe,ClearWave SE,102,5180.94,2702.96,5
2025-02-15,Asia Pacific,AuraSound Pro,182,16358.63,6865.76,6
2025-02-15,Asia Pacific,BassLink Ultra,77,5599.59,2525.0,7
2025-02-15,Asia Pacific,ClearWave SE,105,5066.2,2533.83,6
2025-02-15,Latin America,AuraSound Pro,103,9084.67,3879.72,7
2025-02-15,Latin America,BassLink Ultra,117,7843.24,3942.43,10
2025-02-15,Latin America,ClearWave SE,84,4388.38,2243.76,6
2025-02-16,North America,AuraSound Pro,275,23568.43,11538.34,10
2025-02-16,North America,BassLink Ultra,150,9995.57,4548.77,8
2025-02-16,North America,ClearWave SE,189,9447.8,4995.47,7
2025-02-16,Europe,AuraSound Pro,272,23300.94,10029.24,10
2025-02-16,Europe,BassLink Ultra,166,11738.07,5814.01,7
2025-02-16,Europe,ClearWave SE,133,6917.37,3603.15,5
2025-02-16,Asia Pacific,AuraSound Pro,203,19139.3,9043.24,6
2025-02-16,Asia Pacific,BassLink Ultra,115,7955.74,4257.99,6
2025-02-16,Asia Pacific,ClearWave SE,114,5570.61,3332.22,7
2025-02-16,Latin America,AuraSound Pro,147,13334.51,6385.99,7
2025-02-16,Latin America,BassLink Ultra,90,6591.39,2980.59,9
2025-02-16,Latin America,ClearWave SE,103,5181.01,2998.59,4
2025-02-17,North America,AuraSound Pro,257,23858.04,10333.05,8
2025-02-17,North America,BassLink Ultra,160,11397.44,5342.26,6
2025-02-17,North America,ClearWave SE,114,5867.3,2928.09,7
2025-02-17,Europe,AuraSound Pro,256,24053.24,11285.85,8
2025-02-17,Europe,BassLink Ultra,113,8201.32,4303.71,9
2025-02-17,Europe,ClearWave SE,162,8396.15,5057.18,5
2025-02-17,Asia Pacific,AuraSound Pro,177,15803.5,6556.21,7
2025-02-17,Asia Pacific,BassLink Ultra,143,9869.3,5053.63,7
2025-02-17,Asia Pacific,ClearWave SE,130,6292.56,3325.8,6
2025-02-17,Latin America,AuraSound Pro,93,8773.22,4212.41,6
2025-02-17,Latin America,BassLink Ultra,124,8546.54,4517.55,7
2025-02-17,Latin America,ClearWave SE,93,4628.82,2346.0,5
2025-02-18,North America,AuraSound Pro,212,19553.48,8047.6,5
2025-02-18,North America,BassLink Ultra,223,15848.01,8337.11,9
2025-02-18,North America,ClearWave SE,148,7724.9,4342.83,4
2025-02-18,Europe,AuraSound Pro,270,23892.03,11182.49,7
2025-02-18,Europe,BassLink Ultra,135,9407.0,5034.95,8
2025-02-18,Europe,ClearWave SE,113,5737.2,3086.34,6
2025-02-18,Asia Pacific,AuraSound Pro,152,14010.97,6306.75,5
2025-02-18,Asia Pacific,BassLink Ultra,146,9728.54,4990.97,8
2025-02-18,Asia Pacific,ClearWave SE,76,3920.2,2176.64,4
2025-02-18,Latin America,AuraSound Pro,151,13660.29,6460.07,7
2025-02-18,Latin America,BassLink Ultra,98,6677.56,3662.15,7
2025-02-18,Latin America,ClearWave SE,121,5915.0,3137.3,6
2025-02-19,North America,AuraSound Pro,311,27913.3,12605.41,5
2025-02-19,North America,BassLink Ultra,230,15438.29,8146.59,8
2025-02-19,North America,ClearWave SE,202,9923.84,5359.2,6
2025-02-19,Europe,AuraSound Pro,209,18788.7,7981.02,6
2025-02-19,Europe,BassLink Ultra,128,9321.34,4957.6,8
2025-02-19,Europe,ClearWave SE,133,6701.75,4052.15,7
2025-02-19,Asia Pacific,AuraSound Pro,218,19777.52,9746.94,6
2025-02-19,Asia Pacific,BassLink Ultra,99,6931.56,3612.11,8
2025-02-19,Asia Pacific,ClearWave SE,75,3889.81,1990.88,6
2025-02-19,Latin America,AuraSound Pro,110,9756.89,4777.46,7
2025-02-19,Latin America,BassLink Ultra,94,6295.69,3150.75,7
2025-02-19,Latin America,ClearWave SE,61,3107.41,1559.03,7
2025-02-20,North America,AuraSound Pro,256,24155.9,11819.13,7
2025-02-20,North America,BassLink Ultra,136,9752.77,4519.51,6
2025-02-20,North America,ClearWave SE,119,5921.97,3290.96,5
2025-02-20,Europe,AuraSound Pro,173,14882.76,6659.98,9
2025-02-20,Europe,BassLink Ultra,182,13034.15,5968.73,8
2025-02-20,Europe,ClearWave SE,101,4855.31,2647.4,5
2025-02-20,Asia Pacific,AuraSound Pro,181,16682.17,7781.64,7
2025-02-20,Asia Pacific,BassLink Ultra,119,8540.22,4595.8,8
2025-02-20,Asia Pacific,ClearWave SE,94,4919.96,2857.94,5
2025-02-20,Latin America,AuraSound Pro,156,13904.13,6244.3,5
2025-02-20,Latin America,BassLink Ultra,77,5483.41,2894.44,7
2025-02-20,Latin America,ClearWave SE,72,3573.13,2123.01,6
2025-02-21,North America,AuraSound Pro,183,15908.04,7119.94,6
2025-02-21,North America,BassLink Ultra,185,13269.05,7159.23,8
2025-02-21,North America,ClearWave SE,159,7611.19,4366.36,5
2025-02-21,Europe,AuraSound Pro,179,16200.43,7095.62,8
2025-02-21,Europe,BassLink Ultra,127,8641.63,4363.0,7
2025-02-21,Europe,ClearWave SE,97,4652.59,2501.84,5
2025-02-21,Asia Pacific,AuraSound Pro,249,22504.83,9800.41,9
2025-02-21,Asia Pacific,BassLink Ultra,153,10543.85,4834.92,8
2025-02-21,Asia Pacific,ClearWave SE,89,4434.59,2271.19,5
2025-02-21,Latin America,AuraSound Pro,104,9582.39,3904.64,6
2025-02-21,Latin America,BassLink Ultra,78,5186.8,2784.9,8
2025-02-21,Latin America,ClearWave SE,70,3556.71,1999.87,6
2025-02-22,North America,AuraSound Pro,145,13553.62,5788.25,6
2025-02-22,North America,BassLink Ultra,124,8914.13,4828.31,6
2025-02-22,North America,ClearWave SE,148,7758.67,4435.52,6
2025-02-22,Europe,AuraSound Pro,215,20090.51,9659.04,7
2025-02-22,Europe,BassLink Ultra,145,9648.15,4352.33,8
2025-02-22,Europe,ClearWave SE,73,3631.48,1957.53,7
2025-02-22,Asia Pacific,AuraSound Pro,173,16122.85,7839.86,7
2025-02-22,Asia Pacific,BassLink Ultra,71,5099.0,2655.54,7
2025-02-22,Asia Pacific,ClearWave SE,90,4393.3,2238.0,5
2025-02-22,Latin America,AuraSound Pro,114,10400.14,5105.48,6
2025-02-22,Latin America,BassLink Ultra,111,7989.63,4176.88,8
2025-02-22,Latin America,ClearWave SE,56,2896.38,1722.17,5
2025-02-23,North America,AuraSound Pro,230,21303.17,9174.34,6
2025-02-23,North America,BassLink Ultra,255,18587.57,9370.32,8
2025-02-23,North America,ClearWave SE,94,4607.52,2684.43,6
2025-02-23,Europe,AuraSound Pro,157,13555.56,6066.96,6
2025-02-23,Europe,BassLink Ultra,218,15213.68,7064.44,7
2025-02-23,Europe,ClearWave SE,137,6615.39,3776.55,6
2025-02-23,Asia Pacific,AuraSound Pro,243,21103.52,10335.33,7
2025-02-23,Asia Pacific,BassLink Ultra,159,10846.42,5682.89,8
2025-02-23,Asia Pacific,ClearWave SE,93,4595.12,2607.08,7
2025-02-23,Latin America,AuraSound Pro,147,12623.84,5329.19,6
2025-02-23,Latin America,BassLink Ultra,87,6376.44,3423.13,8
2025-02-23,Latin America,ClearWave SE,100,5192.75,2718.62,6
2025-02-24,North America,AuraSound Pro,224,19983.08,9097.16,7
2025-02-24,North America,BassLink Ultra,201,13867.34,7315.06,6
2025-02-24,North America,ClearWave SE,107,5159.54,2910.99,6
2025-02-24,Europe,AuraSound Pro,156,13794.7,5963.09,6
2025-02-24,Europe,BassLink Ultra,146,10487.95,5323.12,6
2025-02-24,Europe,ClearWave SE,111,5513.16,3098.59,6
2025-02-24,Asia Pacific,AuraSound Pro,229,21079.56,9773.09,8
2025-02-24,Asia Pacific,BassLink Ultra,136,9732.6,5346.58,7
2025-02-24,Asia Pacific,ClearWave SE,128,6408.2,3783.86,7
2025-02-24,Latin America,AuraSound Pro,121,11135.68,5220.08,7
2025-02-24,Latin America,BassLink Ultra,92,6538.07,3135.48,8
2025-02-24,Latin America,ClearWave SE,68,3461.86,1825.96,6
2025-02-25,North America,AuraSound Pro,256,24017.94,11822.4,6
2025-02-25,North America,BassLink Ultra,197,13586.11,7337.12,7
2025-02-25,North America,ClearWave SE,97,4987.32,2693.81,5
2025-02-25,Europe,AuraSound Pro,239,22530.6,11026.49,8
2025-02-25,Europe,BassLink Ultra,199,14386.88,7767.31,7
2025-02-25,Europe,ClearWave SE,110,5400.05,2931.09,5
2025-02-25,Asia Pacific,AuraSound Pro,179,16371.12,7363.12,5
2025-02-25,Asia Pacific,BassLink Ultra,116,8424.1,4581.93,8
2025-02-25,Asia Pacific,ClearWave SE,123,5922.15,3450.95,6
2025-02-25,Latin America,AuraSound Pro,133,11757.8,5381.58,6
2025-02-25,Latin America,BassLink Ultra,121,8356.48,4479.73,6
2025-02-25,Latin America,ClearWave SE,62,3048.59,1793.23,6
2025-02-26,North America,AuraSound Pro,277,25298.5,11037.81,4
2025-02-26,North America,BassLink Ultra,163,11083.1,5302.39,6
2025-02-26,North America,ClearWave SE,132,6480.37,3893.42,5
2025-02-26,Europe,AuraSound Pro,262,22505.5,9330.52,7
2025-02-26,Europe,BassLink Ultra,156,10581.04,5189.78,9
2025-02-26,Europe,ClearWave SE,145,6929.91,3885.18,6
2025-02-26,Asia Pacific,AuraSound Pro,159,14608.28,6919.87,7
2025-02-26,Asia Pacific,BassLink Ultra,150,10922.36,5022.57,8
2025-02-26,Asia Pacific,ClearWave SE,105,5118.97,2566.85,5
2025-02-26,Latin America,AuraSound Pro,178,15420.04,7177.5,6
2025-02-26,Latin America,BassLink Ultra,87,6299.75,3379.23,7
2025-02-26,Latin America,ClearWave SE,68,3407.22,1755.61,6
2025-02-27,North America,AuraSound Pro,246,22657.8,9369.43,5
2025-02-27,North America,BassLink Ultra,186,12925.87,7030.21,7
2025-02-27,North America,ClearWave SE,137,6703.47,3901.32,6
2025-02-27,Europe,AuraSound Pro,181,16752.21,7438.45,6
2025-02-27,Europe,BassLink Ultra,159,11387.44,5266.77,6
2025-02-27,Europe,ClearWave SE,95,4691.99,2716.56,5
2025-02-27,Asia Pacific,AuraSound Pro,217,18563.71,7755.79,8
2025-02-27,Asia Pacific,BassLink Ultra,110,7426.69,3646.74,7
2025-02-27,Asia Pacific,ClearWave SE,105,5399.97,3014.1,5
2025-02-27,Latin America,AuraSound Pro,164,14817.16,6432.12,7
2025-02-27,Latin America,BassLink Ultra,140,9701.24,5267.62,5
2025-02-27,Latin America,ClearWave SE,67,3377.99,1928.01,6
2025-02-28,North America,AuraSound Pro,222,20787.98,9480.27,6
2025-02-28,North America,BassLink Ultra,158,11078.58,5592.12,7
2025-02-28,North America,ClearWave SE,172,8227.42,4203.93,4
2025-02-28,Europe,AuraSound Pro,173,16161.28,6752.07,7
2025-02-28,Europe,BassLink Ultra,116,8037.48,4231.64,10
2025-02-28,Europe,ClearWave SE,162,8102.58,4539.22,5
2025-02-28,Asia Pacific,AuraSound Pro,201,18297.11,8709.97,8
2025-02-28,Asia Pacific,BassLink Ultra,124,8745.69,4011.01,8
2025-02-28,Asia Pacific,ClearWave SE,82,4236.6,2336.37,4
2025-02-28,Latin America,AuraSound Pro,167,14614.02,5960.14,6
2025-02-28,Latin America,BassLink Ultra,141,9823.65,4872.51,7
2025-02-28,Latin America,ClearWave SE,62,3177.45,1626.35,6
2025-03-01,North America,AuraSound Pro,331,30764.79,14651.36,5
2025-03-01,North America,BassLink Ultra,143,9630.55,4542.57,9
2025-03-01,North America,ClearWave SE,208,10616.96,6007.34,6
2025-03-01,Europe,AuraSound Pro,174,15156.31,6417.37,8
2025-03-01,Europe,BassLink Ultra,134,9498.9,5124.16,7
2025-03-01,Europe,ClearWave SE,103,4960.56,2560.83,6
2025-03-01,Asia Pacific,AuraSound Pro,180,15683.91,7538.74,7
2025-03-01,Asia Pacific,BassLink Ultra,151,10315.56,5047.63,7
2025-03-01,Asia Pacific,ClearWave SE,124,6427.34,3587.61,6
2025-03-01,Latin America,AuraSound Pro,126,11878.05,5460.33,5
2025-03-01,Latin America,BassLink Ultra,94,6600.12,3253.17,9
2025-03-01,Latin America,ClearWave SE,93,4652.49,2549.08,6
2025-03-02,North America,AuraSound Pro,194,18224.9,7899.53,6
2025-03-02,North America,BassLink Ultra,193,13901.04,7557.67,9
2025-03-02,North America,ClearWave SE,160,7732.61,4360.72,6
2025-03-02,Europe,AuraSound Pro,170,15666.61,7442.63,8
2025-03-02,Europe,BassLink Ultra,128,9121.42,4382.16,9
2025-03-02,Europe,ClearWave SE,107,5401.11,2920.61,7
2025-03-02,Asia Pacific,AuraSound Pro,166,14307.3,6590.32,6
2025-03-02,Asia Pacific,BassLink Ultra,125,8956.73,4171.78,7
2025-03-02,Asia Pacific,ClearWave SE,85,4206.26,2186.2,5
2025-03-02,Latin America,AuraSound Pro,180,16378.02,6752.76,6
2025-03-02,Latin America,BassLink Ultra,92,6718.9,3217.89,11
2025-03-02,Latin America,ClearWave SE,95,4616.79,2744.01,6
2025-03-03,North America,AuraSound Pro,356,30901.89,13232.26,6
2025-03-03,North America,BassLink Ultra,120,8398.54,4093.45,9
2025-03-03,North America,ClearWave SE,130,6176.76,3498.92,8
2025-03-03,Europe,AuraSound Pro,137,11828.27,5025.04,6
2025-03-03,Europe,BassLink Ultra,126,8500.22,3892.28,7
2025-03-03,Europe,ClearWave SE,88,4398.49,2356.3,6
2025-03-03,Asia Pacific,AuraSound Pro,158,14159.08,6653.57,8
2025-03-03,Asia Pacific,BassLink Ultra,168,11948.43,5867.31,7
2025-03-03,Asia Pacific,ClearWave SE,113,5740.16,3412.81,6
2025-03-03,Latin America,AuraSound Pro,136,12738.79,5529.08,5
2025-03-03,Latin America,BassLink Ultra,96,6432.64,3460.45,9
2025-03-03,Latin America,ClearWave SE,85,4452.18,2258.42,5
2025-03-04,North America,AuraSound Pro,182,16779.51,6973.99,6
2025-03-04,North America,BassLink Ultra,146,10272.21,5519.45,7
2025-03-04,North America,ClearWave SE,117,5885.91,3429.88,6
2025-03-04,Europe,AuraSound Pro,222,20160.94,9146.08,6
2025-03-04,Europe,BassLink Ultra,120,8790.09,4167.05,6
2025-03-04,Europe,ClearWave SE,117,5628.5,3075.44,6
2025-03-04,Asia Pacific,AuraSound Pro,174,16227.26,6946.54,7
2025-03-04,Asia Pacific,BassLink Ultra,160,11669.5,5818.21,8
2025-03-04,Asia Pacific,ClearWave SE,85,4076.42,2143.24,5
2025-03-04,Latin America,AuraSound Pro,117,11042.69,4624.58,9
2025-03-04,Latin America,BassLink Ultra,152,10165.69,5303.44,7
2025-03-04,Latin America,ClearWave SE,98,4926.21,2597.14,7
2025-03-05,North America,AuraSound Pro,182,15797.44,7378.41,9
2025-03-05,North America,BassLink Ultra,161,11626.39,5999.35,7
2025-03-05,North America,ClearWave SE,107,5293.45,3022.18,7
2025-03-05,Europe,AuraSound Pro,200,18842.59,9251.96,9
2025-03-05,Europe,BassLink Ultra,180,12652.71,6341.23,7
2025-03-05,Europe,ClearWave SE,115,5979.14,3472.77,5
2025-03-05,Asia Pacific,AuraSound Pro,160,14194.59,6046.73,7
2025-03-05,Asia Pacific,BassLink Ultra,147,10149.41,5136.31,6
2025-03-05,Asia Pacific,ClearWave SE,71,3405.69,2019.92,5
2025-03-05,Latin America,AuraSound Pro,146,12792.81,5197.63,8
2025-03-05,Latin America,BassLink Ultra,99,6597.69,3624.53,7
2025-03-05,Latin America,ClearWave SE,88,4247.38,2354.79,5
2025-03-06,North America,AuraSound Pro,240,21781.01,8990.22,6
2025-03-06,North America,BassLink Ultra,174,12691.69,6874.61,9
2025-03-06,North America,ClearWave SE,98,5031.13,2636.67,5
2025-03-06,Europe,AuraSound Pro,229,21193.51,9106.09,7
2025-03-06,Europe,BassLink Ultra,103,7202.68,3361.76,6
2025-03-06,Europe,ClearWave SE,128,6419.01,3756.33,3
2025-03-06,Asia Pacific,AuraSound Pro,129,11798.08,5624.83,7
2025-03-06,Asia Pacific,BassLink Ultra,157,10600.47,5132.67,6
2025-03-06,Asia Pacific,ClearWave SE,142,7349.88,4413.17,6
2025-03-06,Latin America,AuraSound Pro,243,21683.1,8922.13,6
2025-03-06,Latin America,BassLink Ultra,129,9303.98,5017.06,7
2025-03-06,Latin America,ClearWave SE,79,3794.17,1961.9,5
2025-03-07,North America,AuraSound Pro,235,21694.41,8911.95,8
2025-03-07,North America,BassLink Ultra,239,16114.39,7776.51,7
2025-03-07,North America,ClearWave SE,139,7275.81,4263.44,5
2025-03-07,Europe,AuraSound Pro,206,18571.78,8200.61,8
2025-03-07,Europe,BassLink Ultra,128,8561.15,4664.02,8
2025-03-07,Europe,ClearWave SE,93,4741.04,2773.35,7
2025-03-07,Asia Pacific,AuraSound Pro,207,19194.91,8204.71,6
2025-03-07,Asia Pacific,BassLink Ultra,108,7849.47,3730.2,9
2025-03-07,Asia Pacific,ClearWave SE,153,7937.17,4386.94,5
2025-03-07,Latin America,AuraSound Pro,166,14654.88,6039.98,6
2025-03-07,Latin America,BassLink Ultra,131,8738.48,4444.29,7
2025-03-07,Latin America,ClearWave SE,90,4403.03,2314.55,6
2025-03-08,North America,AuraSound Pro,157,14462.35,6692.56,6
2025-03-08,North America,BassLink Ultra,192,14006.49,6906.51,8
2025-03-08,North America,ClearWave SE,142,7323.53,4009.23,7
2025-03-08,Europe,AuraSound Pro,233,20060.14,8494.39,7
2025-03-08,Europe,BassLink Ultra,93,6212.51,3024.96,9
2025-03-08,Europe,ClearWave SE,83,4013.55,2211.17,5
2025-03-08,Asia Pacific,AuraSound Pro,131,11891.71,5779.73,7
2025-03-08,Asia Pacific,BassLink Ultra,158,11530.91,5295.45,7
2025-03-08,Asia Pacific,ClearWave SE,99,4992.61,2705.23,5
2025-03-08,Latin America,AuraSound Pro,172,14707.59,7238.0,5
2025-03-08,Latin America,BassLink Ultra,101,6792.6,3218.39,7
2025-03-08,Latin America,ClearWave SE,84,4141.52,2486.63,6
2025-03-09,North America,AuraSound Pro,227,20577.52,10125.72,8
2025-03-09,North America,BassLink Ultra,166,12021.9,5772.89,8
2025-03-09,North America,ClearWave SE,108,5241.91,2973.51,5
2025-03-09,Europe,AuraSound Pro,142,12654.51,5550.1,7
2025-03-09,Europe,BassLink Ultra,162,11159.95,5767.35,7
2025-03-09,Europe,ClearWave SE,109,5546.93,2926.29,6
2025-03-09,Asia Pacific,AuraSound Pro,195,18389.07,8197.52,5
2025-03-09,Asia Pacific,BassLink Ultra,111,7880.22,3954.33,6
2025-03-09,Asia Pacific,ClearWave SE,93,4704.01,2373.8,7
2025-03-09,Latin America,AuraSound Pro,159,14875.88,6476.43,6
2025-03-09,Latin America,BassLink Ultra,142,9779.57,4464.26,8
2025-03-09,Latin America,ClearWave SE,129,6130.04,3098.82,6
2025-03-10,North America,AuraSound Pro,208,18794.76,8108.92,5
2025-03-10,North America,BassLink Ultra,190,12826.08,6407.22,7
2025-03-10,North America,ClearWave SE,137,6997.39,3795.64,6
2025-03-10,Europe,AuraSound Pro,165,14792.16,7209.4,7
2025-03-10,Europe,BassLink Ultra,134,9342.18,4961.41,6
2025-03-10,Europe,ClearWave SE,124,6115.36,3075.56,6
2025-03-10,Asia Pacific,AuraSound Pro,229,21025.52,10341.4,5
2025-03-10,Asia Pacific,BassLink Ultra,192,13490.75,6274.03,7
2025-03-10,Asia Pacific,ClearWave SE,156,8149.95,4362.83,4
2025-03-10,Latin America,AuraSound Pro,137,12011.13,5071.7,7
2025-03-10,Latin America,BassLink Ultra,94,6264.53,3097.84,6
2025-03-10,Latin America,ClearWave SE,71,3539.74,1863.62,6
2025-03-11,North America,AuraSound Pro,371,33433.17,16038.62,5
2025-03-11,North America,BassLink Ultra,147,10589.04,5324.24,6
2025-03-11,North America,ClearWave SE,123,6304.57,3794.97,5
2025-03-11,Europe,AuraSound Pro,238,21453.76,9136.11,7
2025-03-11,Europe,BassLink Ultra,188,13414.29,7361.7,7
2025-03-11,Europe,ClearWave SE,64,3131.13,1714.15,6
2025-03-11,Asia Pacific,AuraSound Pro,125,10937.21,4701.73,8
2025-03-11,Asia Pacific,BassLink Ultra,124,8294.57,4328.5,7
2025-03-11,Asia Pacific,ClearWave SE,78,3916.71,2358.3,5
2025-03-11,Latin America,AuraSound Pro,134,12392.58,5841.53,9
2025-03-11,Latin America,BassLink Ultra,94,6815.17,3271.98,8
2025-03-11,Latin America,ClearWave SE,76,3961.41,2380.87,6
2025-03-12,North America,AuraSound Pro,240,21572.9,9805.68,6
2025-03-12,North America,BassLink Ultra,145,9948.61,4574.0,8
2025-03-12,North America,ClearWave SE,107,5219.17,3093.36,6
2025-03-12,Europe,AuraSound Pro,224,19951.28,8213.2,5
2025-03-12,Europe,BassLink Ultra,109,7930.79,3826.17,6
2025-03-12,Europe,ClearWave SE,143,7333.69,4274.16,5
2025-03-12,Asia Pacific,AuraSound Pro,223,20085.18,8636.51,6
2025-03-12,Asia Pacific,BassLink Ultra,101,6818.04,3193.9,7
2025-03-12,Asia Pacific,ClearWave SE,102,5272.59,2716.4,6
2025-03-12,Latin America,AuraSound Pro,136,11708.91,4891.02,8
2025-03-12,Latin America,BassLink Ultra,93,6384.94,2911.49,7
2025-03-12,Latin America,ClearWave SE,66,3462.45,1803.63,5
2025-03-13,North America,AuraSound Pro,271,25263.67,11111.85,5
2025-03-13,North America,BassLink Ultra,154,10451.89,5047.89,9
2025-03-13,North America,ClearWave SE,96,4882.01,2543.83,7
2025-03-13,Europe,AuraSound Pro,158,14155.67,6443.62,8
2025-03-13,Europe,BassLink Ultra,111,8029.88,4193.08,8
2025-03-13,Europe,ClearWave SE,98,4731.24,2619.47,8
2025-03-13,Asia Pacific,AuraSound Pro,165,14712.8,6911.99,5
2025-03-13,Asia Pacific,BassLink Ultra,137,9421.91,4658.18,7
2025-03-13,Asia Pacific,ClearWave SE,112,5491.4,2951.53,7
2025-03-13,Latin America,AuraSound Pro,159,14068.92,6616.79,5
2025-03-13,Latin America,BassLink Ultra,77,5286.98,2496.22,8
2025-03-13,Latin America,ClearWave SE,83,4151.98,2399.83,4
2025-03-14,North America,AuraSound Pro,179,16406.5,7834.05,6
2025-03-14,North America,BassLink Ultra,218,15843.32,8344.37,7
2025-03-14,North America,ClearWave SE,152,7796.06,4698.97,7
2025-03-14,Europe,AuraSound Pro,167,14969.55,6125.23,6
2025-03-14,Europe,BassLink Ultra,158,10847.89,5625.06,6
2025-03-14,Europe,ClearWave SE,103,5355.0,2697.75,7
2025-03-14,Asia Pacific,AuraSound Pro,185,16351.8,7062.09,7
2025-03-14,Asia Pacific,BassLink Ultra,150,10846.69,5238.65,7
2025-03-14,Asia Pacific,ClearWave SE,80,3986.71,2411.43,6
2025-03-14,Latin America,AuraSound Pro,121,10362.72,4872.79,6
2025-03-14,Latin America,BassLink Ultra,77,5546.13,2661.7,8
2025-03-14,Latin America,ClearWave SE,73,3500.0,1833.85,5
2025-03-15,North America,AuraSound Pro,283,26212.21,11660.45,6
2025-03-15,North America,BassLink Ultra,182,12535.44,6550.86,10
2025-03-15,North America,ClearWave SE,161,8143.33,4642.74,7
2025-03-15,Europe,AuraSound Pro,233,20259.61,9816.79,6
2025-03-15,Europe,BassLink Ultra,116,8200.05,3998.33,7
2025-03-15,Europe,ClearWave SE,104,5286.59,2796.12,7
2025-03-15,Asia Pacific,AuraSound Pro,157,14279.33,6627.4,5
2025-03-15,Asia Pacific,BassLink Ultra,129,9201.24,4997.67,8
2025-03-15,Asia Pacific,ClearWave SE,84,4210.02,2324.3,5
2025-03-15,Latin America,AuraSound Pro,184,17338.6,8392.63,7
2025-03-15,Latin America,BassLink Ultra,90,6145.29,2874.04,7
2025-03-15,Latin America,ClearWave SE,118,5737.93,3289.61,7
2025-03-16,North America,AuraSound Pro,275,24797.53,10818.83,6
2025-03-16,North America,BassLink Ultra,139,9339.24,4965.89,7
2025-03-16,North America,ClearWave SE,125,5964.85,3465.29,5
2025-03-16,Europe,AuraSound Pro,190,17223.42,7610.35,6
2025-03-16,Europe,BassLink Ultra,112,8072.31,4418.76,6
2025-03-16,Europe,ClearWave SE,102,4862.68,2813.13,5
2025-03-16,Asia Pacific,AuraSound Pro,231,21198.24,10316.67,7
2025-03-16,Asia Pacific,BassLink Ultra,129,9006.31,4330.35,8
2025-03-16,Asia Pacific,ClearWave SE,124,6267.12,3230.52,10
2025-03-16,Latin America,AuraSound Pro,120,10928.61,4661.76,9
2025-03-16,Latin America,BassLink Ultra,72,5228.41,2607.91,7
2025-03-16,Latin America,ClearWave SE,61,3198.68,1771.13,6
2025-03-17,North America,AuraSound Pro,278,24454.88,11709.6,5
2025-03-17,North America,BassLink Ultra,204,13668.03,6626.67,8
2025-03-17,North America,ClearWave SE,154,7463.07,3986.64,7
2025-03-17,Europe,AuraSound Pro,220,19490.08,8435.6,5
2025-03-17,Europe,BassLink Ultra,126,8550.21,4670.61,6
2025-03-17,Europe,ClearWave SE,74,3599.87,2033.69,5
2025-03-17,Asia Pacific,AuraSound Pro,161,13844.68,6751.58,9
2025-03-17,Asia Pacific,BassLink Ultra,122,8635.83,4274.99,8
2025-03-17,Asia Pacific,ClearWave SE,88,4379.79,2562.27,5
2025-03-17,Latin America,AuraSound Pro,135,12611.24,5354.47,6
2025-03-17,Latin America,BassLink Ultra,107,7305.52,3427.74,7
2025-03-17,Latin America,ClearWave SE,57,2956.03,1664.33,4
2025-03-18,North America,AuraSound Pro,273,25682.54,10663.12,4
2025-03-18,North America,BassLink Ultra,156,10426.8,5374.91,6
2025-03-18,North America,ClearWave SE,147,7294.74,3896.94,5
2025-03-18,Europe,AuraSound Pro,191,16973.65,7463.78,7
2025-03-18,Europe,BassLink Ultra,138,9599.56,4579.75,6
2025-03-18,Europe,ClearWave SE,99,4953.31,2483.67,5
2025-03-18,Asia Pacific,AuraSound Pro,148,13575.68,5573.66,7
2025-03-18,Asia Pacific,BassLink Ultra,146,10372.92,5427.32,9
2025-03-18,Asia Pacific,ClearWave SE,103,4961.9,2641.45,5
2025-03-18,Latin America,AuraSound Pro,133,12528.12,5174.15,7
2025-03-18,Latin America,BassLink Ultra,82,5813.91,2662.02,7
2025-03-18,Latin America,ClearWave SE,68,3483.88,1787.36,5
2025-03-19,North America,AuraSound Pro,224,21124.21,8765.09,6
2025-03-19,North America,BassLink Ultra,172,11812.15,6162.73,7
2025-03-19,North America,ClearWave SE,125,6102.09,3323.61,4
2025-03-19,Europe,AuraSound Pro,221,19919.16,9731.57,7
2025-03-19,Europe,BassLink Ultra,114,8069.66,4132.71,7
2025-03-19,Europe,ClearWave SE,111,5479.22,3162.71,5
2025-03-19,Asia Pacific,AuraSound Pro,179,15305.55,7075.34,8
2025-03-19,Asia Pacific,BassLink Ultra,103,7183.48,3926.29,9
2025-03-19,Asia Pacific,ClearWave SE,80,3883.57,2161.08,5
2025-03-19,Latin America,AuraSound Pro,136,11997.93,5548.7,7
2025-03-19,Latin America,BassLink Ultra,124,8383.18,4304.4,10
2025-03-19,Latin America,ClearWave SE,71,3563.4,2151.65,5
2025-03-20,North America,AuraSound Pro,241,20811.86,9800.73,6
2025-03-20,North America,BassLink Ultra,152,10713.84,5456.32,7
2025-03-20,North America,ClearWave SE,145,7316.41,4355.89,7
2025-03-20,Europe,AuraSound Pro,140,12172.5,5368.07,6
2025-03-20,Europe,BassLink Ultra,100,6765.41,3445.47,8
2025-03-20,Europe,ClearWave SE,93,4685.43,2369.86,7
2025-03-20,Asia Pacific,AuraSound Pro,164,15492.6,7638.98,7
2025-03-20,Asia Pacific,BassLink Ultra,102,7421.07,3925.48,8
2025-03-20,Asia Pacific,ClearWave SE,99,4959.98,2738.34,6
2025-03-20,Latin America,AuraSound Pro,117,10671.4,5217.94,4
2025-03-20,Latin America,BassLink Ultra,117,8485.9,4258.93,8
2025-03-20,Latin America,ClearWave SE,97,4822.79,2430.49,4
2025-03-21,North America,AuraSound Pro,231,21496.94,9961.37,6
2025-03-21,North America,BassLink Ultra,229,15914.46,7306.9,8
2025-03-21,North America,ClearWave SE,127,6453.73,3571.78,6
2025-03-21,Europe,AuraSound Pro,172,16223.79,7646.61,7
2025-03-21,Europe,BassLink Ultra,216,14523.31,7349.39,7
2025-03-21,Europe,ClearWave SE,110,5527.88,3268.02,5
2025-03-21,Asia Pacific,AuraSound Pro,141,13181.45,6018.54,7
2025-03-21,Asia Pacific,BassLink Ultra,96,6959.43,3779.64,8
2025-03-21,Asia Pacific,ClearWave SE,113,5642.6,2894.83,5
2025-03-21,Latin America,AuraSound Pro,169,14884.26,6064.95,8
2025-03-21,Latin America,BassLink Ultra,86,5819.04,2731.47,6
2025-03-21,Latin America,ClearWave SE,82,4207.5,2230.7,5
2025-03-22,North America,AuraSound Pro,233,20874.26,9333.86,7
2025-03-22,North America,BassLink Ultra,121,8372.78,4209.75,7
2025-03-22,North America,ClearWave SE,178,8772.58,5034.13,6
2025-03-22,Europe,AuraSound Pro,208,18503.2,8994.58,7
2025-03-22,Europe,BassLink Ultra,148,10518.57,4822.4,9
2025-03-22,Europe,ClearWave SE,73,3623.67,2036.94,6
2025-03-22,Asia Pacific,AuraSound Pro,166,15666.93,7180.99,7
2025-03-22,Asia Pacific,BassLink Ultra,112,8008.29,3644.09,7
2025-03-22,Asia Pacific,ClearWave SE,76,3773.87,2179.38,5
2025-03-22,Latin America,AuraSound Pro,103,9039.03,3959.81,6
2025-03-22,Latin America,BassLink Ultra,97,6862.04,3130.57,7
2025-03-22,Latin America,ClearWave SE,55,2703.76,1504.24,4
2025-03-23,North America,AuraSound Pro,185,17143.47,7193.23,5
2025-03-23,North America,BassLink Ultra,165,11323.24,5919.26,11
2025-03-23,North America,ClearWave SE,101,5133.65,2994.21,9
2025-03-23,Europe,AuraSound Pro,191,17831.68,7223.58,7
2025-03-23,Europe,BassLink Ultra,99,6647.83,3345.17,8
2025-03-23,Europe,ClearWave SE,96,4880.68,2678.85,7
2025-03-23,Asia Pacific,AuraSound Pro,119,10583.08,4619.32,6
2025-03-23,Asia Pacific,BassLink Ultra,102,6848.16,3533.66,8
2025-03-23,Asia Pacific,ClearWave SE,62,2991.66,1616.13,7
2025-03-23,Latin America,AuraSound Pro,139,12762.01,5237.43,7
2025-03-23,Latin America,BassLink Ultra,74,5083.57,2387.18,8
2025-03-23,Latin America,ClearWave SE,85,4296.67,2442.56,7
2025-03-24,North America,AuraSound Pro,211,19240.91,8894.95,5
2025-03-24,North America,BassLink Ultra,140,10063.49,4971.55,9
2025-03-24,North America,ClearWave SE,116,6058.98,3118.7,8
2025-03-24,Europe,AuraSound Pro,219,19062.83,7833.69,9
2025-03-24,Europe,BassLink Ultra,122,8271.09,4531.26,8
2025-03-24,Europe,ClearWave SE,88,4439.13,2458.18,6
2025-03-24,Asia Pacific,AuraSound Pro,186,17293.38,7333.01,7
2025-03-24,Asia Pacific,BassLink Ultra,111,7434.0,3875.74,8
2025-03-24,Asia Pacific,ClearWave SE,97,5014.09,2691.53,5
2025-03-24,Latin America,AuraSound Pro,136,12334.65,5250.89,7
2025-03-24,Latin America,BassLink Ultra,104,7254.48,3649.46,7
2025-03-24,Latin America,ClearWave SE,87,4411.17,2638.88,6
2025-03-25,North America,AuraSound Pro,250,22864.94,9473.8,7
2025-03-25,North America,BassLink Ultra,154,10397.48,5616.37,6
2025-03-25,North America,ClearWave SE,148,7622.73,4566.01,5
2025-03-25,Europe,AuraSound Pro,138,12739.53,5502.64,6
2025-03-25,Europe,BassLink Ultra,137,9870.47,4714.02,9
2025-03-25,Europe,ClearWave SE,188,9814.56,5146.03,6
2025-03-25,Asia Pacific,AuraSound Pro,200,18187.74,7765.57,7
2025-03-25,Asia Pacific,BassLink Ultra,127,9088.85,4283.76,7
2025-03-25,Asia Pacific,ClearWave SE,79,3814.41,2111.29,8
2025-03-25,Latin America,AuraSound Pro,118,10583.73,4848.51,6
2025-03-25,Latin America,BassLink Ultra,91,6214.74,2815.68,7
2025-03-25,Latin America,ClearWave SE,82,4074.38,2082.74,5
2025-03-26,North America,AuraSound Pro,210,19461.09,8520.09,6
2025-03-26,North America,BassLink Ultra,149,10486.19,4749.81,6
2025-03-26,North America,ClearWave SE,97,4611.29,2624.41,7
2025-03-26,Europe,AuraSound Pro,221,19573.42,8860.19,8
2025-03-26,Europe,BassLink Ultra,181,12774.07,5852.82,7
2025-03-26,Europe,ClearWave SE,140,6908.11,4085.02,7
2025-03-26,Asia Pacific,AuraSound Pro,157,14699.59,6536.59,7
2025-03-26,Asia Pacific,BassLink Ultra,141,9873.64,4837.2,8
2025-03-26,Asia Pacific,ClearWave SE,93,4536.08,2425.8,6
2025-03-26,Latin America,AuraSound Pro,143,12557.41,6182.74,6
2025-03-26,Latin America,BassLink Ultra,104,7077.16,3870.6,7
2025-03-26,Latin America,ClearWave SE,99,4809.36,2852.9,6
2025-03-27,North America,AuraSound Pro,264,24841.84,10341.85,7
2025-03-27,North America,BassLink Ultra,167,11531.71,5941.86,9
2025-03-27,North America,ClearWave SE,103,5142.87,2668.0,5
2025-03-27,Europe,AuraSound Pro,209,19446.97,9524.09,6
2025-03-27,Europe,BassLink Ultra,119,8588.71,4657.59,9
2025-03-27,Europe,ClearWave SE,109,5291.64,2642.49,6
2025-03-27,Asia Pacific,AuraSound Pro,210,18831.84,8746.89,6
2025-03-27,Asia Pacific,BassLink Ultra,178,12048.99,6343.25,6
2025-03-27,Asia Pacific,ClearWave SE,119,5709.65,3253.21,5
2025-03-27,Latin America,AuraSound Pro,156,13901.1,6462.36,6
2025-03-27,Latin America,BassLink Ultra,70,4896.55,2223.98,9
2025-03-27,Latin America,ClearWave SE,69,3564.53,1952.52,4
2025-03-28,North America,AuraSound Pro,271,23921.05,11196.56,7
2025-03-28,North America,BassLink Ultra,148,10209.85,5594.8,8
2025-03-28,North America,ClearWave SE,123,6085.89,3307.75,5
2025-03-28,Europe,AuraSound Pro,218,19285.0,9285.7,7
2025-03-28,Europe,BassLink Ultra,114,7893.08,4259.72,8
2025-03-28,Europe,ClearWave SE,124,6076.25,3037.77,5
2025-03-28,Asia Pacific,AuraSound Pro,213,18994.34,8747.97,7
2025-03-28,Asia Pacific,BassLink Ultra,122,8277.39,4331.88,8
2025-03-28,Asia Pacific,ClearWave SE,133,6645.02,3382.82,6
2025-03-28,Latin America,AuraSound Pro,121,10908.3,5280.72,10
2025-03-28,Latin America,BassLink Ultra,90,6271.22,3145.13,9
2025-03-28,Latin America,ClearWave SE,84,4261.9,2239.71,6
2025-03-29,North America,AuraSound Pro,347,31662.99,14491.29,7
2025-03-29,North America,BassLink Ultra,133,8900.77,4730.73,6
2025-03-29,North America,ClearWave SE,144,6949.79,3483.67,5
2025-03-29,Europe,AuraSound Pro,140,13149.66,5337.81,6
2025-03-29,Europe,BassLink Ultra,152,10515.52,4829.89,7
2025-03-29,Europe,ClearWave SE,105,5083.69,2777.33,4
2025-03-29,Asia Pacific,AuraSound Pro,189,16771.69,8066.57,5
2025-03-29,Asia Pacific,BassLink Ultra,106,7511.35,3465.0,8
2025-03-29,Asia Pacific,ClearWave SE,81,3916.81,2204.39,5
2025-03-29,Latin America,AuraSound Pro,100,9440.11,4181.64,7
2025-03-29,Latin America,BassLink Ultra,98,6908.37,3764.4,8
2025-03-29,Latin America,ClearWave SE,49,2449.51,1400.43,4
2025-03-30,North America,AuraSound Pro,266,22810.56,10141.09,6
2025-03-30,North America,BassLink Ultra,258,17653.06,8698.51,8
2025-03-30,North America,ClearWave SE,187,9603.84,5533.36,5
2025-03-30,Europe,AuraSound Pro,167,14570.12,6312.68,7
2025-03-30,Europe,BassLink Ultra,165,11869.81,6351.83,7
2025-03-30,Europe,ClearWave SE,119,5819.87,2950.63,4
2025-03-30,Asia Pacific,AuraSound Pro,140,12809.88,5935.03,7
2025-03-30,Asia Pacific,BassLink Ultra,110,7917.15,4353.86,8
2025-03-30,Asia Pacific,ClearWave SE,103,5232.47,2832.84,6
2025-03-30,Latin America,AuraSound Pro,154,14040.7,6692.71,8
2025-03-30,Latin America,BassLink Ultra,74,5209.85,2482.52,7
2025-03-30,Latin America,ClearWave SE,71,3507.69,2048.38,5
2025-03-31,North America,AuraSound Pro,209,18751.19,8086.09,7
2025-03-31,North America,BassLink Ultra,95,6936.28,3149.89,7
2025-03-31,North America,ClearWave SE,149,7790.57,4008.56,6
2025-03-31,Europe,AuraSound Pro,162,14577.19,6068.36,7
2025-03-31,Europe,BassLink Ultra,235,17223.4,8878.63,10
2025-03-31,Europe,ClearWave SE,86,4139.32,2393.42,5
2025-03-31,Asia Pacific,AuraSound Pro,197,16914.03,8011.41,8
2025-03-31,Asia Pacific,BassLink Ultra,125,8825.04,4239.51,8
2025-03-31,Asia Pacific,ClearWave SE,74,3781.72,2166.36,5
2025-03-31,Latin America,AuraSound Pro,116,9997.28,4869.45,6
2025-03-31,Latin America,BassLink Ultra,79,5407.85,2657.21,6
2025-03-31,Latin America,ClearWave SE,84,4065.88,2319.61,6
2025-04-01,North America,AuraSound Pro,172,14773.24,6911.58,7
2025-04-01,North America,BassLink Ultra,147,10470.52,5275.3,10
2025-04-01,North America,ClearWave SE,161,8181.85,4229.68,7
2025-04-01,Europe,AuraSound Pro,167,14947.37,7095.47,5
2025-04-01,Europe,BassLink Ultra,105,7166.3,3378.72,7
2025-04-01,Europe,ClearWave SE,99,5052.26,2732.18,7
2025-04-01,Asia Pacific,AuraSound Pro,194,17471.91,8545.79,7
2025-04-01,Asia Pacific,BassLink Ultra,151,10613.8,5051.23,8
2025-04-01,Asia Pacific,ClearWave SE,109,5206.95,2916.22,5
2025-04-01,Latin America,AuraSound Pro,97,9064.72,4367.78,5
2025-04-01,Latin America,BassLink Ultra,67,4677.82,2296.01,8
2025-04-01,Latin America,ClearWave SE,62,3112.74,1644.15,5
2025-04-02,North America,AuraSound Pro,169,15103.62,6206.71,8
2025-04-02,North America,BassLink Ultra,156,10398.98,5258.09,8
2025-04-02,North America,ClearWave SE,133,6782.25,3471.64,6
2025-04-02,Europe,AuraSound Pro,230,20847.59,10148.68,7
2025-04-02,Europe,BassLink Ultra,107,7765.7,3992.17,7
2025-04-02,Europe,ClearWave SE,181,8896.19,4656.06,6
2025-04-02,Asia Pacific,AuraSound Pro,258,22297.27,10103.34,6
2025-04-02,Asia Pacific,BassLink Ultra,159,10833.32,5208.34,8
2025-04-02,Asia Pacific,ClearWave SE,99,4809.2,2910.82,6
2025-04-02,Latin America,AuraSound Pro,150,12944.58,5609.33,7
2025-04-02,Latin America,BassLink Ultra,88,6455.55,2981.88,7
2025-04-02,Latin America,ClearWave SE,70,3573.72,1852.05,6
2025-04-03,North America,AuraSound Pro,201,18578.25,7748.67,6
2025-04-03,North America,BassLink Ultra,157,11230.07,5819.75,8
2025-04-03,North America,ClearWave SE,131,6307.32,3420.91,5
2025-04-03,Europe,AuraSound Pro,254,21986.76,9026.62,9
2025-04-03,Europe,BassLink Ultra,147,9858.28,4589.21,9
2025-04-03,Europe,ClearWave SE,108,5666.79,2981.16,6
2025-04-03,Asia Pacific,AuraSound Pro,118,10749.22,4491.88,6
2025-04-03,Asia Pacific,BassLink Ultra,115,8143.61,4406.98,10
2025-04-03,Asia Pacific,ClearWave SE,88,4612.19,2529.6,7
2025-04-03,Latin America,AuraSound Pro,127,11210.55,5078.62,6
2025-04-03,Latin America,BassLink Ultra,66,4645.6,2456.41,8
2025-04-03,Latin America,ClearWave SE,62,3027.55,1782.54,4
2025-04-04,North America,AuraSound Pro,246,21407.11,8890.95,7
2025-04-04,North America,BassLink Ultra,170,11728.43,6459.59,8
2025-04-04,North America,ClearWave SE,109,5443.97,2949.06,5
2025-04-04,Europe,AuraSound Pro,244,21052.92,9803.43,7
2025-04-04,Europe,BassLink Ultra,157,10865.59,5678.43,7
2025-04-04,Europe,ClearWave SE,88,4344.62,2316.56,5
2025-04-04,Asia Pacific,AuraSound Pro,165,14851.98,6731.72,6
2025-04-04,Asia Pacific,BassLink Ultra,82,5832.7,2944.01,8
2025-04-04,Asia Pacific,ClearWave SE,113,5777.51,3138.01,5
2025-04-04,Latin America,AuraSound Pro,94,8810.78,3752.09,7
2025-04-04,Latin America,BassLink Ultra,87,6227.33,3407.65,7
2025-04-04,Latin America,ClearWave SE,79,3788.23,1917.59,6
2025-04-05,North America,AuraSound Pro,234,21063.39,8731.87,7
2025-04-05,North America,BassLink Ultra,133,9157.74,4210.84,7
2025-04-05,North America,ClearWave SE,124,6304.72,3205.43,6
2025-04-05,Europe,AuraSound Pro,184,17199.45,7877.25,6
2025-04-05,Europe,BassLink Ultra,133,8913.85,4241.55,8
2025-04-05,Europe,ClearWave SE,89,4355.99,2385.09,8
2025-04-05,Asia Pacific,AuraSound Pro,192,16592.93,7223.53,6
2025-04-05,Asia Pacific,BassLink Ultra,168,11911.93,6559.83,8
2025-04-05,Asia Pacific,ClearWave SE,97,4710.68,2596.2,7
2025-04-05,Latin America,AuraSound Pro,149,14024.95,6521.67,7
2025-04-05,Latin America,BassLink Ultra,83,5560.6,2620.14,8
2025-04-05,Latin America,ClearWave SE,70,3442.22,1968.57,5
2025-04-06,North America,AuraSound Pro,344,30869.81,13473.01,8
2025-04-06,North America,BassLink Ultra,148,10371.64,4851.83,8
2025-04-06,North America,ClearWave SE,119,6092.59,3244.3,5
2025-04-06,Europe,AuraSound Pro,127,11301.43,5581.54,7
2025-04-06,Europe,BassLink Ultra,129,8792.25,4188.26,9
2025-04-06,Europe,ClearWave SE,92,4822.44,2621.14,7
2025-04-06,Asia Pacific,AuraSound Pro,208,19581.78,9795.82,5
2025-04-06,Asia Pacific,BassLink Ultra,140,9860.73,5260.32,9
2025-04-06,Asia Pacific,ClearWave SE,91,4603.62,2589.15,7
2025-04-06,Latin America,AuraSound Pro,151,13392.3,5759.93,7
2025-04-06,Latin America,BassLink Ultra,67,4688.58,2571.48,7
2025-04-06,Latin America,ClearWave SE,87,4203.95,2535.01,6
2025-04-07,North America,AuraSound Pro,197,17964.02,8972.26,7
2025-04-07,North America,BassLink Ultra,157,11444.98,5254.24,7
2025-04-07,North America,ClearWave SE,112,5513.21,3165.58,8
2025-04-07,Europe,AuraSound Pro,111,9796.58,4784.76,7
2025-04-07,Europe,BassLink Ultra,156,11377.96,5686.25,8
2025-04-07,Europe,ClearWave SE,91,4539.58,2768.58,5
2025-04-07,Asia Pacific,AuraSound Pro,235,20328.99,8648.75,7
2025-04-07,Asia Pacific,BassLink Ultra,130,8972.03,4911.54,8
2025-04-07,Asia Pacific,ClearWave SE,97,4897.82,2939.67,5
2025-04-07,Latin America,AuraSound Pro,185,17220.92,8597.11,10
2025-04-07,Latin America,BassLink Ultra,103,7371.29,3575.31,8
2025-04-07,Latin America,ClearWave SE,74,3667.48,2127.44,6
2025-04-08,North America,AuraSound Pro,177,16277.02,7963.21,6
2025-04-08,North America,BassLink Ultra,127,9294.62,4294.38,9
2025-04-08,North America,ClearWave SE,95,4534.45,2498.31,5
2025-04-08,Europe,AuraSound Pro,212,20012.1,9761.11,7
2025-04-08,Europe,BassLink Ultra,180,13031.1,6606.22,7
2025-04-08,Europe,ClearWave SE,99,4892.84,2761.91,7
2025-04-08,Asia Pacific,AuraSound Pro,202,17917.56,8349.65,8
2025-04-08,Asia Pacific,BassLink Ultra,100,7122.66,3574.07,7
2025-04-08,Asia Pacific,ClearWave SE,91,4688.63,2789.52,6
2025-04-08,Latin America,AuraSound Pro,63,5714.45,2478.16,6
2025-04-08,Latin America,BassLink Ultra,83,5794.97,2861.33,8
2025-04-08,Latin America,ClearWave SE,88,4346.7,2200.35,7
2025-04-09,North America,AuraSound Pro,245,21104.74,8961.92,5
2025-04-09,North America,BassLink Ultra,195,13404.5,6848.93,9
2025-04-09,North America,ClearWave SE,146,7367.11,4543.73,5
2025-04-09,Europe,AuraSound Pro,240,22176.71,10213.78,7
2025-04-09,Europe,BassLink Ultra,110,7408.08,3736.17,9
2025-04-09,Europe,ClearWave SE,101,5117.28,2953.62,6
2025-04-09,Asia Pacific,AuraSound Pro,150,13777.84,6948.15,6
2025-04-09,Asia Pacific,BassLink Ultra,106,7118.54,3456.9,6
2025-04-09,Asia Pacific,ClearWave SE,105,5107.53,2719.82,4
2025-04-09,Latin America,AuraSound Pro,157,13786.64,6896.63,6
2025-04-09,Latin America,BassLink Ultra,109,7285.12,3803.47,8
2025-04-09,Latin America,ClearWave SE,48,2342.51,1340.42,6
2025-04-10,North America,AuraSound Pro,165,14314.35,6778.27,7
2025-04-10,North America,BassLink Ultra,134,9247.36,4889.39,6
2025-04-10,North America,ClearWave SE,134,6599.78,3907.04,6
2025-04-10,Europe,AuraSound Pro,178,16102.43,7187.39,5
2025-04-10,Europe,BassLink Ultra,88,5854.86,2835.49,7
2025-04-10,Europe,ClearWave SE,123,6013.62,3334.32,6
2025-04-10,Asia Pacific,AuraSound Pro,175,15284.89,6721.23,8
2025-04-10,Asia Pacific,BassLink Ultra,102,7020.59,3723.58,8
2025-04-10,Asia Pacific,ClearWave SE,67,3483.22,1857.2,8
2025-04-10,Latin America,AuraSound Pro,107,9740.37,4835.19,7
2025-04-10,Latin America,BassLink Ultra,124,8956.82,4264.52,7
2025-04-10,Latin America,ClearWave SE,77,3878.63,2053.31,6
2025-04-11,North America,AuraSound Pro,195,16852.29,7831.96,6
2025-04-11,North America,BassLink Ultra,119,8383.28,4494.93,5
2025-04-11,North America,ClearWave SE,117,5580.86,3317.16,5
2025-04-11,Europe,AuraSound Pro,98,9066.43,4381.44,6
2025-04-11,Europe,BassLink Ultra,142,9861.32,5391.96,8
2025-04-11,Europe,ClearWave SE,124,6049.66,3282.69,5
2025-04-11,Asia Pacific,AuraSound Pro,127,11119.19,4953.02,7
2025-04-11,Asia Pacific,BassLink Ultra,130,9257.53,5080.21,8
2025-04-11,Asia Pacific,ClearWave SE,77,3695.44,2116.24,6
2025-04-11,Latin America,AuraSound Pro,98,8789.26,4209.48,6
2025-04-11,Latin America,BassLink Ultra,112,8025.86,4327.51,7
2025-04-11,Latin America,ClearWave SE,84,4232.55,2536.57,6
2025-04-12,North America,AuraSound Pro,295,25367.48,12937.71,5
2025-04-12,North America,BassLink Ultra,160,11415.98,5526.12,8
2025-04-12,North America,ClearWave SE,89,4476.55,2503.12,5
2025-04-12,Europe,AuraSound Pro,166,15232.97,7581.57,10
2025-04-12,Europe,BassLink Ultra,111,7719.8,4355.75,7
2025-04-12,Europe,ClearWave SE,76,3857.55,2156.25,4
2025-04-12,Asia Pacific,AuraSound Pro,245,21073.12,10179.31,7
2025-04-12,Asia Pacific,BassLink Ultra,93,6326.61,3538.96,10
2025-04-12,Asia Pacific,ClearWave SE,130,6195.42,3459.43,5
2025-04-12,Latin America,AuraSound Pro,112,10182.85,4458.82,8
2025-04-12,Latin America,BassLink Ultra,101,7115.96,3970.84,8
2025-04-12,Latin America,ClearWave SE,89,4405.65,2265.56,4
2025-04-13,North America,AuraSound Pro,122,11260.77,5018.37,6
2025-04-13,North America,BassLink Ultra,129,8851.51,4676.02,7
2025-04-13,North America,ClearWave SE,78,3850.21,2137.21,5
2025-04-13,Europe,AuraSound Pro,195,16680.42,8543.44,8
2025-04-13,Europe,BassLink Ultra,145,10052.47,5264.67,9
2025-04-13,Europe,ClearWave SE,108,5529.12,2947.84,5
2025-04-13,Asia Pacific,AuraSound Pro,110,10156.24,5054.59,5
2025-04-13,Asia Pacific,BassLink Ultra,115,8259.53,4523.33,7
2025-04-13,Asia Pacific,ClearWave SE,91,4711.75,2587.31,5
2025-04-13,Latin America,AuraSound Pro,158,13634.5,6813.42,6
2025-04-13,Latin America,BassLink Ultra,82,5505.24,2961.7,8
2025-04-13,Latin America,ClearWave SE,39,1936.8,1146.1,7
2025-04-14,North America,AuraSound Pro,168,15693.08,7232.22,7
2025-04-14,North America,BassLink Ultra,150,10653.19,5285.93,7
2025-04-14,North America,ClearWave SE,134,6799.37,3823.97,7
2025-04-14,Europe,AuraSound Pro,122,11247.55,4783.18,8
2025-04-14,Europe,BassLink Ultra,84,5942.38,3211.72,7
2025-04-14,Europe,ClearWave SE,88,4600.67,2676.2,5
2025-04-14,Asia Pacific,AuraSound Pro,200,18043.28,8000.26,6
2025-04-14,Asia Pacific,BassLink Ultra,101,7323.4,3470.81,6
2025-04-14,Asia Pacific,ClearWave SE,94,4521.31,2650.69,6
2025-04-14,Latin America,AuraSound Pro,133,11828.76,5089.95,5
2025-04-14,Latin America,BassLink Ultra,122,8692.71,4639.63,9
2025-04-14,Latin America,ClearWave SE,142,7194.87,4267.96,6
2025-04-15,North America,AuraSound Pro,252,21897.01,9673.26,9
2025-04-15,North America,BassLink Ultra,157,11273.46,5935.58,8
2025-04-15,North America,ClearWave SE,107,5562.22,3438.05,5
2025-04-15,Europe,AuraSound Pro,178,15932.75,7207.84,7
2025-04-15,Europe,BassLink Ultra,141,10144.94,4835.54,10
2025-04-15,Europe,ClearWave SE,78,3832.84,2197.69,5
2025-04-15,Asia Pacific,AuraSound Pro,142,12609.62,6190.9,5
2025-04-15,Asia Pacific,BassLink Ultra,154,10466.51,5262.74,9
2025-04-15,Asia Pacific,ClearWave SE,85,4292.76,2705.28,6
2025-04-15,Latin America,AuraSound Pro,129,11774.9,5965.95,6
2025-04-15,Latin America,BassLink Ultra,80,5370.07,2745.98,7
2025-04-15,Latin America,ClearWave SE,69,3526.2,2034.21,6
2025-04-16,North America,AuraSound Pro,200,17367.5,8718.48,8
2025-04-16,North America,BassLink Ultra,143,9634.29,5143.72,8
2025-04-16,North America,ClearWave SE,87,4447.93,2696.36,6
2025-04-16,Europe,AuraSound Pro,177,16373.3,8089.29,8
2025-04-16,Europe,BassLink Ultra,103,7193.46,3397.04,7
2025-04-16,Europe,ClearWave SE,93,4466.86,2375.43,4
2025-04-16,Asia Pacific,AuraSound Pro,218,20272.56,9621.48,7
2025-04-16,Asia Pacific,BassLink Ultra,69,4681.03,2272.95,7
2025-04-16,Asia Pacific,ClearWave SE,85,4372.51,2615.68,7
2025-04-16,Latin America,AuraSound Pro,121,10827.83,5014.26,5
2025-04-16,Latin America,BassLink Ultra,92,6640.56,3749.84,8
2025-04-16,Latin America,ClearWave SE,65,3230.47,1909.46,5
2025-04-17,North America,AuraSound Pro,247,23205.22,10207.12,7
2025-04-17,North America,BassLink Ultra,144,10031.52,5556.07,10
2025-04-17,North America,ClearWave SE,137,7187.28,4157.67,6
2025-04-17,Europe,AuraSound Pro,149,13831.34,6257.86,7
2025-04-17,Europe,BassLink Ultra,119,8301.23,4343.33,6
2025-04-17,Europe,ClearWave SE,88,4481.08,2576.28,6
2025-04-17,Asia Pacific,AuraSound Pro,172,15061.19,6461.36,7
2025-04-17,Asia Pacific,BassLink Ultra,79,5339.38,2678.9,7
2025-04-17,Asia Pacific,ClearWave SE,75,3807.52,2095.09,4
2025-04-17,Latin America,AuraSound Pro,116,10810.08,5096.35,6
2025-04-17,Latin America,BassLink Ultra,85,5815.83,2860.57,9
2025-04-17,Latin America,ClearWave SE,73,3687.22,2233.76,8
2025-04-18,North America,AuraSound Pro,210,18693.25,8907.31,9
2025-04-18,North America,BassLink Ultra,118,8190.61,4162.63,8
2025-04-18,North America,ClearWave SE,101,4877.25,2628.62,6
2025-04-18,Europe,AuraSound Pro,200,17468.91,8123.44,7
2025-04-18,Europe,BassLink Ultra,149,9959.36,4916.01,7
2025-04-18,Europe,ClearWave SE,78,3810.4,2056.27,6
2025-04-18,Asia Pacific,AuraSound Pro,161,14482.24,7029.12,7
2025-04-18,Asia Pacific,BassLink Ultra,123,8400.07,4244.76,6
2025-04-18,Asia Pacific,ClearWave SE,72,3641.47,2253.24,6
2025-04-18,Latin America,AuraSound Pro,113,10281.25,4920.3,6
2025-04-18,Latin America,BassLink Ultra,87,6354.58,3123.0,9
2025-04-18,Latin America,ClearWave SE,73,3601.92,1953.19,7
2025-04-19,North America,AuraSound Pro,220,19521.45,9155.02,8
2025-04-19,North America,BassLink Ultra,131,8792.44,5014.76,9
2025-04-19,North America,ClearWave SE,84,4075.03,2550.06,5
2025-04-19,Europe,AuraSound Pro,191,17842.55,7675.54,6
2025-04-19,Europe,BassLink Ultra,113,8033.81,4125.77,10
2025-04-19,Europe,ClearWave SE,78,3712.81,2345.07,7
2025-04-19,Asia Pacific,AuraSound Pro,141,13097.79,5846.92,6
2025-04-19,Asia Pacific,BassLink Ultra,108,7457.75,4057.92,9
2025-04-19,Asia Pacific,ClearWave SE,67,3427.55,1911.38,5
2025-04-19,Latin America,AuraSound Pro,132,12241.42,5803.3,6
2025-04-19,Latin America,BassLink Ultra,124,8686.81,4501.99,8
2025-04-19,Latin America,ClearWave SE,81,4125.0,2573.44,6
2025-04-20,North America,AuraSound Pro,158,14717.87,6852.3,6
2025-04-20,North America,BassLink Ultra,124,8900.8,4750.16,9
2025-04-20,North America,ClearWave SE,114,5811.1,3048.49,4
2025-04-20,Europe,AuraSound Pro,192,16794.79,8392.63,10
2025-04-20,Europe,BassLink Ultra,97,6769.49,3703.72,7
2025-04-20,Europe,ClearWave SE,84,4307.73,2478.12,6
2025-04-20,Asia Pacific,AuraSound Pro,124,11542.98,5528.66,8
2025-04-20,Asia Pacific,BassLink Ultra,148,10462.26,5002.02,8
2025-04-20,Asia Pacific,ClearWave SE,85,4267.06,2612.77,4
2025-04-20,Latin America,AuraSound Pro,93,8398.33,3910.29,5
2025-04-20,Latin America,BassLink Ultra,74,5013.43,2810.1,7
2025-04-20,Latin America,ClearWave SE,75,3648.57,2115.0,6
2025-04-21,North America,AuraSound Pro,171,15802.86,7308.15,8
2025-04-21,North America,BassLink Ultra,230,16273.75,9015.84,9
2025-04-21,North America,ClearWave SE,103,5127.01,3087.1,6
2025-04-21,Europe,AuraSound Pro,136,11779.16,5527.2,6
2025-04-21,Europe,BassLink Ultra,167,11119.69,6365.43,8
2025-04-21,Europe,ClearWave SE,116,5531.48,2996.32,6
2025-04-21,Asia Pacific,AuraSound Pro,120,11174.38,4809.1,6
2025-04-21,Asia Pacific,BassLink Ultra,90,6502.7,3638.45,8
2025-04-21,Asia Pacific,ClearWave SE,64,3242.39,1760.36,6
2025-04-21,Latin America,AuraSound Pro,129,12178.96,6263.73,6
2025-04-21,Latin America,BassLink Ultra,102,7494.78,4009.89,12
2025-04-21,Latin America,ClearWave SE,79,3844.23,2060.78,6
2025-04-22,North America,AuraSound Pro,172,15281.94,7198.38,7
2025-04-22,North America,BassLink Ultra,149,10137.54,5254.22,8
2025-04-22,North America,ClearWave SE,121,6186.5,3603.97,5
2025-04-22,Europe,AuraSound Pro,190,17165.05,7670.93,6
2025-04-22,Europe,BassLink Ultra,90,6603.11,3754.72,6
2025-04-22,Europe,ClearWave SE,106,5423.72,3426.81,6
2025-04-22,Asia Pacific,AuraSound Pro,148,13647.35,6636.96,6
2025-04-22,Asia Pacific,BassLink Ultra,97,6665.32,3373.53,7
2025-04-22,Asia Pacific,ClearWave SE,89,4607.0,2823.86,4
2025-04-22,Latin America,AuraSound Pro,81,6966.73,3619.46,6
2025-04-22,Latin America,BassLink Ultra,85,5876.63,3403.78,8
2025-04-22,Latin America,ClearWave SE,86,4205.7,2360.06,6
2025-04-23,North America,AuraSound Pro,231,21382.74,10864.25,7
2025-04-23,North America,BassLink Ultra,95,6444.21,3753.47,7
2025-04-23,North America,ClearWave SE,93,4876.23,2611.09,5
2025-04-23,Europe,AuraSound Pro,153,13656.77,6986.12,8
2025-04-23,Europe,BassLink Ultra,113,8266.37,4581.39,7
2025-04-23,Europe,ClearWave SE,111,5305.06,2925.73,7
2025-04-23,Asia Pacific,AuraSound Pro,94,8383.7,4248.04,7
2025-04-23,Asia Pacific,BassLink Ultra,134,9045.71,4874.03,8
2025-04-23,Asia Pacific,ClearWave SE,68,3403.51,2159.67,7
2025-04-23,Latin America,AuraSound Pro,91,8293.76,4051.88,7
2025-04-23,Latin America,BassLink Ultra,78,5389.19,3096.86,6
2025-04-23,Latin America,ClearWave SE,80,4010.01,2158.22,6
2025-04-24,North America,AuraSound Pro,258,22507.21,9941.9,7
2025-04-24,North America,BassLink Ultra,115,7892.91,3910.99,6
2025-04-24,North America,ClearWave SE,133,6572.83,3966.94,5
2025-04-24,Europe,AuraSound Pro,264,23159.98,11189.11,9
2025-04-24,Europe,BassLink Ultra,117,8248.3,4128.32,8
2025-04-24,Europe,ClearWave SE,80,3827.46,2181.88,5
2025-04-24,Asia Pacific,AuraSound Pro,226,20639.75,10822.13,6
2025-04-24,Asia Pacific,BassLink Ultra,114,8339.21,4217.3,9
2025-04-24,Asia Pacific,ClearWave SE,101,5111.67,3292.37,6
2025-04-24,Latin America,AuraSound Pro,112,10560.01,4957.54,6
2025-04-24,Latin America,BassLink Ultra,89,6156.05,2975.38,8
2025-04-24,Latin America,ClearWave SE,59,2818.04,1757.88,6
2025-04-25,North America,AuraSound Pro,189,16670.53,8492.25,7
2025-04-25,North America,BassLink Ultra,159,11107.34,6164.24,8
2025-04-25,North America,ClearWave SE,130,6432.84,3587.84,6
2025-04-25,Europe,AuraSound Pro,196,17634.4,8258.86,7
2025-04-25,Europe,BassLink Ultra,94,6253.63,3204.85,8
2025-04-25,Europe,ClearWave SE,128,6607.71,4228.35,7
2025-04-25,Asia Pacific,AuraSound Pro,202,17404.82,7653.08,6
2025-04-25,Asia Pacific,BassLink Ultra,103,7000.83,3592.53,7
2025-04-25,Asia Pacific,ClearWave SE,65,3267.99,1893.05,7
2025-04-25,Latin America,AuraSound Pro,148,13105.08,6179.16,8
2025-04-25,Latin America,BassLink Ultra,73,4914.69,2634.86,9
2025-04-25,Latin America,ClearWave SE,83,4237.91,2277.17,8
2025-04-26,North America,AuraSound Pro,145,13386.67,6958.55,7
2025-04-26,North America,BassLink Ultra,127,8669.56,4290.83,8
2025-04-26,North America,ClearWave SE,122,6387.67,3700.7,4
2025-04-26,Europe,AuraSound Pro,146,12708.96,5769.98,7
2025-04-26,Europe,BassLink Ultra,117,8225.08,4295.04,8
2025-04-26,Europe,ClearWave SE,88,4323.92,2436.43,8
2025-04-26,Asia Pacific,AuraSound Pro,141,12607.88,5916.51,8
2025-04-26,Asia Pacific,BassLink Ultra,118,8181.67,4645.65,7
2025-04-26,Asia Pacific,ClearWave SE,70,3521.32,2183.13,7
2025-04-26,Latin America,AuraSound Pro,147,13545.5,5971.78,9
2025-04-26,Latin America,BassLink Ultra,68,4793.53,2443.73,9
2025-04-26,Latin America,ClearWave SE,64,3245.09,2031.51,7
2025-04-27,North America,AuraSound Pro,208,18060.49,9382.37,8
2025-04-27,North America,BassLink Ultra,187,13639.59,6982.43,10
2025-04-27,North America,ClearWave SE,113,5790.58,3397.01,5
2025-04-27,Europe,AuraSound Pro,140,12737.67,6577.3,10
2025-04-27,Europe,BassLink Ultra,130,9360.22,4991.79,7
2025-04-27,Europe,ClearWave SE,82,4040.69,2317.15,7
2025-04-27,Asia Pacific,AuraSound Pro,215,19873.85,9433.66,7
2025-04-27,Asia Pacific,BassLink Ultra,134,9188.2,4552.9,9
2025-04-27,Asia Pacific,ClearWave SE,89,4515.01,2440.79,7
2025-04-27,Latin America,AuraSound Pro,120,11174.47,5935.23,9
2025-04-27,Latin America,BassLink Ultra,95,6341.91,3603.68,6
2025-04-27,Latin America,ClearWave SE,62,3197.77,1970.03,5
2025-04-28,North America,AuraSound Pro,199,18747.8,9403.06,7
2025-04-28,North America,BassLink Ultra,122,8945.78,4568.34,7
2025-04-28,North America,ClearWave SE,74,3798.52,2424.35,7
2025-04-28,Europe,AuraSound Pro,209,18900.16,8786.59,6
2025-04-28,Europe,BassLink Ultra,123,8310.91,4771.28,6
2025-04-28,Europe,ClearWave SE,79,3939.61,2295.3,6
2025-04-28,Asia Pacific,AuraSound Pro,127,11926.48,5676.48,8
2025-04-28,Asia Pacific,BassLink Ultra,62,4244.15,2475.21,7
2025-04-28,Asia Pacific,ClearWave SE,99,4820.35,3036.39,4
2025-04-28,Latin America,AuraSound Pro,98,8979.13,4546.0,8
2025-04-28,Latin America,BassLink Ultra,122,8602.36,4260.74,10
2025-04-28,Latin America,ClearWave SE,60,2980.94,1899.92,8
2025-04-29,North America,AuraSound Pro,231,19994.22,9951.85,6
2025-04-29,North America,BassLink Ultra,99,7049.25,4084.21,9
2025-04-29,North America,ClearWave SE,107,5252.21,2995.69,5
2025-04-29,Europe,AuraSound Pro,154,13635.44,6789.06,8
2025-04-29,Europe,BassLink Ultra,100,7013.2,3732.18,7
2025-04-29,Europe,ClearWave SE,88,4408.26,2794.63,6
2025-04-29,Asia Pacific,AuraSound Pro,133,12087.93,6316.18,8
2025-04-29,Asia Pacific,BassLink Ultra,119,8664.44,4422.0,8
2025-04-29,Asia Pacific,ClearWave SE,71,3441.41,2219.14,5
2025-04-29,Latin America,AuraSound Pro,149,13261.75,6639.47,10
2025-04-29,Latin America,BassLink Ultra,60,4170.35,2261.83,7
2025-04-29,Latin America,ClearWave SE,57,2801.16,1779.23,8
2025-04-30,North America,AuraSound Pro,177,15633.04,8144.13,8
2025-04-30,North America,BassLink Ultra,131,9121.33,4647.18,7
2025-04-30,North America,ClearWave SE,104,5331.28,3404.19,5
2025-04-30,Europe,AuraSound Pro,185,16715.74,7894.71,6
2025-04-30,Europe,BassLink Ultra,100,6949.51,3533.17,7
2025-04-30,Europe,ClearWave SE,126,6406.77,3610.65,6
2025-04-30,Asia Pacific,AuraSound Pro,150,13684.57,6751.23,5
2025-04-30,Asia Pacific,BassLink Ultra,61,4268.65,2289.55,7
2025-04-30,Asia Pacific,ClearWave SE,101,5116.06,3194.82,6
2025-04-30,Latin America,AuraSound Pro,158,14329.82,6346.15,9
2025-04-30,Latin America,BassLink Ultra,67,4500.32,2589.51,8
2025-04-30,Latin America,ClearWave SE,84,4103.75,2333.93,6
2025-05-01,North America,AuraSound Pro,219,20328.6,9875.98,6
2025-05-01,North America,BassLink Ultra,145,9759.61,5304.77,8
2025-05-01,North America,ClearWave SE,92,4492.47,2439.23,6
2025-05-01,Europe,AuraSound Pro,169,15687.4,7727.84,8
2025-05-01,Europe,BassLink Ultra,157,11436.77,5724.11,9
2025-05-01,Europe,ClearWave SE,117,6116.91,4019.72,5
2025-05-01,Asia Pacific,AuraSound Pro,114,9868.21,5272.16,8
2025-05-01,Asia Pacific,BassLink Ultra,78,5696.09,2858.83,8
2025-05-01,Asia Pacific,ClearWave SE,96,4601.19,2669.45,8
2025-05-01,Latin America,AuraSound Pro,119,10684.3,4721.07,6
2025-05-01,Latin America,BassLink Ultra,79,5395.52,2777.32,8
2025-05-01,Latin America,ClearWave SE,55,2851.55,1758.02,5
2025-05-02,North America,AuraSound Pro,224,20661.15,9609.16,7
2025-05-02,North America,BassLink Ultra,155,10844.61,6203.48,9
2025-05-02,North America,ClearWave SE,103,5197.93,2984.47,6
2025-05-02,Europe,AuraSound Pro,156,13978.4,7152.49,8
2025-05-02,Europe,BassLink Ultra,71,4758.91,2650.91,9
2025-05-02,Europe,ClearWave SE,98,4840.96,2693.47,7
2025-05-02,Asia Pacific,AuraSound Pro,193,17213.08,8470.09,6
2025-05-02,Asia Pacific,BassLink Ultra,76,5234.03,2943.02,8
2025-05-02,Asia Pacific,ClearWave SE,83,4059.32,2522.98,6
2025-05-02,Latin America,AuraSound Pro,121,11047.37,5945.76,6
2025-05-02,Latin America,BassLink Ultra,75,5001.13,2818.05,9
2025-05-02,Latin America,ClearWave SE,59,2838.12,1735.04,6
2025-05-03,North America,AuraSound Pro,177,15200.63,7450.88,6
2025-05-03,North America,BassLink Ultra,158,11057.3,5569.64,9
2025-05-03,North America,ClearWave SE,123,5982.51,3476.25,6
2025-05-03,Europe,AuraSound Pro,188,17615.49,8493.56,8
2025-05-03,Europe,BassLink Ultra,62,4525.0,2613.27,10
2025-05-03,Europe,ClearWave SE,87,4476.06,2662.0,6
2025-05-03,Asia Pacific,AuraSound Pro,115,10729.81,5539.89,9
2025-05-03,Asia Pacific,BassLink Ultra,95,6731.99,3964.13,7
2025-05-03,Asia Pacific,ClearWave SE,107,5500.29,3258.9,6
2025-05-03,Latin America,AuraSound Pro,163,13980.64,7434.2,7
2025-05-03,Latin America,BassLink Ultra,68,4988.33,2558.32,9
2025-05-03,Latin America,ClearWave SE,60,3078.33,1839.43,7
2025-05-04,North America,AuraSound Pro,164,14418.19,6559.87,8
2025-05-04,North America,BassLink Ultra,124,8847.54,5173.09,9
2025-05-04,North America,ClearWave SE,106,5424.47,3428.89,6
2025-05-04,Europe,AuraSound Pro,92,8625.62,4146.14,7
2025-05-04,Europe,BassLink Ultra,111,8129.64,4679.3,9
2025-05-04,Europe,ClearWave SE,72,3526.44,2184.23,6
2025-05-04,Asia Pacific,AuraSound Pro,235,20256.97,10019.46,9
2025-05-04,Asia Pacific,BassLink Ultra,98,7037.54,3926.24,8
2025-05-04,Asia Pacific,ClearWave SE,73,3770.89,2094.49,7
2025-05-04,Latin America,AuraSound Pro,85,7936.77,4086.0,7
2025-05-04,Latin America,BassLink Ultra,67,4750.43,2695.88,8
2025-05-04,Latin America,ClearWave SE,65,3249.08,2004.5,4
2025-05-05,North America,AuraSound Pro,177,16458.81,8691.32,7
2025-05-05,North America,BassLink Ultra,163,11604.64,6360.3,7
2025-05-05,North America,ClearWave SE,112,5698.46,3225.19,6
2025-05-05,Europe,AuraSound Pro,193,18040.01,8450.14,8
2025-05-05,Europe,BassLink Ultra,157,10899.37,5975.57,10
2025-05-05,Europe,ClearWave SE,95,4747.63,2663.65,7
2025-05-05,Asia Pacific,AuraSound Pro,134,12398.78,6002.16,7
2025-05-05,Asia Pacific,BassLink Ultra,104,7118.91,4047.71,7
2025-05-05,Asia Pacific,ClearWave SE,104,5454.99,3231.35,7
2025-05-05,Latin America,AuraSound Pro,145,13150.81,5917.93,7
2025-05-05,Latin America,BassLink Ultra,77,5256.04,2679.76,7
2025-05-05,Latin America,ClearWave SE,49,2331.68,1390.17,7
2025-05-06,North America,AuraSound Pro,150,13424.62,6900.91,6
2025-05-06,North America,BassLink Ultra,151,10587.21,5817.34,9
2025-05-06,North America,ClearWave SE,123,5927.89,3596.29,5
2025-05-06,Europe,AuraSound Pro,225,21093.34,11425.5,6
2025-05-06,Europe,BassLink Ultra,100,7217.11,4002.03,7
2025-05-06,Europe,ClearWave SE,127,6413.44,4264.72,6
2025-05-06,Asia Pacific,AuraSound Pro,115,10393.16,5486.91,11
2025-05-06,Asia Pacific,BassLink Ultra,138,10113.96,5720.28,10
2025-05-06,Asia Pacific,ClearWave SE,108,5485.01,3009.4,5
2025-05-06,Latin America,AuraSound Pro,153,13767.15,7228.56,7
2025-05-06,Latin America,BassLink Ultra,83,5688.86,2886.7,8
2025-05-06,Latin America,ClearWave SE,82,4037.32,2327.21,4
2025-05-07,North America,AuraSound Pro,150,13675.83,7199.35,9
2025-05-07,North America,BassLink Ultra,117,8244.43,4521.43,10
2025-05-07,North America,ClearWave SE,93,4494.53,2666.11,6
2025-05-07,Europe,AuraSound Pro,228,20171.73,10394.55,8
2025-05-07,Europe,BassLink Ultra,115,7774.03,4375.44,9
2025-05-07,Europe,ClearWave SE,110,5416.58,3249.99,6
2025-05-07,Asia Pacific,AuraSound Pro,158,14529.83,6578.64,11
2025-05-07,Asia Pacific,BassLink Ultra,81,5564.43,3182.34,9
2025-05-07,Asia Pacific,ClearWave SE,72,3672.35,2305.43,5
2025-05-07,Latin America,AuraSound Pro,112,9723.35,4607.86,6
2025-05-07,Latin America,BassLink Ultra,64,4700.48,2429.79,8
2025-05-07,Latin America,ClearWave SE,69,3619.87,2174.47,7
2025-05-08,North America,AuraSound Pro,183,15743.59,8061.05,6
2025-05-08,North America,BassLink Ultra,101,7279.58,3669.57,9
2025-05-08,North America,ClearWave SE,94,4582.16,2924.2,6
2025-05-08,Europe,AuraSound Pro,157,14715.11,6694.17,5
2025-05-08,Europe,BassLink Ultra,150,10791.5,5865.97,7
2025-05-08,Europe,ClearWave SE,84,4313.33,2783.66,5
2025-05-08,Asia Pacific,AuraSound Pro,122,11440.5,5198.04,7
2025-05-08,Asia Pacific,BassLink Ultra,91,6356.79,3388.86,8
2025-05-08,Asia Pacific,ClearWave SE,113,5484.95,3255.69,5
2025-05-08,Latin America,AuraSound Pro,122,10788.05,5570.72,9
2025-05-08,Latin America,BassLink Ultra,85,5794.17,2896.95,11
2025-05-08,Latin America,ClearWave SE,68,3466.49,1938.82,7
2025-05-09,North America,AuraSound Pro,237,21092.32,9934.94,8
2025-05-09,North America,BassLink Ultra,168,11227.87,6375.19,9
2025-05-09,North America,ClearWave SE,134,6799.16,4275.3,8
2025-05-09,Europe,AuraSound Pro,143,13021.7,5898.1,7
2025-05-09,Europe,BassLink Ultra,146,9952.01,5652.06,10
2025-05-09,Europe,ClearWave SE,62,3087.9,2046.95,6
2025-05-09,Asia Pacific,AuraSound Pro,203,17419.15,7994.87,6
2025-05-09,Asia Pacific,BassLink Ultra,77,5522.52,2873.0,8
2025-05-09,Asia Pacific,ClearWave SE,72,3538.61,2205.13,5
2025-05-09,Latin America,AuraSound Pro,87,8113.24,4379.96,6
2025-05-09,Latin America,BassLink Ultra,80,5638.24,3232.35,9
2025-05-09,Latin America,ClearWave SE,82,4120.09,2328.02,6
2025-05-10,North America,AuraSound Pro,207,19224.58,9064.94,8
2025-05-10,North America,BassLink Ultra,109,7635.07,3951.94,7
2025-05-10,North America,ClearWave SE,83,4051.57,2591.83,6
2025-05-10,Europe,AuraSound Pro,138,11903.56,6228.74,7
2025-05-10,Europe,BassLink Ultra,128,8935.64,5349.68,9
2025-05-10,Europe,ClearWave SE,79,3804.87,2476.62,6
2025-05-10,Asia Pacific,AuraSound Pro,123,11205.04,5155.82,7
2025-05-10,Asia Pacific,BassLink Ultra,74,5040.98,2990.49,9
2025-05-10,Asia Pacific,ClearWave SE,115,5721.69,3330.73,6
2025-05-10,Latin America,AuraSound Pro,108,9360.27,4616.57,8
2025-05-10,Latin America,BassLink Ultra,61,4454.44,2677.34,8
2025-05-10,Latin America,ClearWave SE,54,2770.27,1602.7,5
2025-05-11,North America,AuraSound Pro,254,23209.4,12180.43,8
2025-05-11,North America,BassLink Ultra,154,10263.04,5503.85,8
2025-05-11,North America,ClearWave SE,107,5135.4,3382.13,6
2025-05-11,Europe,AuraSound Pro,146,13420.73,7253.81,7
2025-05-11,Europe,BassLink Ultra,105,7611.98,4460.89,9
2025-05-11,Europe,ClearWave SE,64,3192.9,2111.23,5
2025-05-11,Asia Pacific,AuraSound Pro,126,11752.19,5361.94,7
2025-05-11,Asia Pacific,BassLink Ultra,93,6514.42,3379.79,9
2025-05-11,Asia Pacific,ClearWave SE,82,4273.05,2728.66,7
2025-05-11,Latin America,AuraSound Pro,95,8537.81,4395.36,6
2025-05-11,Latin America,BassLink Ultra,73,5213.02,3188.46,9
2025-05-11,Latin America,ClearWave SE,84,4112.46,2449.16,6
2025-05-12,North America,AuraSound Pro,250,21612.07,10897.42,6
2025-05-12,North America,BassLink Ultra,97,6653.43,4084.92,8
2025-05-12,North America,ClearWave SE,86,4314.71,2756.1,6
2025-05-12,Europe,AuraSound Pro,183,15705.42,7768.09,8
2025-05-12,Europe,BassLink Ultra,114,8060.4,4120.67,9
2025-05-12,Europe,ClearWave SE,75,3842.43,2166.09,6
2025-05-12,Asia Pacific,AuraSound Pro,127,11386.04,5646.32,6
2025-05-12,Asia Pacific,BassLink Ultra,140,9670.5,5481.84,8
2025-05-12,Asia Pacific,ClearWave SE,63,3185.21,1963.6,5
2025-05-12,Latin America,AuraSound Pro,116,10755.74,5373.89,10
2025-05-12,Latin America,BassLink Ultra,115,7824.48,4293.21,8
2025-05-12,Latin America,ClearWave SE,57,2831.47,1783.43,6
2025-05-13,North America,AuraSound Pro,183,15737.67,7560.82,6
2025-05-13,North America,BassLink Ultra,119,8127.0,4981.84,9
2025-05-13,North America,ClearWave SE,114,5906.62,3840.58,7
2025-05-13,Europe,AuraSound Pro,152,13602.21,6631.92,6
2025-05-13,Europe,BassLink Ultra,105,7025.81,3777.5,10
2025-05-13,Europe,ClearWave SE,93,4717.62,2956.9,6
2025-05-13,Asia Pacific,AuraSound Pro,210,19379.56,9926.43,7
2025-05-13,Asia Pacific,BassLink Ultra,94,6815.64,4151.22,9
2025-05-13,Asia Pacific,ClearWave SE,61,2998.76,1956.41,6
2025-05-13,Latin America,AuraSound Pro,103,9329.59,4825.5,6
2025-05-13,Latin America,BassLink Ultra,78,5615.52,3213.31,9
2025-05-13,Latin America,ClearWave SE,54,2621.14,1761.68,7
2025-05-14,North America,AuraSound Pro,223,20002.14,9911.48,9
2025-05-14,North America,BassLink Ultra,105,7315.67,4092.83,9
2025-05-14,North America,ClearWave SE,159,8311.91,5318.36,7
2025-05-14,Europe,AuraSound Pro,154,14034.36,6516.73,9
2025-05-14,Europe,BassLink Ultra,112,7757.13,4640.59,7
2025-05-14,Europe,ClearWave SE,105,5496.87,3172.74,6
2025-05-14,Asia Pacific,AuraSound Pro,187,16500.8,7992.63,6
2025-05-14,Asia Pacific,BassLink Ultra,99,6889.18,3919.78,11
2025-05-14,Asia Pacific,ClearWave SE,81,3929.11,2636.79,4
2025-05-14,Latin America,AuraSound Pro,123,11566.78,5623.1,9
2025-05-14,Latin America,BassLink Ultra,76,5200.9,3179.6,8
2025-05-14,Latin America,ClearWave SE,72,3526.96,2140.73,6
2025-05-15,North America,AuraSound Pro,123,11372.24,5363.52,9
2025-05-15,North America,BassLink Ultra,183,12689.07,6547.89,8
2025-05-15,North America,ClearWave SE,103,4897.34,3117.78,9
2025-05-15,Europe,AuraSound Pro,204,17569.99,8095.62,8
2025-05-15,Europe,BassLink Ultra,142,9601.38,5800.26,8
2025-05-15,Europe,ClearWave SE,66,3304.56,2249.0,8
2025-05-15,Asia Pacific,AuraSound Pro,134,12208.77,5768.9,6
2025-05-15,Asia Pacific,BassLink Ultra,86,6201.98,3859.47,8
2025-05-15,Asia Pacific,ClearWave SE,75,3571.44,2060.81,6
2025-05-15,Latin America,AuraSound Pro,86,8079.49,4029.95,6
2025-05-15,Latin America,BassLink Ultra,53,3524.04,2153.91,9
2025-05-15,Latin America,ClearWave SE,63,3306.65,1909.86,5
2025-05-16,North America,AuraSound Pro,237,20329.9,10777.62,7
2025-05-16,North America,BassLink Ultra,125,8451.36,5186.88,8
2025-05-16,North America,ClearWave SE,71,3515.82,2027.54,7
2025-05-16,Europe,AuraSound Pro,167,14824.27,7074.16,9
2025-05-16,Europe,BassLink Ultra,140,9614.78,4938.97,9
2025-05-16,Europe,ClearWave SE,97,5086.19,2866.04,5
2025-05-16,Asia Pacific,AuraSound Pro,124,10953.83,5489.39,7
2025-05-16,Asia Pacific,BassLink Ultra,86,6206.49,3531.62,11
2025-05-16,Asia Pacific,ClearWave SE,79,4098.36,2343.38,6
2025-05-16,Latin America,AuraSound Pro,134,12645.1,6748.25,8
2025-05-16,Latin America,BassLink Ultra,90,6428.71,3794.2,7
2025-05-16,Latin America,ClearWave SE,63,3292.31,2041.18,6
2025-05-17,North America,AuraSound Pro,186,16423.59,8903.98,8
2025-05-17,North America,BassLink Ultra,100,7268.11,4002.11,9
2025-05-17,North America,ClearWave SE,81,4049.22,2694.71,7
2025-05-17,Europe,AuraSound Pro,150,14060.07,7841.98,7
2025-05-17,Europe,BassLink Ultra,94,6726.7,3476.87,8
2025-05-17,Europe,ClearWave SE,113,5682.91,3334.99,6
2025-05-17,Asia Pacific,AuraSound Pro,157,14294.03,7644.23,7
2025-05-17,Asia Pacific,BassLink Ultra,77,5257.54,3011.39,8
2025-05-17,Asia Pacific,ClearWave SE,81,4133.33,2708.33,5
2025-05-17,Latin America,AuraSound Pro,114,10436.02,4822.69,7
2025-05-17,Latin America,BassLink Ultra,76,5257.38,2779.72,8
2025-05-17,Latin America,ClearWave SE,68,3439.81,2250.14,6
2025-05-18,North America,AuraSound Pro,201,17443.11,8785.07,6
2025-05-18,North America,BassLink Ultra,121,8759.3,4875.18,8
2025-05-18,North America,ClearWave SE,111,5554.18,3302.11,7
2025-05-18,Europe,AuraSound Pro,178,15923.78,7751.43,10
2025-05-18,Europe,BassLink Ultra,129,9332.77,5794.36,8
2025-05-18,Europe,ClearWave SE,70,3330.89,2275.48,5
2025-05-18,Asia Pacific,AuraSound Pro,109,10208.92,5269.65,6
2025-05-18,Asia Pacific,BassLink Ultra,73,5108.59,3158.22,9
2025-05-18,Asia Pacific,ClearWave SE,54,2572.9,1561.76,7
2025-05-18,Latin America,AuraSound Pro,92,8369.98,4317.69,8
2025-05-18,Latin America,BassLink Ultra,75,5181.29,3231.05,11
2025-05-18,Latin America,ClearWave SE,60,2945.71,1858.74,5
2025-05-19,North America,AuraSound Pro,148,13533.13,7154.24,8
2025-05-19,North America,BassLink Ultra,119,8159.95,4807.62,9
2025-05-19,North America,ClearWave SE,109,5208.63,3169.08,6
2025-05-19,Europe,AuraSound Pro,160,14606.83,8076.74,8
2025-05-19,Europe,BassLink Ultra,108,7921.53,4707.7,12
2025-05-19,Europe,ClearWave SE,61,3172.1,1914.34,8
2025-05-19,Asia Pacific,AuraSound Pro,123,11429.48,6062.21,7
2025-05-19,Asia Pacific,BassLink Ultra,103,7212.01,4135.76,8
2025-05-19,Asia Pacific,ClearWave SE,90,4417.36,2553.79,6
2025-05-19,Latin America,AuraSound Pro,127,11608.83,5603.33,6
2025-05-19,Latin America,BassLink Ultra,78,5555.51,3092.68,8
2025-05-19,Latin America,ClearWave SE,63,2993.59,1963.83,5
2025-05-20,North America,AuraSound Pro,135,12455.07,6828.1,7
2025-05-20,North America,BassLink Ultra,156,11238.81,6504.84,7
2025-05-20,North America,ClearWave SE,130,6517.44,4202.93,7
2025-05-20,Europe,AuraSound Pro,179,15682.17,7712.29,8
2025-05-20,Europe,BassLink Ultra,108,7492.23,4166.08,8
2025-05-20,Europe,ClearWave SE,78,3709.19,2289.07,7
2025-05-20,Asia Pacific,AuraSound Pro,107,9665.21,5307.44,8
2025-05-20,Asia Pacific,BassLink Ultra,69,4751.47,2955.55,7
2025-05-20,Asia Pacific,ClearWave SE,73,3563.37,2425.0,6
2025-05-20,Latin America,AuraSound Pro,98,8736.84,4859.81,7
2025-05-20,Latin America,BassLink Ultra,82,5529.36,3459.01,7
2025-05-20,Latin America,ClearWave SE,82,4072.03,2487.81,8
2025-05-21,North America,AuraSound Pro,191,17969.39,9038.39,6
2025-05-21,North America,BassLink Ultra,120,8297.79,4735.77,9
2025-05-21,North America,ClearWave SE,121,6036.44,3835.73,7
2025-05-21,Europe,AuraSound Pro,168,15206.46,8199.7,5
2025-05-21,Europe,BassLink Ultra,85,6109.89,3175.64,10
2025-05-21,Europe,ClearWave SE,74,3784.21,2406.49,7
2025-05-21,Asia Pacific,AuraSound Pro,188,16133.75,7887.45,7
2025-05-21,Asia Pacific,BassLink Ultra,115,7953.16,4352.43,9
2025-05-21,Asia Pacific,ClearWave SE,119,5901.28,4013.78,7
2025-05-21,Latin America,AuraSound Pro,91,7962.3,4079.82,8
2025-05-21,Latin America,BassLink Ultra,59,4326.08,2397.23,10
2025-05-21,Latin America,ClearWave SE,53,2751.45,1840.82,6
2025-05-22,North America,AuraSound Pro,218,20243.58,11009.46,6
2025-05-22,North America,BassLink Ultra,150,10743.16,6236.3,7
2025-05-22,North America,ClearWave SE,97,4715.59,2702.9,7
2025-05-22,Europe,AuraSound Pro,169,15834.27,7547.7,6
2025-05-22,Europe,BassLink Ultra,149,10195.31,5959.76,9
2025-05-22,Europe,ClearWave SE,96,4776.24,3179.0,7
2025-05-22,Asia Pacific,AuraSound Pro,106,9240.67,4659.19,7
2025-05-22,Asia Pacific,BassLink Ultra,120,8040.64,4438.34,11
2025-05-22,Asia Pacific,ClearWave SE,51,2528.58,1671.75,7
2025-05-22,Latin America,AuraSound Pro,98,8842.91,4802.71,8
2025-05-22,Latin America,BassLink Ultra,75,5182.56,2912.97,9
2025-05-22,Latin America,ClearWave SE,49,2355.72,1421.44,8
2025-05-23,North America,AuraSound Pro,154,13828.91,7539.11,7
2025-05-23,North America,BassLink Ultra,105,7304.97,4398.68,9
2025-05-23,North America,ClearWave SE,77,4016.59,2595.29,6
2025-05-23,Europe,AuraSound Pro,175,15551.29,7494.56,6
2025-05-23,Europe,BassLink Ultra,117,7821.87,4315.5,7
2025-05-23,Europe,ClearWave SE,72,3665.06,2482.09,6
2025-05-23,Asia Pacific,AuraSound Pro,155,14529.34,6890.61,9
2025-05-23,Asia Pacific,BassLink Ultra,87,6011.46,3417.68,7
2025-05-23,Asia Pacific,ClearWave SE,67,3352.41,2313.94,6
2025-05-23,Latin America,AuraSound Pro,91,8357.92,4166.14,7
2025-05-23,Latin America,BassLink Ultra,61,4364.95,2683.81,7
2025-05-23,Latin America,ClearWave SE,40,1961.7,1153.53,7
2025-05-24,North America,AuraSound Pro,178,15260.52,8217.58,8
2025-05-24,North America,BassLink Ultra,134,9677.9,5239.67,9
2025-05-24,North America,ClearWave SE,95,4600.43,3049.11,9
2025-05-24,Europe,AuraSound Pro,130,11870.19,6358.04,8
2025-05-24,Europe,BassLink Ultra,94,6635.57,3567.51,8
2025-05-24,Europe,ClearWave SE,129,6386.64,3899.09,7
2025-05-24,Asia Pacific,AuraSound Pro,113,10495.24,5104.84,7
2025-05-24,Asia Pacific,BassLink Ultra,105,7221.41,4223.77,10
2025-05-24,Asia Pacific,ClearWave SE,59,3069.51,1983.9,6
2025-05-24,Latin America,AuraSound Pro,101,8707.05,4275.3,8
2025-05-24,Latin America,BassLink Ultra,75,5439.51,3169.83,8
2025-05-24,Latin America,ClearWave SE,56,2891.25,1839.9,6
2025-05-25,North America,AuraSound Pro,136,12049.56,5950.65,10
2025-05-25,North America,BassLink Ultra,141,9731.15,5451.52,10
2025-05-25,North America,ClearWave SE,103,5115.4,3483.39,9
2025-05-25,Europe,AuraSound Pro,87,7563.92,4208.85,8
2025-05-25,Europe,BassLink Ultra,85,6037.73,3455.35,9
2025-05-25,Europe,ClearWave SE,110,5255.07,3398.99,7
2025-05-25,Asia Pacific,AuraSound Pro,127,11535.65,6513.28,10
2025-05-25,Asia Pacific,BassLink Ultra,110,7968.74,4761.0,10
2025-05-25,Asia Pacific,ClearWave SE,81,3882.11,2611.09,7
2025-05-25,Latin America,AuraSound Pro,89,7924.73,3990.16,7
2025-05-25,Latin America,BassLink Ultra,59,4044.29,2124.0,8
2025-05-25,Latin America,ClearWave SE,77,3988.67,2712.52,6
2025-05-26,North America,AuraSound Pro,233,20522.93,9802.79,7
2025-05-26,North America,BassLink Ultra,152,10959.37,6532.07,11
2025-05-26,North America,ClearWave SE,100,5062.61,3443.44,6
2025-05-26,Europe,AuraSound Pro,122,10511.69,5154.21,9
2025-05-26,Europe,BassLink Ultra,97,6761.56,4259.06,8
2025-05-26,Europe,ClearWave SE,87,4142.16,2569.9,7
2025-05-26,Asia Pacific,AuraSound Pro,109,10104.24,5736.36,8
2025-05-26,Asia Pacific,BassLink Ultra,119,8035.81,4859.5,8
2025-05-26,Asia Pacific,ClearWave SE,89,4511.91,2877.92,8
2025-05-26,Latin America,AuraSound Pro,123,11585.11,6545.58,9
2025-05-26,Latin America,BassLink Ultra,80,5640.72,3036.4,10
2025-05-26,Latin America,ClearWave SE,61,3141.88,2059.24,6
2025-05-27,North America,AuraSound Pro,155,13707.39,7090.25,8
2025-05-27,North America,BassLink Ultra,141,9482.44,5558.64,9
2025-05-27,North America,ClearWave SE,93,4881.38,3144.62,8
2025-05-27,Europe,AuraSound Pro,147,12866.34,6946.91,6
2025-05-27,Europe,BassLink Ultra,83,5558.96,3107.4,7
2025-05-27,Europe,ClearWave SE,80,4082.52,2754.36,6
2025-05-27,Asia Pacific,AuraSound Pro,122,10746.22,5201.21,7
2025-05-27,Asia Pacific,BassLink Ultra,68,4823.33,3032.76,8
2025-05-27,Asia Pacific,ClearWave SE,100,4822.04,3342.37,6
2025-05-27,Latin America,AuraSound Pro,91,7866.82,3977.41,7
2025-05-27,Latin America,BassLink Ultra,74,5331.2,3038.97,9
2025-05-27,Latin America,ClearWave SE,82,4231.47,2846.85,8
2025-05-28,North America,AuraSound Pro,244,22497.54,10985.26,9
2025-05-28,North America,BassLink Ultra,136,9852.2,5663.78,8
2025-05-28,North America,ClearWave SE,66,3441.31,2121.24,5
2025-05-28,Europe,AuraSound Pro,107,9649.41,5448.22,8
2025-05-28,Europe,BassLink Ultra,121,8817.12,4721.51,8
2025-05-28,Europe,ClearWave SE,68,3288.95,2161.09,7
2025-05-28,Asia Pacific,AuraSound Pro,107,9185.2,5235.78,10
2025-05-28,Asia Pacific,BassLink Ultra,75,5247.6,2782.3,10
2025-05-28,Asia Pacific,ClearWave SE,76,3805.78,2308.06,5
2025-05-28,Latin America,AuraSound Pro,85,7710.66,3877.47,9
2025-05-28,Latin America,BassLink Ultra,53,3758.81,2168.03,8
2025-05-28,Latin America,ClearWave SE,42,2117.44,1338.7,6
2025-05-29,North America,AuraSound Pro,181,16335.0,9125.78,8
2025-05-29,North America,BassLink Ultra,125,8498.55,5315.23,9
2025-05-29,North America,ClearWave SE,91,4464.39,3143.27,7
2025-05-29,Europe,AuraSound Pro,105,9724.7,4936.65,10
2025-05-29,Europe,BassLink Ultra,103,7256.7,4537.2,7
2025-05-29,Europe,ClearWave SE,104,5100.87,3343.28,6
2025-05-29,Asia Pacific,AuraSound Pro,113,10532.45,5248.23,6
2025-05-29,Asia Pacific,BassLink Ultra,79,5271.82,2853.14,10
2025-05-29,Asia Pacific,ClearWave SE,60,3045.63,2044.91,8
2025-05-29,Latin America,AuraSound Pro,91,8110.28,4668.01,5
2025-05-29,Latin America,BassLink Ultra,57,3935.81,2388.65,8
2025-05-29,Latin America,ClearWave SE,61,3165.8,1957.62,7
2025-05-30,North America,AuraSound Pro,231,21653.57,11095.31,7
2025-05-30,North America,BassLink Ultra,143,9866.93,5784.06,9
2025-05-30,North America,ClearWave SE,81,3989.65,2795.9,5
2025-05-30,Europe,AuraSound Pro,131,12021.5,6226.3,8
2025-05-30,Europe,BassLink Ultra,128,8941.55,5729.78,12
2025-05-30,Europe,ClearWave SE,109,5544.39,3237.59,6
2025-05-30,Asia Pacific,AuraSound Pro,105,9134.29,5059.05,7
2025-05-30,Asia Pacific,BassLink Ultra,86,5866.85,3508.04,7
2025-05-30,Asia Pacific,ClearWave SE,59,2979.8,2054.3,8
2025-05-30,Latin America,AuraSound Pro,102,9016.65,4415.25,7
2025-05-30,Latin America,BassLink Ultra,51,3684.2,1969.94,9
2025-05-30,Latin America,ClearWave SE,56,2824.34,1912.4,6
2025-05-31,North America,AuraSound Pro,190,17872.89,9488.68,7
2025-05-31,North America,BassLink Ultra,122,8171.16,4653.32,12
2025-05-31,North America,ClearWave SE,107,5233.58,3500.7,5
2025-05-31,Europe,AuraSound Pro,157,13578.57,7780.04,7
2025-05-31,Europe,BassLink Ultra,108,7231.93,4018.14,10
2025-05-31,Europe,ClearWave SE,81,3957.75,2425.81,5
2025-05-31,Asia Pacific,AuraSound Pro,85,7374.21,3943.0,9
2025-05-31,Asia Pacific,BassLink Ultra,119,7997.95,4832.62,8
2025-05-31,Asia Pacific,ClearWave SE,47,2286.63,1344.65,5
2025-05-31,Latin America,AuraSound Pro,88,8062.53,4664.45,9
2025-05-31,Latin America,BassLink Ultra,46,3144.93,2016.58,11
2025-05-31,Latin America,ClearWave SE,69,3423.84,2375.42,8
2025-06-01,North America,AuraSound Pro,135,12269.62,6440.54,9
2025-06-01,North America,BassLink Ultra,118,8123.56,4653.33,8
2025-06-01,North America,ClearWave SE,97,4804.6,2927.5,7
2025-06-01,Europe,AuraSound Pro,104,8989.8,4355.17,9
2025-06-01,Europe,BassLink Ultra,97,6739.28,3735.58,8
2025-06-01,Europe,ClearWave SE,72,3748.76,2481.85,7
2025-06-01,Asia Pacific,AuraSound Pro,112,9861.45,5489.57,6
2025-06-01,Asia Pacific,BassLink Ultra,70,4705.39,2908.69,9
2025-06-01,Asia Pacific,ClearWave SE,63,3149.19,2173.09,6
2025-06-01,Latin America,AuraSound Pro,79,7346.57,3635.49,7
2025-06-01,Latin America,BassLink Ultra,75,5428.41,2929.51,9
2025-06-01,Latin America,ClearWave SE,46,2402.84,1715.35,6
2025-06-02,North America,AuraSound Pro,190,17682.23,8934.35,6
2025-06-02,North America,BassLink Ultra,140,10193.46,5594.68,9
2025-06-02,North America,ClearWave SE,86,4419.78,2947.52,5
2025-06-02,Europe,AuraSound Pro,229,19775.57,10507.07,8
2025-06-02,Europe,BassLink Ultra,67,4708.05,2833.09,9
2025-06-02,Europe,ClearWave SE,97,4795.57,3138.38,7
2025-06-02,Asia Pacific,AuraSound Pro,143,12566.98,6050.77,7
2025-06-02,Asia Pacific,BassLink Ultra,76,5116.45,2918.97,9
2025-06-02,Asia Pacific,ClearWave SE,70,3399.13,2225.82,6
2025-06-02,Latin America,AuraSound Pro,91,8269.27,4026.7,7
2025-06-02,Latin America,BassLink Ultra,49,3340.47,2022.31,8
2025-06-02,Latin America,ClearWave SE,78,3766.21,2351.41,8
2025-06-03,North America,AuraSound Pro,170,15238.74,7876.75,6
2025-06-03,North America,BassLink Ultra,113,8284.46,4547.4,9
2025-06-03,North America,ClearWave SE,82,4248.91,2541.93,8
2025-06-03,Europe,AuraSound Pro,101,9537.22,5598.43,7
2025-06-03,Europe,BassLink Ultra,107,7515.53,4159.13,7
2025-06-03,Europe,ClearWave SE,63,3059.55,1908.1,6
2025-06-03,Asia Pacific,AuraSound Pro,80,7166.81,3578.83,8
2025-06-03,Asia Pacific,BassLink Ultra,79,5744.69,3209.45,9
2025-06-03,Asia Pacific,ClearWave SE,60,2991.72,1874.76,8
2025-06-03,Latin America,AuraSound Pro,112,9863.46,5005.36,8
2025-06-03,Latin America,BassLink Ultra,55,3903.28,2132.27,10
2025-06-03,Latin America,ClearWave SE,57,2739.42,1844.87,10
2025-06-04,North America,AuraSound Pro,121,10729.14,5746.02,8
2025-06-04,North America,BassLink Ultra,100,7224.97,4153.26,9
2025-06-04,North America,ClearWave SE,68,3478.66,2382.33,7
2025-06-04,Europe,AuraSound Pro,99,8689.58,4551.89,8
2025-06-04,Europe,BassLink Ultra,89,6343.95,4031.18,8
2025-06-04,Europe,ClearWave SE,61,3150.83,2227.1,6
2025-06-04,Asia Pacific,AuraSound Pro,113,10367.12,5876.82,8
2025-06-04,Asia Pacific,BassLink Ultra,88,6213.55,3613.44,9
2025-06-04,Asia Pacific,ClearWave SE,63,3205.04,2108.42,9
2025-06-04,Latin America,AuraSound Pro,107,9857.05,5788.46,6
2025-06-04,Latin America,BassLink Ultra,60,4404.32,2689.97,9
2025-06-04,Latin America,ClearWave SE,45,2325.02,1640.23,6
2025-06-05,North America,AuraSound Pro,123,10656.04,5831.33,8
2025-06-05,North America,BassLink Ultra,170,11666.53,6834.64,9
2025-06-05,North America,ClearWave SE,93,4613.34,3286.67,6
2025-06-05,Europe,AuraSound Pro,106,9313.43,5414.25,10
2025-06-05,Europe,BassLink Ultra,99,6951.68,3907.35,10
2025-06-05,Europe,ClearWave SE,70,3411.21,2103.84,7
2025-06-05,Asia Pacific,AuraSound Pro,169,15899.26,8089.12,10
2025-06-05,Asia Pacific,BassLink Ultra,44,2944.64,1743.39,11
2025-06-05,Asia Pacific,ClearWave SE,56,2721.72,1728.93,6
2025-06-05,Latin America,AuraSound Pro,72,6789.48,3967.03,7
2025-06-05,Latin America,BassLink Ultra,72,5286.81,3067.86,9
2025-06-05,Latin America,ClearWave SE,60,3031.98,1878.36,7
2025-06-06,North America,AuraSound Pro,132,11687.86,5957.6,9
2025-06-06,North America,BassLink Ultra,107,7179.17,3945.11,10
2025-06-06,North America,ClearWave SE,95,4580.47,2776.4,7
2025-06-06,Europe,AuraSound Pro,196,17275.37,8945.32,6
2025-06-06,Europe,BassLink Ultra,67,4884.09,2657.56,8
2025-06-06,Europe,ClearWave SE,88,4546.03,2762.67,6
2025-06-06,Asia Pacific,AuraSound Pro,113,9962.58,4994.89,6
2025-06-06,Asia Pacific,BassLink Ultra,98,7082.6,4126.68,7
2025-06-06,Asia Pacific,ClearWave SE,63,3194.9,2211.06,5
2025-06-06,Latin America,AuraSound Pro,112,9967.37,5605.97,6
2025-06-06,Latin America,BassLink Ultra,60,4168.35,2691.3,8
2025-06-06,Latin America,ClearWave SE,59,2832.4,1851.4,7
2025-06-07,North America,AuraSound Pro,231,21436.19,12376.34,6
2025-06-07,North America,BassLink Ultra,144,10531.12,6176.83,11
2025-06-07,North America,ClearWave SE,130,6418.78,3950.66,7
2025-06-07,Europe,AuraSound Pro,103,9229.67,5360.17,8
2025-06-07,Europe,BassLink Ultra,69,4789.68,2821.96,11
2025-06-07,Europe,ClearWave SE,73,3622.29,2618.54,7
2025-06-07,Asia Pacific,AuraSound Pro,171,15693.58,8924.07,8
2025-06-07,Asia Pacific,BassLink Ultra,66,4603.11,2845.92,9
2025-06-07,Asia Pacific,ClearWave SE,60,2868.91,2071.4,7
2025-06-07,Latin America,AuraSound Pro,85,7853.87,4167.95,7
2025-06-07,Latin America,BassLink Ultra,65,4580.72,2724.74,7
2025-06-07,Latin America,ClearWave SE,51,2590.62,1578.54,7
2025-06-08,North America,AuraSound Pro,214,18727.92,10328.96,7
2025-06-08,North America,BassLink Ultra,171,11505.56,7505.08,10
2025-06-08,North America,ClearWave SE,84,4074.32,2519.72,6
2025-06-08,Europe,AuraSound Pro,81,7617.66,4020.77,8
2025-06-08,Europe,BassLink Ultra,85,5793.86,3487.03,8
2025-06-08,Europe,ClearWave SE,78,3965.23,2771.4,5
2025-06-08,Asia Pacific,AuraSound Pro,99,8566.81,4680.9,9
2025-06-08,Asia Pacific,BassLink Ultra,57,4091.62,2371.62,10
2025-06-08,Asia Pacific,ClearWave SE,68,3420.61,2353.61,6
2025-06-08,Latin America,AuraSound Pro,44,3907.27,2020.2,7
2025-06-08,Latin America,BassLink Ultra,64,4283.8,2407.24,10
2025-06-08,Latin America,ClearWave SE,56,2877.48,2023.14,8
2025-06-09,North America,AuraSound Pro,165,14368.93,7255.41,10
2025-06-09,North America,BassLink Ultra,77,5420.51,3270.28,11
2025-06-09,North America,ClearWave SE,83,3955.34,2742.12,7
2025-06-09,Europe,AuraSound Pro,148,13380.55,7967.95,7
2025-06-09,Europe,BassLink Ultra,89,6301.62,3511.94,11
2025-06-09,Europe,ClearWave SE,101,5110.93,3382.35,6
2025-06-09,Asia Pacific,AuraSound Pro,131,11521.28,6658.88,7
2025-06-09,Asia Pacific,BassLink Ultra,62,4140.03,2364.8,11
2025-06-09,Asia Pacific,ClearWave SE,54,2739.18,1806.13,10
2025-06-09,Latin America,AuraSound Pro,70,6512.53,3680.13,9
2025-06-09,Latin America,BassLink Ultra,80,5592.11,3155.23,8
2025-06-09,Latin America,ClearWave SE,55,2849.84,2008.19,6
2025-06-10,North America,AuraSound Pro,132,11396.46,6013.04,8
2025-06-10,North America,BassLink Ultra,132,9306.93,5103.44,8
2025-06-10,North America,ClearWave SE,119,5815.63,4177.88,7
2025-06-10,Europe,AuraSound Pro,130,11300.87,6568.06,8
2025-06-10,Europe,BassLink Ultra,123,8635.66,5204.26,9
2025-06-10,Europe,ClearWave SE,70,3604.99,2207.51,8
2025-06-10,Asia Pacific,AuraSound Pro,157,14692.29,7558.87,9
2025-06-10,Asia Pacific,BassLink Ultra,65,4496.02,2506.14,13
2025-06-10,Asia Pacific,ClearWave SE,69,3535.46,2297.48,7
2025-06-10,Latin America,AuraSound Pro,111,10327.38,5480.18,8
2025-06-10,Latin America,BassLink Ultra,60,4342.24,2643.22,12
2025-06-10,Latin America,ClearWave SE,51,2572.44,1729.18,7
2025-06-11,North America,AuraSound Pro,215,20156.8,11631.24,9
2025-06-11,North America,BassLink Ultra,126,8485.46,5272.21,8
2025-06-11,North America,ClearWave SE,97,4850.86,3112.56,7
2025-06-11,Europe,AuraSound Pro,143,12484.7,6923.27,8
2025-06-11,Europe,BassLink Ultra,80,5871.19,3561.46,11
2025-06-11,Europe,ClearWave SE,67,3502.24,2184.29,7
2025-06-11,Asia Pacific,AuraSound Pro,74,6603.05,3707.57,9
2025-06-11,Asia Pacific,BassLink Ultra,70,4899.1,3143.92,10
2025-06-11,Asia Pacific,ClearWave SE,52,2550.93,1603.96,7
2025-06-11,Latin America,AuraSound Pro,86,7770.82,3879.25,7
2025-06-11,Latin America,BassLink Ultra,68,4606.25,2980.19,7
2025-06-11,Latin America,ClearWave SE,60,3094.22,1948.58,8
2025-06-12,North America,AuraSound Pro,133,12168.36,6155.17,10
2025-06-12,North America,BassLink Ultra,108,7400.77,4775.88,8
2025-06-12,North America,ClearWave SE,63,3217.72,2092.6,4
2025-06-12,Europe,AuraSound Pro,168,15541.7,7678.47,7
2025-06-12,Europe,BassLink Ultra,86,5929.82,3454.95,9
2025-06-12,Europe,ClearWave SE,91,4409.02,2985.9,7
2025-06-12,Asia Pacific,AuraSound Pro,120,10929.2,6451.24,6
2025-06-12,Asia Pacific,BassLink Ultra,64,4328.36,2430.1,12
2025-06-12,Asia Pacific,ClearWave SE,47,2466.4,1618.48,7
2025-06-12,Latin America,AuraSound Pro,102,8944.23,4888.49,7
2025-06-12,Latin America,BassLink Ultra,37,2666.31,1529.24,8
2025-06-12,Latin America,ClearWave SE,53,2605.26,1631.09,7
2025-06-13,North America,AuraSound Pro,130,11765.3,5868.32,7
2025-06-13,North America,BassLink Ultra,99,6760.41,4398.74,9
2025-06-13,North America,ClearWave SE,68,3525.69,2505.96,7
2025-06-13,Europe,AuraSound Pro,147,13386.81,7345.45,9
2025-06-13,Europe,BassLink Ultra,72,5068.21,3329.71,8
2025-06-13,Europe,ClearWave SE,86,4237.63,2952.0,7
2025-06-13,Asia Pacific,AuraSound Pro,153,13968.17,7235.69,10
2025-06-13,Asia Pacific,BassLink Ultra,83,5765.65,3415.78,8
2025-06-13,Asia Pacific,ClearWave SE,77,4005.21,2629.16,8
2025-06-13,Latin America,AuraSound Pro,110,10387.76,6233.03,8
2025-06-13,Latin America,BassLink Ultra,56,3732.56,2422.97,10
2025-06-13,Latin America,ClearWave SE,57,2786.72,1920.6,8
2025-06-14,North America,AuraSound Pro,140,12450.48,7412.92,6
2025-06-14,North America,BassLink Ultra,121,8351.06,5268.91,7
2025-06-14,North America,ClearWave SE,104,4991.84,3167.56,7
2025-06-14,Europe,AuraSound Pro,114,9915.99,5456.42,10
2025-06-14,Europe,BassLink Ultra,86,5893.71,3823.91,9
2025-06-14,Europe,ClearWave SE,66,3227.4,2229.5,7
2025-06-14,Asia Pacific,AuraSound Pro,129,11813.69,6459.16,7
2025-06-14,Asia Pacific,BassLink Ultra,80,5450.86,3437.99,10
2025-06-14,Asia Pacific,ClearWave SE,46,2263.59,1490.39,8
2025-06-14,Latin America,AuraSound Pro,111,10140.08,5509.98,7
2025-06-14,Latin America,BassLink Ultra,46,3149.83,1765.08,8
2025-06-14,Latin America,ClearWave SE,43,2159.82,1531.1,6
2025-06-15,North America,AuraSound Pro,174,16170.83,9778.49,8
2025-06-15,North America,BassLink Ultra,117,8269.47,4689.76,11
2025-06-15,North America,ClearWave SE,102,5102.51,3570.71,9
2025-06-15,Europe,AuraSound Pro,162,14430.19,8300.46,5
2025-06-15,Europe,BassLink Ultra,88,6398.08,3681.32,10
2025-06-15,Europe,ClearWave SE,101,5119.82,3391.47,6
2025-06-15,Asia Pacific,AuraSound Pro,129,11348.37,6438.87,11
2025-06-15,Asia Pacific,BassLink Ultra,94,6252.15,3866.8,8
2025-06-15,Asia Pacific,ClearWave SE,48,2403.29,1666.27,6
2025-06-15,Latin America,AuraSound Pro,87,7744.69,3870.11,11
2025-06-15,Latin America,BassLink Ultra,78,5395.91,3279.6,9
2025-06-15,Latin America,ClearWave SE,42,2007.59,1383.4,6
2025-06-16,North America,AuraSound Pro,238,21518.04,12601.57,7
2025-06-16,North America,BassLink Ultra,129,9028.02,5381.21,10
2025-06-16,North America,ClearWave SE,83,4196.45,2555.5,6
2025-06-16,Europe,AuraSound Pro,141,12669.18,6893.87,11
2025-06-16,Europe,BassLink Ultra,71,4774.85,2808.41,9
2025-06-16,Europe,ClearWave SE,84,4190.81,2870.96,9
2025-06-16,Asia Pacific,AuraSound Pro,80,6909.4,4121.13,9
2025-06-16,Asia Pacific,BassLink Ultra,114,7950.13,5131.78,11
2025-06-16,Asia Pacific,ClearWave SE,58,3012.53,1955.53,7
2025-06-16,Latin America,AuraSound Pro,109,10005.25,5988.63,10
2025-06-16,Latin America,BassLink Ultra,75,5311.98,3574.33,7
2025-06-16,Latin America,ClearWave SE,53,2556.4,1817.76,7
2025-06-17,North America,AuraSound Pro,193,16549.49,8394.09,9
2025-06-17,North America,BassLink Ultra,113,7990.28,5317.46,8
2025-06-17,North America,ClearWave SE,75,3640.35,2222.21,7
2025-06-17,Europe,AuraSound Pro,145,13698.29,7454.91,9
2025-06-17,Europe,BassLink Ultra,101,6788.76,3862.23,9
2025-06-17,Europe,ClearWave SE,90,4386.85,3156.13,8
2025-06-17,Asia Pacific,AuraSound Pro,93,8391.62,4822.25,7
2025-06-17,Asia Pacific,BassLink Ultra,126,8699.62,4849.06,9
2025-06-17,Asia Pacific,ClearWave SE,64,3242.56,2059.52,6
2025-06-17,Latin America,AuraSound Pro,111,9697.48,4986.44,12
2025-06-17,Latin America,BassLink Ultra,55,3750.92,2418.53,11
2025-06-17,Latin America,ClearWave SE,42,2177.8,1529.99,8
2025-06-18,North America,AuraSound Pro,128,11779.86,6164.03,6
2025-06-18,North America,BassLink Ultra,167,11734.5,7397.05,9
2025-06-18,North America,ClearWave SE,66,3269.71,2233.35,7
2025-06-18,Europe,AuraSound Pro,145,12952.76,7875.11,10
2025-06-18,Europe,BassLink Ultra,88,6061.38,3536.85,9
2025-06-18,Europe,ClearWave SE,67,3241.29,2108.94,7
2025-06-18,Asia Pacific,AuraSound Pro,134,12418.6,6457.57,9
2025-06-18,Asia Pacific,BassLink Ultra,75,5149.8,3371.87,9
2025-06-18,Asia Pacific,ClearWave SE,52,2583.51,1647.53,7
2025-06-18,Latin America,AuraSound Pro,84,7445.44,4495.78,5
2025-06-18,Latin America,BassLink Ultra,81,5817.0,3704.78,10
2025-06-18,Latin America,ClearWave SE,49,2477.3,1632.91,7
2025-06-19,North America,AuraSound Pro,148,13632.24,8289.06,7
2025-06-19,North America,BassLink Ultra,126,9128.49,5458.52,7
2025-06-19,North America,ClearWave SE,80,4158.82,2636.71,6
2025-06-19,Europe,AuraSound Pro,117,10894.3,6595.2,6
2025-06-19,Europe,BassLink Ultra,105,7100.16,4090.07,9
2025-06-19,Europe,ClearWave SE,73,3534.65,2399.02,8
2025-06-19,Asia Pacific,AuraSound Pro,128,11937.97,6737.73,9
2025-06-19,Asia Pacific,BassLink Ultra,82,5800.62,3773.32,11
2025-06-19,Asia Pacific,ClearWave SE,56,2757.49,1922.56,7
2025-06-19,Latin America,AuraSound Pro,82,7226.49,3646.2,8
2025-06-19,Latin America,BassLink Ultra,53,3570.08,2296.03,11
2025-06-19,Latin America,ClearWave SE,57,2785.09,1787.99,7
2025-06-20,North America,AuraSound Pro,166,15425.65,8105.42,9
2025-06-20,North America,BassLink Ultra,149,10819.34,6923.28,8
2025-06-20,North America,ClearWave SE,85,4341.49,3245.13,8
2025-06-20,Europe,AuraSound Pro,197,18397.92,10080.54,9
2025-06-20,Europe,BassLink Ultra,107,7128.79,4416.9,6
2025-06-20,Europe,ClearWave SE,78,3738.47,2528.89,7
2025-06-20,Asia Pacific,AuraSound Pro,132,11618.22,6310.46,11
2025-06-20,Asia Pacific,BassLink Ultra,81,5569.34,3568.86,9
2025-06-20,Asia Pacific,ClearWave SE,58,2915.37,2108.32,5
2025-06-20,Latin America,AuraSound Pro,81,7019.55,3584.57,7
2025-06-20,Latin America,BassLink Ultra,49,3278.54,2194.13,10
2025-06-20,Latin America,ClearWave SE,40,1910.3,1203.77,7
2025-06-21,North America,AuraSound Pro,228,20807.59,10811.03,8
2025-06-21,North America,BassLink Ultra,84,5858.43,3860.52,12
2025-06-21,North America,ClearWave SE,72,3733.7,2405.58,6
2025-06-21,Europe,AuraSound Pro,155,14204.47,8422.62,7
2025-06-21,Europe,BassLink Ultra,81,5457.1,3419.43,8
2025-06-21,Europe,ClearWave SE,88,4179.32,2605.58,6
2025-06-21,Asia Pacific,AuraSound Pro,127,11875.42,7298.81,8
2025-06-21,Asia Pacific,BassLink Ultra,72,4941.5,3179.11,9
2025-06-21,Asia Pacific,ClearWave SE,59,2818.51,1917.23,6
2025-06-21,Latin America,AuraSound Pro,62,5600.31,3288.56,7
2025-06-21,Latin America,BassLink Ultra,66,4400.52,2703.8,9
2025-06-21,Latin America,ClearWave SE,56,2820.13,1796.4,7
2025-06-22,North America,AuraSound Pro,92,8261.99,4351.86,9
2025-06-22,North America,BassLink Ultra,85,6094.33,3868.08,9
2025-06-22,North America,ClearWave SE,63,3006.28,2114.69,8
2025-06-22,Europe,AuraSound Pro,146,12527.44,6376.65,8
2025-06-22,Europe,BassLink Ultra,103,7474.79,4285.03,8
2025-06-22,Europe,ClearWave SE,63,3147.23,2280.96,8
2025-06-22,Asia Pacific,AuraSound Pro,64,5478.06,3113.35,8
2025-06-22,Asia Pacific,BassLink Ultra,86,5873.32,3786.55,9
2025-06-22,Asia Pacific,ClearWave SE,83,4052.47,2647.79,9
2025-06-22,Latin America,AuraSound Pro,95,8820.09,4805.32,7
2025-06-22,Latin America,BassLink Ultra,73,4886.78,3118.6,13
2025-06-22,Latin America,ClearWave SE,50,2478.14,1531.77,7
2025-06-23,North America,AuraSound Pro,125,11112.15,5947.5,9
2025-06-23,North America,BassLink Ultra,105,7245.48,4572.52,7
2025-06-23,North America,ClearWave SE,98,5072.33,3292.14,6
2025-06-23,Europe,AuraSound Pro,195,17661.46,9659.89,8
2025-06-23,Europe,BassLink Ultra,85,5871.76,3690.83,10
2025-06-23,Europe,ClearWave SE,71,3604.04,2604.14,7
2025-06-23,Asia Pacific,AuraSound Pro,81,7106.3,4052.33,10
2025-06-23,Asia Pacific,BassLink Ultra,81,5760.73,3495.19,11
2025-06-23,Asia Pacific,ClearWave SE,47,2397.85,1600.81,6
2025-06-23,Latin America,AuraSound Pro,79,7360.75,4334.24,7
2025-06-23,Latin America,BassLink Ultra,71,4758.01,2703.81,9
2025-06-23,Latin America,ClearWave SE,52,2625.69,1856.97,6
2025-06-24,North America,AuraSound Pro,186,16248.01,9378.05,9
2025-06-24,North America,BassLink Ultra,121,8242.14,4704.22,10
2025-06-24,North America,ClearWave SE,110,5379.68,3756.94,8
2025-06-24,Europe,AuraSound Pro,123,10622.88,6277.77,8
2025-06-24,Europe,BassLink Ultra,84,5954.87,3386.54,10
2025-06-24,Europe,ClearWave SE,52,2528.94,1791.83,6
2025-06-24,Asia Pacific,AuraSound Pro,144,13522.7,8292.75,10
2025-06-24,Asia Pacific,BassLink Ultra,76,5231.68,3416.23,15
2025-06-24,Asia Pacific,ClearWave SE,74,3602.57,2386.59,7
2025-06-24,Latin America,AuraSound Pro,106,9156.47,5113.0,8
2025-06-24,Latin America,BassLink Ultra,53,3676.38,2307.57,9
2025-06-24,Latin America,ClearWave SE,50,2614.29,1972.63,6
2025-06-25,North America,AuraSound Pro,198,17435.84,10825.9,13
2025-06-25,North America,BassLink Ultra,99,6584.59,4007.24,7
2025-06-25,North America,ClearWave SE,87,4375.67,3063.9,7
2025-06-25,Europe,AuraSound Pro,148,12656.95,6910.13,8
2025-06-25,Europe,BassLink Ultra,102,6949.52,4396.67,10
2025-06-25,Europe,ClearWave SE,88,4201.39,2856.21,7
2025-06-25,Asia Pacific,AuraSound Pro,95,8619.08,4690.94,9
2025-06-25,Asia Pacific,BassLink Ultra,64,4444.74,2880.62,7
2025-06-25,Asia Pacific,ClearWave SE,55,2866.13,2151.83,8
2025-06-25,Latin America,AuraSound Pro,126,11086.91,5960.05,6
2025-06-25,Latin America,BassLink Ultra,75,5074.53,3429.14,12
2025-06-25,Latin America,ClearWave SE,40,2036.32,1296.68,9
2025-06-26,North America,AuraSound Pro,115,9874.28,5409.08,8
2025-06-26,North America,BassLink Ultra,115,8188.95,4788.94,8
2025-06-26,North America,ClearWave SE,111,5736.75,4147.83,7
2025-06-26,Europe,AuraSound Pro,146,12805.53,6835.44,7
2025-06-26,Europe,BassLink Ultra,130,8692.04,4986.2,10
2025-06-26,Europe,ClearWave SE,78,3939.94,2687.24,7
2025-06-26,Asia Pacific,AuraSound Pro,123,11156.87,6088.22,9
2025-06-26,Asia Pacific,BassLink Ultra,74,5068.85,3085.81,8
2025-06-26,Asia Pacific,ClearWave SE,49,2524.51,1622.88,7
2025-06-26,Latin America,AuraSound Pro,121,10872.48,5983.83,8
2025-06-26,Latin America,BassLink Ultra,78,5726.96,3696.74,9
2025-06-26,Latin America,ClearWave SE,67,3353.6,2221.14,8
2025-06-27,North America,AuraSound Pro,157,14240.59,8338.01,10
2025-06-27,North America,BassLink Ultra,116,7884.31,4938.07,11
2025-06-27,North America,ClearWave SE,85,4435.37,3268.95,7
2025-06-27,Europe,AuraSound Pro,97,8558.22,4995.66,10
2025-06-27,Europe,BassLink Ultra,116,8330.3,5054.91,9
2025-06-27,Europe,ClearWave SE,70,3437.46,2342.55,10
2025-06-27,Asia Pacific,AuraSound Pro,105,9248.06,5092.27,9
2025-06-27,Asia Pacific,BassLink Ultra,83,5604.36,3757.89,8
2025-06-27,Asia Pacific,ClearWave SE,70,3368.09,2559.47,6
2025-06-27,Latin America,AuraSound Pro,112,10349.65,6123.91,8
2025-06-27,Latin America,BassLink Ultra,49,3527.55,2427.35,11
2025-06-27,Latin America,ClearWave SE,37,1779.77,1135.15,6
2025-06-28,North America,AuraSound Pro,219,19650.69,11540.2,10
2025-06-28,North America,BassLink Ultra,108,7230.14,4562.95,10
2025-06-28,North America,ClearWave SE,70,3373.74,2521.18,7
2025-06-28,Europe,AuraSound Pro,99,8808.53,5477.73,7
2025-06-28,Europe,BassLink Ultra,106,7783.77,4770.45,9
2025-06-28,Europe,ClearWave SE,62,3025.13,1978.74,8
2025-06-28,Asia Pacific,AuraSound Pro,98,9133.63,5569.42,8
2025-06-28,Asia Pacific,BassLink Ultra,113,8021.14,5322.08,8
2025-06-28,Asia Pacific,ClearWave SE,86,4355.59,3150.97,12
2025-06-28,Latin America,AuraSound Pro,66,5802.57,3332.75,7
2025-06-28,Latin America,BassLink Ultra,69,4783.91,3227.05,7
2025-06-28,Latin America,ClearWave SE,50,2518.4,1710.07,6
2025-06-29,North America,AuraSound Pro,193,16987.14,10404.64,8
2025-06-29,North America,BassLink Ultra,111,7980.87,5170.09,11
2025-06-29,North America,ClearWave SE,93,4548.02,2950.07,7
2025-06-29,Europe,AuraSound Pro,144,12550.6,7740.8,7
2025-06-29,Europe,BassLink Ultra,109,7437.6,4535.66,9
2025-06-29,Europe,ClearWave SE,80,3954.77,2832.9,7
2025-06-29,Asia Pacific,AuraSound Pro,98,8822.14,4593.26,8
2025-06-29,Asia Pacific,BassLink Ultra,84,5807.82,3782.43,10
2025-06-29,Asia Pacific,ClearWave SE,67,3457.42,2564.34,6
2025-06-29,Latin America,AuraSound Pro,70,6312.78,3935.96,7
2025-06-29,Latin America,BassLink Ultra,58,4173.01,2866.36,11
2025-06-29,Latin America,ClearWave SE,57,2783.29,1878.74,7
2025-06-30,North America,AuraSound Pro,148,13775.76,7917.02,7
2025-06-30,North America,BassLink Ultra,98,6902.14,4455.78,9
2025-06-30,North America,ClearWave SE,72,3690.59,2788.97,7
2025-06-30,Europe,AuraSound Pro,176,16493.97,9695.18,9
2025-06-30,Europe,BassLink Ultra,111,7582.83,4894.72,11
2025-06-30,Europe,ClearWave SE,63,3274.45,2342.27,8
2025-06-30,Asia Pacific,AuraSound Pro,161,14346.2,8753.15,7
2025-06-30,Asia Pacific,BassLink Ultra,95,6655.57,4361.84,10
2025-06-30,Asia Pacific,ClearWave SE,55,2842.62,2023.87,8
2025-06-30,Latin America,AuraSound Pro,94,8178.7,4327.64,12
2025-06-30,Latin America,BassLink Ultra,54,3920.71,2642.56,10
2025-06-30,Latin America,ClearWave SE,49,2570.62,1738.95,6
2025-07-01,North America,AuraSound Pro,123,11261.74,6640.54,8
2025-07-01,North America,BassLink Ultra,103,7329.41,4659.12,8
2025-07-01,North America,ClearWave SE,102,5193.73,3720.84,8
2025-07-01,Europe,AuraSound Pro,97,9006.49,4864.0,8
2025-07-01,Europe,BassLink Ultra,90,6472.16,4035.9,11
2025-07-01,Europe,ClearWave SE,69,3509.62,2549.38,8
2025-07-01,Asia Pacific,AuraSound Pro,118,10684.68,6378.18,10
2025-07-01,Asia Pacific,BassLink Ultra,68,4573.55,2663.54,11
2025-07-01,Asia Pacific,ClearWave SE,62,3135.22,2396.21,5
2025-07-01,Latin America,AuraSound Pro,108,9749.4,5272.29,7
2025-07-01,Latin America,BassLink Ultra,66,4445.8,2833.87,10
2025-07-01,Latin America,ClearWave SE,47,2377.87,1778.43,7
2025-07-02,North America,AuraSound Pro,138,12926.82,7129.71,11
2025-07-02,North America,BassLink Ultra,101,7350.79,4968.78,13
2025-07-02,North America,ClearWave SE,81,4117.28,3027.32,7
2025-07-02,Europe,AuraSound Pro,122,10442.19,5709.82,11
2025-07-02,Europe,BassLink Ultra,103,7454.71,4380.07,9
2025-07-02,Europe,ClearWave SE,53,2744.94,2022.49,7
2025-07-02,Asia Pacific,AuraSound Pro,144,12549.54,7036.31,7
2025-07-02,Asia Pacific,BassLink Ultra,60,4357.43,2879.48,9
2025-07-02,Asia Pacific,ClearWave SE,52,2474.17,1683.09,6
2025-07-02,Latin America,AuraSound Pro,59,5415.84,3054.89,9
2025-07-02,Latin America,BassLink Ultra,66,4509.77,2818.69,9
2025-07-02,Latin America,ClearWave SE,37,1797.37,1211.54,6
2025-07-03,North America,AuraSound Pro,157,14384.15,8207.77,9
2025-07-03,North America,BassLink Ultra,73,4891.78,3022.58,10
2025-07-03,North America,ClearWave SE,72,3451.07,2312.6,7
2025-07-03,Europe,AuraSound Pro,94,8135.83,4425.8,7
2025-07-03,Europe,BassLink Ultra,83,5708.15,3338.05,10
2025-07-03,Europe,ClearWave SE,58,2849.19,1854.55,9
2025-07-03,Asia Pacific,AuraSound Pro,94,8869.5,5447.22,8
2025-07-03,Asia Pacific,BassLink Ultra,78,5325.97,3136.46,10
2025-07-03,Asia Pacific,ClearWave SE,54,2684.27,1938.16,8
2025-07-03,Latin America,AuraSound Pro,92,8515.65,5169.96,9
2025-07-03,Latin America,BassLink Ultra,63,4251.39,2608.12,10
2025-07-03,Latin America,ClearWave SE,47,2419.31,1647.63,6
2025-07-04,North America,AuraSound Pro,148,13272.47,8096.45,10
2025-07-04,North America,BassLink Ultra,108,7364.62,4513.78,9
2025-07-04,North America,ClearWave SE,98,4937.43,3585.09,7
2025-07-04,Europe,AuraSound Pro,105,9758.15,5537.11,10
2025-07-04,Europe,BassLink Ultra,78,5320.63,3225.48,8
2025-07-04,Europe,ClearWave SE,58,2948.04,2111.92,7
2025-07-04,Asia Pacific,AuraSound Pro,83,7670.64,4097.38,10
2025-07-04,Asia Pacific,BassLink Ultra,56,3930.26,2430.43,11
2025-07-04,Asia Pacific,ClearWave SE,65,3328.17,2194.43,7
2025-07-04,Latin America,AuraSound Pro,92,8227.1,5165.0,8
2025-07-04,Latin America,BassLink Ultra,67,4888.97,3234.44,10
2025-07-04,Latin America,ClearWave SE,44,2273.36,1627.91,6
2025-07-05,North America,AuraSound Pro,154,14423.17,7701.71,9
2025-07-05,North America,BassLink Ultra,103,6894.89,4271.84,11
2025-07-05,North America,ClearWave SE,103,5270.22,3865.81,7
2025-07-05,Europe,AuraSound Pro,135,11616.32,6154.95,7
2025-07-05,Europe,BassLink Ultra,87,6167.91,3606.59,9
2025-07-05,Europe,ClearWave SE,80,3839.76,2559.91,7
2025-07-05,Asia Pacific,AuraSound Pro,137,12026.39,7645.7,8
2025-07-05,Asia Pacific,BassLink Ultra,60,4040.71,2689.72,8
2025-07-05,Asia Pacific,ClearWave SE,71,3451.03,2384.32,6
2025-07-05,Latin America,AuraSound Pro,92,7993.11,4721.58,9
2025-07-05,Latin America,BassLink Ultra,52,3627.04,2218.83,10
2025-07-05,Latin America,ClearWave SE,65,3138.31,2050.9,7
2025-07-06,North America,AuraSound Pro,107,9761.95,5611.96,8
2025-07-06,North America,BassLink Ultra,144,10406.68,6577.21,11
2025-07-06,North America,ClearWave SE,66,3278.05,2505.91,9
2025-07-06,Europe,AuraSound Pro,152,13029.94,6952.13,8
2025-07-06,Europe,BassLink Ultra,67,4901.0,3115.88,11
2025-07-06,Europe,ClearWave SE,99,5081.43,3582.09,6
2025-07-06,Asia Pacific,AuraSound Pro,124,10958.29,5938.72,8
2025-07-06,Asia Pacific,BassLink Ultra,67,4910.36,3246.01,10
2025-07-06,Asia Pacific,ClearWave SE,52,2602.64,1780.1,7
2025-07-06,Latin America,AuraSound Pro,107,9304.53,5680.41,7
2025-07-06,Latin America,BassLink Ultra,71,4902.13,3461.76,10
2025-07-06,Latin America,ClearWave SE,52,2476.54,1834.37,7
2025-07-07,North America,AuraSound Pro,189,17111.93,9073.93,9
2025-07-07,North America,BassLink Ultra,96,6932.35,4065.86,10
2025-07-07,North America,ClearWave SE,76,3849.91,2994.07,6
2025-07-07,Europe,AuraSound Pro,149,13364.57,7487.14,8
2025-07-07,Europe,BassLink Ultra,62,4296.49,2680.53,10
2025-07-07,Europe,ClearWave SE,64,3200.75,2102.27,9
2025-07-07,Asia Pacific,AuraSound Pro,122,11420.61,6237.53,11
2025-07-07,Asia Pacific,BassLink Ultra,90,6151.6,4103.79,12
2025-07-07,Asia Pacific,ClearWave SE,66,3236.8,2154.53,8
2025-07-07,Latin America,AuraSound Pro,72,6171.03,3511.4,10
2025-07-07,Latin America,BassLink Ultra,46,3072.74,1860.13,10
2025-07-07,Latin America,ClearWave SE,43,2161.4,1426.17,8
2025-07-08,North America,AuraSound Pro,132,11404.51,6206.81,7
2025-07-08,North America,BassLink Ultra,79,5667.04,3354.76,8
2025-07-08,North America,ClearWave SE,87,4464.81,3056.46,8
2025-07-08,Europe,AuraSound Pro,110,9527.11,5042.75,9
2025-07-08,Europe,BassLink Ultra,83,6051.77,3737.43,10
2025-07-08,Europe,ClearWave SE,68,3523.72,2733.92,8
2025-07-08,Asia Pacific,AuraSound Pro,92,8460.59,4729.89,6
2025-07-08,Asia Pacific,BassLink Ultra,75,5261.58,3147.09,10
2025-07-08,Asia Pacific,ClearWave SE,50,2584.22,1726.45,6
2025-07-08,Latin America,AuraSound Pro,94,8458.12,4662.99,9
2025-07-08,Latin America,BassLink Ultra,57,3793.47,2469.76,8
2025-07-08,Latin America,ClearWave SE,53,2744.99,2090.51,7
2025-07-09,North America,AuraSound Pro,129,12062.17,7661.5,10
2025-07-09,North America,BassLink Ultra,66,4579.72,2871.47,10
2025-07-09,North America,ClearWave SE,91,4577.57,3240.97,6
2025-07-09,Europe,AuraSound Pro,91,7828.61,4437.18,11
2025-07-09,Europe,BassLink Ultra,96,6626.85,4032.62,12
2025-07-09,Europe,ClearWave SE,81,4108.42,3114.15,8
2025-07-09,Asia Pacific,AuraSound Pro,155,14501.12,8925.99,9
2025-07-09,Asia Pacific,BassLink Ultra,75,5461.44,3627.86,11
2025-07-09,Asia Pacific,ClearWave SE,74,3578.74,2635.5,8
2025-07-09,Latin America,AuraSound Pro,75,6685.3,3956.13,10
2025-07-09,Latin America,BassLink Ultra,53,3560.6,2124.54,10
2025-07-09,Latin America,ClearWave SE,40,2048.03,1482.22,6
2025-07-10,North America,AuraSound Pro,96,8941.35,5448.07,8
2025-07-10,North America,BassLink Ultra,109,7876.85,5127.28,13
2025-07-10,North America,ClearWave SE,72,3659.94,2498.12,7
2025-07-10,Europe,AuraSound Pro,117,10916.37,6973.18,9
2025-07-10,Europe,BassLink Ultra,80,5404.05,3610.47,11
2025-07-10,Europe,ClearWave SE,56,2849.14,2062.75,7
2025-07-10,Asia Pacific,AuraSound Pro,114,10334.72,5974.17,10
2025-07-10,Asia Pacific,BassLink Ultra,87,5868.98,3773.8,10
2025-07-10,Asia Pacific,ClearWave SE,52,2543.13,1741.01,10
2025-07-10,Latin America,AuraSound Pro,73,6813.43,3990.02,7
2025-07-10,Latin America,BassLink Ultra,53,3563.25,2503.27,8
2025-07-10,Latin America,ClearWave SE,50,2461.39,1878.28,7
2025-07-11,North America,AuraSound Pro,136,11665.55,6985.34,8
2025-07-11,North America,BassLink Ultra,92,6644.26,4110.66,7
2025-07-11,North America,ClearWave SE,97,4845.52,3700.11,7
2025-07-11,Europe,AuraSound Pro,91,7916.51,5028.37,7
2025-07-11,Europe,BassLink Ultra,109,7564.03,4882.92,9
2025-07-11,Europe,ClearWave SE,63,3061.29,2112.58,8
2025-07-11,Asia Pacific,AuraSound Pro,96,8516.51,5491.84,10
2025-07-11,Asia Pacific,BassLink Ultra,58,4109.44,2838.94,9
2025-07-11,Asia Pacific,ClearWave SE,63,3003.16,2163.55,7
2025-07-11,Latin America,AuraSound Pro,70,6278.57,3995.91,7
2025-07-11,Latin America,BassLink Ultra,63,4479.91,2630.94,10
2025-07-11,Latin America,ClearWave SE,52,2636.77,2071.67,7
2025-07-12,North America,AuraSound Pro,130,11537.69,6545.49,8
2025-07-12,North America,BassLink Ultra,95,6743.66,4237.38,8
2025-07-12,North America,ClearWave SE,85,4231.74,3074.0,7
2025-07-12,Europe,AuraSound Pro,145,13125.2,8366.68,8
2025-07-12,Europe,BassLink Ultra,58,4000.74,2624.05,10
2025-07-12,Europe,ClearWave SE,100,4861.27,3602.78,8
2025-07-12,Asia Pacific,AuraSound Pro,123,11048.66,7131.82,10
2025-07-12,Asia Pacific,BassLink Ultra,64,4623.37,2845.28,10
2025-07-12,Asia Pacific,ClearWave SE,51,2426.32,1624.24,8
2025-07-12,Latin America,AuraSound Pro,70,6108.86,3780.19,8
2025-07-12,Latin America,BassLink Ultra,68,4921.69,3162.72,11
2025-07-12,Latin America,ClearWave SE,48,2392.46,1793.62,9
2025-07-13,North America,AuraSound Pro,163,14564.91,7939.94,8
2025-07-13,North America,BassLink Ultra,78,5305.69,3697.47,9
2025-07-13,North America,ClearWave SE,94,4724.44,3531.07,8
2025-07-13,Europe,AuraSound Pro,149,13858.85,8310.16,9
2025-07-13,Europe,BassLink Ultra,97,7080.87,4786.67,10
2025-07-13,Europe,ClearWave SE,59,2978.97,2177.58,7
2025-07-13,Asia Pacific,AuraSound Pro,89,8220.98,5264.31,8
2025-07-13,Asia Pacific,BassLink Ultra,96,6914.69,4724.51,11
2025-07-13,Asia Pacific,ClearWave SE,58,2785.56,2051.74,8
2025-07-13,Latin America,AuraSound Pro,89,8379.93,5227.99,11
2025-07-13,Latin America,BassLink Ultra,55,3698.45,2558.53,10
2025-07-13,Latin America,ClearWave SE,54,2577.44,1775.86,7
2025-07-14,North America,AuraSound Pro,187,16004.22,9120.46,10
2025-07-14,North America,BassLink Ultra,84,5629.68,3765.95,13
2025-07-14,North America,ClearWave SE,102,4991.18,3948.42,8
2025-07-14,Europe,AuraSound Pro,83,7355.97,4359.98,8
2025-07-14,Europe,BassLink Ultra,86,6065.55,3710.67,10
2025-07-14,Europe,ClearWave SE,68,3477.07,2635.01,6
2025-07-14,Asia Pacific,AuraSound Pro,101,8983.98,5747.75,8
2025-07-14,Asia Pacific,BassLink Ultra,52,3575.29,2172.81,11
2025-07-14,Asia Pacific,ClearWave SE,82,4291.25,3097.55,7
2025-07-14,Latin America,AuraSound Pro,92,8491.68,4584.03,8
2025-07-14,Latin America,BassLink Ultra,63,4397.26,2919.46,10
2025-07-14,Latin America,ClearWave SE,58,2759.24,1840.72,9
2025-07-15,North America,AuraSound Pro,157,14043.78,8386.04,8
2025-07-15,North America,BassLink Ultra,89,6384.15,4149.14,12
2025-07-15,North America,ClearWave SE,60,3138.86,2393.67,6
2025-07-15,Europe,AuraSound Pro,107,9220.99,5247.2,9
2025-07-15,Europe,BassLink Ultra,113,7731.59,5028.29,13
2025-07-15,Europe,ClearWave SE,44,2208.99,1740.32,8
2025-07-15,Asia Pacific,AuraSound Pro,105,9644.48,5799.31,8
2025-07-15,Asia Pacific,BassLink Ultra,49,3364.34,2157.32,10
2025-07-15,Asia Pacific,ClearWave SE,48,2464.63,1809.37,8
2025-07-15,Latin America,AuraSound Pro,83,7814.83,4180.94,7
2025-07-15,Latin America,BassLink Ultra,56,3973.7,2462.34,8
2025-07-15,Latin America,ClearWave SE,49,2541.96,1775.71,8
2025-07-16,North America,AuraSound Pro,131,11497.22,7380.42,10
2025-07-16,North America,BassLink Ultra,106,7448.32,5161.22,10
2025-07-16,North America,ClearWave SE,81,4145.34,3174.93,7
2025-07-16,Europe,AuraSound Pro,112,9997.31,5459.37,7
2025-07-16,Europe,BassLink Ultra,111,7613.65,4949.74,10
2025-07-16,Europe,ClearWave SE,92,4719.06,3568.58,8
2025-07-16,Asia Pacific,AuraSound Pro,103,9300.61,5828.37,9
2025-07-16,Asia Pacific,BassLink Ultra,86,5966.3,4278.1,12
2025-07-16,Asia Pacific,ClearWave SE,60,3075.8,2305.09,8
2025-07-16,Latin America,AuraSound Pro,93,8078.86,4536.41,10
2025-07-16,Latin America,BassLink Ultra,69,4979.38,3278.35,9
2025-07-16,Latin America,ClearWave SE,60,2943.19,1941.58,8
2025-07-17,North America,AuraSound Pro,169,15650.06,9055.0,9
2025-07-17,North America,BassLink Ultra,105,7594.77,5181.83,9
2025-07-17,North America,ClearWave SE,66,3434.87,2383.78,7
2025-07-17,Europe,AuraSound Pro,135,12733.27,7811.75,8
2025-07-17,Europe,BassLink Ultra,63,4197.9,2601.8,12
2025-07-17,Europe,ClearWave SE,54,2803.07,1909.55,8
2025-07-17,Asia Pacific,AuraSound Pro,149,13547.89,7775.59,14
2025-07-17,Asia Pacific,BassLink Ultra,74,5282.92,3584.22,12
2025-07-17,Asia Pacific,ClearWave SE,64,3215.58,2522.53,6
2025-07-17,Latin America,AuraSound Pro,79,7455.15,4007.66,8
2025-07-17,Latin America,BassLink Ultra,72,5113.14,3186.95,13
2025-07-17,Latin America,ClearWave SE,44,2110.67,1403.04,6
2025-07-18,North America,AuraSound Pro,146,13004.19,7428.09,8
2025-07-18,North America,BassLink Ultra,82,5688.39,3542.07,9
2025-07-18,North America,ClearWave SE,70,3656.15,2443.99,8
2025-07-18,Europe,AuraSound Pro,133,11536.86,6428.68,9
2025-07-18,Europe,BassLink Ultra,71,4875.3,3276.27,9
2025-07-18,Europe,ClearWave SE,66,3215.66,2391.58,7
2025-07-18,Asia Pacific,AuraSound Pro,107,9557.37,5544.23,9
2025-07-18,Asia Pacific,BassLink Ultra,75,5151.46,3733.61,11
2025-07-18,Asia Pacific,ClearWave SE,63,2997.73,2291.45,8
2025-07-18,Latin America,AuraSound Pro,67,5823.57,3485.96,7
2025-07-18,Latin America,BassLink Ultra,50,3653.03,2270.66,12
2025-07-18,Latin America,ClearWave SE,49,2535.08,2013.35,7
2025-07-19,North America,AuraSound Pro,123,11597.48,7506.39,10
2025-07-19,North America,BassLink Ultra,106,7460.13,4892.91,8
2025-07-19,North America,ClearWave SE,63,3157.98,2433.8,8
2025-07-19,Europe,AuraSound Pro,105,9874.88,6205.16,7
2025-07-19,Europe,BassLink Ultra,63,4376.43,3062.92,11
2025-07-19,Europe,ClearWave SE,60,3048.01,2044.4,8
2025-07-19,Asia Pacific,AuraSound Pro,107,9363.54,5120.54,8
2025-07-19,Asia Pacific,BassLink Ultra,76,5476.84,3753.03,13
2025-07-19,Asia Pacific,ClearWave SE,50,2440.33,1817.01,9
2025-07-19,Latin America,AuraSound Pro,92,8298.06,4684.62,8
2025-07-19,Latin America,BassLink Ultra,66,4426.3,2707.39,10
2025-07-19,Latin America,ClearWave SE,46,2291.88,1695.96,7
2025-07-20,North America,AuraSound Pro,169,15616.91,10251.13,9
2025-07-20,North America,BassLink Ultra,85,6220.15,3726.16,10
2025-07-20,North America,ClearWave SE,61,2965.92,2165.98,7
2025-07-20,Europe,AuraSound Pro,131,11633.49,6716.32,8
2025-07-20,Europe,BassLink Ultra,131,8840.39,6123.14,7
2025-07-20,Europe,ClearWave SE,63,3048.71,2346.32,8
2025-07-20,Asia Pacific,AuraSound Pro,81,7049.97,4625.82,10
2025-07-20,Asia Pacific,BassLink Ultra,85,5757.72,4073.15,10
2025-07-20,Asia Pacific,ClearWave SE,51,2609.05,2058.18,7
2025-07-20,Latin America,AuraSound Pro,92,8233.59,5178.01,8
2025-07-20,Latin America,BassLink Ultra,57,4162.41,2680.57,8
2025-07-20,Latin America,ClearWave SE,55,2808.67,2220.82,10
2025-07-21,North America,AuraSound Pro,130,12278.7,6859.06,8
2025-07-21,North America,BassLink Ultra,123,8766.31,5524.25,12
2025-07-21,North America,ClearWave SE,92,4454.78,3371.56,6
2025-07-21,Europe,AuraSound Pro,73,6438.04,4207.55,9
2025-07-21,Europe,BassLink Ultra,150,10970.15,7536.62,11
2025-07-21,Europe,ClearWave SE,62,3195.61,2509.5,9
2025-07-21,Asia Pacific,AuraSound Pro,94,8650.25,4772.76,7
2025-07-21,Asia Pacific,BassLink Ultra,69,5029.46,3202.19,11
2025-07-21,Asia Pacific,ClearWave SE,50,2441.88,1755.88,8
2025-07-21,Latin America,AuraSound Pro,80,7216.39,4076.18,11
2025-07-21,Latin America,BassLink Ultra,69,4667.16,2947.74,15
2025-07-21,Latin America,ClearWave SE,37,1820.54,1236.47,9
2025-07-22,North America,AuraSound Pro,98,8974.51,5656.03,10
2025-07-22,North America,BassLink Ultra,73,5113.67,3246.45,11
2025-07-22,North America,ClearWave SE,84,4196.22,3370.42,8
2025-07-22,Europe,AuraSound Pro,80,6907.97,4189.41,10
2025-07-22,Europe,BassLink Ultra,61,4333.56,3046.59,13
2025-07-22,Europe,ClearWave SE,59,3002.68,2372.58,5
2025-07-22,Asia Pacific,AuraSound Pro,99,8984.09,5839.65,11
2025-07-22,Asia Pacific,BassLink Ultra,76,5164.76,3608.96,10
2025-07-22,Asia Pacific,ClearWave SE,66,3335.71,2586.82,6
2025-07-22,Latin America,AuraSound Pro,72,6612.65,3882.62,9
2025-07-22,Latin America,BassLink Ultra,82,5754.29,4051.41,11
2025-07-22,Latin America,ClearWave SE,55,2886.3,2103.8,9
2025-07-23,North America,AuraSound Pro,171,15197.53,9078.84,10
2025-07-23,North America,BassLink Ultra,98,6517.07,4711.47,7
2025-07-23,North America,ClearWave SE,66,3405.03,2396.29,7
2025-07-23,Europe,AuraSound Pro,145,13430.19,8548.69,10
2025-07-23,Europe,BassLink Ultra,51,3589.85,2306.69,10
2025-07-23,Europe,ClearWave SE,44,2132.52,1617.41,7
2025-07-23,Asia Pacific,AuraSound Pro,129,12043.75,7553.72,10
2025-07-23,Asia Pacific,BassLink Ultra,70,4708.12,3349.13,10
2025-07-23,Asia Pacific,ClearWave SE,53,2555.49,1767.25,6
2025-07-23,Latin America,AuraSound Pro,71,6356.73,3563.41,10
2025-07-23,Latin America,BassLink Ultra,74,5107.63,3614.3,12
2025-07-23,Latin America,ClearWave SE,55,2812.68,2265.55,6
2025-07-24,North America,AuraSound Pro,134,11772.91,6573.4,9
2025-07-24,North America,BassLink Ultra,92,6383.7,4629.33,9
2025-07-24,North America,ClearWave SE,84,4379.49,3396.22,8
2025-07-24,Europe,AuraSound Pro,111,9999.33,6560.92,11
2025-07-24,Europe,BassLink Ultra,77,5530.83,3765.49,10
2025-07-24,Europe,ClearWave SE,51,2652.3,1804.93,8
2025-07-24,Asia Pacific,AuraSound Pro,133,11527.89,6874.43,7
2025-07-24,Asia Pacific,BassLink Ultra,83,5544.83,3613.38,10
2025-07-24,Asia Pacific,ClearWave SE,70,3628.07,2889.53,8
2025-07-24,Latin America,AuraSound Pro,86,7593.32,4963.24,9
2025-07-24,Latin America,BassLink Ultra,83,5765.12,3812.42,8
2025-07-24,Latin America,ClearWave SE,31,1595.06,1208.78,8
2025-07-25,North America,AuraSound Pro,115,10834.81,6767.85,10
2025-07-25,North America,BassLink Ultra,115,7786.23,4779.0,9
2025-07-25,North America,ClearWave SE,136,6587.18,4725.1,9
2025-07-25,Europe,AuraSound Pro,116,10079.29,6701.46,9
2025-07-25,Europe,BassLink Ultra,104,7083.56,4811.45,9
2025-07-25,Europe,ClearWave SE,73,3624.75,2726.55,7
2025-07-25,Asia Pacific,AuraSound Pro,140,12441.18,7381.1,7
2025-07-25,Asia Pacific,BassLink Ultra,80,5625.36,3548.02,9
2025-07-25,Asia Pacific,ClearWave SE,66,3370.08,2483.53,8
2025-07-25,Latin America,AuraSound Pro,85,7369.99,4503.07,10
2025-07-25,Latin America,BassLink Ultra,66,4835.14,3161.12,9
2025-07-25,Latin America,ClearWave SE,32,1565.33,1226.08,6
2025-07-26,North America,AuraSound Pro,125,11629.86,6613.18,9
2025-07-26,North America,BassLink Ultra,100,7080.5,4369.31,11
2025-07-26,North America,ClearWave SE,101,5037.48,4037.01,7
2025-07-26,Europe,AuraSound Pro,137,12923.62,7767.18,9
2025-07-26,Europe,BassLink Ultra,107,7280.39,5261.88,11
2025-07-26,Europe,ClearWave SE,92,4405.85,3440.4,8
2025-07-26,Asia Pacific,AuraSound Pro,129,11619.33,6730.57,8
2025-07-26,Asia Pacific,BassLink Ultra,96,6845.06,4187.57,13
2025-07-26,Asia Pacific,ClearWave SE,67,3323.81,2691.3,7
2025-07-26,Latin America,AuraSound Pro,101,8995.25,5900.69,10
2025-07-26,Latin America,BassLink Ultra,87,5842.4,4041.48,11
2025-07-26,Latin America,ClearWave SE,46,2354.21,1579.74,8
2025-07-27,North America,AuraSound Pro,121,11061.46,6092.46,9
2025-07-27,North America,BassLink Ultra,71,4956.04,3025.26,10
2025-07-27,North America,ClearWave SE,100,4865.61,3721.43,11
2025-07-27,Europe,AuraSound Pro,110,10227.54,6419.92,10
2025-07-27,Europe,BassLink Ultra,83,5813.68,4109.12,10
2025-07-27,Europe,ClearWave SE,55,2638.65,1835.7,10
2025-07-27,Asia Pacific,AuraSound Pro,79,7299.54,4638.5,5
2025-07-27,Asia Pacific,BassLink Ultra,82,5464.06,3616.08,8
2025-07-27,Asia Pacific,ClearWave SE,54,2790.05,2270.57,10
2025-07-27,Latin America,AuraSound Pro,67,5956.78,3266.15,9
2025-07-27,Latin America,BassLink Ultra,75,5317.46,3797.47,11
2025-07-27,Latin America,ClearWave SE,51,2490.0,1987.58,8
2025-07-28,North America,AuraSound Pro,109,10286.89,6832.13,10
2025-07-28,North America,BassLink Ultra,128,8745.05,5820.98,11
2025-07-28,North America,ClearWave SE,82,4097.54,2876.17,6
2025-07-28,Europe,AuraSound Pro,101,8690.61,5173.3,9
2025-07-28,Europe,BassLink Ultra,60,4097.75,2684.72,9
2025-07-28,Europe,ClearWave SE,63,3276.79,2305.73,6
2025-07-28,Asia Pacific,AuraSound Pro,90,7980.78,4688.77,10
2025-07-28,Asia Pacific,BassLink Ultra,74,5277.91,3646.37,12
2025-07-28,Asia Pacific,ClearWave SE,56,2743.58,1975.98,7
2025-07-28,Latin America,AuraSound Pro,86,7620.55,4763.12,8
2025-07-28,Latin America,BassLink Ultra,65,4647.52,2939.72,9
2025-07-28,Latin America,ClearWave SE,41,2085.25,1528.3,7
2025-07-29,North America,AuraSound Pro,125,11655.11,6648.27,9
2025-07-29,North America,BassLink Ultra,90,6070.31,4255.28,10
2025-07-29,North America,ClearWave SE,101,5075.31,4130.78,9
2025-07-29,Europe,AuraSound Pro,65,5701.68,3202.39,10
2025-07-29,Europe,BassLink Ultra,58,4069.17,2598.65,11
2025-07-29,Europe,ClearWave SE,81,4200.22,3445.86,7
2025-07-29,Asia Pacific,AuraSound Pro,136,11906.74,7452.33,8
2025-07-29,Asia Pacific,BassLink Ultra,93,6318.47,4586.08,12
2025-07-29,Asia Pacific,ClearWave SE,46,2309.32,1848.81,7
2025-07-29,Latin America,AuraSound Pro,60,5190.81,3412.09,8
2025-07-29,Latin America,BassLink Ultra,76,5250.91,3498.78,11
2025-07-29,Latin America,ClearWave SE,41,2072.21,1544.42,6
2025-07-30,North America,AuraSound Pro,103,9681.62,6203.68,9
2025-07-30,North America,BassLink Ultra,132,8846.94,5495.69,12
2025-07-30,North America,ClearWave SE,79,3917.88,2729.77,7
2025-07-30,Europe,AuraSound Pro,124,11011.76,6159.12,11
2025-07-30,Europe,BassLink Ultra,70,5018.46,3619.19,11
2025-07-30,Europe,ClearWave SE,53,2725.47,1960.3,8
2025-07-30,Asia Pacific,AuraSound Pro,103,9660.72,5672.76,7
2025-07-30,Asia Pacific,BassLink Ultra,80,5425.96,3554.33,10
2025-07-30,Asia Pacific,ClearWave SE,56,2737.98,2144.81,7
2025-07-30,Latin America,AuraSound Pro,85,7820.81,4972.83,9
2025-07-30,Latin America,BassLink Ultra,68,4662.34,3043.63,11
2025-07-30,Latin America,ClearWave SE,40,2081.99,1568.16,9
2025-07-31,North America,AuraSound Pro,174,15364.39,10296.91,8
2025-07-31,North America,BassLink Ultra,95,6659.3,4857.31,10
2025-07-31,North America,ClearWave SE,81,4204.96,2863.73,7
2025-07-31,Europe,AuraSound Pro,136,12637.45,8227.72,8
2025-07-31,Europe,BassLink Ultra,78,5403.12,4039.21,11
2025-07-31,Europe,ClearWave SE,68,3470.46,2836.45,8
2025-07-31,Asia Pacific,AuraSound Pro,85,7778.38,5209.89,9
2025-07-31,Asia Pacific,BassLink Ultra,92,6389.34,4002.91,11
2025-07-31,Asia Pacific,ClearWave SE,57,2979.18,2232.35,8
2025-07-31,Latin America,AuraSound Pro,86,7430.89,4663.08,11
2025-07-31,Latin America,BassLink Ultra,54,3739.35,2483.49,11
2025-07-31,Latin America,ClearWave SE,47,2337.12,1863.46,9
2025-08-01,North America,AuraSound Pro,176,15835.92,9192.76,9
2025-08-01,North America,BassLink Ultra,90,6573.55,4265.63,12
2025-08-01,North America,ClearWave SE,81,3867.19,2636.04,6
2025-08-01,Europe,AuraSound Pro,88,7530.57,4440.23,9
2025-08-01,Europe,BassLink Ultra,52,3506.81,2433.32,10
2025-08-01,Europe,ClearWave SE,82,4055.63,2826.15,9
2025-08-01,Asia Pacific,AuraSound Pro,130,11662.11,6732.38,9
2025-08-01,Asia Pacific,BassLink Ultra,64,4387.69,3233.67,12
2025-08-01,Asia Pacific,ClearWave SE,62,3165.55,2329.0,6
2025-08-01,Latin America,AuraSound Pro,84,7797.61,4846.57,10
2025-08-01,Latin America,BassLink Ultra,39,2757.36,1949.15,10
2025-08-01,Latin America,ClearWave SE,62,3001.23,2180.15,8
2025-08-02,North America,AuraSound Pro,114,10197.15,6864.58,10
2025-08-02,North America,BassLink Ultra,113,8084.8,5782.71,11
2025-08-02,North America,ClearWave SE,66,3305.84,2366.0,8
2025-08-02,Europe,AuraSound Pro,134,12071.86,6724.94,7
2025-08-02,Europe,BassLink Ultra,89,6218.95,3955.5,10
2025-08-02,Europe,ClearWave SE,48,2333.2,1917.61,7
2025-08-02,Asia Pacific,AuraSound Pro,98,9233.8,6023.92,9
2025-08-02,Asia Pacific,BassLink Ultra,68,4931.75,3279.51,8
2025-08-02,Asia Pacific,ClearWave SE,78,3860.73,2988.04,11
2025-08-02,Latin America,AuraSound Pro,76,7054.25,4009.54,9
2025-08-02,Latin America,BassLink Ultra,96,6857.12,4609.96,9
2025-08-02,Latin America,ClearWave SE,42,2131.8,1709.9,8
2025-08-03,North America,AuraSound Pro,148,13069.32,7525.72,11
2025-08-03,North America,BassLink Ultra,113,7668.7,5736.84,8
2025-08-03,North America,ClearWave SE,108,5261.46,3989.27,8
2025-08-03,Europe,AuraSound Pro,92,8374.07,5680.64,9
2025-08-03,Europe,BassLink Ultra,100,6878.52,5074.4,8
2025-08-03,Europe,ClearWave SE,65,3379.31,2372.29,8
2025-08-03,Asia Pacific,AuraSound Pro,113,10052.85,6244.79,8
2025-08-03,Asia Pacific,BassLink Ultra,70,4797.86,3265.6,11
2025-08-03,Asia Pacific,ClearWave SE,71,3710.52,2687.73,6
2025-08-03,Latin America,AuraSound Pro,83,7810.18,4471.21,11
2025-08-03,Latin America,BassLink Ultra,59,4316.45,2936.62,11
2025-08-03,Latin America,ClearWave SE,63,3219.48,2487.53,8
2025-08-04,North America,AuraSound Pro,187,17582.41,9812.55,9
2025-08-04,North America,BassLink Ultra,125,8882.7,6474.28,11
2025-08-04,North America,ClearWave SE,86,4392.44,3630.54,8
2025-08-04,Europe,AuraSound Pro,125,10783.51,6324.04,10
2025-08-04,Europe,BassLink Ultra,121,8302.14,5243.49,11
2025-08-04,Europe,ClearWave SE,84,4357.64,3567.61,7
2025-08-04,Asia Pacific,AuraSound Pro,79,7042.89,4249.55,7
2025-08-04,Asia Pacific,BassLink Ultra,60,3997.97,2715.08,13
2025-08-04,Asia Pacific,ClearWave SE,46,2288.67,1653.87,8
2025-08-04,Latin America,AuraSound Pro,126,11814.15,7125.79,10
2025-08-04,Latin America,BassLink Ultra,53,3673.41,2598.72,9
2025-08-04,Latin America,ClearWave SE,44,2244.91,1596.98,8
2025-08-05,North America,AuraSound Pro,134,11849.8,7961.85,10
2025-08-05,North America,BassLink Ultra,144,10227.29,7285.36,9
2025-08-05,North America,ClearWave SE,116,5877.77,4408.71,8
2025-08-05,Europe,AuraSound Pro,111,9606.97,5869.21,8
2025-08-05,Europe,BassLink Ultra,94,6823.46,4597.6,10
2025-08-05,Europe,ClearWave SE,77,3862.9,3217.58,8
2025-08-05,Asia Pacific,AuraSound Pro,98,9235.47,6259.57,9
2025-08-05,Asia Pacific,BassLink Ultra,84,5668.1,4046.0,10
2025-08-05,Asia Pacific,ClearWave SE,54,2774.87,2051.49,7
2025-08-05,Latin America,AuraSound Pro,96,8375.07,5548.87,8
2025-08-05,Latin America,BassLink Ultra,52,3565.98,2527.68,8
2025-08-05,Latin America,ClearWave SE,47,2310.63,1885.77,7
2025-08-06,North America,AuraSound Pro,139,12534.86,8550.41,9
2025-08-06,North America,BassLink Ultra,101,6988.45,4670.73,10
2025-08-06,North America,ClearWave SE,94,4473.02,3584.29,7
2025-08-06,Europe,AuraSound Pro,104,9284.23,5544.36,7
2025-08-06,Europe,BassLink Ultra,102,6878.14,4979.83,10
2025-08-06,Europe,ClearWave SE,77,3821.64,2712.15,7
2025-08-06,Asia Pacific,AuraSound Pro,155,13771.04,9330.78,12
2025-08-06,Asia Pacific,BassLink Ultra,81,5938.0,4065.02,11
2025-08-06,Asia Pacific,ClearWave SE,64,3161.23,2252.41,7
2025-08-06,Latin America,AuraSound Pro,98,8529.19,5670.12,9
2025-08-06,Latin America,BassLink Ultra,48,3476.56,2626.04,10
2025-08-06,Latin America,ClearWave SE,39,1928.27,1556.63,7
2025-08-07,North America,AuraSound Pro,124,10969.39,7340.4,12
2025-08-07,North America,BassLink Ultra,112,8024.63,5169.01,10
2025-08-07,North America,ClearWave SE,77,3929.44,3130.81,8
2025-08-07,Europe,AuraSound Pro,107,9752.42,5683.69,10
2025-08-07,Europe,BassLink Ultra,88,5909.88,3833.65,11
2025-08-07,Europe,ClearWave SE,64,3274.96,2383.61,11
2025-08-07,Asia Pacific,AuraSound Pro,87,7863.35,5345.69,10
2025-08-07,Asia Pacific,BassLink Ultra,69,5065.35,3264.67,11
2025-08-07,Asia Pacific,ClearWave SE,65,3182.53,2266.2,10
2025-08-07,Latin America,AuraSound Pro,88,8214.43,5080.28,9
2025-08-07,Latin America,BassLink Ultra,34,2357.61,1587.42,10
2025-08-07,Latin America,ClearWave SE,77,3836.31,3151.86,9
2025-08-08,North America,AuraSound Pro,167,14727.69,9658.06,7
2025-08-08,North America,BassLink Ultra,92,6520.05,4946.91,11
2025-08-08,North America,ClearWave SE,62,3043.81,2472.18,8
2025-08-08,Europe,AuraSound Pro,156,14427.8,9007.24,8
2025-08-08,Europe,BassLink Ultra,74,5187.63,3731.85,12
2025-08-08,Europe,ClearWave SE,61,3095.75,2434.97,7
2025-08-08,Asia Pacific,AuraSound Pro,144,12935.31,8689.3,9
2025-08-08,Asia Pacific,BassLink Ultra,64,4432.44,3176.99,13
2025-08-08,Asia Pacific,ClearWave SE,50,2444.37,1934.05,8
2025-08-08,Latin America,AuraSound Pro,88,8236.53,5623.42,8
2025-08-08,Latin America,BassLink Ultra,69,5035.22,3206.54,9
2025-08-08,Latin America,ClearWave SE,56,2716.24,2251.84,8
2025-08-09,North America,AuraSound Pro,119,10655.13,6433.2,9
2025-08-09,North America,BassLink Ultra,110,7686.27,5322.69,8
2025-08-09,North America,ClearWave SE,107,5522.55,4067.58,8
2025-08-09,Europe,AuraSound Pro,111,10190.39,5762.21,10
2025-08-09,Europe,BassLink Ultra,86,5775.99,4387.11,10
2025-08-09,Europe,ClearWave SE,72,3442.25,2539.41,9
2025-08-09,Asia Pacific,AuraSound Pro,101,8788.06,5582.15,6
2025-08-09,Asia Pacific,BassLink Ultra,87,6354.73,4474.37,10
2025-08-09,Asia Pacific,ClearWave SE,51,2478.95,2047.04,8
2025-08-09,Latin America,AuraSound Pro,69,6252.91,4251.28,10
2025-08-09,Latin America,BassLink Ultra,48,3508.02,2419.19,10
2025-08-09,Latin America,ClearWave SE,35,1818.16,1486.06,7
2025-08-10,North America,AuraSound Pro,133,11904.82,6986.21,9
2025-08-10,North America,BassLink Ultra,97,6516.84,4954.26,9
2025-08-10,North America,ClearWave SE,80,3864.31,3072.44,7
2025-08-10,Europe,AuraSound Pro,122,11278.61,7706.38,8
2025-08-10,Europe,BassLink Ultra,76,5100.36,3716.95,11
2025-08-10,Europe,ClearWave SE,65,3404.22,2775.02,6
2025-08-10,Asia Pacific,AuraSound Pro,143,12687.07,8745.71,10
2025-08-10,Asia Pacific,BassLink Ultra,88,6024.89,3870.76,8
2025-08-10,Asia Pacific,ClearWave SE,42,2117.05,1641.01,9
2025-08-10,Latin America,AuraSound Pro,68,6082.71,4050.88,9
2025-08-10,Latin America,BassLink Ultra,53,3707.18,2769.37,8
2025-08-10,Latin America,ClearWave SE,41,2124.44,1735.74,8
2025-08-11,North America,AuraSound Pro,138,12738.46,7968.28,12
2025-08-11,North America,BassLink Ultra,116,8435.91,5834.77,11
2025-08-11,North America,ClearWave SE,84,4262.92,3045.91,7
2025-08-11,Europe,AuraSound Pro,100,9090.88,6116.47,9
2025-08-11,Europe,BassLink Ultra,74,5435.01,3917.26,13
2025-08-11,Europe,ClearWave SE,77,4037.62,3299.33,9
2025-08-11,Asia Pacific,AuraSound Pro,69,6322.42,4043.41,10
2025-08-11,Asia Pacific,BassLink Ultra,57,3961.0,2796.9,13
2025-08-11,Asia Pacific,ClearWave SE,68,3269.69,2382.71,9
2025-08-11,Latin America,AuraSound Pro,96,8988.7,5524.47,8
2025-08-11,Latin America,BassLink Ultra,85,6218.61,4699.06,12
2025-08-11,Latin America,ClearWave SE,49,2501.07,1846.69,7
2025-08-12,North America,AuraSound Pro,141,13320.97,7548.27,11
2025-08-12,North America,BassLink Ultra,97,6466.9,4779.03,10
2025-08-12,North America,ClearWave SE,90,4556.18,3446.74,8
2025-08-12,Europe,AuraSound Pro,106,9315.53,6048.21,11
2025-08-12,Europe,BassLink Ultra,70,4687.14,3467.4,10
2025-08-12,Europe,ClearWave SE,58,3014.3,2278.0,10
2025-08-12,Asia Pacific,AuraSound Pro,120,11166.73,7045.63,10
2025-08-12,Asia Pacific,BassLink Ultra,66,4687.34,3119.81,14
2025-08-12,Asia Pacific,ClearWave SE,47,2241.03,1754.9,8
2025-08-12,Latin America,AuraSound Pro,81,7410.12,4358.3,7
2025-08-12,Latin America,BassLink Ultra,60,4333.24,2749.35,10
2025-08-12,Latin America,ClearWave SE,63,3033.08,2210.55,6
2025-08-13,North America,AuraSound Pro,164,14444.51,9090.31,9
2025-08-13,North America,BassLink Ultra,123,8240.22,5852.81,10
2025-08-13,North America,ClearWave SE,69,3418.9,2558.11,10
2025-08-13,Europe,AuraSound Pro,163,15136.98,9390.61,10
2025-08-13,Europe,BassLink Ultra,94,6855.92,5002.11,11
2025-08-13,Europe,ClearWave SE,76,3678.88,2623.25,11
2025-08-13,Asia Pacific,AuraSound Pro,85,7708.05,5004.72,9
2025-08-13,Asia Pacific,BassLink Ultra,70,4682.62,3028.67,11
2025-08-13,Asia Pacific,ClearWave SE,48,2292.09,1815.26,7
2025-08-13,Latin America,AuraSound Pro,68,6375.87,4264.29,10
2025-08-13,Latin America,BassLink Ultra,59,4112.23,2795.34,8
2025-08-13,Latin America,ClearWave SE,35,1744.18,1442.14,6
2025-08-14,North America,AuraSound Pro,138,12564.92,7425.95,9
2025-08-14,North America,BassLink Ultra,101,6870.81,4692.77,10
2025-08-14,North America,ClearWave SE,76,3822.17,2674.18,8
2025-08-14,Europe,AuraSound Pro,119,10917.8,7331.25,10
2025-08-14,Europe,BassLink Ultra,105,7593.24,5058.28,9
2025-08-14,Europe,ClearWave SE,79,3828.42,3075.72,7
2025-08-14,Asia Pacific,AuraSound Pro,120,10703.36,6385.7,9
2025-08-14,Asia Pacific,BassLink Ultra,121,8433.19,6003.67,11
2025-08-14,Asia Pacific,ClearWave SE,72,3762.18,2907.13,5
2025-08-14,Latin America,AuraSound Pro,100,8852.84,5951.18,8
2025-08-14,Latin America,BassLink Ultra,58,3894.75,2509.14,10
2025-08-14,Latin America,ClearWave SE,38,1970.19,1527.46,10
2025-08-15,North America,AuraSound Pro,180,16399.08,11013.04,8
2025-08-15,North America,BassLink Ultra,84,5979.29,4118.12,12
2025-08-15,North America,ClearWave SE,98,4830.42,3824.44,8
2025-08-15,Europe,AuraSound Pro,105,9405.04,6074.71,9
2025-08-15,Europe,BassLink Ultra,61,4406.17,2810.17,9
2025-08-15,Europe,ClearWave SE,83,4323.66,3289.51,7
2025-08-15,Asia Pacific,AuraSound Pro,106,9273.21,6282.32,10
2025-08-15,Asia Pacific,BassLink Ultra,75,5017.93,3243.18,11
2025-08-15,Asia Pacific,ClearWave SE,74,3702.96,2842.1,7
2025-08-15,Latin America,AuraSound Pro,102,8803.04,5794.83,10
2025-08-15,Latin America,BassLink Ultra,67,4461.65,2972.4,12
2025-08-15,Latin America,ClearWave SE,49,2456.35,1800.21,12
2025-08-16,North America,AuraSound Pro,116,10323.42,6383.01,11
2025-08-16,North America,BassLink Ultra,92,6249.48,4144.91,11
2025-08-16,North America,ClearWave SE,80,4042.02,3282.46,8
2025-08-16,Europe,AuraSound Pro,114,9799.71,6793.54,13
2025-08-16,Europe,BassLink Ultra,96,6996.46,5131.25,9
2025-08-16,Europe,ClearWave SE,60,2858.49,2268.36,7
2025-08-16,Asia Pacific,AuraSound Pro,148,12667.24,8554.35,11
2025-08-16,Asia Pacific,BassLink Ultra,69,4755.72,3448.12,12
2025-08-16,Asia Pacific,ClearWave SE,51,2444.28,2003.66,8
2025-08-16,Latin America,AuraSound Pro,80,7437.44,4828.32,9
2025-08-16,Latin America,BassLink Ultra,55,3876.01,2790.18,16
2025-08-16,Latin America,ClearWave SE,55,2642.56,1995.2,11
2025-08-17,North America,AuraSound Pro,132,12414.72,8189.11,8
2025-08-17,North America,BassLink Ultra,109,7807.11,5539.4,11
2025-08-17,North America,ClearWave SE,95,4627.37,3620.48,9
2025-08-17,Europe,AuraSound Pro,85,7403.76,4450.37,13
2025-08-17,Europe,BassLink Ultra,92,6561.18,4705.86,12
2025-08-17,Europe,ClearWave SE,94,4633.05,3858.43,7
2025-08-17,Asia Pacific,AuraSound Pro,107,9624.55,5825.13,8
2025-08-17,Asia Pacific,BassLink Ultra,65,4710.35,3115.52,13
2025-08-17,Asia Pacific,ClearWave SE,82,4142.36,2949.64,6
2025-08-17,Latin America,AuraSound Pro,91,8491.97,5800.74,11
2025-08-17,Latin America,BassLink Ultra,72,5214.85,4024.71,11
2025-08-17,Latin America,ClearWave SE,52,2591.52,1899.35,8
2025-08-18,North America,AuraSound Pro,155,13644.02,8423.44,10
2025-08-18,North America,BassLink Ultra,100,6706.08,4410.54,15
2025-08-18,North America,ClearWave SE,71,3552.01,2915.87,10
2025-08-18,Europe,AuraSound Pro,107,9242.23,6000.75,10
2025-08-18,Europe,BassLink Ultra,77,5320.22,4048.52,12
2025-08-18,Europe,ClearWave SE,69,3304.27,2450.39,9
2025-08-18,Asia Pacific,AuraSound Pro,95,8543.82,5538.65,8
2025-08-18,Asia Pacific,BassLink Ultra,103,7560.25,5493.72,14
2025-08-18,Asia Pacific,ClearWave SE,61,2970.15,2322.43,8
2025-08-18,Latin America,AuraSound Pro,63,5782.56,3340.38,9
2025-08-18,Latin America,BassLink Ultra,56,3993.52,2816.44,15
2025-08-18,Latin America,ClearWave SE,44,2270.42,1871.94,11
2025-08-19,North America,AuraSound Pro,133,11400.97,6873.95,10
2025-08-19,North America,BassLink Ultra,148,10067.06,6594.4,11
2025-08-19,North America,ClearWave SE,117,5884.61,4855.41,9
2025-08-19,Europe,AuraSound Pro,124,11065.91,7580.72,10
2025-08-19,Europe,BassLink Ultra,115,8075.68,5629.6,12
2025-08-19,Europe,ClearWave SE,54,2658.73,2280.91,9
2025-08-19,Asia Pacific,AuraSound Pro,133,12337.03,8123.45,10
2025-08-19,Asia Pacific,BassLink Ultra,71,5037.43,3641.39,12
2025-08-19,Asia Pacific,ClearWave SE,50,2443.82,1827.19,9
2025-08-19,Latin America,AuraSound Pro,92,8655.01,5228.79,10
2025-08-19,Latin America,BassLink Ultra,77,5613.29,3775.4,10
2025-08-19,Latin America,ClearWave SE,41,2018.87,1672.84,7
2025-08-20,North America,AuraSound Pro,188,17058.59,10394.19,10
2025-08-20,North America,BassLink Ultra,117,8408.52,5473.42,12
2025-08-20,North America,ClearWave SE,82,4089.4,3402.92,7
2025-08-20,Europe,AuraSound Pro,103,9015.14,5525.39,10
2025-08-20,Europe,BassLink Ultra,82,5870.38,3960.75,10
2025-08-20,Europe,ClearWave SE,69,3388.24,2605.36,10
2025-08-20,Asia Pacific,AuraSound Pro,114,9753.38,6773.11,13
2025-08-20,Asia Pacific,BassLink Ultra,88,5895.99,3975.8,18
2025-08-20,Asia Pacific,ClearWave SE,68,3409.22,2589.96,8
2025-08-20,Latin America,AuraSound Pro,89,7831.67,4568.69,9
2025-08-20,Latin America,BassLink Ultra,59,3927.88,2577.22,15
2025-08-20,Latin America,ClearWave SE,46,2383.69,1795.2,8
2025-08-21,North America,AuraSound Pro,154,13892.31,8569.95,9
2025-08-21,North America,BassLink Ultra,100,7112.87,4935.33,11
2025-08-21,North America,ClearWave SE,101,5125.36,4255.3,10
2025-08-21,Europe,AuraSound Pro,98,8721.95,5171.05,13
2025-08-21,Europe,BassLink Ultra,102,6957.86,5320.8,12
2025-08-21,Europe,ClearWave SE,62,2949.83,2259.29,12
2025-08-21,Asia Pacific,AuraSound Pro,96,8604.11,6066.13,10
2025-08-21,Asia Pacific,BassLink Ultra,86,6039.02,3912.93,14
2025-08-21,Asia Pacific,ClearWave SE,56,2717.65,1996.71,8
2025-08-21,Latin America,AuraSound Pro,64,5872.13,3802.23,10
2025-08-21,Latin America,BassLink Ultra,68,4690.33,3236.27,10
2025-08-21,Latin America,ClearWave SE,38,1822.99,1486.72,11
2025-08-22,North America,AuraSound Pro,123,10595.04,7456.61,8
2025-08-22,North America,BassLink Ultra,94,6262.48,4032.54,13
2025-08-22,North America,ClearWave SE,84,4181.49,3342.5,6
2025-08-22,Europe,AuraSound Pro,110,9562.7,6518.31,12
2025-08-22,Europe,BassLink Ultra,69,4956.95,3849.26,9
2025-08-22,Europe,ClearWave SE,59,3085.37,2286.84,8
2025-08-22,Asia Pacific,AuraSound Pro,116,10927.22,7304.49,9
2025-08-22,Asia Pacific,BassLink Ultra,79,5704.27,4134.78,9
2025-08-22,Asia Pacific,ClearWave SE,62,3212.24,2538.31,8
2025-08-22,Latin America,AuraSound Pro,72,6500.33,4578.9,12
2025-08-22,Latin America,BassLink Ultra,79,5348.13,3532.15,9
2025-08-22,Latin America,ClearWave SE,55,2795.73,2047.09,9
2025-08-23,North America,AuraSound Pro,158,13917.99,9540.71,9
2025-08-23,North America,BassLink Ultra,113,8236.66,5358.73,11
2025-08-23,North America,ClearWave SE,75,3642.5,2845.79,9
2025-08-23,Europe,AuraSound Pro,87,7888.15,4748.31,11
2025-08-23,Europe,BassLink Ultra,90,6310.07,4689.38,10
2025-08-23,Europe,ClearWave SE,83,4132.35,2934.62,8
2025-08-23,Asia Pacific,AuraSound Pro,150,13527.52,9047.17,11
2025-08-23,Asia Pacific,BassLink Ultra,67,4766.49,3238.88,10
2025-08-23,Asia Pacific,ClearWave SE,57,2842.93,2283.18,5
2025-08-23,Latin America,AuraSound Pro,78,6802.56,4015.51,12
2025-08-23,Latin America,BassLink Ultra,49,3336.73,2331.74,13
2025-08-23,Latin America,ClearWave SE,70,3550.1,2999.2,9
2025-08-24,North America,AuraSound Pro,169,14601.67,9519.42,8
2025-08-24,North America,BassLink Ultra,81,5607.79,4286.89,12
2025-08-24,North America,ClearWave SE,82,4276.57,3378.06,7
2025-08-24,Europe,AuraSound Pro,147,12836.67,7822.12,10
2025-08-24,Europe,BassLink Ultra,105,7025.73,4862.01,12
2025-08-24,Europe,ClearWave SE,90,4463.95,3823.3,8
2025-08-24,Asia Pacific,AuraSound Pro,91,7834.53,5133.15,12
2025-08-24,Asia Pacific,BassLink Ultra,61,4349.53,3098.09,9
2025-08-24,Asia Pacific,ClearWave SE,57,2749.95,2153.62,10
2025-08-24,Latin America,AuraSound Pro,79,7413.34,4426.88,8
2025-08-24,Latin America,BassLink Ultra,52,3665.3,2582.9,10
2025-08-24,Latin America,ClearWave SE,52,2495.26,2011.3,7
2025-08-25,North America,AuraSound Pro,88,7576.62,5039.35,15
2025-08-25,North America,BassLink Ultra,73,5158.55,3787.81,9
2025-08-25,North America,ClearWave SE,100,5037.36,4189.33,7
2025-08-25,Europe,AuraSound Pro,143,12710.05,7969.81,10
2025-08-25,Europe,BassLink Ultra,81,5647.18,3812.1,12
2025-08-25,Europe,ClearWave SE,69,3350.14,2751.38,9
2025-08-25,Asia Pacific,AuraSound Pro,151,13378.2,9189.0,8
2025-08-25,Asia Pacific,BassLink Ultra,83,6011.62,3978.19,11
2025-08-25,Asia Pacific,ClearWave SE,67,3472.99,2848.11,9
2025-08-25,Latin America,AuraSound Pro,96,8285.66,5571.53,8
2025-08-25,Latin America,BassLink Ultra,50,3667.21,2848.23,11
2025-08-25,Latin America,ClearWave SE,52,2649.39,2160.39,8
2025-08-26,North America,AuraSound Pro,162,15201.34,9961.96,10
2025-08-26,North America,BassLink Ultra,119,8298.94,6148.39,11
2025-08-26,North America,ClearWave SE,116,5926.47,4814.13,7
2025-08-26,Europe,AuraSound Pro,86,7850.46,5506.46,10
2025-08-26,Europe,BassLink Ultra,97,6845.25,4894.26,11
2025-08-26,Europe,ClearWave SE,65,3210.79,2527.55,9
2025-08-26,Asia Pacific,AuraSound Pro,94,8102.18,4936.51,8
2025-08-26,Asia Pacific,BassLink Ultra,101,6844.55,4780.24,10
2025-08-26,Asia Pacific,ClearWave SE,66,3336.05,2837.27,7
2025-08-26,Latin America,AuraSound Pro,78,6764.39,4084.66,11
2025-08-26,Latin America,BassLink Ultra,63,4207.67,2811.4,11
2025-08-26,Latin America,ClearWave SE,37,1905.8,1532.56,8
2025-08-27,North America,AuraSound Pro,131,11501.12,7607.06,14
2025-08-27,North America,BassLink Ultra,91,6372.24,4913.32,14
2025-08-27,North America,ClearWave SE,89,4381.67,3621.06,7
2025-08-27,Europe,AuraSound Pro,150,14031.6,9153.58,12
2025-08-27,Europe,BassLink Ultra,131,9006.77,5900.61,12
2025-08-27,Europe,ClearWave SE,62,3048.44,2635.8,7
2025-08-27,Asia Pacific,AuraSound Pro,122,11397.22,7355.16,8
2025-08-27,Asia Pacific,BassLink Ultra,65,4513.16,3184.86,11
2025-08-27,Asia Pacific,ClearWave SE,76,3631.81,3156.75,8
2025-08-27,Latin America,AuraSound Pro,127,11071.16,7415.92,10
2025-08-27,Latin America,BassLink Ultra,58,3922.1,2611.24,10
2025-08-27,Latin America,ClearWave SE,41,2083.82,1774.77,9
2025-08-28,North America,AuraSound Pro,129,11694.12,7452.63,10
2025-08-28,North America,BassLink Ultra,84,6131.63,4651.4,9
2025-08-28,North America,ClearWave SE,86,4220.99,3680.38,7
2025-08-28,Europe,AuraSound Pro,159,14278.8,8764.14,7
2025-08-28,Europe,BassLink Ultra,70,4974.61,3515.4,13
2025-08-28,Europe,ClearWave SE,89,4453.03,3689.06,10
2025-08-28,Asia Pacific,AuraSound Pro,93,8103.02,5008.24,9
2025-08-28,Asia Pacific,BassLink Ultra,84,5801.2,3855.96,11
2025-08-28,Asia Pacific,ClearWave SE,73,3631.84,2744.39,10
2025-08-28,Latin America,AuraSound Pro,86,8037.29,4907.33,8
2025-08-28,Latin America,BassLink Ultra,70,4966.48,3550.1,11
2025-08-28,Latin America,ClearWave SE,60,3026.55,2587.8,9
2025-08-29,North America,AuraSound Pro,198,18623.43,12154.81,10
2025-08-29,North America,BassLink Ultra,150,10793.96,8331.1,14
2025-08-29,North America,ClearWave SE,100,5105.83,3698.43,10
2025-08-29,Europe,AuraSound Pro,165,15492.78,9562.08,9
2025-08-29,Europe,BassLink Ultra,118,8467.28,6284.75,12
2025-08-29,Europe,ClearWave SE,84,4310.78,3390.35,9
2025-08-29,Asia Pacific,AuraSound Pro,132,12363.57,8574.77,10
2025-08-29,Asia Pacific,BassLink Ultra,102,7016.69,4833.64,17
2025-08-29,Asia Pacific,ClearWave SE,112,5455.84,4718.78,9
2025-08-29,Latin America,AuraSound Pro,114,10192.83,6062.98,15
2025-08-29,Latin America,BassLink Ultra,59,4188.24,3101.72,12
2025-08-29,Latin America,ClearWave SE,59,2855.45,2177.3,12
2025-08-30,North America,AuraSound Pro,206,18411.86,11325.72,10
2025-08-30,North America,BassLink Ultra,115,7987.15,5367.9,10
2025-08-30,North America,ClearWave SE,71,3552.49,2728.93,9
2025-08-30,Europe,AuraSound Pro,142,12546.94,8441.06,10
2025-08-30,Europe,BassLink Ultra,79,5599.73,4406.7,11
2025-08-30,Europe,ClearWave SE,112,5659.85,4446.26,7
2025-08-30,Asia Pacific,AuraSound Pro,86,7644.75,4940.86,11
2025-08-30,Asia Pacific,BassLink Ultra,76,5391.12,3692.15,13
2025-08-30,Asia Pacific,ClearWave SE,76,3898.9,3092.2,7
2025-08-30,Latin America,AuraSound Pro,102,8844.69,6038.38,9
2025-08-30,Latin America,BassLink Ultra,80,5843.0,4438.67,13
2025-08-30,Latin America,ClearWave SE,42,2076.72,1503.88,7
2025-08-31,North America,AuraSound Pro,191,17778.87,11773.04,11
2025-08-31,North America,BassLink Ultra,91,6525.5,4601.79,13
2025-08-31,North America,ClearWave SE,88,4520.47,3800.12,6
2025-08-31,Europe,AuraSound Pro,117,10322.43,6741.28,9
2025-08-31,Europe,BassLink Ultra,57,4054.49,2908.9,14
2025-08-31,Europe,ClearWave SE,96,4694.22,3692.74,11
2025-08-31,Asia Pacific,AuraSound Pro,93,8350.07,5346.95,9
2025-08-31,Asia Pacific,BassLink Ultra,79,5486.0,3699.36,9
2025-08-31,Asia Pacific,ClearWave SE,71,3622.61,3156.96,7
2025-08-31,Latin America,AuraSound Pro,91,8289.61,5326.55,9
2025-08-31,Latin America,BassLink Ultra,73,5357.5,3617.8,13
2025-08-31,Latin America,ClearWave SE,50,2379.29,2070.19,8
2025-09-01,North America,AuraSound Pro,171,15108.33,9415.09,7
2025-09-01,North America,BassLink Ultra,101,7150.58,5708.38,10
2025-09-01,North America,ClearWave SE,117,5577.01,4779.68,12
2025-09-01,Europe,AuraSound Pro,100,8955.54,6461.84,10
2025-09-01,Europe,BassLink Ultra,74,4981.42,3704.55,10
2025-09-01,Europe,ClearWave SE,76,3958.51,3450.87,8
2025-09-01,Asia Pacific,AuraSound Pro,119,10277.36,6844.79,8
2025-09-01,Asia Pacific,BassLink Ultra,86,6243.08,4829.11,14
2025-09-01,Asia Pacific,ClearWave SE,78,3707.15,2912.95,7
2025-09-01,Latin America,AuraSound Pro,127,11693.86,8097.13,8
2025-09-01,Latin America,BassLink Ultra,54,3849.78,2835.94,13
2025-09-01,Latin America,ClearWave SE,53,2593.85,2055.63,8
2025-09-02,North America,AuraSound Pro,146,12755.77,8482.06,9
2025-09-02,North America,BassLink Ultra,106,7287.93,5395.82,12
2025-09-02,North America,ClearWave SE,102,5036.69,4042.26,8
2025-09-02,Europe,AuraSound Pro,175,15848.89,9883.02,10
2025-09-02,Europe,BassLink Ultra,99,6942.1,4579.62,14
2025-09-02,Europe,ClearWave SE,65,3323.43,2413.61,9
2025-09-02,Asia Pacific,AuraSound Pro,100,8690.79,5696.01,8
2025-09-02,Asia Pacific,BassLink Ultra,115,7824.18,5615.03,15
2025-09-02,Asia Pacific,ClearWave SE,71,3489.36,2947.19,8
2025-09-02,Latin America,AuraSound Pro,101,9222.65,5564.85,10
2025-09-02,Latin America,BassLink Ultra,77,5123.27,3495.62,11
2025-09-02,Latin America,ClearWave SE,53,2698.48,2257.79,7
2025-09-03,North America,AuraSound Pro,144,12780.3,8714.6,10
2025-09-03,North America,BassLink Ultra,126,8571.61,5663.47,10
2025-09-03,North America,ClearWave SE,127,6253.28,5289.4,8
2025-09-03,Europe,AuraSound Pro,101,8716.85,5988.61,9
2025-09-03,Europe,BassLink Ultra,108,7589.35,5390.68,11
2025-09-03,Europe,ClearWave SE,62,3128.45,2562.17,8
2025-09-03,Asia Pacific,AuraSound Pro,104,9163.16,5554.21,11
2025-09-03,Asia Pacific,BassLink Ultra,74,5419.59,4091.38,9
2025-09-03,Asia Pacific,ClearWave SE,58,2796.35,2143.53,10
2025-09-03,Latin America,AuraSound Pro,101,8944.9,6318.44,8
2025-09-03,Latin America,BassLink Ultra,79,5360.27,4254.65,14
2025-09-03,Latin America,ClearWave SE,59,2904.46,2278.06,7
2025-09-04,North America,AuraSound Pro,196,17003.51,10231.86,10
2025-09-04,North America,BassLink Ultra,99,7059.0,5451.07,11
2025-09-04,North America,ClearWave SE,98,5102.99,4324.76,9
2025-09-04,Europe,AuraSound Pro,137,12552.49,8920.13,10
2025-09-04,Europe,BassLink Ultra,78,5200.28,3633.73,12
2025-09-04,Europe,ClearWave SE,78,4062.78,3244.96,9
2025-09-04,Asia Pacific,AuraSound Pro,116,10130.12,6225.39,11
2025-09-04,Asia Pacific,BassLink Ultra,95,6671.66,5026.71,11
2025-09-04,Asia Pacific,ClearWave SE,67,3462.63,2697.22,9
2025-09-04,Latin America,AuraSound Pro,109,9506.47,6140.36,12
2025-09-04,Latin America,BassLink Ultra,58,4093.84,3301.56,11
2025-09-04,Latin America,ClearWave SE,73,3481.52,2608.15,12
2025-09-05,North America,AuraSound Pro,169,15781.07,10112.44,10
2025-09-05,North America,BassLink Ultra,175,12475.28,9520.17,15
2025-09-05,North America,ClearWave SE,106,5292.41,3908.14,8
2025-09-05,Europe,AuraSound Pro,143,12338.21,8042.61,8
2025-09-05,Europe,BassLink Ultra,115,7735.05,5897.12,10
2025-09-05,Europe,ClearWave SE,103,4997.35,4131.81,6
2025-09-05,Asia Pacific,AuraSound Pro,107,9941.24,7056.06,10
2025-09-05,Asia Pacific,BassLink Ultra,87,6146.37,4079.85,10
2025-09-05,Asia Pacific,ClearWave SE,70,3518.7,3093.46,8
2025-09-05,Latin America,AuraSound Pro,96,8686.18,5321.05,9
2025-09-05,Latin America,BassLink Ultra,83,5956.13,4158.33,12
2025-09-05,Latin America,ClearWave SE,49,2528.89,1907.58,9
2025-09-06,North America,AuraSound Pro,143,12338.03,8764.34,9
2025-09-06,North America,BassLink Ultra,83,6011.71,4698.81,12
2025-09-06,North America,ClearWave SE,96,4905.5,4148.55,7
2025-09-06,Europe,AuraSound Pro,113,9980.83,7076.0,11
2025-09-06,Europe,BassLink Ultra,89,5931.99,4686.45,12
2025-09-06,Europe,ClearWave SE,55,2707.38,2157.87,7
2025-09-06,Asia Pacific,AuraSound Pro,148,12757.73,9260.26,7
2025-09-06,Asia Pacific,BassLink Ultra,91,6191.46,4151.96,13
2025-09-06,Asia Pacific,ClearWave SE,64,3200.6,2850.7,8
2025-09-06,Latin America,AuraSound Pro,113,10367.32,6437.55,6
2025-09-06,Latin America,BassLink Ultra,66,4515.99,3617.92,13
2025-09-06,Latin America,ClearWave SE,49,2469.14,2101.14,12
2025-09-07,North America,AuraSound Pro,162,14844.1,10576.16,11
2025-09-07,North America,BassLink Ultra,98,6980.66,5177.57,15
2025-09-07,North America,ClearWave SE,94,4729.31,4069.17,8
2025-09-07,Europe,AuraSound Pro,136,12564.95,9166.89,8
2025-09-07,Europe,BassLink Ultra,108,7308.93,5071.74,10
2025-09-07,Europe,ClearWave SE,83,4306.91,3441.5,7
2025-09-07,Asia Pacific,AuraSound Pro,93,8173.19,5034.58,10
2025-09-07,Asia Pacific,BassLink Ultra,119,8148.92,6434.42,9
2025-09-07,Asia Pacific,ClearWave SE,61,3017.14,2655.19,7
2025-09-07,Latin America,AuraSound Pro,87,7449.27,4653.66,10
2025-09-07,Latin America,BassLink Ultra,64,4630.69,3293.11,8
2025-09-07,Latin America,ClearWave SE,39,1853.88,1643.11,7
2025-09-08,North America,AuraSound Pro,147,12738.15,8467.56,9
2025-09-08,North America,BassLink Ultra,106,7619.92,5798.01,11
2025-09-08,North America,ClearWave SE,87,4526.41,3617.85,11
2025-09-08,Europe,AuraSound Pro,196,17674.3,11039.71,10
2025-09-08,Europe,BassLink Ultra,84,5839.54,4415.8,11
2025-09-08,Europe,ClearWave SE,81,4208.27,3314.36,7
2025-09-08,Asia Pacific,AuraSound Pro,128,11739.82,7201.66,10
2025-09-08,Asia Pacific,BassLink Ultra,121,8531.78,6463.21,10
2025-09-08,Asia Pacific,ClearWave SE,90,4418.31,3746.45,9
2025-09-08,Latin America,AuraSound Pro,81,7130.21,5161.73,11
2025-09-08,Latin America,BassLink Ultra,40,2835.76,1969.5,11
2025-09-08,Latin America,ClearWave SE,51,2555.7,2106.14,8
2025-09-09,North America,AuraSound Pro,199,17452.7,12263.3,14
2025-09-09,North America,BassLink Ultra,96,6714.65,4806.84,13
2025-09-09,North America,ClearWave SE,59,3095.17,2452.61,9
2025-09-09,Europe,AuraSound Pro,159,14505.77,9807.93,10
2025-09-09,Europe,BassLink Ultra,93,6709.28,4527.61,18
2025-09-09,Europe,ClearWave SE,80,4138.72,3045.19,10
2025-09-09,Asia Pacific,AuraSound Pro,107,9803.28,6709.95,13
2025-09-09,Asia Pacific,BassLink Ultra,87,5953.48,4467.87,9
2025-09-09,Asia Pacific,ClearWave SE,64,3204.4,2675.16,9
2025-09-09,Latin America,AuraSound Pro,96,8656.58,5410.15,10
2025-09-09,Latin America,BassLink Ultra,68,4699.94,3270.71,10
2025-09-09,Latin America,ClearWave SE,54,2726.08,2064.23,8
2025-09-10,North America,AuraSound Pro,180,16972.95,12231.68,10
2025-09-10,North America,BassLink Ultra,103,6961.3,5115.3,12
2025-09-10,North America,ClearWave SE,114,5546.11,4514.39,9
2025-09-10,Europe,AuraSound Pro,116,10391.02,6566.47,14
2025-09-10,Europe,BassLink Ultra,96,6741.04,4726.67,12
2025-09-10,Europe,ClearWave SE,55,2667.61,2082.44,9
2025-09-10,Asia Pacific,AuraSound Pro,143,12277.53,7459.92,10
2025-09-10,Asia Pacific,BassLink Ultra,95,6542.75,5024.63,12
2025-09-10,Asia Pacific,ClearWave SE,83,3965.12,3443.68,8
2025-09-10,Latin America,AuraSound Pro,87,7587.96,5279.68,8
2025-09-10,Latin America,BassLink Ultra,74,5281.89,4033.99,15
2025-09-10,Latin America,ClearWave SE,46,2283.19,1736.03,9
2025-09-11,North America,AuraSound Pro,230,21093.84,14725.93,9
2025-09-11,North America,BassLink Ultra,144,9944.99,8062.25,9
2025-09-11,North America,ClearWave SE,115,5892.66,5218.04,6
2025-09-11,Europe,AuraSound Pro,91,8131.79,5256.58,9
2025-09-11,Europe,BassLink Ultra,108,7276.27,5483.19,12
2025-09-11,Europe,ClearWave SE,97,5043.21,4141.99,8
2025-09-11,Asia Pacific,AuraSound Pro,100,8683.51,6135.04,10
2025-09-11,Asia Pacific,BassLink Ultra,99,6655.82,4656.1,12
2025-09-11,Asia Pacific,ClearWave SE,77,3967.0,3566.99,10
2025-09-11,Latin America,AuraSound Pro,96,8475.56,5758.19,12
2025-09-11,Latin America,BassLink Ultra,51,3666.2,2507.17,14
2025-09-11,Latin America,ClearWave SE,68,3258.76,2678.23,8
2025-09-12,North America,AuraSound Pro,176,15339.16,9891.92,11
2025-09-12,North America,BassLink Ultra,197,14177.11,9998.58,11
2025-09-12,North America,ClearWave SE,92,4441.72,3786.1,7
2025-09-12,Europe,AuraSound Pro,187,16093.48,11809.39,11
2025-09-12,Europe,BassLink Ultra,92,6170.8,4213.67,12
2025-09-12,Europe,ClearWave SE,93,4674.84,3915.64,9
2025-09-12,Asia Pacific,AuraSound Pro,135,12694.07,8288.06,9
2025-09-12,Asia Pacific,BassLink Ultra,74,5078.23,3562.42,14
2025-09-12,Asia Pacific,ClearWave SE,62,3032.17,2736.51,10
2025-09-12,Latin America,AuraSound Pro,81,7646.4,4999.6,7
2025-09-12,Latin America,BassLink Ultra,84,5768.59,4074.24,11
2025-09-12,Latin America,ClearWave SE,76,3625.71,2900.23,8
2025-09-13,North America,AuraSound Pro,128,11696.44,7538.28,9
2025-09-13,North America,BassLink Ultra,120,8161.27,5815.73,17
2025-09-13,North America,ClearWave SE,127,6136.68,5162.34,10
2025-09-13,Europe,AuraSound Pro,194,16665.48,11835.69,10
2025-09-13,Europe,BassLink Ultra,89,6007.43,4484.44,14
2025-09-13,Europe,ClearWave SE,79,3759.39,3232.49,7
2025-09-13,Asia Pacific,AuraSound Pro,67,5846.15,3823.87,9
2025-09-13,Asia Pacific,BassLink Ultra,98,6652.58,5088.92,10
2025-09-13,Asia Pacific,ClearWave SE,84,4216.15,3413.65,7
2025-09-13,Latin America,AuraSound Pro,80,7430.56,5228.46,13
2025-09-13,Latin America,BassLink Ultra,84,6072.5,4568.1,12
2025-09-13,Latin America,ClearWave SE,56,2758.92,2286.72,8
2025-09-14,North America,AuraSound Pro,215,19683.58,13744.43,12
2025-09-14,North America,BassLink Ultra,116,8224.82,6047.25,11
2025-09-14,North America,ClearWave SE,85,4118.07,3432.55,9
2025-09-14,Europe,AuraSound Pro,97,8649.02,5288.06,10
2025-09-14,Europe,BassLink Ultra,121,8265.73,5613.95,12
2025-09-14,Europe,ClearWave SE,91,4384.49,3529.84,9
2025-09-14,Asia Pacific,AuraSound Pro,130,11907.13,8804.88,10
2025-09-14,Asia Pacific,BassLink Ultra,106,7200.14,4980.78,11
2025-09-14,Asia Pacific,ClearWave SE,59,2895.64,2467.44,11
2025-09-14,Latin America,AuraSound Pro,113,9964.94,7098.59,7
2025-09-14,Latin America,BassLink Ultra,74,4932.3,3909.84,8
2025-09-14,Latin America,ClearWave SE,43,2088.39,1638.89,9
2025-09-15,North America,AuraSound Pro,219,19262.14,13515.59,14
2025-09-15,North America,BassLink Ultra,169,11930.55,8093.47,9
2025-09-15,North America,ClearWave SE,139,6712.18,5356.18,10
2025-09-15,Europe,AuraSound Pro,169,14743.94,10055.02,9
2025-09-15,Europe,BassLink Ultra,110,7827.14,5638.74,12
2025-09-15,Europe,ClearWave SE,88,4489.07,3385.26,10
2025-09-15,Asia Pacific,AuraSound Pro,126,11843.08,8437.33,10
2025-09-15,Asia Pacific,BassLink Ultra,92,6313.25,4906.52,14
2025-09-15,Asia Pacific,ClearWave SE,86,4491.19,3609.21,10
2025-09-15,Latin America,AuraSound Pro,107,9988.29,6490.41,9
2025-09-15,Latin America,BassLink Ultra,62,4467.07,3064.1,13
2025-09-15,Latin America,ClearWave SE,71,3546.25,3037.15,10
2025-09-16,North America,AuraSound Pro,173,16286.43,10909.37,11
2025-09-16,North America,BassLink Ultra,84,6164.65,4223.36,12
2025-09-16,North America,ClearWave SE,72,3558.43,3189.45,7
2025-09-16,Europe,AuraSound Pro,160,14288.02,10356.26,10
2025-09-16,Europe,BassLink Ultra,67,4665.58,3455.45,12
2025-09-16,Europe,ClearWave SE,66,3195.89,2556.93,7
2025-09-16,Asia Pacific,AuraSound Pro,94,8638.67,6416.09,13
2025-09-16,Asia Pacific,BassLink Ultra,78,5275.85,3881.91,8
2025-09-16,Asia Pacific,ClearWave SE,60,2904.04,2342.83,10
2025-09-16,Latin America,AuraSound Pro,106,9975.42,7297.6,12
2025-09-16,Latin America,BassLink Ultra,77,5397.62,3761.98,8
2025-09-16,Latin America,ClearWave SE,53,2540.81,2260.44,8
2025-09-17,North America,AuraSound Pro,138,12421.68,8731.16,8
2025-09-17,North America,BassLink Ultra,136,9137.79,7296.52,12
2025-09-17,North America,ClearWave SE,76,3878.58,3490.83,7
2025-09-17,Europe,AuraSound Pro,169,15589.7,10193.63,11
2025-09-17,Europe,BassLink Ultra,116,8145.96,6183.1,13
2025-09-17,Europe,ClearWave SE,91,4475.03,3932.84,9
2025-09-17,Asia Pacific,AuraSound Pro,112,10297.54,6545.47,11
2025-09-17,Asia Pacific,BassLink Ultra,92,6702.21,4580.92,10
2025-09-17,Asia Pacific,ClearWave SE,72,3729.18,3303.26,10
2025-09-17,Latin America,AuraSound Pro,104,9679.97,6139.13,11
2025-09-17,Latin America,BassLink Ultra,56,4014.46,2815.36,10
2025-09-17,Latin America,ClearWave SE,57,2908.09,2591.33,8
2025-09-18,North America,AuraSound Pro,159,13998.13,8578.97,9
2025-09-18,North America,BassLink Ultra,102,6847.87,5238.89,9
2025-09-18,North America,ClearWave SE,87,4437.84,3854.63,8
2025-09-18,Europe,AuraSound Pro,139,13094.84,9634.81,12
2025-09-18,Europe,BassLink Ultra,67,4456.29,3506.48,16
2025-09-18,Europe,ClearWave SE,92,4642.42,4235.57,9
2025-09-18,Asia Pacific,AuraSound Pro,106,9822.12,7056.15,9
2025-09-18,Asia Pacific,BassLink Ultra,103,7268.06,5058.85,10
2025-09-18,Asia Pacific,ClearWave SE,84,4201.87,3691.14,9
2025-09-18,Latin America,AuraSound Pro,98,8675.9,6068.18,11
2025-09-18,Latin America,BassLink Ultra,56,3918.13,2982.1,11
2025-09-18,Latin America,ClearWave SE,54,2717.53,2430.81,9
2025-09-19,North America,AuraSound Pro,214,19753.1,12993.06,8
2025-09-19,North America,BassLink Ultra,121,8347.52,6019.95,10
2025-09-19,North America,ClearWave SE,97,5021.89,3924.31,9
2025-09-19,Europe,AuraSound Pro,129,11592.04,8039.8,12
2025-09-19,Europe,BassLink Ultra,111,7441.08,6084.08,12
2025-09-19,Europe,ClearWave SE,83,4019.2,3557.57,10
2025-09-19,Asia Pacific,AuraSound Pro,165,15315.79,9565.86,10
2025-09-19,Asia Pacific,BassLink Ultra,84,6141.44,4457.04,17
2025-09-19,Asia Pacific,ClearWave SE,75,3617.54,3122.63,8
2025-09-19,Latin America,AuraSound Pro,111,10104.98,6766.28,8
2025-09-19,Latin America,BassLink Ultra,55,3899.9,2895.55,9
2025-09-19,Latin America,ClearWave SE,39,1939.22,1522.25,7
2025-09-20,North America,AuraSound Pro,156,13926.08,9735.79,9
2025-09-20,North America,BassLink Ultra,119,8466.07,5991.2,12
2025-09-20,North America,ClearWave SE,90,4420.81,3679.31,9
2025-09-20,Europe,AuraSound Pro,184,15899.3,10676.59,14
2025-09-20,Europe,BassLink Ultra,137,9216.28,6567.15,16
2025-09-20,Europe,ClearWave SE,80,4091.72,3384.88,7
2025-09-20,Asia Pacific,AuraSound Pro,123,10695.35,7662.86,9
2025-09-20,Asia Pacific,BassLink Ultra,90,6420.93,4602.49,10
2025-09-20,Asia Pacific,ClearWave SE,74,3534.35,2998.67,8
2025-09-20,Latin America,AuraSound Pro,85,7640.24,5659.13,12
2025-09-20,Latin America,BassLink Ultra,73,4934.02,3896.27,12
2025-09-20,Latin America,ClearWave SE,67,3212.83,2561.1,9
2025-09-21,North America,AuraSound Pro,203,17892.39,11316.41,10
2025-09-21,North America,BassLink Ultra,143,10354.1,7683.68,9
2025-09-21,North America,ClearWave SE,94,4790.01,4190.47,9
2025-09-21,Europe,AuraSound Pro,131,12261.13,9141.3,10
2025-09-21,Europe,BassLink Ultra,122,8317.53,5778.85,13
2025-09-21,Europe,ClearWave SE,86,4377.22,3861.48,11
2025-09-21,Asia Pacific,AuraSound Pro,103,9542.44,6462.42,10
2025-09-21,Asia Pacific,BassLink Ultra,87,5916.82,4198.14,14
2025-09-21,Asia Pacific,ClearWave SE,81,4010.56,3345.34,11
2025-09-21,Latin America,AuraSound Pro,73,6489.23,4251.55,11
2025-09-21,Latin America,BassLink Ultra,71,4806.97,3573.14,8
2025-09-21,Latin America,ClearWave SE,42,2204.24,1684.5,8
2025-09-22,North America,AuraSound Pro,139,12933.31,9591.82,11
2025-09-22,North America,BassLink Ultra,156,10645.38,7517.96,11
2025-09-22,North America,ClearWave SE,79,3908.67,3188.81,7
2025-09-22,Europe,AuraSound Pro,199,17452.39,10802.24,9
2025-09-22,Europe,BassLink Ultra,57,3813.92,2689.82,11
2025-09-22,Europe,ClearWave SE,59,3060.78,2394.76,9
2025-09-22,Asia Pacific,AuraSound Pro,128,12078.72,8494.21,10
2025-09-22,Asia Pacific,BassLink Ultra,69,4900.67,3791.32,12
2025-09-22,Asia Pacific,ClearWave SE,70,3588.54,3055.31,8
2025-09-22,Latin America,AuraSound Pro,91,8314.27,5260.16,11
2025-09-22,Latin America,BassLink Ultra,87,6287.38,4613.33,10
2025-09-22,Latin America,ClearWave SE,65,3200.18,2880.53,10
2025-09-23,North America,AuraSound Pro,269,24196.73,16447.99,10
2025-09-23,North America,BassLink Ultra,112,7475.65,6133.15,13
2025-09-23,North America,ClearWave SE,90,4357.58,3783.23,10
2025-09-23,Europe,AuraSound Pro,140,12076.84,8450.02,9
2025-09-23,Europe,BassLink Ultra,104,7405.04,5631.83,11
2025-09-23,Europe,ClearWave SE,76,3853.27,2909.55,6
2025-09-23,Asia Pacific,AuraSound Pro,159,14229.05,9458.87,12
2025-09-23,Asia Pacific,BassLink Ultra,101,7410.62,5505.86,13
2025-09-23,Asia Pacific,ClearWave SE,61,3031.36,2606.17,6
2025-09-23,Latin America,AuraSound Pro,104,9407.41,6977.74,10
2025-09-23,Latin America,BassLink Ultra,74,5305.53,3824.71,8
2025-09-23,Latin America,ClearWave SE,66,3306.39,2625.5,7
2025-09-24,North America,AuraSound Pro,97,8896.14,5508.54,9
2025-09-24,North America,BassLink Ultra,177,12692.37,10451.84,15
2025-09-24,North America,ClearWave SE,67,3216.13,2614.63,8
2025-09-24,Europe,AuraSound Pro,135,11856.65,7529.8,12
2025-09-24,Europe,BassLink Ultra,120,8196.1,5917.58,9
2025-09-24,Europe,ClearWave SE,84,4052.16,3073.32,8
2025-09-24,Asia Pacific,AuraSound Pro,123,11256.01,7279.31,9
2025-09-24,Asia Pacific,BassLink Ultra,87,5986.36,4315.61,13
2025-09-24,Asia Pacific,ClearWave SE,71,3476.45,3131.74,8
2025-09-24,Latin America,AuraSound Pro,118,10199.23,6950.74,11
2025-09-24,Latin America,BassLink Ultra,84,6155.62,4999.51,10
2025-09-24,Latin America,ClearWave SE,57,2715.1,2071.92,9
2025-09-25,North America,AuraSound Pro,168,14822.31,10008.52,10
2025-09-25,North America,BassLink Ultra,166,11201.71,7987.94,11
2025-09-25,North America,ClearWave SE,124,5984.29,5394.09,12
2025-09-25,Europe,AuraSound Pro,116,10355.81,6881.64,8
2025-09-25,Europe,BassLink Ultra,68,4644.83,3843.25,14
2025-09-25,Europe,ClearWave SE,104,5119.53,4255.05,7
2025-09-25,Asia Pacific,AuraSound Pro,153,14095.06,8782.91,9
2025-09-25,Asia Pacific,BassLink Ultra,94,6574.69,5347.41,14
2025-09-25,Asia Pacific,ClearWave SE,81,4039.47,3566.97,8
2025-09-25,Latin America,AuraSound Pro,104,9412.05,6926.47,10
2025-09-25,Latin America,BassLink Ultra,85,6179.54,4643.55,12
2025-09-25,Latin America,ClearWave SE,62,3215.22,2477.22,7
2025-09-26,North America,AuraSound Pro,144,12345.61,8828.35,10
2025-09-26,North America,BassLink Ultra,151,10948.13,7693.32,15
2025-09-26,North America,ClearWave SE,70,3582.64,3261.1,9
2025-09-26,Europe,AuraSound Pro,180,15845.88,10476.32,11
2025-09-26,Europe,BassLink Ultra,111,7562.36,5828.36,14
2025-09-26,Europe,ClearWave SE,68,3451.98,2645.74,10
2025-09-26,Asia Pacific,AuraSound Pro,163,14154.02,9227.67,8
2025-09-26,Asia Pacific,BassLink Ultra,101,7068.23,5107.86,13
2025-09-26,Asia Pacific,ClearWave SE,90,4344.02,3651.67,6
2025-09-26,Latin America,AuraSound Pro,90,7779.64,4947.64,7
2025-09-26,Latin America,BassLink Ultra,97,6894.8,4883.14,11
2025-09-26,Latin America,ClearWave SE,47,2372.03,2033.29,7
2025-09-27,North America,AuraSound Pro,157,13725.79,9629.71,12
2025-09-27,North America,BassLink Ultra,105,7604.94,6382.74,15
2025-09-27,North America,ClearWave SE,76,3929.51,3005.75,12
2025-09-27,Europe,AuraSound Pro,132,12340.58,8281.79,13
2025-09-27,Europe,BassLink Ultra,139,9421.51,6928.88,15
2025-09-27,Europe,ClearWave SE,83,3979.97,3630.01,7
2025-09-27,Asia Pacific,AuraSound Pro,139,12308.2,9031.02,9
2025-09-27,Asia Pacific,BassLink Ultra,67,4916.23,3450.36,15
2025-09-27,Asia Pacific,ClearWave SE,78,3973.68,3520.23,9
2025-09-27,Latin America,AuraSound Pro,88,7783.81,5243.86,10
2025-09-27,Latin America,BassLink Ultra,83,5952.5,4708.51,13
2025-09-27,Latin America,ClearWave SE,69,3440.95,2813.31,10
2025-09-28,North America,AuraSound Pro,216,20330.63,14317.52,9
2025-09-28,North America,BassLink Ultra,139,9856.05,8247.99,13
2025-09-28,North America,ClearWave SE,76,3691.23,3161.39,9
2025-09-28,Europe,AuraSound Pro,196,16959.68,10852.23,11
2025-09-28,Europe,BassLink Ultra,80,5430.28,3929.34,10
2025-09-28,Europe,ClearWave SE,90,4583.74,4040.0,7
2025-09-28,Asia Pacific,AuraSound Pro,151,14105.58,10669.85,10
2025-09-28,Asia Pacific,BassLink Ultra,115,8260.43,6156.96,11
2025-09-28,Asia Pacific,ClearWave SE,81,3901.98,3168.66,8
2025-09-28,Latin America,AuraSound Pro,156,14636.8,10332.45,10
2025-09-28,Latin America,BassLink Ultra,58,4135.45,3144.68,14
2025-09-28,Latin America,ClearWave SE,55,2740.73,2290.1,10
2025-09-29,North America,AuraSound Pro,169,15521.49,11629.58,7
2025-09-29,North America,BassLink Ultra,105,7252.44,5651.62,12
2025-09-29,North America,ClearWave SE,79,3766.36,3316.13,8
2025-09-29,Europe,AuraSound Pro,178,15626.94,11116.26,11
2025-09-29,Europe,BassLink Ultra,110,8060.65,6667.54,11
2025-09-29,Europe,ClearWave SE,114,5951.83,4764.14,9
2025-09-29,Asia Pacific,AuraSound Pro,117,10925.71,6976.87,12
2025-09-29,Asia Pacific,BassLink Ultra,107,7245.37,5207.52,10
2025-09-29,Asia Pacific,ClearWave SE,98,4785.59,4338.38,9
2025-09-29,Latin America,AuraSound Pro,112,10226.6,6448.19,13
2025-09-29,Latin America,BassLink Ultra,57,3849.8,2904.58,11
2025-09-29,Latin America,ClearWave SE,78,3937.47,3617.61,8
2025-09-30,North America,AuraSound Pro,181,16268.75,11006.91,13
2025-09-30,North America,BassLink Ultra,104,6926.68,4908.36,9
2025-09-30,North America,ClearWave SE,81,4162.07,3379.39,9
2025-09-30,Europe,AuraSound Pro,144,12773.38,8060.56,10
2025-09-30,Europe,BassLink Ultra,98,6729.03,5514.03,10
2025-09-30,Europe,ClearWave SE,79,3800.7,3318.45,9
2025-09-30,Asia Pacific,AuraSound Pro,157,13510.01,9738.43,11
2025-09-30,Asia Pacific,BassLink Ultra,89,6222.32,4481.01,11
2025-09-30,Asia Pacific,ClearWave SE,92,4756.4,3945.34,10
2025-09-30,Latin America,AuraSound Pro,154,13694.99,9596.3,10
2025-09-30,Latin America,BassLink Ultra,58,4109.37,3137.95,12
2025-09-30,Latin America,ClearWave SE,67,3219.2,2731.13,10
2025-10-01,North America,AuraSound Pro,163,15097.42,9938.55,11
2025-10-01,North America,BassLink Ultra,149,10502.9,8010.94,12
2025-10-01,North America,ClearWave SE,99,4881.62,4510.92,13
2025-10-01,Europe,AuraSound Pro,165,14950.38,10478.41,8
2025-10-01,Europe,BassLink Ultra,71,5172.42,3966.62,11
2025-10-01,Europe,ClearWave SE,131,6265.56,5638.24,9
2025-10-01,Asia Pacific,AuraSound Pro,209,19319.51,14474.24,11
2025-10-01,Asia Pacific,BassLink Ultra,124,8469.46,6769.94,11
2025-10-01,Asia Pacific,ClearWave SE,73,3478.15,3040.54,8
2025-10-01,Latin America,AuraSound Pro,132,11339.29,7456.21,9
2025-10-01,Latin America,BassLink Ultra,53,3572.59,3040.42,10
2025-10-01,Latin America,ClearWave SE,73,3547.1,3250.32,8
2025-10-02,North America,AuraSound Pro,215,19041.83,11991.92,10
2025-10-02,North America,BassLink Ultra,227,15283.73,11231.5,16
2025-10-02,North America,ClearWave SE,195,9932.01,7693.68,7
2025-10-02,Europe,AuraSound Pro,152,14241.05,9203.17,8
2025-10-02,Europe,BassLink Ultra,120,8293.7,6594.78,10
2025-10-02,Europe,ClearWave SE,88,4577.15,3588.37,6
2025-10-02,Asia Pacific,AuraSound Pro,89,7844.83,6020.36,9
2025-10-02,Asia Pacific,BassLink Ultra,85,6144.89,4758.58,15
2025-10-02,Asia Pacific,ClearWave SE,72,3499.8,2836.44,10
2025-10-02,Latin America,AuraSound Pro,74,6424.27,4930.56,11
2025-10-02,Latin America,BassLink Ultra,80,5818.43,4908.33,13
2025-10-02,Latin America,ClearWave SE,63,3269.68,2828.84,12
2025-10-03,North America,AuraSound Pro,172,15394.57,11710.34,9
2025-10-03,North America,BassLink Ultra,155,11127.9,8322.93,13
2025-10-03,North America,ClearWave SE,88,4358.71,3956.0,10
2025-10-03,Europe,AuraSound Pro,193,16942.04,12447.36,11
2025-10-03,Europe,BassLink Ultra,114,7925.83,6231.94,10
2025-10-03,Europe,ClearWave SE,81,4116.77,3562.08,8
2025-10-03,Asia Pacific,AuraSound Pro,157,14755.57,11222.61,16
2025-10-03,Asia Pacific,BassLink Ultra,74,5207.69,3721.5,10
2025-10-03,Asia Pacific,ClearWave SE,64,3110.86,2734.26,8
2025-10-03,Latin America,AuraSound Pro,85,7945.61,5975.99,10
2025-10-03,Latin America,BassLink Ultra,72,4816.03,3449.96,14
2025-10-03,Latin America,ClearWave SE,51,2644.84,2482.03,8
2025-10-04,North America,AuraSound Pro,207,18793.02,13887.04,12
2025-10-04,North America,BassLink Ultra,135,9122.31,6628.54,13
2025-10-04,North America,ClearWave SE,74,3851.02,3373.62,10
2025-10-04,Europe,AuraSound Pro,87,7990.31,5470.51,10
2025-10-04,Europe,BassLink Ultra,124,9108.54,6666.73,12
2025-10-04,Europe,ClearWave SE,80,3982.02,3139.34,9
2025-10-04,Asia Pacific,AuraSound Pro,123,11211.22,8139.95,15
2025-10-04,Asia Pacific,BassLink Ultra,73,5281.43,4156.76,14
2025-10-04,Asia Pacific,ClearWave SE,84,4108.25,3540.09,9
2025-10-04,Latin America,AuraSound Pro,92,8158.4,6064.98,11
2025-10-04,Latin America,BassLink Ultra,76,5388.73,4341.52,9
2025-10-04,Latin America,ClearWave SE,70,3461.81,3089.02,9
2025-10-05,North America,AuraSound Pro,154,14507.25,10934.98,12
2025-10-05,North America,BassLink Ultra,162,11585.33,8918.44,10
2025-10-05,North America,ClearWave SE,115,5839.77,4733.81,10
2025-10-05,Europe,AuraSound Pro,116,10682.76,7681.79,8
2025-10-05,Europe,BassLink Ultra,105,7329.14,5991.23,11
2025-10-05,Europe,ClearWave SE,87,4182.53,3442.18,12
2025-10-05,Asia Pacific,AuraSound Pro,164,14286.07,9964.85,9
2025-10-05,Asia Pacific,BassLink Ultra,103,7568.87,6442.63,12
2025-10-05,Asia Pacific,ClearWave SE,96,4923.44,4533.57,10
2025-10-05,Latin America,AuraSound Pro,106,9459.3,6592.15,11
2025-10-05,Latin America,BassLink Ultra,97,7040.59,5447.05,13
2025-10-05,Latin America,ClearWave SE,53,2706.54,2174.82,8
2025-10-06,North America,AuraSound Pro,136,11833.19,8460.96,9
2025-10-06,North America,BassLink Ultra,117,7939.78,6541.54,8
2025-10-06,North America,ClearWave SE,85,4143.84,3517.77,7
2025-10-06,Europe,AuraSound Pro,229,21571.26,16410.65,7
2025-10-06,Europe,BassLink Ultra,101,7148.35,5131.26,12
2025-10-06,Europe,ClearWave SE,75,3875.86,3629.09,11
2025-10-06,Asia Pacific,AuraSound Pro,112,10169.74,6723.91,7
2025-10-06,Asia Pacific,BassLink Ultra,97,6562.83,5401.81,14
2025-10-06,Asia Pacific,ClearWave SE,72,3621.91,3222.43,8
2025-10-06,Latin America,AuraSound Pro,159,13758.29,9636.64,12
2025-10-06,Latin America,BassLink Ultra,81,5413.86,4062.85,12
2025-10-06,Latin America,ClearWave SE,41,2112.4,1655.37,11
2025-10-07,North America,AuraSound Pro,186,16165.11,11838.17,8
2025-10-07,North America,BassLink Ultra,150,10435.81,8795.23,14
2025-10-07,North America,ClearWave SE,99,4943.83,3887.03,8
2025-10-07,Europe,AuraSound Pro,150,14097.68,10752.99,9
2025-10-07,Europe,BassLink Ultra,89,6028.6,4607.73,12
2025-10-07,Europe,ClearWave SE,105,5139.4,4676.51,12
2025-10-07,Asia Pacific,AuraSound Pro,139,12003.93,9173.0,13
2025-10-07,Asia Pacific,BassLink Ultra,79,5590.28,4296.78,14
2025-10-07,Asia Pacific,ClearWave SE,74,3693.89,3333.77,13
2025-10-07,Latin America,AuraSound Pro,95,8177.49,5541.48,11
2025-10-07,Latin America,BassLink Ultra,56,3978.8,2927.3,11
2025-10-07,Latin America,ClearWave SE,76,3656.51,3246.41,10
2025-10-08,North America,AuraSound Pro,197,17889.26,11506.13,12
2025-10-08,North America,BassLink Ultra,131,9371.48,7811.52,16
2025-10-08,North America,ClearWave SE,76,3663.06,2948.28,9
2025-10-08,Europe,AuraSound Pro,115,10727.05,7544.85,9
2025-10-08,Europe,BassLink Ultra,100,6973.54,5713.22,11
2025-10-08,Europe,ClearWave SE,87,4398.97,3593.63,9
2025-10-08,Asia Pacific,AuraSound Pro,124,11360.3,8092.37,10
2025-10-08,Asia Pacific,BassLink Ultra,77,5269.91,4386.22,14
2025-10-08,Asia Pacific,ClearWave SE,91,4607.38,3655.46,12
2025-10-08,Latin America,AuraSound Pro,119,10805.72,8273.37,11
2025-10-08,Latin America,BassLink Ultra,87,6371.05,4811.23,10
2025-10-08,Latin America,ClearWave SE,65,3209.44,2606.92,8
2025-10-09,North America,AuraSound Pro,200,17710.82,11995.41,11
2025-10-09,North America,BassLink Ultra,157,11225.62,9076.14,13
2025-10-09,North America,ClearWave SE,121,6199.81,5382.3,8
2025-10-09,Europe,AuraSound Pro,275,25559.64,18969.0,11
2025-10-09,Europe,BassLink Ultra,113,8007.45,6744.47,14
2025-10-09,Europe,ClearWave SE,85,4300.42,4029.42,7
2025-10-09,Asia Pacific,AuraSound Pro,123,10827.23,7802.22,9
2025-10-09,Asia Pacific,BassLink Ultra,108,7363.54,6212.75,14
2025-10-09,Asia Pacific,ClearWave SE,63,3105.8,2842.81,10
2025-10-09,Latin America,AuraSound Pro,122,10588.78,7949.91,13
2025-10-09,Latin America,BassLink Ultra,97,6889.21,5162.8,11
2025-10-09,Latin America,ClearWave SE,58,2824.6,2276.47,9
2025-10-10,North America,AuraSound Pro,253,22963.66,16747.99,14
2025-10-10,North America,BassLink Ultra,150,10055.82,7321.99,10
2025-10-10,North America,ClearWave SE,105,5384.55,4597.95,13
2025-10-10,Europe,AuraSound Pro,161,14879.14,10840.19,7
2025-10-10,Europe,BassLink Ultra,112,8209.01,6852.7,15
2025-10-10,Europe,ClearWave SE,65,3388.91,3045.85,7
2025-10-10,Asia Pacific,AuraSound Pro,188,17021.04,11248.46,12
2025-10-10,Asia Pacific,BassLink Ultra,115,7661.03,5961.25,9
2025-10-10,Asia Pacific,ClearWave SE,72,3442.55,3184.54,10
2025-10-10,Latin America,AuraSound Pro,88,8161.69,5971.33,11
2025-10-10,Latin America,BassLink Ultra,63,4257.64,3579.98,10
2025-10-10,Latin America,ClearWave SE,114,5917.41,4632.53,10
2025-10-11,North America,AuraSound Pro,194,17691.79,11843.81,10
2025-10-11,North America,BassLink Ultra,135,9876.9,8099.59,12
2025-10-11,North America,ClearWave SE,77,3823.46,3047.81,10
2025-10-11,Europe,AuraSound Pro,207,18635.97,12599.37,14
2025-10-11,Europe,BassLink Ultra,121,8104.8,5854.17,10
2025-10-11,Europe,ClearWave SE,107,5570.52,4364.42,9
2025-10-11,Asia Pacific,AuraSound Pro,150,13968.89,10827.73,9
2025-10-11,Asia Pacific,BassLink Ultra,112,7604.13,5490.31,14
2025-10-11,Asia Pacific,ClearWave SE,84,4004.4,3644.02,8
2025-10-11,Latin America,AuraSound Pro,102,9552.22,6817.1,11
2025-10-11,Latin America,BassLink Ultra,72,4855.16,4043.96,10
2025-10-11,Latin America,ClearWave SE,75,3639.85,3280.11,9
2025-10-12,North America,AuraSound Pro,199,17334.67,11181.78,9
2025-10-12,North America,BassLink Ultra,108,7777.2,5996.35,11
2025-10-12,North America,ClearWave SE,98,4951.85,4727.33,7
2025-10-12,Europe,AuraSound Pro,146,12737.68,9789.49,10
2025-10-12,Europe,BassLink Ultra,140,9430.34,6914.84,13
2025-10-12,Europe,ClearWave SE,103,5157.29,4527.2,7
2025-10-12,Asia Pacific,AuraSound Pro,161,13826.42,10814.48,9
2025-10-12,Asia Pacific,BassLink Ultra,125,8536.32,6714.33,11
2025-10-12,Asia Pacific,ClearWave SE,64,3261.51,2999.82,10
2025-10-12,Latin America,AuraSound Pro,128,11832.13,7778.0,10
2025-10-12,Latin America,BassLink Ultra,95,6609.18,5580.66,12
2025-10-12,Latin America,ClearWave SE,53,2556.17,2022.47,9
2025-10-13,North America,AuraSound Pro,199,18176.98,13584.07,10
2025-10-13,North America,BassLink Ultra,104,7072.86,6082.38,15
2025-10-13,North America,ClearWave SE,64,3358.08,2859.45,13
2025-10-13,Europe,AuraSound Pro,153,14423.33,10134.97,10
2025-10-13,Europe,BassLink Ultra,115,8144.87,6811.23,12
2025-10-13,Europe,ClearWave SE,76,3680.53,3401.22,10
2025-10-13,Asia Pacific,AuraSound Pro,171,14684.18,11106.47,10
2025-10-13,Asia Pacific,BassLink Ultra,99,6913.32,5364.4,12
2025-10-13,Asia Pacific,ClearWave SE,96,4874.57,4071.19,9
2025-10-13,Latin America,AuraSound Pro,107,9582.37,6973.09,9
2025-10-13,Latin America,BassLink Ultra,96,6449.24,5172.82,11
2025-10-13,Latin America,ClearWave SE,50,2580.99,2301.92,10
2025-10-14,North America,AuraSound Pro,194,18173.13,13490.21,15
2025-10-14,North America,BassLink Ultra,106,7100.71,5260.63,11
2025-10-14,North America,ClearWave SE,124,5945.31,5290.24,9
2025-10-14,Europe,AuraSound Pro,167,15257.04,10293.05,11
2025-10-14,Europe,BassLink Ultra,83,5851.85,4823.5,13
2025-10-14,Europe,ClearWave SE,106,5345.27,4773.46,8
2025-10-14,Asia Pacific,AuraSound Pro,124,11296.51,8211.71,10
2025-10-14,Asia Pacific,BassLink Ultra,81,5582.59,4423.61,10
2025-10-14,Asia Pacific,ClearWave SE,84,4210.13,3459.68,11
2025-10-14,Latin America,AuraSound Pro,101,9309.35,6531.46,14
2025-10-14,Latin America,BassLink Ultra,72,4920.53,4242.4,14
2025-10-14,Latin America,ClearWave SE,55,2651.46,2210.36,10
2025-10-15,North America,AuraSound Pro,264,23221.62,17857.94,12
2025-10-15,North America,BassLink Ultra,135,9893.18,7295.11,12
2025-10-15,North America,ClearWave SE,120,5742.7,5008.77,10
2025-10-15,Europe,AuraSound Pro,191,17052.48,12078.73,11
2025-10-15,Europe,BassLink Ultra,124,8427.85,6137.88,11
2025-10-15,Europe,ClearWave SE,102,5263.01,4203.88,8
2025-10-15,Asia Pacific,AuraSound Pro,151,13708.49,10134.17,10
2025-10-15,Asia Pacific,BassLink Ultra,138,9703.7,8365.78,12
2025-10-15,Asia Pacific,ClearWave SE,113,5596.54,4833.81,9
2025-10-15,Latin America,AuraSound Pro,160,14758.97,10760.04,11
2025-10-15,Latin America,BassLink Ultra,59,4298.48,3330.39,12
2025-10-15,Latin America,ClearWave SE,57,2898.32,2444.53,7
2025-10-16,North America,AuraSound Pro,170,14845.05,11221.14,10
2025-10-16,North America,BassLink Ultra,100,7325.58,5776.25,10
2025-10-16,North America,ClearWave SE,108,5345.27,4588.99,10
2025-10-16,Europe,AuraSound Pro,259,22720.35,17254.23,13
2025-10-16,Europe,BassLink Ultra,112,7910.48,6680.48,12
2025-10-16,Europe,ClearWave SE,104,5276.34,4986.8,9
2025-10-16,Asia Pacific,AuraSound Pro,150,12998.54,9251.19,9
2025-10-16,Asia Pacific,BassLink Ultra,105,7340.8,5715.19,12
2025-10-16,Asia Pacific,ClearWave SE,67,3268.93,3071.51,10
2025-10-16,Latin America,AuraSound Pro,129,11923.21,8483.14,12
2025-10-16,Latin America,BassLink Ultra,71,4770.87,3721.3,15
2025-10-16,Latin America,ClearWave SE,61,2987.62,2671.19,8
2025-10-17,North America,AuraSound Pro,263,23696.12,18457.94,9
2025-10-17,North America,BassLink Ultra,150,10679.49,9296.12,11
2025-10-17,North America,ClearWave SE,85,4109.95,3440.51,8
2025-10-17,Europe,AuraSound Pro,213,18754.39,12555.26,11
2025-10-17,Europe,BassLink Ultra,107,7808.48,6699.74,12
2025-10-17,Europe,ClearWave SE,76,3953.26,3126.34,8
2025-10-17,Asia Pacific,AuraSound Pro,174,15671.66,10142.88,11
2025-10-17,Asia Pacific,BassLink Ultra,105,7561.88,6446.45,12
2025-10-17,Asia Pacific,ClearWave SE,62,3130.28,2619.58,9
2025-10-17,Latin America,AuraSound Pro,135,11728.63,7595.21,10
2025-10-17,Latin America,BassLink Ultra,81,5785.45,4879.41,9
2025-10-17,Latin America,ClearWave SE,83,4217.94,3535.54,11
2025-10-18,North America,AuraSound Pro,269,23155.67,15989.61,8
2025-10-18,North America,BassLink Ultra,170,11882.22,9920.48,8
2025-10-18,North America,ClearWave SE,137,6766.66,5984.88,9
2025-10-18,Europe,AuraSound Pro,154,13516.41,9816.55,12
2025-10-18,Europe,BassLink Ultra,120,8233.9,6433.12,11
2025-10-18,Europe,ClearWave SE,108,5369.82,4798.7,11
2025-10-18,Asia Pacific,AuraSound Pro,175,15252.69,10544.68,12
2025-10-18,Asia Pacific,BassLink Ultra,86,5725.5,4281.73,11
2025-10-18,Asia Pacific,ClearWave SE,89,4378.66,3936.72,11
2025-10-18,Latin America,AuraSound Pro,99,8878.79,5835.56,13
2025-10-18,Latin America,BassLink Ultra,59,4101.96,3230.77,15
2025-10-18,Latin America,ClearWave SE,82,4067.25,3233.4,12
2025-10-19,North America,AuraSound Pro,241,22272.18,17613.57,11
2025-10-19,North America,BassLink Ultra,133,9345.22,7094.53,11
2025-10-19,North America,ClearWave SE,113,5528.91,4644.25,9
2025-10-19,Europe,AuraSound Pro,190,16464.59,11211.05,12
2025-10-19,Europe,BassLink Ultra,101,7409.39,5986.81,14
2025-10-19,Europe,ClearWave SE,103,5056.02,4269.36,9
2025-10-19,Asia Pacific,AuraSound Pro,189,16452.31,11587.28,10
2025-10-19,Asia Pacific,BassLink Ultra,84,5926.13,4944.53,11
2025-10-19,Asia Pacific,ClearWave SE,77,3969.44,3475.08,11
2025-10-19,Latin America,AuraSound Pro,183,17188.64,12545.71,13
2025-10-19,Latin America,BassLink Ultra,84,5705.66,4387.4,9
2025-10-19,Latin America,ClearWave SE,58,2936.28,2756.3,12
2025-10-20,North America,AuraSound Pro,238,22012.15,16592.62,8
2025-10-20,North America,BassLink Ultra,92,6379.52,5054.25,14
2025-10-20,North America,ClearWave SE,151,7265.74,7017.84,8
2025-10-20,Europe,AuraSound Pro,146,12537.51,9443.78,13
2025-10-20,Europe,BassLink Ultra,113,8237.19,6295.18,12
2025-10-20,Europe,ClearWave SE,92,4718.93,3857.3,9
2025-10-20,Asia Pacific,AuraSound Pro,162,15242.41,9995.46,14
2025-10-20,Asia Pacific,BassLink Ultra,100,7264.4,5942.86,12
2025-10-20,Asia Pacific,ClearWave SE,69,3445.53,2981.78,9
2025-10-20,Latin America,AuraSound Pro,146,12562.12,9344.99,10
2025-10-20,Latin America,BassLink Ultra,71,5019.24,3741.39,14
2025-10-20,Latin America,ClearWave SE,71,3673.91,2964.29,8
2025-10-21,North America,AuraSound Pro,210,18365.38,13594.83,9
2025-10-21,North America,BassLink Ultra,136,9562.02,8249.89,12
2025-10-21,North America,ClearWave SE,141,6883.89,6562.17,10
2025-10-21,Europe,AuraSound Pro,208,18663.97,12886.23,10
2025-10-21,Europe,BassLink Ultra,133,8916.78,7790.56,10
2025-10-21,Europe,ClearWave SE,81,3941.2,3141.09,8
2025-10-21,Asia Pacific,AuraSound Pro,179,16606.99,10920.49,14
2025-10-21,Asia Pacific,BassLink Ultra,104,7579.63,5618.68,13
2025-10-21,Asia Pacific,ClearWave SE,96,4730.99,3834.29,12
2025-10-21,Latin America,AuraSound Pro,111,9990.17,7384.14,11
2025-10-21,Latin America,BassLink Ultra,71,4890.35,4116.51,10
2025-10-21,Latin America,ClearWave SE,77,3899.92,3260.97,8
2025-10-22,North America,AuraSound Pro,180,16719.53,12841.88,12
2025-10-22,North America,BassLink Ultra,138,9577.55,7670.79,14
2025-10-22,North America,ClearWave SE,135,6583.33,5718.19,9
2025-10-22,Europe,AuraSound Pro,113,10653.79,8077.09,11
2025-10-22,Europe,BassLink Ultra,169,11789.8,8585.06,12
2025-10-22,Europe,ClearWave SE,151,7911.73,6370.31,10
2025-10-22,Asia Pacific,AuraSound Pro,127,11027.58,8176.13,11
2025-10-22,Asia Pacific,BassLink Ultra,127,8901.35,6770.15,11
2025-10-22,Asia Pacific,ClearWave SE,86,4455.09,3564.91,9
2025-10-22,Latin America,AuraSound Pro,102,9294.74,7177.48,10
2025-10-22,Latin America,BassLink Ultra,70,4710.92,3533.36,9
2025-10-22,Latin America,ClearWave SE,56,2716.03,2280.25,9
2025-10-23,North America,AuraSound Pro,183,16467.79,12994.04,11
2025-10-23,North America,BassLink Ultra,149,10778.74,8377.37,12
2025-10-23,North America,ClearWave SE,136,6614.6,6265.1,13
2025-10-23,Europe,AuraSound Pro,143,13194.61,9100.12,13
2025-10-23,Europe,BassLink Ultra,105,7490.23,5732.36,13
2025-10-23,Europe,ClearWave SE,76,3885.09,3147.86,10
2025-10-23,Asia Pacific,AuraSound Pro,143,12278.34,9360.55,10
2025-10-23,Asia Pacific,BassLink Ultra,114,8360.14,6967.8,11
2025-10-23,Asia Pacific,ClearWave SE,72,3474.33,3001.36,9
2025-10-23,Latin America,AuraSound Pro,144,12552.71,9025.12,10
2025-10-23,Latin America,BassLink Ultra,130,9325.03,7291.52,18
2025-10-23,Latin America,ClearWave SE,67,3395.52,3296.46,12
2025-10-24,North America,AuraSound Pro,125,11705.17,9208.74,9
2025-10-24,North America,BassLink Ultra,148,10197.2,7821.2,13
2025-10-24,North America,ClearWave SE,132,6873.58,6667.57,7
2025-10-24,Europe,AuraSound Pro,177,16418.04,12798.7,13
2025-10-24,Europe,BassLink Ultra,82,5713.6,4763.56,11
2025-10-24,Europe,ClearWave SE,127,6605.21,5622.06,8
2025-10-24,Asia Pacific,AuraSound Pro,158,14756.12,9892.83,11
2025-10-24,Asia Pacific,BassLink Ultra,94,6449.34,4875.1,10
2025-10-24,Asia Pacific,ClearWave SE,84,4393.64,3975.17,11
2025-10-24,Latin America,AuraSound Pro,124,11709.5,8636.81,9
2025-10-24,Latin America,BassLink Ultra,100,7009.55,5472.74,11
2025-10-24,Latin America,ClearWave SE,74,3851.64,3436.58,9
2025-10-25,North America,AuraSound Pro,190,16510.91,12097.48,10
2025-10-25,North America,BassLink Ultra,144,10033.38,8532.46,12
2025-10-25,North America,ClearWave SE,124,6337.17,5496.31,11
2025-10-25,Europe,AuraSound Pro,247,22733.56,16332.68,11
2025-10-25,Europe,BassLink Ultra,145,10282.51,8571.62,13
2025-10-25,Europe,ClearWave SE,92,4609.6,4487.31,10
2025-10-25,Asia Pacific,AuraSound Pro,118,10726.29,7387.88,9
2025-10-25,Asia Pacific,BassLink Ultra,88,6208.27,5134.83,13
2025-10-25,Asia Pacific,ClearWave SE,61,2971.77,2559.89,8
2025-10-25,Latin America,AuraSound Pro,87,8050.56,6117.99,11
2025-10-25,Latin America,BassLink Ultra,79,5252.85,4339.79,12
2025-10-25,Latin America,ClearWave SE,74,3769.52,3601.18,9
2025-10-26,North America,AuraSound Pro,194,17273.92,13205.63,8
2025-10-26,North America,BassLink Ultra,161,11826.83,9495.95,9
2025-10-26,North America,ClearWave SE,123,6335.19,5394.72,15
2025-10-26,Europe,AuraSound Pro,194,17310.75,13697.48,10
2025-10-26,Europe,BassLink Ultra,148,9913.58,8420.78,17
2025-10-26,Europe,ClearWave SE,123,6006.06,5843.93,12
2025-10-26,Asia Pacific,AuraSound Pro,131,12363.04,9479.87,10
2025-10-26,Asia Pacific,BassLink Ultra,128,8592.41,6401.66,12
2025-10-26,Asia Pacific,ClearWave SE,74,3853.57,3676.31,10
2025-10-26,Latin America,AuraSound Pro,140,12022.7,8871.66,10
2025-10-26,Latin America,BassLink Ultra,70,4757.49,3874.29,12
2025-10-26,Latin America,ClearWave SE,64,3171.7,3020.16,9
2025-10-27,North America,AuraSound Pro,164,15429.66,10768.76,11
2025-10-27,North America,BassLink Ultra,134,9306.61,7556.43,14
2025-10-27,North America,ClearWave SE,252,12250.98,10997.69,9
2025-10-27,Europe,AuraSound Pro,131,12364.2,9714.3,11
2025-10-27,Europe,BassLink Ultra,134,9059.69,7470.43,14
2025-10-27,Europe,ClearWave SE,60,2913.05,2543.27,9
2025-10-27,Asia Pacific,AuraSound Pro,186,16314.09,12209.15,8
2025-10-27,Asia Pacific,BassLink Ultra,116,8308.28,6695.71,14
2025-10-27,Asia Pacific,ClearWave SE,132,6804.83,6283.49,10
2025-10-27,Latin America,AuraSound Pro,137,12058.89,8708.93,12
2025-10-27,Latin America,BassLink Ultra,66,4779.84,3520.61,18
2025-10-27,Latin America,ClearWave SE,75,3583.95,3031.98,9
2025-10-28,North America,AuraSound Pro,273,24715.12,19776.8,10
2025-10-28,North America,BassLink Ultra,166,11366.12,8791.88,12
2025-10-28,North America,ClearWave SE,103,5089.4,4430.95,9
2025-10-28,Europe,AuraSound Pro,181,16102.32,12949.45,11
2025-10-28,Europe,BassLink Ultra,209,15094.48,13250.84,13
2025-10-28,Europe,ClearWave SE,93,4640.37,4480.26,9
2025-10-28,Asia Pacific,AuraSound Pro,182,16663.29,11107.91,12
2025-10-28,Asia Pacific,BassLink Ultra,156,10789.79,8154.17,13
2025-10-28,Asia Pacific,ClearWave SE,59,2905.69,2680.49,9
2025-10-28,Latin America,AuraSound Pro,127,11643.14,8813.44,13
2025-10-28,Latin America,BassLink Ultra,60,4148.08,3256.08,14
2025-10-28,Latin America,ClearWave SE,83,4309.5,4193.94,10
2025-10-29,North America,AuraSound Pro,246,22379.34,17214.55,9
2025-10-29,North America,BassLink Ultra,182,12623.32,10995.63,11
2025-10-29,North America,ClearWave SE,107,5179.83,4854.85,10
2025-10-29,Europe,AuraSound Pro,268,24726.32,19460.11,15
2025-10-29,Europe,BassLink Ultra,135,9759.47,8562.74,10
2025-10-29,Europe,ClearWave SE,90,4378.89,4283.32,9
2025-10-29,Asia Pacific,AuraSound Pro,99,8475.22,5668.76,9
2025-10-29,Asia Pacific,BassLink Ultra,137,9661.05,7273.47,16
2025-10-29,Asia Pacific,ClearWave SE,113,5465.23,5284.29,9
2025-10-29,Latin America,AuraSound Pro,142,12560.77,9522.36,11
2025-10-29,Latin America,BassLink Ultra,71,4844.15,4295.52,13
2025-10-29,Latin America,ClearWave SE,79,4132.73,3429.35,8
2025-10-30,North America,AuraSound Pro,163,14259.95,9698.18,10
2025-10-30,North America,BassLink Ultra,197,14031.79,12452.85,14
2025-10-30,North America,ClearWave SE,112,5511.86,4693.82,8
2025-10-30,Europe,AuraSound Pro,177,16460.93,13220.21,9
2025-10-30,Europe,BassLink Ultra,132,9538.55,7629.28,12
2025-10-30,Europe,ClearWave SE,62,3021.02,2981.21,9
2025-10-30,Asia Pacific,AuraSound Pro,100,8784.27,6641.08,11
2025-10-30,Asia Pacific,BassLink Ultra,90,5998.66,4994.32,10
2025-10-30,Asia Pacific,ClearWave SE,86,4392.48,3804.73,9
2025-10-30,Latin America,AuraSound Pro,132,11540.02,8106.62,9
2025-10-30,Latin America,BassLink Ultra,118,8456.75,6893.05,14
2025-10-30,Latin America,ClearWave SE,95,4603.27,3853.91,9
2025-10-31,North America,AuraSound Pro,178,16354.6,11475.14,14
2025-10-31,North America,BassLink Ultra,176,12221.73,10197.9,12
2025-10-31,North America,ClearWave SE,121,6344.53,6146.93,9
2025-10-31,Europe,AuraSound Pro,217,19711.72,14156.8,12
2025-10-31,Europe,BassLink Ultra,141,9565.67,7709.61,11
2025-10-31,Europe,ClearWave SE,99,4765.41,4059.0,10
2025-10-31,Asia Pacific,AuraSound Pro,117,10532.2,7460.38,12
2025-10-31,Asia Pacific,BassLink Ultra,80,5867.97,4801.8,13
2025-10-31,Asia Pacific,ClearWave SE,109,5443.77,4650.99,11
2025-10-31,Latin America,AuraSound Pro,188,16850.31,11388.78,11
2025-10-31,Latin America,BassLink Ultra,83,5932.37,5168.27,10
2025-10-31,Latin America,ClearWave SE,55,2686.46,2382.46,9
2025-11-01,North America,AuraSound Pro,163,14128.36,11302.39,9
2025-11-01,North America,BassLink Ultra,153,11222.82,9508.27,12
2025-11-01,North America,ClearWave SE,102,5335.51,4350.13,9
2025-11-01,Europe,AuraSound Pro,209,17914.84,13833.42,12
2025-11-01,Europe,BassLink Ultra,157,11047.96,9522.88,12
2025-11-01,Europe,ClearWave SE,93,4515.71,3734.57,9
2025-11-01,Asia Pacific,AuraSound Pro,126,11742.06,9110.08,10
2025-11-01,Asia Pacific,BassLink Ultra,107,7306.1,5968.26,19
2025-11-01,Asia Pacific,ClearWave SE,118,5652.06,5317.19,10
2025-11-01,Latin America,AuraSound Pro,136,11889.01,8853.64,14
2025-11-01,Latin America,BassLink Ultra,45,3137.15,2375.13,13
2025-11-01,Latin America,ClearWave SE,61,2971.65,2528.54,8
2025-11-02,North America,AuraSound Pro,254,22462.28,15979.65,12
2025-11-02,North America,BassLink Ultra,168,11515.44,9876.09,15
2025-11-02,North America,ClearWave SE,151,7920.35,6881.58,7
2025-11-02,Europe,AuraSound Pro,174,15721.34,11544.58,12
2025-11-02,Europe,BassLink Ultra,169,11795.36,8935.82,14
2025-11-02,Europe,ClearWave SE,121,6287.98,5599.86,8
2025-11-02,Asia Pacific,AuraSound Pro,121,10793.2,7728.87,12
2025-11-02,Asia Pacific,BassLink Ultra,105,7406.04,5563.23,14
2025-11-02,Asia Pacific,ClearWave SE,81,3982.6,3732.12,9
2025-11-02,Latin America,AuraSound Pro,148,12935.94,9315.77,11
2025-11-02,Latin America,BassLink Ultra,72,5287.8,4251.12,11
2025-11-02,Latin America,ClearWave SE,70,3395.75,2838.32,10
2025-11-03,North America,AuraSound Pro,215,18859.07,14314.4,12
2025-11-03,North America,BassLink Ultra,148,10377.43,7998.09,15
2025-11-03,North America,ClearWave SE,121,6052.51,5777.23,9
2025-11-03,Europe,AuraSound Pro,247,21372.73,14467.78,11
2025-11-03,Europe,BassLink Ultra,143,10268.12,7854.06,12
2025-11-03,Europe,ClearWave SE,113,5480.99,5051.2,10
2025-11-03,Asia Pacific,AuraSound Pro,139,12543.28,8956.92,13
2025-11-03,Asia Pacific,BassLink Ultra,114,7689.05,6624.57,14
2025-11-03,Asia Pacific,ClearWave SE,81,4001.22,3648.36,9
2025-11-03,Latin America,AuraSound Pro,132,11302.98,9039.24,10
2025-11-03,Latin America,BassLink Ultra,94,6557.05,5138.15,13
2025-11-03,Latin America,ClearWave SE,75,3621.23,3259.85,10
2025-11-04,North America,AuraSound Pro,178,15867.26,12853.79,9
2025-11-04,North America,BassLink Ultra,155,11338.24,9314.9,10
2025-11-04,North America,ClearWave SE,87,4320.09,3727.13,9
2025-11-04,Europe,AuraSound Pro,153,14215.1,10650.89,12
2025-11-04,Europe,BassLink Ultra,129,8753.74,7003.67,13
2025-11-04,Europe,ClearWave SE,124,6371.3,5291.92,11
2025-11-04,Asia Pacific,AuraSound Pro,190,16427.69,11214.73,11
2025-11-04,Asia Pacific,BassLink Ultra,97,6896.69,5744.89,15
2025-11-04,Asia Pacific,ClearWave SE,75,3659.98,3577.52,11
2025-11-04,Latin America,AuraSound Pro,168,15042.52,10288.64,12
2025-11-04,Latin America,BassLink Ultra,75,5397.19,4634.05,12
2025-11-04,Latin America,ClearWave SE,76,3941.38,3720.24,8
2025-11-05,North America,AuraSound Pro,149,13927.55,10206.23,11
2025-11-05,North America,BassLink Ultra,171,12346.76,11211.01,14
2025-11-05,North America,ClearWave SE,115,5733.09,5631.41,9
2025-11-05,Europe,AuraSound Pro,191,16876.26,12545.47,9
2025-11-05,Europe,BassLink Ultra,118,8038.52,6920.12,13
2025-11-05,Europe,ClearWave SE,113,5519.41,4925.69,12
2025-11-05,Asia Pacific,AuraSound Pro,176,15414.46,12469.76,9
2025-11-05,Asia Pacific,BassLink Ultra,100,6653.32,5831.83,15
2025-11-05,Asia Pacific,ClearWave SE,138,6751.66,5703.29,8
2025-11-05,Latin America,AuraSound Pro,115,10074.78,6955.2,15
2025-11-05,Latin America,BassLink Ultra,127,8696.63,7530.35,14
2025-11-05,Latin America,ClearWave SE,66,3380.13,3173.39,8
2025-11-06,North America,AuraSound Pro,197,16916.93,13466.61,10
2025-11-06,North America,BassLink Ultra,149,10730.71,8441.39,10
2025-11-06,North America,ClearWave SE,106,5280.13,4501.8,10
2025-11-06,Europe,AuraSound Pro,165,15236.41,11915.42,9
2025-11-06,Europe,BassLink Ultra,109,7461.6,6188.56,12
2025-11-06,Europe,ClearWave SE,80,4076.57,3593.5,12
2025-11-06,Asia Pacific,AuraSound Pro,127,11162.43,7616.16,12
2025-11-06,Asia Pacific,BassLink Ultra,173,12457.95,10962.06,10
2025-11-06,Asia Pacific,ClearWave SE,186,9581.3,8323.89,8
2025-11-06,Latin America,AuraSound Pro,124,11698.76,9420.06,10
2025-11-06,Latin America,BassLink Ultra,112,7472.61,5961.0,12
2025-11-06,Latin America,ClearWave SE,62,3005.9,2937.66,11
2025-11-07,North America,AuraSound Pro,208,18364.55,14761.27,10
2025-11-07,North America,BassLink Ultra,137,9246.16,8097.02,10
2025-11-07,North America,ClearWave SE,85,4112.16,3479.28,8
2025-11-07,Europe,AuraSound Pro,177,16649.52,11405.86,10
2025-11-07,Europe,BassLink Ultra,99,7051.92,6090.3,11
2025-11-07,Europe,ClearWave SE,119,5811.03,5503.85,10
2025-11-07,Asia Pacific,AuraSound Pro,169,15379.99,10711.59,9
2025-11-07,Asia Pacific,BassLink Ultra,145,10180.94,8870.14,12
2025-11-07,Asia Pacific,ClearWave SE,82,4118.9,4047.29,8
2025-11-07,Latin America,AuraSound Pro,149,12744.27,8631.4,7
2025-11-07,Latin America,BassLink Ultra,98,6849.55,5336.02,12
2025-11-07,Latin America,ClearWave SE,92,4409.97,4139.37,13
2025-11-08,North America,AuraSound Pro,193,17693.7,12445.87,13
2025-11-08,North America,BassLink Ultra,170,11829.13,9333.55,13
2025-11-08,North America,ClearWave SE,96,4559.68,4296.01,9
2025-11-08,Europe,AuraSound Pro,225,19383.84,14970.24,14
2025-11-08,Europe,BassLink Ultra,184,13094.16,10292.25,12
2025-11-08,Europe,ClearWave SE,117,6115.68,5893.06,9
2025-11-08,Asia Pacific,AuraSound Pro,172,16142.45,12540.3,12
2025-11-08,Asia Pacific,BassLink Ultra,109,7268.39,6064.92,14
2025-11-08,Asia Pacific,ClearWave SE,91,4767.58,4505.85,9
2025-11-08,Latin America,AuraSound Pro,98,8540.24,6410.5,10
2025-11-08,Latin America,BassLink Ultra,82,5674.47,4405.28,19
2025-11-08,Latin America,ClearWave SE,63,3264.34,2715.16,9
2025-11-09,North America,AuraSound Pro,192,17753.19,12811.09,11
2025-11-09,North America,BassLink Ultra,164,11956.18,10773.48,11
2025-11-09,North America,ClearWave SE,153,7289.21,6187.32,8
2025-11-09,Europe,AuraSound Pro,137,12696.35,10339.08,11
2025-11-09,Europe,BassLink Ultra,197,14361.48,12900.74,10
2025-11-09,Europe,ClearWave SE,82,4215.3,3632.78,11
2025-11-09,Asia Pacific,AuraSound Pro,143,12749.66,9816.37,11
2025-11-09,Asia Pacific,BassLink Ultra,148,10455.19,8276.01,14
2025-11-09,Asia Pacific,ClearWave SE,98,4732.48,4619.55,10
2025-11-09,Latin America,AuraSound Pro,133,11707.52,8964.25,12
2025-11-09,Latin America,BassLink Ultra,122,8577.03,7758.38,11
2025-11-09,Latin America,ClearWave SE,58,2964.69,2608.36,10
2025-11-10,North America,AuraSound Pro,197,16862.9,13853.2,9
2025-11-10,North America,BassLink Ultra,220,15024.95,13156.76,13
2025-11-10,North America,ClearWave SE,89,4658.52,4271.02,12
2025-11-10,Europe,AuraSound Pro,216,19941.2,15086.93,11
2025-11-10,Europe,BassLink Ultra,134,9441.03,7692.85,15
2025-11-10,Europe,ClearWave SE,79,3903.99,3917.9,11
2025-11-10,Asia Pacific,AuraSound Pro,167,14875.39,10266.13,11
2025-11-10,Asia Pacific,BassLink Ultra,189,13560.17,12393.17,16
2025-11-10,Asia Pacific,ClearWave SE,81,3882.58,3761.85,10
2025-11-10,Latin America,AuraSound Pro,108,9479.21,7475.67,12
2025-11-10,Latin America,BassLink Ultra,140,9514.45,8144.75,16
2025-11-10,Latin America,ClearWave SE,82,4196.21,3910.75,10
2025-11-11,North America,AuraSound Pro,220,19257.12,15596.62,15
2025-11-11,North America,BassLink Ultra,263,19309.53,17708.67,15
2025-11-11,North America,ClearWave SE,119,5887.03,5887.19,10
2025-11-11,Europe,AuraSound Pro,195,17575.16,12576.53,10
2025-11-11,Europe,BassLink Ultra,139,9466.16,7730.19,14
2025-11-11,Europe,ClearWave SE,89,4618.0,3962.76,11
2025-11-11,Asia Pacific,AuraSound Pro,150,12964.2,9364.71,10
2025-11-11,Asia Pacific,BassLink Ultra,106,7507.32,6584.08,11
2025-11-11,Asia Pacific,ClearWave SE,125,6259.78,5617.43,12
2025-11-11,Latin America,AuraSound Pro,118,10332.12,7478.63,13
2025-11-11,Latin America,BassLink Ultra,71,5022.75,4521.68,12
2025-11-11,Latin America,ClearWave SE,59,3036.97,2931.34,13
2025-11-12,North America,AuraSound Pro,297,27341.33,19559.4,9
2025-11-12,North America,BassLink Ultra,139,10203.06,7837.32,12
2025-11-12,North America,ClearWave SE,129,6684.26,5980.38,8
2025-11-12,Europe,AuraSound Pro,221,20163.56,16247.02,13
2025-11-12,Europe,BassLink Ultra,146,9915.13,8003.7,13
2025-11-12,Europe,ClearWave SE,95,4858.08,4149.84,9
2025-11-12,Asia Pacific,AuraSound Pro,179,16632.29,12776.34,12
2025-11-12,Asia Pacific,BassLink Ultra,122,8955.75,6905.53,15
2025-11-12,Asia Pacific,ClearWave SE,109,5492.85,5288.82,11
2025-11-12,Latin America,AuraSound Pro,136,11841.35,8384.6,11
2025-11-12,Latin America,BassLink Ultra,114,7959.53,7009.95,11
2025-11-12,Latin America,ClearWave SE,135,6486.17,6305.89,9
2025-11-13,North America,AuraSound Pro,197,17424.13,12419.33,13
2025-11-13,North America,BassLink Ultra,185,13089.48,10408.42,15
2025-11-13,North America,ClearWave SE,135,6652.88,6072.34,8
2025-11-13,Europe,AuraSound Pro,271,24748.71,17793.94,13
2025-11-13,Europe,BassLink Ultra,122,8892.78,7038.36,15
2025-11-13,Europe,ClearWave SE,99,5125.72,4368.93,9
2025-11-13,Asia Pacific,AuraSound Pro,163,14866.87,11699.14,10
2025-11-13,Asia Pacific,BassLink Ultra,126,8724.75,7113.4,15
2025-11-13,Asia Pacific,ClearWave SE,108,5617.81,5665.85,11
2025-11-13,Latin America,AuraSound Pro,142,12947.03,9119.04,8
2025-11-13,Latin America,BassLink Ultra,156,10978.4,9680.56,16
2025-11-13,Latin America,ClearWave SE,82,4086.67,4071.02,8
2025-11-14,North America,AuraSound Pro,266,23586.07,19507.72,11
2025-11-14,North America,BassLink Ultra,173,11931.14,9779.27,15
2025-11-14,North America,ClearWave SE,144,7127.72,6769.25,12
2025-11-14,Europe,AuraSound Pro,178,16504.61,12113.11,9
2025-11-14,Europe,BassLink Ultra,137,10064.83,8204.05,12
2025-11-14,Europe,ClearWave SE,123,6149.52,5987.01,8
2025-11-14,Asia Pacific,AuraSound Pro,160,14661.64,11329.47,12
2025-11-14,Asia Pacific,BassLink Ultra,119,7955.57,6785.87,15
2025-11-14,Asia Pacific,ClearWave SE,85,4362.11,3890.44,8
2025-11-14,Latin America,AuraSound Pro,155,13315.76,9409.11,9
2025-11-14,Latin America,BassLink Ultra,68,4686.58,3630.68,11
2025-11-14,Latin America,ClearWave SE,97,4807.25,4521.14,9
2025-11-15,North America,AuraSound Pro,217,19235.57,15677.8,13
2025-11-15,North America,BassLink Ultra,203,14466.56,11220.49,15
2025-11-15,North America,ClearWave SE,153,7579.17,7277.83,9
2025-11-15,Europe,AuraSound Pro,200,17325.98,13224.6,9
2025-11-15,Europe,BassLink Ultra,130,9251.53,8377.25,10
2025-11-15,Europe,ClearWave SE,138,6907.28,6860.97,9
2025-11-15,Asia Pacific,AuraSound Pro,178,15717.94,13028.1,16
2025-11-15,Asia Pacific,BassLink Ultra,113,7645.29,6797.23,16
2025-11-15,Asia Pacific,ClearWave SE,76,3853.73,3636.08,8
2025-11-15,Latin America,AuraSound Pro,138,12468.75,10256.82,12
2025-11-15,Latin America,BassLink Ultra,121,8757.53,7992.06,14
2025-11-15,Latin America,ClearWave SE,79,3936.73,3639.3,9
2025-11-16,North America,AuraSound Pro,299,26418.47,19906.17,11
2025-11-16,North America,BassLink Ultra,147,10453.58,8142.05,12
2025-11-16,North America,ClearWave SE,137,6536.18,5612.09,8
2025-11-16,Europe,AuraSound Pro,150,14087.73,9680.5,9
2025-11-16,Europe,BassLink Ultra,200,14400.98,13244.73,16
2025-11-16,Europe,ClearWave SE,94,4779.55,4849.15,7
2025-11-16,Asia Pacific,AuraSound Pro,187,17428.43,12133.18,13
2025-11-16,Asia Pacific,BassLink Ultra,137,9958.33,8622.92,11
2025-11-16,Asia Pacific,ClearWave SE,86,4370.02,4017.7,10
2025-11-16,Latin America,AuraSound Pro,104,9435.22,7053.97,14
2025-11-16,Latin America,BassLink Ultra,77,5333.09,4385.35,13
2025-11-16,Latin America,ClearWave SE,93,4839.15,4608.59,11
2025-11-17,North America,AuraSound Pro,290,26089.26,18624.61,10
2025-11-17,North America,BassLink Ultra,149,10092.87,8969.83,14
2025-11-17,North America,ClearWave SE,154,7539.35,7521.62,11
2025-11-17,Europe,AuraSound Pro,229,21037.6,16253.79,12
2025-11-17,Europe,BassLink Ultra,149,10627.13,8643.16,12
2025-11-17,Europe,ClearWave SE,120,6034.44,5460.49,13
2025-11-17,Asia Pacific,AuraSound Pro,167,15432.34,11199.81,11
2025-11-17,Asia Pacific,BassLink Ultra,142,10362.88,8931.26,11
2025-11-17,Asia Pacific,ClearWave SE,104,5128.1,4749.85,11
2025-11-17,Latin America,AuraSound Pro,142,13220.53,10249.72,12
2025-11-17,Latin America,BassLink Ultra,66,4389.93,3905.71,13
2025-11-17,Latin America,ClearWave SE,65,3360.96,2844.26,8
2025-11-18,North America,AuraSound Pro,233,20133.41,15872.92,13
2025-11-18,North America,BassLink Ultra,164,11698.01,10851.73,15
2025-11-18,North America,ClearWave SE,154,7540.82,6918.19,9
2025-11-18,Europe,AuraSound Pro,180,15396.53,11268.72,9
2025-11-18,Europe,BassLink Ultra,212,15041.7,12946.16,11
2025-11-18,Europe,ClearWave SE,117,5785.64,5082.26,10
2025-11-18,Asia Pacific,AuraSound Pro,244,20886.54,15200.63,12
2025-11-18,Asia Pacific,BassLink Ultra,127,8807.39,8097.97,16
2025-11-18,Asia Pacific,ClearWave SE,105,5166.12,4397.53,9
2025-11-18,Latin America,AuraSound Pro,154,13204.72,10245.62,9
2025-11-18,Latin America,BassLink Ultra,82,5719.13,4737.59,12
2025-11-18,Latin America,ClearWave SE,63,3278.69,3232.19,9
2025-11-19,North America,AuraSound Pro,150,13428.53,11072.4,12
2025-11-19,North America,BassLink Ultra,187,12457.53,11452.57,12
2025-11-19,North America,ClearWave SE,99,4702.97,4439.18,10
2025-11-19,Europe,AuraSound Pro,226,19892.69,13931.17,9
2025-11-19,Europe,BassLink Ultra,250,17414.54,14643.59,14
2025-11-19,Europe,ClearWave SE,130,6259.92,5485.49,14
2025-11-19,Asia Pacific,AuraSound Pro,194,17507.99,13174.64,10
2025-11-19,Asia Pacific,BassLink Ultra,112,7892.27,6122.98,15
2025-11-19,Asia Pacific,ClearWave SE,120,6180.19,6208.17,11
2025-11-19,Latin America,AuraSound Pro,156,13821.76,10218.25,12
2025-11-19,Latin America,BassLink Ultra,64,4643.31,3798.46,15
2025-11-19,Latin America,ClearWave SE,85,4054.8,3690.86,8
2025-11-20,North America,AuraSound Pro,211,19806.87,16523.88,13
2025-11-20,North America,BassLink Ultra,281,20328.34,17244.08,16
2025-11-20,North America,ClearWave SE,192,9749.4,9567.48,8
2025-11-20,Europe,AuraSound Pro,252,23073.34,17571.73,13
2025-11-20,Europe,BassLink Ultra,152,10139.3,9461.75,12
2025-11-20,Europe,ClearWave SE,125,6540.32,6249.08,11
2025-11-20,Asia Pacific,AuraSound Pro,182,16013.28,11923.36,10
2025-11-20,Asia Pacific,BassLink Ultra,173,12111.82,10236.89,13
2025-11-20,Asia Pacific,ClearWave SE,110,5360.54,4769.71,7
2025-11-20,Latin America,AuraSound Pro,120,10314.37,7639.3,14
2025-11-20,Latin America,BassLink Ultra,124,9079.66,8093.0,14
2025-11-20,Latin America,ClearWave SE,56,2695.76,2583.38,9
2025-11-21,North America,AuraSound Pro,359,31457.18,23243.26,12
2025-11-21,North America,BassLink Ultra,206,13943.92,12123.71,12
2025-11-21,North America,ClearWave SE,139,6645.59,5817.67,9
2025-11-21,Europe,AuraSound Pro,187,16565.16,13515.53,10
2025-11-21,Europe,BassLink Ultra,138,9758.6,8615.91,13
2025-11-21,Europe,ClearWave SE,133,6832.21,6200.63,8
2025-11-21,Asia Pacific,AuraSound Pro,142,12169.87,10218.26,12
2025-11-21,Asia Pacific,BassLink Ultra,103,7550.13,6718.45,11
2025-11-21,Asia Pacific,ClearWave SE,143,7298.64,7192.09,11
2025-11-21,Latin America,AuraSound Pro,136,11987.91,8392.97,10
2025-11-21,Latin America,BassLink Ultra,142,9619.05,7866.61,11
2025-11-21,Latin America,ClearWave SE,98,5079.69,5032.06,13
2025-11-22,North America,AuraSound Pro,245,22485.12,18495.58,12
2025-11-22,North America,BassLink Ultra,190,13298.44,10822.69,15
2025-11-22,North America,ClearWave SE,146,7545.16,6567.16,10
2025-11-22,Europe,AuraSound Pro,173,16095.03,13319.26,9
2025-11-22,Europe,BassLink Ultra,174,11664.11,9763.82,11
2025-11-22,Europe,ClearWave SE,157,8156.07,7399.45,10
2025-11-22,Asia Pacific,AuraSound Pro,278,24588.64,20697.63,12
2025-11-22,Asia Pacific,BassLink Ultra,119,8335.43,6723.43,15
2025-11-22,Asia Pacific,ClearWave SE,153,7331.46,7383.99,10
2025-11-22,Latin America,AuraSound Pro,143,12258.07,10028.55,11
2025-11-22,Latin America,BassLink Ultra,92,6333.03,5814.4,14
2025-11-22,Latin America,ClearWave SE,48,2496.82,2150.96,10
2025-11-23,North America,AuraSound Pro,370,33657.7,24649.71,11
2025-11-23,North America,BassLink Ultra,245,17293.11,15313.16,14
2025-11-23,North America,ClearWave SE,159,7908.42,8153.1,9
2025-11-23,Europe,AuraSound Pro,199,17335.8,13472.49,11
2025-11-23,Europe,BassLink Ultra,169,12279.99,9880.71,11
2025-11-23,Europe,ClearWave SE,95,4616.54,4272.0,7
2025-11-23,Asia Pacific,AuraSound Pro,209,18805.8,15286.87,10
2025-11-23,Asia Pacific,BassLink Ultra,131,8948.2,8305.79,10
2025-11-23,Asia Pacific,ClearWave SE,80,3908.32,3365.2,10
2025-11-23,Latin America,AuraSound Pro,141,12481.92,10483.46,11
2025-11-23,Latin America,BassLink Ultra,110,7557.22,6097.02,12
2025-11-23,Latin America,ClearWave SE,107,5611.77,5369.97,11
2025-11-24,North America,AuraSound Pro,309,28497.0,20224.49,14
2025-11-24,North America,BassLink Ultra,176,12502.47,9700.83,15
2025-11-24,North America,ClearWave SE,140,7042.95,7215.72,11
2025-11-24,Europe,AuraSound Pro,207,17731.74,12942.19,12
2025-11-24,Europe,BassLink Ultra,201,14351.22,11565.89,10
2025-11-24,Europe,ClearWave SE,122,6181.11,6306.61,10
2025-11-24,Asia Pacific,AuraSound Pro,163,15106.48,12685.49,13
2025-11-24,Asia Pacific,BassLink Ultra,130,9347.91,8461.67,12
2025-11-24,Asia Pacific,ClearWave SE,108,5480.42,5363.57,13
2025-11-24,Latin America,AuraSound Pro,236,21973.24,16285.14,11
2025-11-24,Latin America,BassLink Ultra,96,6844.98,5499.12,13
2025-11-24,Latin America,ClearWave SE,60,2856.49,2679.08,10
2025-11-25,North America,AuraSound Pro,171,14940.19,12554.03,9
2025-11-25,North America,BassLink Ultra,150,10469.31,9849.41,14
2025-11-25,North America,ClearWave SE,116,5774.28,5408.8,10
2025-11-25,Europe,AuraSound Pro,193,17018.0,14428.21,11
2025-11-25,Europe,BassLink Ultra,178,12366.07,11069.79,14
2025-11-25,Europe,ClearWave SE,128,6370.02,6369.79,9
2025-11-25,Asia Pacific,AuraSound Pro,217,19342.62,13520.88,10
2025-11-25,Asia Pacific,BassLink Ultra,168,11348.85,9111.11,9
2025-11-25,Asia Pacific,ClearWave SE,69,3428.87,3207.07,9
2025-11-25,Latin America,AuraSound Pro,135,12571.62,9042.4,11
2025-11-25,Latin America,BassLink Ultra,85,6227.71,4873.99,17
2025-11-25,Latin America,ClearWave SE,80,3801.38,3414.17,12
2025-11-26,North America,AuraSound Pro,175,15531.63,13000.57,10
2025-11-26,North America,BassLink Ultra,141,10126.29,9204.3,10
2025-11-26,North America,ClearWave SE,147,7335.72,6420.19,9
2025-11-26,Europe,AuraSound Pro,157,13961.86,10960.97,10
2025-11-26,Europe,BassLink Ultra,167,11896.82,10960.31,17
2025-11-26,Europe,ClearWave SE,106,5300.17,4863.81,9
2025-11-26,Asia Pacific,AuraSound Pro,169,15931.36,11932.52,10
2025-11-26,Asia Pacific,BassLink Ultra,115,7729.42,7257.55,17
2025-11-26,Asia Pacific,ClearWave SE,121,6325.75,5863.18,11
2025-11-26,Latin America,AuraSound Pro,119,10919.9,7617.29,13
2025-11-26,Latin America,BassLink Ultra,98,6524.36,5558.56,11
2025-11-26,Latin America,ClearWave SE,130,6239.0,5515.92,10
2025-11-27,North America,AuraSound Pro,337,28888.85,22540.49,14
2025-11-27,North America,BassLink Ultra,124,9037.77,7284.06,12
2025-11-27,North America,ClearWave SE,160,7862.95,7484.99,9
2025-11-27,Europe,AuraSound Pro,224,19272.34,13648.48,14
2025-11-27,Europe,BassLink Ultra,102,7226.64,6336.96,14
2025-11-27,Europe,ClearWave SE,106,5340.2,5332.07,11
2025-11-27,Asia Pacific,AuraSound Pro,238,20627.9,16712.88,11
2025-11-27,Asia Pacific,BassLink Ultra,127,8769.92,6913.95,14
2025-11-27,Asia Pacific,ClearWave SE,122,5818.45,5781.9,14
2025-11-27,Latin America,AuraSound Pro,95,8870.61,6726.75,16
2025-11-27,Latin America,BassLink Ultra,129,8913.29,7032.1,17
2025-11-27,Latin America,ClearWave SE,81,4041.58,4070.08,9
2025-11-28,North America,AuraSound Pro,178,15957.51,11724.3,10
2025-11-28,North America,BassLink Ultra,202,13762.78,10933.55,12
2025-11-28,North America,ClearWave SE,145,6929.63,5991.93,11
2025-11-28,Europe,AuraSound Pro,242,20837.6,15265.62,16
2025-11-28,Europe,BassLink Ultra,150,10435.85,8541.24,15
2025-11-28,Europe,ClearWave SE,111,5783.26,4985.85,8
2025-11-28,Asia Pacific,AuraSound Pro,166,15064.99,11642.22,11
2025-11-28,Asia Pacific,BassLink Ultra,146,10114.49,9127.98,18
2025-11-28,Asia Pacific,ClearWave SE,106,5094.34,4765.87,9
2025-11-28,Latin America,AuraSound Pro,132,12396.37,10358.35,12
2025-11-28,Latin America,BassLink Ultra,110,7448.48,6951.0,14
2025-11-28,Latin America,ClearWave SE,81,4169.87,3908.07,11
2025-11-29,North America,AuraSound Pro,171,14864.27,12114.34,13
2025-11-29,North America,BassLink Ultra,165,11355.38,9971.16,14
2025-11-29,North America,ClearWave SE,160,7891.7,7613.87,9
2025-11-29,Europe,AuraSound Pro,337,28945.78,20640.82,10
2025-11-29,Europe,BassLink Ultra,196,13893.64,11042.29,13
2025-11-29,Europe,ClearWave SE,145,7242.99,7483.62,8
2025-11-29,Asia Pacific,AuraSound Pro,209,18242.44,13731.19,12
2025-11-29,Asia Pacific,BassLink Ultra,152,10885.49,10069.83,15
2025-11-29,Asia Pacific,ClearWave SE,128,6372.44,6009.54,12
2025-11-29,Latin America,AuraSound Pro,204,18186.61,13129.67,9
2025-11-29,Latin America,BassLink Ultra,74,5130.5,4088.86,13
2025-11-29,Latin America,ClearWave SE,87,4461.82,3900.36,9
2025-11-30,North America,AuraSound Pro,307,28216.39,21841.57,15
2025-11-30,North America,BassLink Ultra,212,14647.0,11950.59,11
2025-11-30,North America,ClearWave SE,190,9475.11,8649.7,9
2025-11-30,Europe,AuraSound Pro,139,12649.58,8971.92,10
2025-11-30,Europe,BassLink Ultra,182,12607.54,10189.93,15
2025-11-30,Europe,ClearWave SE,120,5860.22,5532.53,9
2025-11-30,Asia Pacific,AuraSound Pro,148,13329.67,10287.34,11
2025-11-30,Asia Pacific,BassLink Ultra,101,6867.27,6309.99,15
2025-11-30,Asia Pacific,ClearWave SE,130,6253.89,5618.9,11
2025-11-30,Latin America,AuraSound Pro,181,16926.87,14044.2,12
2025-11-30,Latin America,BassLink Ultra,128,8719.3,7562.99,9
2025-11-30,Latin America,ClearWave SE,82,4062.52,3991.35,11
2025-12-01,North America,AuraSound Pro,225,20693.04,15421.69,11
2025-12-01,North America,BassLink Ultra,176,12254.06,11568.32,14
2025-12-01,North America,ClearWave SE,121,6080.21,5314.98,10
2025-12-01,Europe,AuraSound Pro,254,22877.86,16840.77,10
2025-12-01,Europe,BassLink Ultra,127,8752.92,7614.65,13
2025-12-01,Europe,ClearWave SE,136,6493.93,6167.32,8
2025-12-01,Asia Pacific,AuraSound Pro,168,15684.63,12547.8,15
2025-12-01,Asia Pacific,BassLink Ultra,138,9895.43,9258.7,15
2025-12-01,Asia Pacific,ClearWave SE,133,6676.39,6486.11,10
2025-12-01,Latin America,AuraSound Pro,116,10494.69,8960.62,11
2025-12-01,Latin America,BassLink Ultra,119,8448.17,7093.57,15
2025-12-01,Latin America,ClearWave SE,75,3564.16,3513.02,9
2025-12-02,North America,AuraSound Pro,223,19248.7,14534.67,13
2025-12-02,North America,BassLink Ultra,164,11207.59,9410.94,10
2025-12-02,North America,ClearWave SE,136,6992.75,6840.77,11
2025-12-02,Europe,AuraSound Pro,257,23347.32,16437.0,11
2025-12-02,Europe,BassLink Ultra,150,10442.36,8887.55,13
2025-12-02,Europe,ClearWave SE,115,5920.02,6020.91,10
2025-12-02,Asia Pacific,AuraSound Pro,132,12392.67,9915.46,13
2025-12-02,Asia Pacific,BassLink Ultra,166,11430.39,10365.15,13
2025-12-02,Asia Pacific,ClearWave SE,89,4571.42,4024.22,11
2025-12-02,Latin America,AuraSound Pro,218,20065.32,14125.72,12
2025-12-02,Latin America,BassLink Ultra,109,7252.45,6806.03,12
2025-12-02,Latin America,ClearWave SE,59,2918.09,2979.94,10
2025-12-03,North America,AuraSound Pro,273,24777.33,20461.41,15
2025-12-03,North America,BassLink Ultra,186,12782.97,10207.54,11
2025-12-03,North America,ClearWave SE,121,6091.19,5925.39,10
2025-12-03,Europe,AuraSound Pro,220,20759.16,14712.8,13
2025-12-03,Europe,BassLink Ultra,129,9129.21,7631.09,17
2025-12-03,Europe,ClearWave SE,132,6865.68,6147.58,9
2025-12-03,Asia Pacific,AuraSound Pro,181,16023.44,12252.41,10
2025-12-03,Asia Pacific,BassLink Ultra,157,11503.44,9367.67,16
2025-12-03,Asia Pacific,ClearWave SE,70,3645.87,3143.98,13
2025-12-03,Latin America,AuraSound Pro,146,13303.48,10113.43,12
2025-12-03,Latin America,BassLink Ultra,109,7753.12,6938.11,16
2025-12-03,Latin America,ClearWave SE,73,3761.56,3444.45,10
2025-12-04,North America,AuraSound Pro,270,23941.84,19110.8,14
2025-12-04,North America,BassLink Ultra,237,17122.31,13890.7,16
2025-12-04,North America,ClearWave SE,141,7302.66,6601.74,11
2025-12-04,Europe,AuraSound Pro,214,18920.2,16259.27,11
2025-12-04,Europe,BassLink Ultra,156,10754.75,8592.07,20
2025-12-04,Europe,ClearWave SE,105,5377.9,5437.93,9
2025-12-04,Asia Pacific,AuraSound Pro,189,16863.43,14310.25,14
2025-12-04,Asia Pacific,BassLink Ultra,99,6973.68,6668.12,15
2025-12-04,Asia Pacific,ClearWave SE,98,5120.92,5375.71,11
2025-12-04,Latin America,AuraSound Pro,158,14763.27,10501.62,11
2025-12-04,Latin America,BassLink Ultra,82,5839.39,5503.63,16
2025-12-04,Latin America,ClearWave SE,49,2552.76,2676.18,10
2025-12-05,North America,AuraSound Pro,242,22349.4,18511.64,11
2025-12-05,North America,BassLink Ultra,198,13652.44,11108.99,16
2025-12-05,North America,ClearWave SE,147,7173.12,7337.85,9
2025-12-05,Europe,AuraSound Pro,274,24754.71,19588.84,10
2025-12-05,Europe,BassLink Ultra,148,10716.51,9089.55,16
2025-12-05,Europe,ClearWave SE,116,5797.89,5537.29,8
2025-12-05,Asia Pacific,AuraSound Pro,201,18790.61,14788.71,14
2025-12-05,Asia Pacific,BassLink Ultra,124,8998.45,7150.14,13
2025-12-05,Asia Pacific,ClearWave SE,134,6377.04,6135.92,7
2025-12-05,Latin America,AuraSound Pro,194,18034.1,14676.74,11
2025-12-05,Latin America,BassLink Ultra,78,5648.72,4769.71,13
2025-12-05,Latin America,ClearWave SE,97,5079.65,5260.37,10
2025-12-06,North America,AuraSound Pro,207,19471.7,16460.73,14
2025-12-06,North America,BassLink Ultra,179,11989.57,11422.38,10
2025-12-06,North America,ClearWave SE,107,5237.89,5516.64,11
2025-12-06,Europe,AuraSound Pro,164,14758.13,10670.57,16
2025-12-06,Europe,BassLink Ultra,156,10931.55,9279.73,12
2025-12-06,Europe,ClearWave SE,104,5429.79,5001.96,10
2025-12-06,Asia Pacific,AuraSound Pro,261,22952.7,17813.03,11
2025-12-06,Asia Pacific,BassLink Ultra,131,9438.91,7680.64,14
2025-12-06,Asia Pacific,ClearWave SE,105,5109.38,5305.07,8
2025-12-06,Latin America,AuraSound Pro,152,13821.05,9922.36,11
2025-12-06,Latin America,BassLink Ultra,101,7226.68,6725.25,18
2025-12-06,Latin America,ClearWave SE,82,4001.11,3614.96,7
2025-12-07,North America,AuraSound Pro,242,20708.17,15617.39,12
2025-12-07,North America,BassLink Ultra,208,14426.01,13472.95,14
2025-12-07,North America,ClearWave SE,154,7945.39,7741.48,11
2025-12-07,Europe,AuraSound Pro,250,22361.48,15867.49,10
2025-12-07,Europe,BassLink Ultra,234,15581.52,13964.75,13
2025-12-07,Europe,ClearWave SE,100,4964.54,5222.12,11
2025-12-07,Asia Pacific,AuraSound Pro,183,16220.89,11813.56,14
2025-12-07,Asia Pacific,BassLink Ultra,123,8301.98,7403.03,16
2025-12-07,Asia Pacific,ClearWave SE,90,4585.32,4631.11,13
2025-12-07,Latin America,AuraSound Pro,149,13799.56,9835.81,15
2025-12-07,Latin America,BassLink Ultra,85,5812.63,4670.32,15
2025-12-07,Latin America,ClearWave SE,98,4733.87,4286.67,10
2025-12-08,North America,AuraSound Pro,172,15701.04,12192.66,13
2025-12-08,North America,BassLink Ultra,173,12195.87,10307.15,17
2025-12-08,North America,ClearWave SE,179,8856.04,8156.08,12
2025-12-08,Europe,AuraSound Pro,240,20804.2,17393.18,12
2025-12-08,Europe,BassLink Ultra,208,15230.04,13631.8,20
2025-12-08,Europe,ClearWave SE,123,5994.96,6004.87,12
2025-12-08,Asia Pacific,AuraSound Pro,170,15324.12,12261.55,10
2025-12-08,Asia Pacific,BassLink Ultra,122,8759.79,8031.63,12
2025-12-08,Asia Pacific,ClearWave SE,129,6555.77,6899.44,9
2025-12-08,Latin America,AuraSound Pro,124,11386.73,9752.06,10
2025-12-08,Latin America,BassLink Ultra,119,8234.95,7532.3,15
2025-12-08,Latin America,ClearWave SE,97,4934.77,4326.92,11
2025-12-09,North America,AuraSound Pro,243,22876.91,18464.88,16
2025-12-09,North America,BassLink Ultra,174,12368.34,10458.12,13
2025-12-09,North America,ClearWave SE,172,8666.51,7705.3,10
2025-12-09,Europe,AuraSound Pro,194,17556.05,12966.25,11
2025-12-09,Europe,BassLink Ultra,161,10771.88,9081.06,16
2025-12-09,Europe,ClearWave SE,90,4505.03,4707.18,12
2025-12-09,Asia Pacific,AuraSound Pro,148,13744.39,10467.13,10
2025-12-09,Asia Pacific,BassLink Ultra,146,9847.98,8948.6,11
2025-12-09,Asia Pacific,ClearWave SE,99,4755.27,4899.34,12
2025-12-09,Latin America,AuraSound Pro,175,16395.89,12928.11,14
2025-12-09,Latin America,BassLink Ultra,95,6672.66,5289.72,13
2025-12-09,Latin America,ClearWave SE,66,3255.88,3254.61,10
2025-12-10,North America,AuraSound Pro,198,18692.44,15443.52,10
2025-12-10,North America,BassLink Ultra,315,22311.81,17757.36,15
2025-12-10,North America,ClearWave SE,154,7594.12,6693.71,9
2025-12-10,Europe,AuraSound Pro,186,17434.97,12980.69,11
2025-12-10,Europe,BassLink Ultra,165,11573.65,10333.61,12
2025-12-10,Europe,ClearWave SE,95,4881.45,4458.02,7
2025-12-10,Asia Pacific,AuraSound Pro,214,18660.84,14161.75,12
2025-12-10,Asia Pacific,BassLink Ultra,128,8529.35,7881.08,12
2025-12-10,Asia Pacific,ClearWave SE,102,5346.11,5357.25,12
2025-12-10,Latin America,AuraSound Pro,129,12000.43,10344.43,13
2025-12-10,Latin America,BassLink Ultra,125,8964.79,7577.3,11
2025-12-10,Latin America,ClearWave SE,71,3433.26,3030.26,10
2025-12-11,North America,AuraSound Pro,390,36556.52,29230.22,14
2025-12-11,North America,BassLink Ultra,183,13112.14,10430.46,16
2025-12-11,North America,ClearWave SE,98,4668.93,4774.13,10
2025-12-11,Europe,AuraSound Pro,142,13169.35,10331.13,12
2025-12-11,Europe,BassLink Ultra,178,12852.42,10558.4,13
2025-12-11,Europe,ClearWave SE,110,5418.92,5494.07,10
2025-12-11,Asia Pacific,AuraSound Pro,178,16029.63,12803.91,11
2025-12-11,Asia Pacific,BassLink Ultra,174,12416.72,11694.83,15
2025-12-11,Asia Pacific,ClearWave SE,119,5865.58,6209.69,8
2025-12-11,Latin America,AuraSound Pro,169,15617.51,12924.18,12
2025-12-11,Latin America,BassLink Ultra,60,4210.55,3556.39,13
2025-12-11,Latin America,ClearWave SE,81,3875.52,3893.29,12
2025-12-12,North America,AuraSound Pro,314,29049.01,21435.57,11
2025-12-12,North America,BassLink Ultra,257,18109.99,16026.95,16
2025-12-12,North America,ClearWave SE,128,6570.21,5764.07,9
2025-12-12,Europe,AuraSound Pro,223,20943.17,18288.61,15
2025-12-12,Europe,BassLink Ultra,128,8936.4,7419.84,18
2025-12-12,Europe,ClearWave SE,128,6594.2,6096.32,9
2025-12-12,Asia Pacific,AuraSound Pro,261,24445.44,18012.54,8
2025-12-12,Asia Pacific,BassLink Ultra,144,9614.48,8749.7,13
2025-12-12,Asia Pacific,ClearWave SE,86,4285.45,4455.4,13
2025-12-12,Latin America,AuraSound Pro,138,12433.96,9697.41,11
2025-12-12,Latin America,BassLink Ultra,127,9259.48,7730.26,14
2025-12-12,Latin America,ClearWave SE,73,3805.38,3618.61,9
2025-12-13,North America,AuraSound Pro,344,30996.72,22785.55,11
2025-12-13,North America,BassLink Ultra,279,19955.26,18153.26,12
2025-12-13,North America,ClearWave SE,139,7110.9,7440.41,9
2025-12-13,Europe,AuraSound Pro,250,21722.1,17449.02,16
2025-12-13,Europe,BassLink Ultra,157,10932.54,10297.44,14
2025-12-13,Europe,ClearWave SE,114,5714.68,5562.0,8
2025-12-13,Asia Pacific,AuraSound Pro,187,16081.81,13860.17,13
2025-12-13,Asia Pacific,BassLink Ultra,125,8775.78,8496.15,11
2025-12-13,Asia Pacific,ClearWave SE,69,3478.16,3700.63,13
2025-12-13,Latin America,AuraSound Pro,140,12980.67,11031.96,13
2025-12-13,Latin America,BassLink Ultra,135,9392.79,8538.53,17
2025-12-13,Latin America,ClearWave SE,77,3755.82,3428.71,11
2025-12-14,North America,AuraSound Pro,288,25789.55,21893.27,14
2025-12-14,North America,BassLink Ultra,205,13740.75,12189.72,14
2025-12-14,North America,ClearWave SE,124,6091.6,5837.37,11
2025-12-14,Europe,AuraSound Pro,217,19513.91,15336.65,15
2025-12-14,Europe,BassLink Ultra,178,12020.66,10504.31,10
2025-12-14,Europe,ClearWave SE,102,5004.37,4706.08,10
2025-12-14,Asia Pacific,AuraSound Pro,194,17926.74,14861.91,17
2025-12-14,Asia Pacific,BassLink Ultra,164,11877.19,10724.21,12
2025-12-14,Asia Pacific,ClearWave SE,132,6664.9,6519.46,10
2025-12-14,Latin America,AuraSound Pro,181,15673.68,12424.94,11
2025-12-14,Latin America,BassLink Ultra,174,12363.24,10960.34,18
2025-12-14,Latin America,ClearWave SE,99,5026.97,5247.29,9
2025-12-15,North America,AuraSound Pro,311,28586.3,22288.29,10
2025-12-15,North America,BassLink Ultra,264,18539.89,16872.61,17
2025-12-15,North America,ClearWave SE,166,8162.07,7887.37,9
2025-12-15,Europe,AuraSound Pro,205,18672.22,15914.71,9
2025-12-15,Europe,BassLink Ultra,104,7270.18,6692.16,13
2025-12-15,Europe,ClearWave SE,102,5131.02,4800.08,8
2025-12-15,Asia Pacific,AuraSound Pro,181,16048.12,11653.96,11
2025-12-15,Asia Pacific,BassLink Ultra,110,7604.51,6433.87,14
2025-12-15,Asia Pacific,ClearWave SE,138,6990.58,6878.69,11
2025-12-15,Latin America,AuraSound Pro,151,13075.99,9592.89,12
2025-12-15,Latin America,BassLink Ultra,104,7302.29,5977.98,13
2025-12-15,Latin America,ClearWave SE,94,4888.01,4795.89,11
2025-12-16,North America,AuraSound Pro,265,25032.98,21534.28,11
2025-12-16,North America,BassLink Ultra,156,10796.05,10041.55,11
2025-12-16,North America,ClearWave SE,125,6403.16,6205.58,10
2025-12-16,Europe,AuraSound Pro,206,18859.28,15097.01,18
2025-12-16,Europe,BassLink Ultra,188,13307.48,12201.11,15
2025-12-16,Europe,ClearWave SE,142,6865.73,6489.69,15
2025-12-16,Asia Pacific,AuraSound Pro,173,15422.13,12971.78,16
2025-12-16,Asia Pacific,BassLink Ultra,88,6060.9,5032.79,13
2025-12-16,Asia Pacific,ClearWave SE,91,4520.63,4570.49,8
2025-12-16,Latin America,AuraSound Pro,204,18614.49,13961.0,12
2025-12-16,Latin America,BassLink Ultra,101,7384.07,7067.96,13
2025-12-16,Latin America,ClearWave SE,90,4706.24,4827.0,9
2025-12-17,North America,AuraSound Pro,191,16808.3,14099.56,12
2025-12-17,North America,BassLink Ultra,195,13130.72,12700.41,17
2025-12-17,North America,ClearWave SE,148,7070.56,6971.73,10
2025-12-17,Europe,AuraSound Pro,181,15615.85,13642.51,10
2025-12-17,Europe,BassLink Ultra,169,11621.84,11111.44,15
2025-12-17,Europe,ClearWave SE,157,7824.31,7661.0,11
2025-12-17,Asia Pacific,AuraSound Pro,168,15220.75,13281.91,9
2025-12-17,Asia Pacific,BassLink Ultra,114,7585.5,7225.01,14
2025-12-17,Asia Pacific,ClearWave SE,85,4376.94,4666.7,9
2025-12-17,Latin America,AuraSound Pro,134,11927.68,10049.73,13
2025-12-17,Latin America,BassLink Ultra,143,9554.81,8139.52,14
2025-12-17,Latin America,ClearWave SE,92,4370.69,4114.61,10
2025-12-18,North America,AuraSound Pro,255,22316.55,18729.66,13
2025-12-18,North America,BassLink Ultra,182,13307.47,11158.22,18
2025-12-18,North America,ClearWave SE,157,7744.99,8061.33,11
2025-12-18,Europe,AuraSound Pro,220,19650.25,15889.48,14
2025-12-18,Europe,BassLink Ultra,136,9138.82,8060.0,12
2025-12-18,Europe,ClearWave SE,144,7370.66,7550.5,10
2025-12-18,Asia Pacific,AuraSound Pro,228,21434.77,18685.02,11
2025-12-18,Asia Pacific,BassLink Ultra,145,10293.9,8800.87,13
2025-12-18,Asia Pacific,ClearWave SE,112,5499.86,5850.83,8
2025-12-18,Latin America,AuraSound Pro,102,9294.51,6832.69,10
2025-12-18,Latin America,BassLink Ultra,129,9005.26,8759.88,15
2025-12-18,Latin America,ClearWave SE,125,6513.91,6600.38,11
2025-12-19,North America,AuraSound Pro,246,22642.94,19890.07,12
2025-12-19,North America,BassLink Ultra,125,8765.6,8185.31,13
2025-12-19,North America,ClearWave SE,155,7455.85,7575.54,12
2025-12-19,Europe,AuraSound Pro,223,19252.28,15748.68,10
2025-12-19,Europe,BassLink Ultra,191,13769.06,13521.59,13
2025-12-19,Europe,ClearWave SE,107,5176.96,5184.29,10
2025-12-19,Asia Pacific,AuraSound Pro,180,16105.72,13022.4,12
2025-12-19,Asia Pacific,BassLink Ultra,161,10886.5,9243.15,13
2025-12-19,Asia Pacific,ClearWave SE,106,5416.85,5244.33,11
2025-12-19,Latin America,AuraSound Pro,176,16384.04,12032.75,12
2025-12-19,Latin America,BassLink Ultra,107,7376.71,6814.52,17
2025-12-19,Latin America,ClearWave SE,77,3803.09,4015.08,11
2025-12-20,North America,AuraSound Pro,230,20714.36,17642.11,12
2025-12-20,North America,BassLink Ultra,148,10301.59,9996.82,14
2025-12-20,North America,ClearWave SE,196,10078.2,9104.67,12
2025-12-20,Europe,AuraSound Pro,154,13358.39,10114.75,15
2025-12-20,Europe,BassLink Ultra,142,9752.15,8347.98,15
2025-12-20,Europe,ClearWave SE,126,6466.24,5754.4,9
2025-12-20,Asia Pacific,AuraSound Pro,214,19438.08,16322.29,11
2025-12-20,Asia Pacific,BassLink Ultra,164,11455.26,10472.78,13
2025-12-20,Asia Pacific,ClearWave SE,99,4747.35,4761.97,11
2025-12-20,Latin America,AuraSound Pro,242,22035.22,17740.15,14
2025-12-20,Latin America,BassLink Ultra,131,9199.76,8422.24,14
2025-12-20,Latin America,ClearWave SE,100,4761.23,4738.43,10
2025-12-21,North America,AuraSound Pro,357,31677.21,26656.65,9
2025-12-21,North America,BassLink Ultra,189,13666.31,11633.25,13
2025-12-21,North America,ClearWave SE,153,8012.95,7209.15,9
2025-12-21,Europe,AuraSound Pro,230,20180.4,15981.3,11
2025-12-21,Europe,BassLink Ultra,145,10371.11,9300.85,15
2025-12-21,Europe,ClearWave SE,215,11012.08,10459.9,10
2025-12-21,Asia Pacific,AuraSound Pro,215,18706.58,13667.42,14
2025-12-21,Asia Pacific,BassLink Ultra,155,11318.72,9758.23,13
2025-12-21,Asia Pacific,ClearWave SE,110,5583.77,5321.14,12
2025-12-21,Latin America,AuraSound Pro,107,9206.33,6888.53,12
2025-12-21,Latin America,BassLink Ultra,104,7235.13,6336.13,11
2025-12-21,Latin America,ClearWave SE,90,4306.9,4501.2,9
2025-12-22,North America,AuraSound Pro,218,19906.47,15220.93,15
2025-12-22,North America,BassLink Ultra,160,11531.01,9750.27,12
2025-12-22,North America,ClearWave SE,116,5674.19,5305.49,11
2025-12-22,Europe,AuraSound Pro,242,22259.52,16973.04,17
2025-12-22,Europe,BassLink Ultra,150,10294.5,9695.37,13
2025-12-22,Europe,ClearWave SE,101,5098.41,5242.94,11
2025-12-22,Asia Pacific,AuraSound Pro,152,13923.3,11495.97,11
2025-12-22,Asia Pacific,BassLink Ultra,150,10486.45,9888.51,13
2025-12-22,Asia Pacific,ClearWave SE,102,5121.07,5037.31,9
2025-12-22,Latin America,AuraSound Pro,208,18839.12,15857.25,11
2025-12-22,Latin America,BassLink Ultra,123,8575.65,6978.96,12
2025-12-22,Latin America,ClearWave SE,60,3145.61,3334.38,10
2025-12-23,North America,AuraSound Pro,269,24950.69,19246.33,15
2025-12-23,North America,BassLink Ultra,127,8596.59,7067.74,17
2025-12-23,North America,ClearWave SE,128,6538.21,7010.65,11
2025-12-23,Europe,AuraSound Pro,220,20270.52,15701.67,10
2025-12-23,Europe,BassLink Ultra,142,10056.73,8667.44,14
2025-12-23,Europe,ClearWave SE,98,4997.62,4733.75,12
2025-12-23,Asia Pacific,AuraSound Pro,202,18157.41,15463.93,11
2025-12-23,Asia Pacific,BassLink Ultra,134,9331.27,8339.15,16
2025-12-23,Asia Pacific,ClearWave SE,145,7264.57,7778.7,9
2025-12-23,Latin America,AuraSound Pro,124,10784.73,8503.21,13
2025-12-23,Latin America,BassLink Ultra,91,6167.57,6074.96,11
2025-12-23,Latin America,ClearWave SE,97,4612.92,4476.83,9
2025-12-24,North America,AuraSound Pro,224,20153.88,16661.61,10
2025-12-24,North America,BassLink Ultra,278,20127.61,19526.76,17
2025-12-24,North America,ClearWave SE,144,7530.62,8126.92,11
2025-12-24,Europe,AuraSound Pro,232,20357.03,17344.23,16
2025-12-24,Europe,BassLink Ultra,172,12193.66,10306.21,16
2025-12-24,Europe,ClearWave SE,168,7992.6,8140.75,9
2025-12-24,Asia Pacific,AuraSound Pro,175,15080.79,13002.3,15
2025-12-24,Asia Pacific,BassLink Ultra,134,9573.04,9167.04,12
2025-12-24,Asia Pacific,ClearWave SE,118,5884.59,6235.05,12
2025-12-24,Latin America,AuraSound Pro,234,20918.62,16522.25,15
2025-12-24,Latin America,BassLink Ultra,71,4891.54,4839.73,13
2025-12-24,Latin America,ClearWave SE,70,3448.18,3477.61,9
2025-12-25,North America,AuraSound Pro,278,26069.27,20041.69,12
2025-12-25,North America,BassLink Ultra,123,8507.08,7907.09,12
2025-12-25,North America,ClearWave SE,216,10670.73,10187.56,8
2025-12-25,Europe,AuraSound Pro,283,25724.52,22862.88,11
2025-12-25,Europe,BassLink Ultra,159,10841.72,10119.37,17
2025-12-25,Europe,ClearWave SE,122,5934.07,5955.19,14
2025-12-25,Asia Pacific,AuraSound Pro,152,13289.64,11256.15,14
2025-12-25,Asia Pacific,BassLink Ultra,168,11892.72,10950.08,18
2025-12-25,Asia Pacific,ClearWave SE,129,6435.35,5772.6,10
2025-12-25,Latin America,AuraSound Pro,132,11716.4,9717.32,11
2025-12-25,Latin America,BassLink Ultra,83,5699.5,5105.65,16
2025-12-25,Latin America,ClearWave SE,89,4281.92,3842.67,10
2025-12-26,North America,AuraSound Pro,249,22414.51,17057.72,14
2025-12-26,North America,BassLink Ultra,186,12935.2,11193.38,14
2025-12-26,North America,ClearWave SE,155,7804.64,8014.35,11
2025-12-26,Europe,AuraSound Pro,248,22902.68,18432.37,15
2025-12-26,Europe,BassLink Ultra,202,14654.46,12281.19,13
2025-12-26,Europe,ClearWave SE,190,9102.6,9823.9,11
2025-12-26,Asia Pacific,AuraSound Pro,316,27521.86,21325.04,13
2025-12-26,Asia Pacific,BassLink Ultra,135,9441.47,9099.56,13
2025-12-26,Asia Pacific,ClearWave SE,84,4007.94,4080.46,11
2025-12-26,Latin America,AuraSound Pro,167,15448.76,13336.9,12
2025-12-26,Latin America,BassLink Ultra,121,8424.26,7720.32,11
2025-12-26,Latin America,ClearWave SE,88,4195.42,3786.85,9
2025-12-27,North America,AuraSound Pro,294,27190.96,22010.42,12
2025-12-27,North America,BassLink Ultra,242,17285.04,15972.8,13
2025-12-27,North America,ClearWave SE,194,9748.26,9212.27,10
2025-12-27,Europe,AuraSound Pro,259,22171.85,19554.95,11
2025-12-27,Europe,BassLink Ultra,162,11457.15,10531.33,14
2025-12-27,Europe,ClearWave SE,164,8328.99,8758.92,10
2025-12-27,Asia Pacific,AuraSound Pro,201,18544.26,14173.06,17
2025-12-27,Asia Pacific,BassLink Ultra,172,12562.81,12328.3,13
2025-12-27,Asia Pacific,ClearWave SE,130,6767.54,7025.68,12
2025-12-27,Latin America,AuraSound Pro,162,14012.44,10762.38,14
2025-12-27,Latin America,BassLink Ultra,114,8364.09,6990.48,17
2025-12-27,Latin America,ClearWave SE,64,3204.52,3275.24,9
2025-12-28,North America,AuraSound Pro,251,22287.22,18002.55,14
2025-12-28,North America,BassLink Ultra,209,15306.49,14271.58,12
2025-12-28,North America,ClearWave SE,160,8378.31,8401.34,8
2025-12-28,Europe,AuraSound Pro,172,16201.17,13796.44,10
2025-12-28,Europe,BassLink Ultra,131,9223.23,8121.31,16
2025-12-28,Europe,ClearWave SE,140,6916.83,6597.49,10
2025-12-28,Asia Pacific,AuraSound Pro,239,22411.97,19499.09,15
2025-12-28,Asia Pacific,BassLink Ultra,119,8325.12,8217.62,17
2025-12-28,Asia Pacific,ClearWave SE,100,4865.14,4424.12,9
2025-12-28,Latin America,AuraSound Pro,229,20724.34,17961.59,13
2025-12-28,Latin America,BassLink Ultra,103,7179.95,6684.16,15
2025-12-28,Latin America,ClearWave SE,109,5382.12,5237.21,11
2025-12-29,North America,AuraSound Pro,250,22060.66,18419.44,13
2025-12-29,North America,BassLink Ultra,222,16250.2,14762.8,14
2025-12-29,North America,ClearWave SE,221,11000.58,10306.38,11
2025-12-29,Europe,AuraSound Pro,270,23677.67,20637.74,14
2025-12-29,Europe,BassLink Ultra,123,8739.66,7512.82,15
2025-12-29,Europe,ClearWave SE,149,7768.42,7381.82,10
2025-12-29,Asia Pacific,AuraSound Pro,181,16984.59,13164.05,10
2025-12-29,Asia Pacific,BassLink Ultra,192,13172.11,12401.29,12
2025-12-29,Asia Pacific,ClearWave SE,89,4553.25,4117.6,10
2025-12-29,Latin America,AuraSound Pro,132,11829.05,10014.45,10
2025-12-29,Latin America,BassLink Ultra,181,12789.52,11318.55,12
2025-12-29,Latin America,ClearWave SE,78,3895.76,3645.49,11
2025-12-30,North America,AuraSound Pro,208,19099.49,14321.98,12
2025-12-30,North America,BassLink Ultra,222,15146.05,14971.85,15
2025-12-30,North America,ClearWave SE,171,8951.23,8396.59,10
2025-12-30,Europe,AuraSound Pro,209,18293.4,13728.6,13
2025-12-30,Europe,BassLink Ultra,176,12255.73,11795.19,12
2025-12-30,Europe,ClearWave SE,133,6349.4,5796.99,10
2025-12-30,Asia Pacific,AuraSound Pro,234,21679.91,17709.95,13
2025-12-30,Asia Pacific,BassLink Ultra,77,5305.29,4900.5,17
2025-12-30,Asia Pacific,ClearWave SE,141,6881.72,7002.28,12
2025-12-30,Latin America,AuraSound Pro,183,16909.4,12879.12,14
2025-12-30,Latin America,BassLink Ultra,106,7126.21,6204.89,16
2025-12-30,Latin America,ClearWave SE,90,4701.44,4541.63,8
