date,region,product,units_sold,revenue,cost,lead_time_days
2024-01-01,North,Widget Pro,146,3844.5,1998.78,7
2024-01-02,North,Widget Pro,115,2781.36,1694.13,7
2024-01-03,North,Widget Pro,159,3828.75,2278.53,6
2024-01-04,North,Widget Pro,165,3827.24,2375.65,7
2024-01-05,North,Widget Pro,98,2501.56,1250.5,7
2024-01-06,North,Widget Pro,164,4134.71,2506.88,5
2024-01-07,North,Widget Pro,115,3021.87,1514.05,9
2024-01-08,North,Widget Pro,133,3122.67,2004.31,6
2024-01-09,North,Widget Pro,141,3605.62,2074.83,7
2024-01-10,North,Widget Pro,121,2970.74,1742.9,7
2024-01-11,North,Widget Pro,166,4165.35,2224.65,8
2024-01-12,North,Widget Pro,164,3819.38,2313.4,4
2024-01-13,North,Widget Pro,116,2967.17,1585.76,10
2024-01-14,North,Widget Pro,140,3510.93,1962.85,7
2024-01-15,North,Widget Pro,367,8981.0,5073.81,10
2024-01-16,North,Widget Pro,123,3071.82,1546.48,7
2024-01-17,North,Widget Pro,154,3686.35,2276.93,8
2024-01-18,North,Widget Pro,122,2937.04,1701.07,12
2024-01-19,North,Widget Pro,170,4107.09,2322.31,8
2024-01-20,North,Widget Pro,115,2660.9,1564.89,11
2024-01-21,North,Widget Pro,113,2840.07,1610.35,8
2024-01-22,North,Widget Pro,129,3273.48,1725.29,9
2024-01-23,North,Widget Pro,183,4389.17,2273.11,9
2024-01-24,North,Widget Pro,143,3540.1,2042.75,10
2024-01-25,North,Widget Pro,137,3329.76,1967.78,7
2024-01-26,North,Widget Pro,139,3439.04,1926.58,7
2024-01-27,North,Widget Pro,131,3149.07,1728.74,7
2024-01-28,North,Widget Pro,127,3029.04,1785.91,9
2024-01-29,North,Widget Pro,160,4043.72,2075.97,8
2024-01-30,North,Widget Pro,161,3936.94,2138.23,10
2024-01-31,North,Widget Pro,220,5716.98,2964.39,11
2024-02-01,North,Widget Pro,140,3434.77,2042.71,7
2024-02-02,North,Widget Pro,137,3263.25,1883.23,7
2024-02-03,North,Widget Pro,104,2641.79,1423.4,6
2024-02-04,North,Widget Pro,135,3370.09,2074.72,13
2024-02-05,North,Widget Pro,186,4656.37,2649.89,9
2024-02-06,North,Widget Pro,373,9464.91,5310.51,10
2024-02-07,North,Widget Pro,131,3146.65,1800.1,6
2024-02-08,North,Widget Pro,132,3221.65,1792.9,9
2024-02-09,North,Widget Pro,172,4192.33,2144.76,10
2024-02-10,North,Widget Pro,140,3297.18,2054.94,8
2024-02-11,North,Widget Pro,135,3281.35,1932.37,11
2024-02-12,North,Widget Pro,136,3465.58,1886.94,14
2024-02-13,North,Widget Pro,161,3972.59,2238.53,7
2024-02-14,North,Widget Pro,158,3714.68,2293.42,7
2024-02-15,North,Widget Pro,161,3760.39,2078.78,7
2024-02-16,North,Widget Pro,181,4655.97,2459.26,12
2024-02-17,North,Widget Pro,129,3151.94,1703.39,11
2024-02-18,North,Widget Pro,141,3387.41,2148.85,9
2024-02-19,North,Widget Pro,158,3839.18,2308.85,9
2024-02-20,North,Widget Pro,367,8593.0,4572.13,7
2024-02-21,North,Widget Pro,388,9911.84,5020.86,11
2024-02-22,North,Widget Pro,121,2929.54,1682.79,8
2024-02-23,North,Widget Pro,148,3774.75,2023.06,8
2024-02-24,North,Widget Pro,116,2846.4,1516.46,10
2024-02-25,North,Widget Pro,112,2861.68,1720.47,9
2024-02-26,North,Widget Pro,150,3703.3,2132.82,8
2024-02-27,North,Widget Pro,207,5201.32,2966.8,9
2024-02-28,North,Widget Pro,136,3403.88,1838.12,10
2024-02-29,North,Widget Pro,189,4717.08,2741.56,12
2024-03-01,North,Widget Pro,117,2896.42,1606.84,10
2024-03-02,North,Widget Pro,120,2919.46,1656.2,10
2024-03-03,North,Widget Pro,131,3393.93,1890.03,8
2024-03-04,North,Widget Pro,177,4218.51,2276.17,7
2024-03-05,North,Widget Pro,182,4459.58,2751.46,10
2024-03-06,North,Widget Pro,313,7671.92,4421.96,9
2024-03-07,North,Widget Pro,151,3744.16,2249.4,6
2024-03-08,North,Widget Pro,148,3579.28,1960.59,8
2024-03-09,North,Widget Pro,150,3709.7,2003.07,8
2024-03-10,North,Widget Pro,124,3022.61,1635.15,7
2024-03-11,North,Widget Pro,128,2987.17,1814.43,11
2024-03-12,North,Widget Pro,132,3234.93,1854.1,9
2024-03-13,North,Widget Pro,137,3245.68,1873.46,11
2024-03-14,North,Widget Pro,177,4110.87,2352.36,9
2024-03-15,North,Widget Pro,166,4083.7,2176.82,8
2024-03-16,North,Widget Pro,147,3654.21,2053.01,6
2024-03-17,North,Widget Pro,120,2986.45,1640.89,8
2024-03-18,North,Widget Pro,167,4161.12,2257.85,8
2024-03-19,North,Widget Pro,182,4200.48,2745.1,5
2024-03-20,North,Widget Pro,154,3618.95,2147.13,7
2024-03-21,North,Widget Pro,450,11677.74,6700.06,7
2024-03-22,North,Widget Pro,144,3417.16,1962.25,8
2024-03-23,North,Widget Pro,122,3043.77,1728.9,8
2024-03-24,North,Widget Pro,122,2927.4,1703.26,6
2024-03-25,North,Widget Pro,132,3241.73,1691.14,8
2024-03-26,North,Widget Pro,178,4278.15,2669.97,7
2024-03-27,North,Widget Pro,150,3736.91,2085.81,2
2024-03-28,North,Widget Pro,164,4034.49,2381.69,6
2024-03-29,North,Widget Pro,178,4302.35,2398.3,9
2024-03-30,North,Widget Pro,142,3369.39,1971.61,4
2024-03-31,North,Widget Pro,148,3655.13,1982.19,7
2024-04-01,North,Widget Pro,161,3800.99,2393.3,10
2024-04-02,North,Widget Pro,152,3771.76,2161.13,5
2024-04-03,North,Widget Pro,161,4255.31,2295.37,7
2024-04-04,North,Widget Pro,121,3084.58,1809.04,4
2024-04-05,North,Widget Pro,126,3153.53,1865.99,10
2024-04-06,North,Widget Pro,103,2517.02,1497.18,6
2024-04-07,North,Widget Pro,110,2538.25,1430.53,7
2024-04-08,North,Widget Pro,176,4140.95,2378.29,9
2024-04-09,North,Widget Pro,139,3536.56,1848.32,8
2024-04-10,North,Widget Pro,153,3659.69,2219.92,5
2024-04-11,North,Widget Pro,207,4965.11,2922.73,5
2024-04-12,North,Widget Pro,154,3754.25,2006.1,7
2024-04-13,North,Widget Pro,150,3557.91,2080.18,5
2024-04-14,North,Widget Pro,111,2619.41,1437.91,2
2024-04-15,North,Widget Pro,158,3865.14,2206.12,6
2024-04-16,North,Widget Pro,138,3290.57,1772.09,3
2024-04-17,North,Widget Pro,154,3689.12,2213.01,9
2024-04-18,North,Widget Pro,190,4545.91,2710.27,6
2024-04-19,North,Widget Pro,120,2986.07,1840.27,4
2024-04-20,North,Widget Pro,142,3454.77,2072.28,4
2024-04-21,North,Widget Pro,137,3338.52,1877.44,2
2024-04-22,North,Widget Pro,147,3666.0,2142.18,3
2024-04-23,North,Widget Pro,126,3073.85,1640.73,8
2024-04-24,North,Widget Pro,165,4008.75,2198.83,10
2024-04-25,North,Widget Pro,148,3677.18,2106.51,7
2024-04-26,North,Widget Pro,170,4248.49,2123.17,5
2024-04-27,North,Widget Pro,131,3195.34,1830.59,5
2024-04-28,North,Widget Pro,174,4273.31,2311.73,3
2024-04-29,North,Widget Pro,156,3732.36,2195.06,9
2024-04-30,North,Widget Pro,135,3222.1,1788.15,5
2024-05-01,North,Widget Pro,168,4210.97,2401.89,9
2024-05-02,North,Widget Pro,169,4195.77,2368.29,8
2024-05-03,North,Widget Pro,207,5140.77,3100.91,2
2024-05-04,North,Widget Pro,151,3730.67,2114.71,4
2024-05-05,North,Widget Pro,138,3385.69,1857.75,4
2024-05-06,North,Widget Pro,46,1150.55,636.05,5
2024-05-07,North,Widget Pro,131,3299.54,1710.73,5
2024-05-08,North,Widget Pro,144,3624.44,2056.94,11
2024-05-09,North,Widget Pro,137,3346.35,1974.57,3
2024-05-10,North,Widget Pro,150,3827.92,2359.27,5
2024-05-11,North,Widget Pro,101,2491.46,1370.04,6
2024-05-12,North,Widget Pro,144,3594.93,1989.01,5
2024-05-13,North,Widget Pro,154,3804.93,2093.93,5
2024-05-14,North,Widget Pro,123,3035.83,1740.26,3
2024-05-15,North,Widget Pro,133,3186.58,1897.54,5
2024-05-16,North,Widget Pro,169,4227.62,2359.69,6
2024-05-17,North,Widget Pro,186,4945.98,2745.44,6
2024-05-18,North,Widget Pro,183,4433.09,2482.96,6
2024-05-19,North,Widget Pro,215,5278.72,3158.42,8
2024-05-20,North,Widget Pro,171,4133.42,2458.46,7
2024-05-21,North,Widget Pro,133,3210.79,1860.88,5
2024-05-22,North,Widget Pro,108,2768.6,1488.19,3
2024-05-23,North,Widget Pro,166,3984.89,2605.98,4
2024-05-24,North,Widget Pro,137,3308.76,1839.65,5
2024-05-25,North,Widget Pro,117,2729.98,1662.4,6
2024-05-26,North,Widget Pro,113,2705.58,1522.66,4
2024-05-27,North,Widget Pro,154,3579.63,2348.49,3
2024-05-28,North,Widget Pro,190,4743.23,2777.95,3
2024-05-29,North,Widget Pro,161,4275.8,2177.55,2
2024-05-30,North,Widget Pro,152,3683.03,2182.54,5
2024-05-31,North,Widget Pro,130,3025.74,1843.45,2
2024-06-01,North,Widget Pro,92,2314.86,1254.73,3
2024-06-02,North,Widget Pro,114,2732.09,1656.5,5
2024-06-03,North,Widget Pro,154,3920.07,2197.97,3
2024-06-04,North,Widget Pro,213,5174.35,3014.16,6
2024-06-05,North,Widget Pro,159,3821.66,2221.33,7
2024-06-06,North,Widget Pro,185,4508.3,2645.82,4
2024-06-07,North,Widget Pro,141,3533.03,1996.64,5
2024-06-08,North,Widget Pro,100,2433.28,1404.14,7
2024-06-09,North,Widget Pro,103,2485.9,1395.78,4
2024-06-10,North,Widget Pro,135,3287.77,2050.06,4
2024-06-11,North,Widget Pro,225,5302.17,2984.56,8
2024-06-12,North,Widget Pro,132,3272.52,1887.51,8
2024-06-13,North,Widget Pro,178,4127.24,2452.1,7
2024-06-14,North,Widget Pro,129,3118.39,1964.89,8
2024-06-15,North,Widget Pro,144,3608.37,1924.93,2
2024-06-16,North,Widget Pro,130,3213.96,1753.09,9
2024-06-17,North,Widget Pro,147,3665.28,1958.21,7
2024-06-18,North,Widget Pro,150,3667.83,2133.96,8
2024-06-19,North,Widget Pro,134,3398.21,1747.21,7
2024-06-20,North,Widget Pro,163,4104.28,2227.4,6
2024-06-21,North,Widget Pro,138,3426.25,1724.08,6
2024-06-22,North,Widget Pro,96,2417.45,1360.16,7
2024-06-23,North,Widget Pro,95,2379.9,1296.74,6
2024-06-24,North,Widget Pro,154,3723.26,1995.59,8
2024-06-25,North,Widget Pro,198,4655.42,2922.47,4
2024-06-26,North,Widget Pro,153,3795.77,2001.95,6
2024-06-27,North,Widget Pro,145,3610.7,2110.89,11
2024-06-28,North,Widget Pro,156,3947.03,2107.45,6
2024-06-29,North,Widget Pro,149,3547.96,2253.04,7
2024-06-30,North,Widget Pro,122,2907.72,1772.01,5
2024-07-01,North,Widget Pro,136,3377.97,1808.03,8
2024-07-02,North,Widget Pro,179,4376.14,2391.09,6
2024-07-03,North,Widget Pro,158,3652.01,2278.97,7
2024-07-04,North,Widget Pro,192,4756.94,2652.74,9
2024-07-05,North,Widget Pro,150,3470.77,2082.22,6
2024-07-06,North,Widget Pro,93,2213.89,1384.82,9
2024-07-07,North,Widget Pro,91,2319.91,1226.31,9
2024-07-08,North,Widget Pro,195,5039.05,2742.46,10
2024-07-09,North,Widget Pro,197,4650.48,2889.64,8
2024-07-10,North,Widget Pro,139,3371.85,2024.73,14
2024-07-11,North,Widget Pro,134,3287.2,1861.03,10
2024-07-12,North,Widget Pro,186,4800.51,2566.38,9
2024-07-13,North,Widget Pro,94,2268.95,1201.59,6
2024-07-14,North,Widget Pro,97,2342.5,1286.28,8
2024-07-15,North,Widget Pro,160,4102.13,2275.66,11
2024-07-16,North,Widget Pro,132,3197.64,1835.26,12
2024-07-17,North,Widget Pro,141,3529.35,1981.4,11
2024-07-18,North,Widget Pro,137,3207.76,2017.66,10
2024-07-19,North,Widget Pro,150,3656.12,1975.33,6
2024-07-20,North,Widget Pro,145,3375.63,2006.03,9
2024-07-21,North,Widget Pro,114,2704.57,1611.06,6
2024-07-22,North,Widget Pro,157,3943.34,2120.61,5
2024-07-23,North,Widget Pro,97,2372.94,1455.2,9
2024-07-24,North,Widget Pro,138,3348.63,2019.77,10
2024-07-25,North,Widget Pro,119,2850.01,1690.17,10
2024-07-26,North,Widget Pro,111,2701.5,1693.41,10
2024-07-27,North,Widget Pro,95,2348.53,1230.32,10
2024-07-28,North,Widget Pro,104,2623.13,1455.44,7
2024-07-29,North,Widget Pro,163,3678.99,2323.8,9
2024-07-30,North,Widget Pro,108,2579.97,1442.86,6
2024-07-31,North,Widget Pro,138,3397.14,1961.05,5
2024-08-01,North,Widget Pro,126,3077.84,1666.4,10
2024-08-02,North,Widget Pro,129,3198.75,1868.36,7
2024-08-03,North,Widget Pro,131,3235.26,1931.0,11
2024-08-04,North,Widget Pro,120,2913.11,1702.88,11
2024-08-05,North,Widget Pro,173,4171.51,2197.63,8
2024-08-06,North,Widget Pro,132,3210.18,1758.67,10
2024-08-07,North,Widget Pro,119,3015.97,1713.04,8
2024-08-08,North,Widget Pro,130,3115.06,1821.93,5
2024-08-09,North,Widget Pro,141,3447.99,1708.1,9
2024-08-10,North,Widget Pro,111,2734.46,1650.57,8
2024-08-11,North,Widget Pro,88,2256.92,1240.42,8
2024-08-12,North,Widget Pro,136,3301.98,1826.02,13
2024-08-13,North,Widget Pro,139,3503.46,2042.81,6
2024-08-14,North,Widget Pro,210,5335.16,2840.4,10
2024-08-15,North,Widget Pro,187,4572.74,2527.88,7
2024-08-16,North,Widget Pro,114,2775.34,1624.6,11
2024-08-17,North,Widget Pro,101,2450.07,1539.92,10
2024-08-18,North,Widget Pro,82,1993.58,1241.19,10
2024-08-19,North,Widget Pro,119,2990.22,1695.96,7
2024-08-20,North,Widget Pro,140,3453.77,2005.31,7
2024-08-21,North,Widget Pro,164,4046.36,2386.86,11
2024-08-22,North,Widget Pro,116,2746.06,1521.93,12
2024-08-23,North,Widget Pro,117,2783.3,1690.76,10
2024-08-24,North,Widget Pro,71,1851.36,957.52,7
2024-08-25,North,Widget Pro,173,4215.89,2460.57,10
2024-08-26,North,Widget Pro,108,2584.5,1494.8,14
2024-08-27,North,Widget Pro,119,3040.67,1707.75,9
2024-08-28,North,Widget Pro,112,2767.2,1577.26,12
2024-08-29,North,Widget Pro,128,3190.39,1516.66,7
2024-08-30,North,Widget Pro,95,2317.86,1341.9,9
2024-08-31,North,Widget Pro,80,1941.26,1155.96,10
2024-09-01,North,Widget Pro,153,3729.43,2189.76,9
2024-09-02,North,Widget Pro,103,2418.82,1434.6,7
2024-09-03,North,Widget Pro,106,2590.15,1605.85,7
2024-09-04,North,Widget Pro,180,4449.17,2559.23,10
2024-09-05,North,Widget Pro,218,5637.5,3118.79,11
2024-09-06,North,Widget Pro,105,2579.14,1546.77,11
2024-09-07,North,Widget Pro,97,2210.08,1382.62,12
2024-09-08,North,Widget Pro,110,2687.4,1470.85,9
2024-09-09,North,Widget Pro,176,4666.38,2163.6,8
2024-09-10,North,Widget Pro,108,2714.77,1475.93,11
2024-09-11,North,Widget Pro,123,2940.19,1787.52,9
2024-09-12,North,Widget Pro,148,3690.3,2035.42,6
2024-09-13,North,Widget Pro,139,3329.69,2023.95,6
2024-09-14,North,Widget Pro,96,2256.48,1353.99,9
2024-09-15,North,Widget Pro,100,2424.39,1490.16,7
2024-09-16,North,Widget Pro,100,2456.73,1379.33,8
2024-09-17,North,Widget Pro,123,2844.25,1762.26,10
2024-09-18,North,Widget Pro,122,2885.95,1751.2,9
2024-09-19,North,Widget Pro,134,3284.02,2016.85,10
2024-09-20,North,Widget Pro,116,2807.2,1485.42,4
2024-09-21,North,Widget Pro,112,2776.5,1532.06,8
2024-09-22,North,Widget Pro,123,2903.69,1795.06,9
2024-09-23,North,Widget Pro,132,3303.28,1990.84,4
2024-09-24,North,Widget Pro,137,3237.3,1941.02,6
2024-09-25,North,Widget Pro,129,3316.26,1779.57,5
2024-09-26,North,Widget Pro,128,2974.58,1859.84,7
2024-09-27,North,Widget Pro,113,2677.76,1650.71,10
2024-09-28,North,Widget Pro,109,2703.94,1498.56,11
2024-09-29,North,Widget Pro,101,2598.04,1437.35,5
2024-09-30,North,Widget Pro,187,4624.8,2772.53,8
2024-10-01,North,Widget Pro,170,4235.33,2604.96,8
2024-10-02,North,Widget Pro,138,3382.78,2003.74,7
2024-10-03,North,Widget Pro,112,2659.51,1571.46,7
2024-10-04,North,Widget Pro,105,2534.67,1466.03,7
2024-10-05,North,Widget Pro,127,2998.37,1827.55,10
2024-10-06,North,Widget Pro,108,2544.5,1503.26,9
2024-10-07,North,Widget Pro,140,3471.34,1978.58,4
2024-10-08,North,Widget Pro,94,2225.4,1246.39,8
2024-10-09,North,Widget Pro,152,3759.7,2266.01,8
2024-10-10,North,Widget Pro,140,3296.04,1848.26,7
2024-10-11,North,Widget Pro,198,4894.13,2712.11,8
2024-10-12,North,Widget Pro,95,2293.38,1336.49,6
2024-10-13,North,Widget Pro,108,2757.66,1662.52,6
2024-10-14,North,Widget Pro,131,3240.67,1795.24,6
2024-10-15,North,Widget Pro,123,3125.22,1664.66,2
2024-10-16,North,Widget Pro,127,3040.96,1729.03,6
2024-10-17,North,Widget Pro,124,3043.12,1879.99,4
2024-10-18,North,Widget Pro,134,3186.37,1612.2,3
2024-10-19,North,Widget Pro,136,3290.66,1808.54,8
2024-10-20,North,Widget Pro,66,1604.29,1050.19,7
2024-10-21,North,Widget Pro,125,2995.81,1801.7,5
2024-10-22,North,Widget Pro,135,3186.89,1785.48,4
2024-10-23,North,Widget Pro,138,3237.63,1927.95,6
2024-10-24,North,Widget Pro,123,2801.98,1727.81,7
2024-10-25,North,Widget Pro,96,2277.46,1400.86,4
2024-10-26,North,Widget Pro,112,2795.66,1712.22,5
2024-10-27,North,Widget Pro,144,3358.81,2055.17,7
2024-10-28,North,Widget Pro,100,2349.44,1362.21,1
2024-10-29,North,Widget Pro,154,3975.71,2240.85,5
2024-10-30,North,Widget Pro,125,3004.02,1688.9,4
2024-10-31,North,Widget Pro,131,3240.41,1739.24,5
2024-11-01,North,Widget Pro,110,2746.93,1404.49,4
2024-11-02,North,Widget Pro,100,2498.7,1290.44,5
2024-11-03,North,Widget Pro,135,3156.45,1805.29,9
2024-11-04,North,Widget Pro,148,3600.87,1949.98,4
2024-11-05,North,Widget Pro,183,4265.84,2602.13,6
2024-11-06,North,Widget Pro,166,4365.48,2184.63,9
2024-11-07,North,Widget Pro,145,3382.53,1710.92,4
2024-11-08,North,Widget Pro,184,4366.29,2441.54,9
2024-11-09,North,Widget Pro,117,2777.01,1599.35,5
2024-11-10,North,Widget Pro,125,2924.99,1697.02,9
2024-11-11,North,Widget Pro,128,3263.25,1928.15,7
2024-11-12,North,Widget Pro,137,3600.43,1859.16,6
2024-11-13,North,Widget Pro,120,2898.04,1754.0,5
2024-11-14,North,Widget Pro,163,3835.31,2279.83,4
2024-11-15,North,Widget Pro,111,2537.0,1550.71,5
2024-11-16,North,Widget Pro,126,3064.39,1690.32,7
2024-11-17,North,Widget Pro,106,2572.35,1479.64,5
2024-11-18,North,Widget Pro,170,4083.62,2288.95,4
2024-11-19,North,Widget Pro,158,3896.71,2230.8,5
2024-11-20,North,Widget Pro,192,4759.77,2656.25,7
2024-11-21,North,Widget Pro,158,3908.52,2107.52,8
2024-11-22,North,Widget Pro,105,2548.1,1542.9,4
2024-11-23,North,Widget Pro,110,2605.93,1572.87,4
2024-11-24,North,Widget Pro,91,2274.03,1245.46,6
2024-11-25,North,Widget Pro,128,3137.18,1805.04,8
2024-11-26,North,Widget Pro,184,4628.14,2565.2,8
2024-11-27,North,Widget Pro,158,3962.75,2116.04,3
2024-11-28,North,Widget Pro,125,2931.88,1756.17,5
2024-11-29,North,Widget Pro,118,2766.61,1600.7,4
2024-11-30,North,Widget Pro,114,2729.69,1520.59,5
2024-12-01,North,Widget Pro,91,2158.85,1170.63,9
2024-12-02,North,Widget Pro,127,3182.0,1746.12,3
2024-12-03,North,Widget Pro,151,3738.49,2173.93,2
2024-12-04,North,Widget Pro,177,4479.5,2391.93,4
2024-12-05,North,Widget Pro,161,3991.42,2538.08,6
2024-12-06,North,Widget Pro,212,5226.51,3099.44,7
2024-12-07,North,Widget Pro,122,3096.58,1819.39,7
2024-12-08,North,Widget Pro,118,2931.74,1717.69,8
2024-12-09,North,Widget Pro,157,3854.36,2401.63,2
2024-12-10,North,Widget Pro,195,4989.69,2622.57,8
2024-12-11,North,Widget Pro,101,2483.05,1232.96,5
2024-12-12,North,Widget Pro,48,1165.26,657.01,8
2024-12-13,North,Widget Pro,164,3917.01,2360.08,3
2024-12-14,North,Widget Pro,89,2226.49,1255.44,6
2024-12-15,North,Widget Pro,155,3938.43,2199.89,7
2024-12-16,North,Widget Pro,159,3889.59,2373.02,9
2024-12-17,North,Widget Pro,173,4404.81,2468.27,3
2024-12-18,North,Widget Pro,135,3112.03,1965.5,7
2024-12-19,North,Widget Pro,173,4231.45,2308.22,4
2024-12-20,North,Widget Pro,182,4453.64,2408.45,8
2024-12-21,North,Widget Pro,126,3019.67,1906.36,8
2024-12-22,North,Widget Pro,126,3307.77,1772.9,9
2024-12-23,North,Widget Pro,159,3887.76,2156.63,6
2024-12-24,North,Widget Pro,130,3146.04,1763.45,9
2024-12-25,North,Widget Pro,148,3628.82,2004.75,10
2024-12-26,North,Widget Pro,149,3431.16,2012.06,4
2024-12-27,North,Widget Pro,164,3926.41,2148.69,8
2024-12-28,North,Widget Pro,147,3707.73,1903.61,9
2024-12-29,North,Widget Pro,102,2451.85,1414.08,7
2024-12-30,North,Widget Pro,151,3607.51,2051.33,5
2024-12-31,North,Widget Pro,203,5168.89,2999.33,9
2025-01-01,North,Widget Pro,136,3465.97,1931.9,5
2025-01-02,North,Widget Pro,135,3358.8,1915.07,7
2025-01-03,North,Widget Pro,162,3914.81,2183.73,7
2025-01-04,North,Widget Pro,146,3551.3,2031.63,9
2025-01-05,North,Widget Pro,126,3012.53,1795.84,6
2025-01-06,North,Widget Pro,200,4753.77,2900.27,6
2025-01-07,North,Widget Pro,185,4390.49,2577.84,8
2025-01-08,North,Widget Pro,185,4448.46,2729.75,10
2025-01-09,North,Widget Pro,176,4178.15,2464.98,13
2025-01-10,North,Widget Pro,243,5674.21,3536.86,5
2025-01-11,North,Widget Pro,123,3033.34,1679.82,9
2025-01-12,North,Widget Pro,90,2220.52,1145.81,6
2025-01-13,North,Widget Pro,215,5536.27,3050.39,10
2025-01-14,North,Widget Pro,149,3577.31,2161.65,6
2025-01-15,North,Widget Pro,165,4078.41,2376.45,7
2025-01-16,North,Widget Pro,205,5069.62,2930.58,7
2025-01-17,North,Widget Pro,122,2966.24,1678.23,8
2025-01-18,North,Widget Pro,104,2604.9,1397.27,9
2025-01-19,North,Widget Pro,98,2456.84,1409.85,9
2025-01-20,North,Widget Pro,142,3513.17,2030.39,9
2025-01-21,North,Widget Pro,178,4327.55,2422.11,6
2025-01-22,North,Widget Pro,181,4386.94,2674.56,10
2025-01-23,North,Widget Pro,174,4088.08,2328.47,9
2025-01-24,North,Widget Pro,128,3060.18,1739.72,11
2025-01-25,North,Widget Pro,88,2115.77,1332.8,7
2025-01-26,North,Widget Pro,135,3195.97,1972.08,6
2025-01-27,North,Widget Pro,153,3797.97,2103.66,9
2025-01-28,North,Widget Pro,182,4619.07,2584.61,11
2025-01-29,North,Widget Pro,190,4528.19,2680.59,9
2025-01-30,North,Widget Pro,172,4249.83,2077.43,8
2025-01-31,North,Widget Pro,193,4581.81,2579.54,7
2025-02-01,North,Widget Pro,347,8423.73,4845.65,12
2025-02-02,North,Widget Pro,149,3574.9,2048.81,7
2025-02-03,North,Widget Pro,150,3741.36,2125.95,8
2025-02-04,North,Widget Pro,165,3960.18,2440.46,10
2025-02-05,North,Widget Pro,177,4468.11,2438.16,5
2025-02-06,North,Widget Pro,198,4815.24,2625.41,12
2025-02-07,North,Widget Pro,160,3843.61,2276.38,10
2025-02-08,North,Widget Pro,151,3560.4,2079.48,11
2025-02-09,North,Widget Pro,131,3233.88,1819.69,10
2025-02-10,North,Widget Pro,169,4251.7,2331.48,9
2025-02-11,North,Widget Pro,201,4964.88,3129.43,7
2025-02-12,North,Widget Pro,121,3163.61,1504.21,9
2025-02-13,North,Widget Pro,137,3500.47,1880.76,7
2025-02-14,North,Widget Pro,133,3228.44,1861.66,10
2025-02-15,North,Widget Pro,92,2232.49,1237.69,11
2025-02-16,North,Widget Pro,124,3080.81,1814.1,12
2025-02-17,North,Widget Pro,200,4776.81,2913.86,10
2025-02-18,North,Widget Pro,166,4209.3,2318.45,11
2025-02-19,North,Widget Pro,182,4507.37,2513.52,8
2025-02-20,North,Widget Pro,214,5283.34,2979.23,8
2025-02-21,North,Widget Pro,224,5601.1,3119.57,10
2025-02-22,North,Widget Pro,139,3581.51,1938.37,8
2025-02-23,North,Widget Pro,180,4432.62,2496.31,9
2025-02-24,North,Widget Pro,74,1806.85,1049.08,7
2025-02-25,North,Widget Pro,152,3892.55,2208.14,7
2025-02-26,North,Widget Pro,160,4033.78,2102.21,10
2025-02-27,North,Widget Pro,136,3299.91,1803.98,10
2025-02-28,North,Widget Pro,152,3724.58,1941.96,7
2025-03-01,North,Widget Pro,134,3302.24,1957.27,10
2025-03-02,North,Widget Pro,165,4086.38,2338.91,7
2025-03-03,North,Widget Pro,244,5734.71,3502.3,8
2025-03-04,North,Widget Pro,140,3271.28,1819.91,11
2025-03-05,North,Widget Pro,193,4602.62,2943.15,10
2025-03-06,North,Widget Pro,149,3544.85,2022.5,10
2025-03-07,North,Widget Pro,196,4709.25,2767.08,12
2025-03-08,North,Widget Pro,141,3520.28,2058.33,7
2025-03-09,North,Widget Pro,104,2535.09,1384.15,6
2025-03-10,North,Widget Pro,213,5249.25,2900.54,7
2025-03-11,North,Widget Pro,162,3823.22,2288.32,7
2025-03-12,North,Widget Pro,164,3962.35,2624.04,3
2025-03-13,North,Widget Pro,149,3714.81,2117.41,7
2025-03-14,North,Widget Pro,161,4014.9,2435.04,7
2025-03-15,North,Widget Pro,157,3762.89,2330.5,9
2025-03-16,North,Widget Pro,140,3446.64,1996.06,8
2025-03-17,North,Widget Pro,193,5040.42,2568.36,6
2025-03-18,North,Widget Pro,194,4750.49,2859.91,9
2025-03-19,North,Widget Pro,231,5541.81,2991.76,9
2025-03-20,North,Widget Pro,171,4167.66,2585.62,6
2025-03-21,North,Widget Pro,140,3439.49,1979.6,6
2025-03-22,North,Widget Pro,177,4316.83,2149.64,3
2025-03-23,North,Widget Pro,138,3377.82,1899.11,5
2025-03-24,North,Widget Pro,223,5226.91,3224.08,6
2025-03-25,North,Widget Pro,196,4663.32,2711.48,7
2025-03-26,North,Widget Pro,179,4365.85,2595.59,5
2025-03-27,North,Widget Pro,195,4753.81,2613.97,6
2025-03-28,North,Widget Pro,260,6261.8,3402.31,4
2025-03-29,North,Widget Pro,213,5190.79,2971.35,7
2025-03-30,North,Widget Pro,149,3657.18,2089.29,8
2025-03-31,North,Widget Pro,189,4754.05,2599.91,7
2025-04-01,North,Widget Pro,223,5447.24,3313.58,7
2025-04-02,North,Widget Pro,158,3917.35,2117.97,3
2025-04-03,North,Widget Pro,195,4699.88,2772.75,5
2025-04-04,North,Widget Pro,183,4560.45,2570.71,6
2025-04-05,North,Widget Pro,373,9241.51,4815.54,6
2025-04-06,North,Widget Pro,19,477.59,248.46,6
2025-04-07,North,Widget Pro,138,3453.37,1933.15,9
2025-04-08,North,Widget Pro,127,3166.46,1954.13,8
2025-04-09,North,Widget Pro,150,3664.15,2160.82,4
2025-04-10,North,Widget Pro,169,4170.93,2161.86,7
2025-04-11,North,Widget Pro,174,4399.01,2057.14,7
2025-04-12,North,Widget Pro,208,4996.31,3018.73,4
2025-04-13,North,Widget Pro,179,4302.82,2493.94,8
2025-04-14,North,Widget Pro,154,3793.54,2279.03,5
2025-04-15,North,Widget Pro,195,4837.02,2609.78,3
2025-04-16,North,Widget Pro,171,4085.92,2435.92,7
2025-04-17,North,Widget Pro,174,4253.44,2539.06,6
2025-04-18,North,Widget Pro,190,4641.87,2600.49,5
2025-04-19,North,Widget Pro,164,3750.97,2247.09,5
2025-04-20,North,Widget Pro,138,3358.73,1934.44,4
2025-04-21,North,Widget Pro,222,5413.33,3192.33,7
2025-04-22,North,Widget Pro,149,3632.95,2084.5,5
2025-04-23,North,Widget Pro,183,4673.95,2686.77,6
2025-04-24,North,Widget Pro,292,6893.07,3993.58,6
2025-04-25,North,Widget Pro,190,4539.84,2483.32,3
2025-04-26,North,Widget Pro,189,4267.63,2907.55,3
2025-04-27,North,Widget Pro,149,3597.83,2022.94,1
2025-04-28,North,Widget Pro,203,4914.47,2761.22,6
2025-04-29,North,Widget Pro,181,4366.66,2525.66,3
2025-04-30,North,Widget Pro,177,4480.6,2486.32,5
2025-05-01,North,Widget Pro,158,3970.94,2169.23,6
2025-05-02,North,Widget Pro,197,4837.77,2755.6,6
2025-05-03,North,Widget Pro,125,3028.45,1746.52,3
2025-05-04,North,Widget Pro,164,4141.7,2316.07,5
2025-05-05,North,Widget Pro,221,5411.29,2729.3,8
2025-05-06,North,Widget Pro,194,4636.32,2971.42,8
2025-05-07,North,Widget Pro,172,3997.03,2390.27,7
2025-05-08,North,Widget Pro,196,4738.42,2823.66,6
2025-05-09,North,Widget Pro,171,4284.35,2229.04,3
2025-05-10,North,Widget Pro,171,4475.63,2337.62,6
2025-05-11,North,Widget Pro,104,2552.71,1407.06,5
2025-05-12,North,Widget Pro,170,4069.37,2554.9,6
2025-05-13,North,Widget Pro,126,2977.26,1712.33,4
2025-05-14,North,Widget Pro,137,3412.08,1990.7,5
2025-05-15,North,Widget Pro,229,5313.49,3101.74,5
2025-05-16,North,Widget Pro,211,5254.85,2887.15,6
2025-05-17,North,Widget Pro,126,3162.73,1742.34,6
2025-05-18,North,Widget Pro,109,2705.45,1623.96,4
2025-05-19,North,Widget Pro,105,2555.55,1331.1,2
2025-05-20,North,Widget Pro,162,4036.27,2118.8,8
2025-05-21,North,Widget Pro,275,6772.05,3475.14,10
2025-05-22,North,Widget Pro,192,4594.19,2541.84,6
2025-05-23,North,Widget Pro,160,4137.61,2149.1,3
2025-05-24,North,Widget Pro,154,3733.19,1981.96,4
2025-05-25,North,Widget Pro,107,2682.51,1443.01,6
2025-05-26,North,Widget Pro,167,3794.63,2102.48,8
2025-05-27,North,Widget Pro,179,4553.44,2378.45,3
2025-05-28,North,Widget Pro,173,4425.26,2567.37,5
2025-05-29,North,Widget Pro,203,4977.95,2899.35,6
2025-05-30,North,Widget Pro,187,4658.3,2642.54,7
2025-05-31,North,Widget Pro,158,3935.86,2101.09,5
2025-06-01,North,Widget Pro,124,2979.42,1602.67,2
2025-06-02,North,Widget Pro,205,5104.94,2706.53,7
2025-06-03,North,Widget Pro,233,5570.02,3254.95,8
2025-06-04,North,Widget Pro,146,3511.67,2132.73,6
2025-06-05,North,Widget Pro,148,3748.59,2165.49,7
2025-06-06,North,Widget Pro,220,5547.6,3177.11,5
2025-06-07,North,Widget Pro,134,3213.43,1806.82,4
2025-06-08,North,Widget Pro,178,4265.03,2495.06,8
2025-06-09,North,Widget Pro,159,3820.05,2190.23,7
2025-06-10,North,Widget Pro,223,5583.58,3090.59,7
2025-06-11,North,Widget Pro,176,4182.64,2714.97,9
2025-06-12,North,Widget Pro,179,4432.43,2285.22,4
2025-06-13,North,Widget Pro,226,5661.06,3126.87,5
2025-06-14,North,Widget Pro,128,3127.7,1900.57,7
2025-06-15,North,Widget Pro,115,2902.88,1492.0,5
2025-06-16,North,Widget Pro,62,1505.13,840.06,8
2025-06-17,North,Widget Pro,184,4479.08,2507.86,6
2025-06-18,North,Widget Pro,128,3044.06,1771.99,5
2025-06-19,North,Widget Pro,189,4771.8,2434.85,7
2025-06-20,North,Widget Pro,153,3662.3,2205.76,7
2025-06-21,North,Widget Pro,165,4084.92,2386.96,9
2025-06-22,North,Widget Pro,87,2126.94,1248.96,8
2025-06-23,North,Widget Pro,145,3440.3,1941.66,8
2025-06-24,North,Widget Pro,123,2958.43,1729.45,8
2025-06-25,North,Widget Pro,143,3648.85,1911.97,7
2025-06-26,North,Widget Pro,174,4288.79,2395.49,6
2025-06-27,North,Widget Pro,160,3801.32,2481.19,8
2025-06-28,North,Widget Pro,126,3115.28,1772.44,7
2025-06-29,North,Widget Pro,128,3122.25,1685.6,11
2025-06-30,North,Widget Pro,171,4623.62,2415.59,10
2025-07-01,North,Widget Pro,137,3385.21,1788.36,9
2025-07-02,North,Widget Pro,186,4504.96,2447.89,8
2025-07-03,North,Widget Pro,184,4700.04,2441.9,7
2025-07-04,North,Widget Pro,175,4050.7,2395.57,5
2025-07-05,North,Widget Pro,144,3537.98,2110.45,7
2025-07-06,North,Widget Pro,137,3557.33,1973.47,8
2025-07-07,North,Widget Pro,385,9399.62,5530.95,8
2025-07-08,North,Widget Pro,159,3692.94,2103.69,9
2025-07-09,North,Widget Pro,153,3703.98,2084.03,10
2025-07-10,North,Widget Pro,140,3579.67,1986.66,7
2025-07-11,North,Widget Pro,133,3295.26,1803.5,7
2025-07-12,North,Widget Pro,102,2436.11,1408.12,11
2025-07-13,North,Widget Pro,109,2615.6,1559.68,10
2025-07-14,North,Widget Pro,157,3781.91,2159.67,8
2025-07-15,North,Widget Pro,169,4185.37,2392.74,8
2025-07-16,North,Widget Pro,358,9123.12,5411.14,8
2025-07-17,North,Widget Pro,138,3487.75,1915.4,9
2025-07-18,North,Widget Pro,186,4619.34,2757.55,9
2025-07-19,North,Widget Pro,144,3387.06,2072.38,14
2025-07-20,North,Widget Pro,122,2869.92,1582.7,9
2025-07-21,North,Widget Pro,139,3459.98,1838.76,10
2025-07-22,North,Widget Pro,173,4067.42,2321.05,5
2025-07-23,North,Widget Pro,161,3917.81,2157.66,8
2025-07-24,North,Widget Pro,120,2966.83,1672.42,11
2025-07-25,North,Widget Pro,154,3644.24,2222.26,10
2025-07-26,North,Widget Pro,130,3087.13,1934.22,1
2025-07-27,North,Widget Pro,105,2565.24,1492.65,10
2025-07-28,North,Widget Pro,160,3979.23,2190.08,13
2025-07-29,North,Widget Pro,119,3008.35,1492.55,5
2025-07-30,North,Widget Pro,195,4864.51,2739.64,12
2025-07-31,North,Widget Pro,192,4714.39,2691.46,3
2025-08-01,North,Widget Pro,146,3496.93,2062.7,11
2025-08-02,North,Widget Pro,130,3082.67,2011.67,9
2025-08-03,North,Widget Pro,79,1905.84,1174.6,4
2025-08-04,North,Widget Pro,123,3050.56,1789.59,10
2025-08-05,North,Widget Pro,144,3563.63,1919.02,11
2025-08-06,North,Widget Pro,125,2869.57,1705.11,10
2025-08-07,North,Widget Pro,172,4114.67,2396.58,10
2025-08-08,North,Widget Pro,216,5483.23,2906.76,8
2025-08-09,North,Widget Pro,97,2382.15,1391.98,5
2025-08-10,North,Widget Pro,103,2416.23,1467.73,10
2025-08-11,North,Widget Pro,156,4092.12,2065.16,12
2025-08-12,North,Widget Pro,200,4895.75,2967.55,11
2025-08-13,North,Widget Pro,120,2973.9,1688.59,5
2025-08-14,North,Widget Pro,156,3867.81,1995.19,6
2025-08-15,North,Widget Pro,207,5015.57,2890.56,7
2025-08-16,North,Widget Pro,88,2108.94,1249.32,6
2025-08-17,North,Widget Pro,94,2449.59,1380.01,9
2025-08-18,North,Widget Pro,137,3457.52,1885.64,10
2025-08-19,North,Widget Pro,135,3389.06,1968.24,6
2025-08-20,North,Widget Pro,171,4261.93,2416.4,10
2025-08-21,North,Widget Pro,154,3659.43,2014.24,10
2025-08-22,North,Widget Pro,107,2721.97,1392.0,8
2025-08-23,North,Widget Pro,129,3080.56,1907.37,8
2025-08-24,North,Widget Pro,106,2619.07,1572.74,5
2025-08-25,North,Widget Pro,184,4286.29,2617.59,8
2025-08-26,North,Widget Pro,131,3013.0,1971.16,9
2025-08-27,North,Widget Pro,130,3215.41,1916.15,9
2025-08-28,North,Widget Pro,161,3848.76,2331.04,9
2025-08-29,North,Widget Pro,167,3847.34,2231.47,9
2025-08-30,North,Widget Pro,126,3137.07,1916.71,8
2025-08-31,North,Widget Pro,86,2241.01,1236.29,9
2025-09-01,North,Widget Pro,160,4083.41,2196.79,10
2025-09-02,North,Widget Pro,120,2917.3,1623.87,8
2025-09-03,North,Widget Pro,151,3700.48,2141.14,9
2025-09-04,North,Widget Pro,112,2817.08,1436.99,8
2025-09-05,North,Widget Pro,157,3975.99,2274.89,7
2025-09-06,North,Widget Pro,100,2424.75,1333.25,9
2025-09-07,North,Widget Pro,92,2256.31,1311.87,7
2025-09-08,North,Widget Pro,164,4054.24,2236.12,9
2025-09-09,North,Widget Pro,150,3736.06,2072.24,8
2025-09-10,North,Widget Pro,129,3147.88,1737.65,7
2025-09-11,North,Widget Pro,187,4564.99,2596.9,7
2025-09-12,North,Widget Pro,133,3393.39,2037.9,7
2025-09-13,North,Widget Pro,115,2919.73,1721.5,4
2025-09-14,North,Widget Pro,120,2982.11,1709.78,8
2025-09-15,North,Widget Pro,128,3297.73,1789.73,8
2025-09-16,North,Widget Pro,33,799.13,481.5,9
2025-09-17,North,Widget Pro,130,3340.08,1922.83,6
2025-09-18,North,Widget Pro,133,3311.53,1784.74,11
2025-09-19,North,Widget Pro,183,4923.47,2552.08,6
2025-09-20,North,Widget Pro,95,2244.23,1208.84,5
2025-09-21,North,Widget Pro,74,1775.51,1094.18,5
2025-09-22,North,Widget Pro,191,4738.29,2950.09,4
2025-09-23,North,Widget Pro,226,5602.98,3176.67,10
2025-09-24,North,Widget Pro,133,3449.14,1664.16,10
2025-09-25,North,Widget Pro,101,2424.88,1457.05,8
2025-09-26,North,Widget Pro,135,3397.29,1804.56,5
2025-09-27,North,Widget Pro,109,2763.63,1475.39,10
2025-09-28,North,Widget Pro,110,2751.97,1588.25,6
2025-09-29,North,Widget Pro,117,2783.86,1658.85,6
2025-09-30,North,Widget Pro,159,4060.02,2171.67,9
2025-10-01,North,Widget Pro,157,3988.36,2126.61,8
2025-10-02,North,Widget Pro,109,2718.54,1535.6,11
2025-10-03,North,Widget Pro,162,3993.33,2221.57,7
2025-10-04,North,Widget Pro,166,4094.59,2195.11,5
2025-10-05,North,Widget Pro,118,2884.17,1624.53,5
2025-10-06,North,Widget Pro,135,3371.08,1922.09,2
2025-10-07,North,Widget Pro,140,3433.2,1942.55,5
2025-10-08,North,Widget Pro,160,3820.21,2081.69,8
2025-10-09,North,Widget Pro,105,2491.57,1542.7,7
2025-10-10,North,Widget Pro,148,3544.19,1788.26,6
2025-10-11,North,Widget Pro,107,2638.97,1464.57,4
2025-10-12,North,Widget Pro,160,3916.83,2170.54,6
2025-10-13,North,Widget Pro,140,3452.16,1974.52,8
2025-10-14,North,Widget Pro,195,4849.28,2806.67,6
2025-10-15,North,Widget Pro,118,2836.59,1745.07,6
2025-10-16,North,Widget Pro,160,4092.36,2160.21,4
2025-10-17,North,Widget Pro,153,3718.39,2204.82,7
2025-10-18,North,Widget Pro,99,2393.96,1399.57,1
2025-10-19,North,Widget Pro,120,2982.55,1536.23,6
2025-10-20,North,Widget Pro,180,4167.03,2759.47,10
2025-10-21,North,Widget Pro,137,3276.9,1780.02,2
2025-10-22,North,Widget Pro,107,2698.66,1529.42,5
2025-10-23,North,Widget Pro,145,3367.33,2069.58,5
2025-10-24,North,Widget Pro,124,3139.86,1759.93,4
2025-10-25,North,Widget Pro,110,2817.18,1501.92,7
2025-10-26,North,Widget Pro,115,2786.27,1676.59,6
2025-10-27,North,Widget Pro,108,2669.16,1394.04,5
2025-10-28,North,Widget Pro,110,2785.48,1534.93,7
2025-10-29,North,Widget Pro,160,3865.11,2176.85,5
2025-10-30,North,Widget Pro,134,3368.47,1812.47,11
2025-10-31,North,Widget Pro,93,2232.62,1329.91,5
2025-11-01,North,Widget Pro,136,3284.26,2006.58,5
2025-11-02,North,Widget Pro,124,2965.15,1706.21,2
2025-11-03,North,Widget Pro,130,3217.74,1891.04,4
2025-11-04,North,Widget Pro,117,2966.08,1642.07,7
2025-11-05,North,Widget Pro,173,4215.09,2313.89,2
2025-11-06,North,Widget Pro,159,3746.94,2197.29,1
2025-11-07,North,Widget Pro,229,5428.26,3157.99,5
2025-11-08,North,Widget Pro,129,3197.91,1743.09,8
2025-11-09,North,Widget Pro,129,3335.35,1844.69,5
2025-11-10,North,Widget Pro,146,3619.25,2067.98,4
2025-11-11,North,Widget Pro,175,4237.74,2255.15,1
2025-11-12,North,Widget Pro,169,4235.67,2170.62,6
2025-11-13,North,Widget Pro,190,4621.55,2716.48,6
2025-11-14,North,Widget Pro,138,3342.63,1853.24,2
2025-11-15,North,Widget Pro,112,2665.1,1591.68,7
2025-11-16,North,Widget Pro,112,2859.94,1629.23,7
2025-11-17,North,Widget Pro,176,3983.53,2307.42,7
2025-11-18,North,Widget Pro,200,5017.29,2602.38,6
2025-11-19,North,Widget Pro,141,3406.44,2139.27,7
2025-11-20,North,Widget Pro,142,3436.17,2022.95,6
2025-11-21,North,Widget Pro,163,4196.25,2234.16,7
2025-11-22,North,Widget Pro,118,2829.06,1574.86,2
2025-11-23,North,Widget Pro,147,3528.02,2005.48,2
2025-11-24,North,Widget Pro,104,2538.03,1369.33,4
2025-11-25,North,Widget Pro,134,3323.76,1958.86,5
2025-11-26,North,Widget Pro,136,3287.83,1830.05,6
2025-11-27,North,Widget Pro,103,2404.35,1520.84,6
2025-11-28,North,Widget Pro,132,3150.01,1810.98,8
2025-11-29,North,Widget Pro,107,2722.27,1419.85,8
2025-11-30,North,Widget Pro,122,2995.71,1671.59,4
2025-12-01,North,Widget Pro,193,4792.49,2347.48,6
2025-12-02,North,Widget Pro,152,3694.79,2115.15,4
2025-12-03,North,Widget Pro,132,3170.02,1832.28,5
2025-12-04,North,Widget Pro,158,4065.82,2303.22,7
2025-12-05,North,Widget Pro,193,4701.8,2447.16,1
2025-12-06,North,Widget Pro,108,2610.81,1599.84,11
2025-12-07,North,Widget Pro,109,2758.32,1588.61,7
2025-12-08,North,Widget Pro,178,4266.49,2648.0,5
2025-12-09,North,Widget Pro,155,3729.75,2164.28,10
2025-12-10,North,Widget Pro,182,4460.37,2677.17,6
2025-12-11,North,Widget Pro,162,3969.03,2101.16,7
2025-12-12,North,Widget Pro,185,4567.8,2682.34,5
2025-12-13,North,Widget Pro,109,2838.07,1467.16,10
2025-12-14,North,Widget Pro,131,3241.88,1682.57,6
2025-12-15,North,Widget Pro,158,3594.84,2087.67,7
2025-12-16,North,Widget Pro,133,3290.4,1862.51,9
2025-12-17,North,Widget Pro,125,3065.98,1677.87,8
2025-12-18,North,Widget Pro,188,4612.0,2681.49,7
2025-12-19,North,Widget Pro,156,3850.2,1986.54,9
2025-12-20,North,Widget Pro,111,2717.16,1388.72,12
2025-12-21,North,Widget Pro,132,3228.9,1974.81,8
2025-12-22,North,Widget Pro,206,5139.82,3014.33,7
2025-12-23,North,Widget Pro,112,2699.38,1485.74,7
2025-12-24,North,Widget Pro,129,3070.65,1805.73,10
2025-12-25,North,Widget Pro,143,3821.31,2104.05,6
2025-12-26,North,Widget Pro,221,5298.22,3158.85,7
2025-12-27,North,Widget Pro,143,3514.03,2016.84,4
2025-12-28,North,Widget Pro,157,3673.91,2318.36,5
2025-12-29,North,Widget Pro,140,3441.98,1888.39,7
2025-12-30,North,Widget Pro,140,3333.97,1963.06,8
2024-01-01,North,Gadget Plus,140,8452.39,4883.24,4
2024-01-02,North,Gadget Plus,113,6627.82,3693.12,8
2024-01-03,North,Gadget Plus,87,5271.58,3242.28,8
2024-01-04,North,Gadget Plus,90,5380.16,3077.71,10
2024-01-05,North,Gadget Plus,132,7833.68,4198.69,9
2024-01-06,North,Gadget Plus,101,6536.09,3321.46,12
2024-01-07,North,Gadget Plus,83,4742.15,2669.02,7
2024-01-08,North,Gadget Plus,96,5915.75,3344.65,7
2024-01-09,North,Gadget Plus,128,7468.77,3936.65,5
2024-01-10,North,Gadget Plus,88,5291.95,2750.34,9
2024-01-11,North,Gadget Plus,113,7290.28,3673.54,8
2024-01-12,North,Gadget Plus,158,9190.96,5473.74,9
2024-01-13,North,Gadget Plus,88,5156.73,3129.75,6
2024-01-14,North,Gadget Plus,74,4430.27,2650.12,9
2024-01-15,North,Gadget Plus,114,6655.04,3920.17,8
2024-01-16,North,Gadget Plus,98,6025.89,3269.39,8
2024-01-17,North,Gadget Plus,83,4891.97,2890.97,7
2024-01-18,North,Gadget Plus,121,7390.11,3821.54,10
2024-01-19,North,Gadget Plus,131,7534.0,3983.74,12
2024-01-20,North,Gadget Plus,81,4588.9,2772.74,6
2024-01-21,North,Gadget Plus,81,4818.57,2577.05,10
2024-01-22,North,Gadget Plus,22,1255.79,734.59,3
2024-01-23,North,Gadget Plus,106,6638.6,3572.24,10
2024-01-24,North,Gadget Plus,98,5600.79,3323.73,5
2024-01-25,North,Gadget Plus,91,5281.21,3191.44,7
2024-01-26,North,Gadget Plus,154,9339.06,5373.63,6
2024-01-27,North,Gadget Plus,95,5590.4,3213.53,8
2024-01-28,North,Gadget Plus,97,5545.63,3177.68,10
2024-01-29,North,Gadget Plus,129,8199.99,4344.78,5
2024-01-30,North,Gadget Plus,127,7378.71,4127.67,8
2024-01-31,North,Gadget Plus,103,6133.37,3416.61,8
2024-02-01,North,Gadget Plus,117,6964.32,4432.6,12
2024-02-02,North,Gadget Plus,106,6484.7,3583.35,10
2024-02-03,North,Gadget Plus,97,5890.89,3322.65,6
2024-02-04,North,Gadget Plus,95,5549.35,3070.24,8
2024-02-05,North,Gadget Plus,105,6228.02,3696.91,12
2024-02-06,North,Gadget Plus,88,5235.32,3060.06,10
2024-02-07,North,Gadget Plus,116,7104.52,4035.1,7
2024-02-08,North,Gadget Plus,109,6300.26,3690.73,8
2024-02-09,North,Gadget Plus,80,5082.12,2818.58,8
2024-02-10,North,Gadget Plus,99,5795.04,3527.38,8
2024-02-11,North,Gadget Plus,108,6467.5,3669.21,6
2024-02-12,North,Gadget Plus,179,10348.97,5962.14,8
2024-02-13,North,Gadget Plus,106,6102.12,3709.83,12
2024-02-14,North,Gadget Plus,104,6066.18,3326.5,8
2024-02-15,North,Gadget Plus,94,5466.66,3035.96,9
2024-02-16,North,Gadget Plus,119,7039.51,3975.88,9
2024-02-17,North,Gadget Plus,95,5523.38,2905.41,13
2024-02-18,North,Gadget Plus,80,4891.99,2790.9,9
2024-02-19,North,Gadget Plus,112,6551.21,3571.36,11
2024-02-20,North,Gadget Plus,81,4721.8,2649.53,8
2024-02-21,North,Gadget Plus,137,8109.56,4540.56,8
2024-02-22,North,Gadget Plus,27,1665.47,906.28,9
2024-02-23,North,Gadget Plus,257,15493.54,8461.57,7
2024-02-24,North,Gadget Plus,72,4299.9,2403.88,8
2024-02-25,North,Gadget Plus,84,4815.28,2805.61,11
2024-02-26,North,Gadget Plus,111,6420.97,3635.39,7
2024-02-27,North,Gadget Plus,117,6739.52,3767.97,9
2024-02-28,North,Gadget Plus,128,7967.8,4519.87,10
2024-02-29,North,Gadget Plus,152,9249.72,4556.22,7
2024-03-01,North,Gadget Plus,294,17155.39,9747.7,11
2024-03-02,North,Gadget Plus,112,6595.21,3664.03,9
2024-03-03,North,Gadget Plus,122,7126.87,4172.58,8
2024-03-04,North,Gadget Plus,131,7638.36,4069.39,5
2024-03-05,North,Gadget Plus,117,7105.08,3821.55,8
2024-03-06,North,Gadget Plus,142,8432.43,4732.65,9
2024-03-07,North,Gadget Plus,144,9164.14,5082.1,12
2024-03-08,North,Gadget Plus,270,16779.66,9195.23,10
2024-03-09,North,Gadget Plus,73,4544.48,2300.79,11
2024-03-10,North,Gadget Plus,82,5010.73,2680.05,6
2024-03-11,North,Gadget Plus,113,6682.87,3953.21,8
2024-03-12,North,Gadget Plus,137,8353.47,4313.95,11
2024-03-13,North,Gadget Plus,119,7053.5,3970.82,6
2024-03-14,North,Gadget Plus,147,9235.95,4922.25,10
2024-03-15,North,Gadget Plus,152,9215.23,4993.78,10
2024-03-16,North,Gadget Plus,119,7184.2,4523.83,9
2024-03-17,North,Gadget Plus,119,7155.27,3904.23,7
2024-03-18,North,Gadget Plus,100,6302.73,3425.34,6
2024-03-19,North,Gadget Plus,131,7509.39,4220.35,11
2024-03-20,North,Gadget Plus,108,6825.97,3713.47,9
2024-03-21,North,Gadget Plus,89,5301.33,3111.31,8
2024-03-22,North,Gadget Plus,114,6540.54,3706.73,7
2024-03-23,North,Gadget Plus,122,7142.89,4075.82,8
2024-03-24,North,Gadget Plus,105,5978.02,3360.04,8
2024-03-25,North,Gadget Plus,173,10565.91,5463.88,8
2024-03-26,North,Gadget Plus,125,7254.27,4404.58,9
2024-03-27,North,Gadget Plus,188,11318.18,6123.55,6
2024-03-28,North,Gadget Plus,125,7742.27,3682.15,4
2024-03-29,North,Gadget Plus,121,7101.78,4411.29,7
2024-03-30,North,Gadget Plus,77,4575.2,2476.05,4
2024-03-31,North,Gadget Plus,118,6791.83,3904.3,6
2024-04-01,North,Gadget Plus,111,6571.44,4023.59,6
2024-04-02,North,Gadget Plus,108,6968.76,3592.36,8
2024-04-03,North,Gadget Plus,152,9317.29,5050.41,11
2024-04-04,North,Gadget Plus,149,8854.22,4684.98,3
2024-04-05,North,Gadget Plus,148,8702.52,4552.72,11
2024-04-06,North,Gadget Plus,91,5443.93,3023.14,6
2024-04-07,North,Gadget Plus,96,5772.84,3274.34,7
2024-04-08,North,Gadget Plus,120,7097.63,4081.41,4
2024-04-09,North,Gadget Plus,139,8458.5,4544.45,8
2024-04-10,North,Gadget Plus,160,9309.86,5365.43,6
2024-04-11,North,Gadget Plus,129,7504.93,3924.52,6
2024-04-12,North,Gadget Plus,173,10477.79,5928.84,2
2024-04-13,North,Gadget Plus,114,6589.19,3849.82,6
2024-04-14,North,Gadget Plus,93,5692.53,3422.95,8
2024-04-15,North,Gadget Plus,141,8442.28,4725.27,6
2024-04-16,North,Gadget Plus,165,9341.52,5266.97,8
2024-04-17,North,Gadget Plus,173,10396.74,5780.8,8
2024-04-18,North,Gadget Plus,150,8530.77,4942.64,5
2024-04-19,North,Gadget Plus,122,7459.81,4175.83,9
2024-04-20,North,Gadget Plus,93,5529.13,3119.69,6
2024-04-21,North,Gadget Plus,107,6765.22,3358.69,6
2024-04-22,North,Gadget Plus,163,10077.5,5013.9,6
2024-04-23,North,Gadget Plus,131,7597.21,4446.19,6
2024-04-24,North,Gadget Plus,131,7371.2,4691.99,1
2024-04-25,North,Gadget Plus,122,7142.26,4103.21,5
2024-04-26,North,Gadget Plus,114,6578.42,3974.3,3
2024-04-27,North,Gadget Plus,94,5939.0,3308.47,9
2024-04-28,North,Gadget Plus,99,5928.26,3360.74,9
2024-04-29,North,Gadget Plus,164,10098.69,5270.26,7
2024-04-30,North,Gadget Plus,115,6829.6,3890.12,5
2024-05-01,North,Gadget Plus,121,7208.83,4298.14,3
2024-05-02,North,Gadget Plus,103,6163.66,3541.92,4
2024-05-03,North,Gadget Plus,136,8416.83,4726.45,9
2024-05-04,North,Gadget Plus,123,7436.58,4025.2,4
2024-05-05,North,Gadget Plus,128,7424.0,4244.62,1
2024-05-06,North,Gadget Plus,124,7789.14,4129.34,7
2024-05-07,North,Gadget Plus,133,7896.72,4444.06,8
2024-05-08,North,Gadget Plus,116,6853.45,4112.93,8
2024-05-09,North,Gadget Plus,131,7180.81,3873.47,7
2024-05-10,North,Gadget Plus,126,7691.04,4227.45,7
2024-05-11,North,Gadget Plus,96,5767.83,3203.22,5
2024-05-12,North,Gadget Plus,97,5827.72,3026.67,1
2024-05-13,North,Gadget Plus,129,7633.72,4466.65,5
2024-05-14,North,Gadget Plus,112,6593.03,3616.08,6
2024-05-15,North,Gadget Plus,113,6693.65,3717.92,5
2024-05-16,North,Gadget Plus,18,1093.18,658.74,5
2024-05-17,North,Gadget Plus,192,11721.31,6756.81,3
2024-05-18,North,Gadget Plus,76,4520.85,2619.13,3
2024-05-19,North,Gadget Plus,75,4620.39,2560.34,9
2024-05-20,North,Gadget Plus,99,5916.05,3289.19,9
2024-05-21,North,Gadget Plus,115,6784.3,4237.63,5
2024-05-22,North,Gadget Plus,138,8315.4,4808.42,6
2024-05-23,North,Gadget Plus,261,14996.32,8415.82,3
2024-05-24,North,Gadget Plus,121,7298.5,3769.73,6
2024-05-25,North,Gadget Plus,103,5884.26,3548.29,9
2024-05-26,North,Gadget Plus,82,4760.36,2739.33,2
2024-05-27,North,Gadget Plus,111,6246.24,3452.82,6
2024-05-28,North,Gadget Plus,116,6911.9,3969.27,6
2024-05-29,North,Gadget Plus,87,5462.95,2875.3,6
2024-05-30,North,Gadget Plus,94,5610.82,3232.55,9
2024-05-31,North,Gadget Plus,94,5739.31,3218.55,9
2024-06-01,North,Gadget Plus,106,6797.47,3443.0,5
2024-06-02,North,Gadget Plus,96,5820.1,3317.76,7
2024-06-03,North,Gadget Plus,128,7491.19,4181.25,6
2024-06-04,North,Gadget Plus,82,4819.33,2687.54,4
2024-06-05,North,Gadget Plus,88,5271.3,2869.54,6
2024-06-06,North,Gadget Plus,129,7580.39,4565.88,7
2024-06-07,North,Gadget Plus,69,4063.9,2279.07,6
2024-06-08,North,Gadget Plus,114,7030.44,4081.07,4
2024-06-09,North,Gadget Plus,66,4075.1,2408.16,5
2024-06-10,North,Gadget Plus,35,1992.92,1129.19,5
2024-06-11,North,Gadget Plus,97,5667.69,2774.91,4
2024-06-12,North,Gadget Plus,137,8092.07,4829.19,7
2024-06-13,North,Gadget Plus,201,12256.29,6618.37,7
2024-06-14,North,Gadget Plus,75,4646.56,2403.69,8
2024-06-15,North,Gadget Plus,102,6605.05,3316.42,4
2024-06-16,North,Gadget Plus,65,3839.11,2132.34,5
2024-06-17,North,Gadget Plus,121,7157.51,4316.41,9
2024-06-18,North,Gadget Plus,108,6583.43,3646.93,6
2024-06-19,North,Gadget Plus,114,6688.84,4064.1,6
2024-06-20,North,Gadget Plus,94,5606.79,3226.81,6
2024-06-21,North,Gadget Plus,128,7571.73,4221.7,9
2024-06-22,North,Gadget Plus,68,3752.84,2233.54,9
2024-06-23,North,Gadget Plus,111,6673.48,3822.92,9
2024-06-24,North,Gadget Plus,102,6076.37,3557.17,7
2024-06-25,North,Gadget Plus,85,5285.67,2989.42,5
2024-06-26,North,Gadget Plus,146,8746.84,4827.04,11
2024-06-27,North,Gadget Plus,108,6225.68,3649.69,9
2024-06-28,North,Gadget Plus,154,9153.17,5309.65,6
2024-06-29,North,Gadget Plus,109,6119.51,3581.4,10
2024-06-30,North,Gadget Plus,75,4329.3,2369.92,6
2024-07-01,North,Gadget Plus,107,6531.49,3440.0,10
2024-07-02,North,Gadget Plus,111,6599.56,3673.69,10
2024-07-03,North,Gadget Plus,142,8741.2,4914.51,5
2024-07-04,North,Gadget Plus,117,6594.76,4166.23,9
2024-07-05,North,Gadget Plus,111,6600.54,3466.38,9
2024-07-06,North,Gadget Plus,83,4900.78,2697.45,13
2024-07-07,North,Gadget Plus,85,5237.5,2796.55,6
2024-07-08,North,Gadget Plus,135,8249.71,4702.21,10
2024-07-09,North,Gadget Plus,107,6532.79,3489.85,8
2024-07-10,North,Gadget Plus,99,6204.32,3245.24,5
2024-07-11,North,Gadget Plus,96,5686.9,2988.95,8
2024-07-12,North,Gadget Plus,96,5980.72,3293.73,8
2024-07-13,North,Gadget Plus,66,3829.56,2193.16,6
2024-07-14,North,Gadget Plus,74,4288.87,2397.93,9
2024-07-15,North,Gadget Plus,138,8452.87,4563.01,10
2024-07-16,North,Gadget Plus,101,5776.79,3574.16,9
2024-07-17,North,Gadget Plus,119,7250.58,3786.2,7
2024-07-18,North,Gadget Plus,67,4025.5,2150.04,8
2024-07-19,North,Gadget Plus,115,7110.0,4093.72,8
2024-07-20,North,Gadget Plus,81,4843.25,2723.78,9
2024-07-21,North,Gadget Plus,76,4560.05,2631.26,11
2024-07-22,North,Gadget Plus,107,6507.22,3656.5,9
2024-07-23,North,Gadget Plus,94,5518.67,3143.44,6
2024-07-24,North,Gadget Plus,70,4104.17,2304.16,7
2024-07-25,North,Gadget Plus,121,7351.06,4222.04,9
2024-07-26,North,Gadget Plus,107,6403.67,3792.82,11
2024-07-27,North,Gadget Plus,77,4555.94,2719.33,11
2024-07-28,North,Gadget Plus,69,4122.84,2174.49,12
2024-07-29,North,Gadget Plus,78,4895.7,2783.49,9
2024-07-30,North,Gadget Plus,106,6265.01,3487.45,10
2024-07-31,North,Gadget Plus,136,8031.04,4384.0,6
2024-08-01,North,Gadget Plus,105,5967.33,3487.72,10
2024-08-02,North,Gadget Plus,135,8076.23,4710.44,7
2024-08-03,North,Gadget Plus,84,5130.76,2890.04,9
2024-08-04,North,Gadget Plus,80,4912.21,2645.78,15
2024-08-05,North,Gadget Plus,117,7031.05,4083.66,10
2024-08-06,North,Gadget Plus,112,6901.17,3778.24,7
2024-08-07,North,Gadget Plus,58,3550.41,1887.34,10
2024-08-08,North,Gadget Plus,110,6809.0,3554.54,8
2024-08-09,North,Gadget Plus,83,5118.51,2837.53,7
2024-08-10,North,Gadget Plus,19,1191.7,633.87,13
2024-08-11,North,Gadget Plus,77,4588.82,2402.09,11
2024-08-12,North,Gadget Plus,107,6154.13,3736.33,10
2024-08-13,North,Gadget Plus,74,4520.86,2419.47,8
2024-08-14,North,Gadget Plus,112,6865.9,4050.68,8
2024-08-15,North,Gadget Plus,113,7087.5,3519.95,12
2024-08-16,North,Gadget Plus,99,6158.05,3286.53,10
2024-08-17,North,Gadget Plus,67,4247.53,2165.95,3
2024-08-18,North,Gadget Plus,66,4026.92,2103.17,14
2024-08-19,North,Gadget Plus,118,7116.72,3856.79,9
2024-08-20,North,Gadget Plus,74,4248.43,2698.46,10
2024-08-21,North,Gadget Plus,118,7133.53,3981.34,11
2024-08-22,North,Gadget Plus,95,5596.18,3056.52,10
2024-08-23,North,Gadget Plus,96,5786.89,2921.96,10
2024-08-24,North,Gadget Plus,57,3419.88,1745.15,8
2024-08-25,North,Gadget Plus,76,4616.83,2477.71,6
2024-08-26,North,Gadget Plus,108,6450.31,3503.37,9
2024-08-27,North,Gadget Plus,76,4680.1,2517.48,12
2024-08-28,North,Gadget Plus,106,5830.69,3147.57,7
2024-08-29,North,Gadget Plus,98,5903.66,3267.95,7
2024-08-30,North,Gadget Plus,86,5337.24,3029.04,11
2024-08-31,North,Gadget Plus,90,5693.44,3259.64,8
2024-09-01,North,Gadget Plus,52,3183.2,1576.99,8
2024-09-02,North,Gadget Plus,102,6418.63,3280.08,8
2024-09-03,North,Gadget Plus,128,7706.06,4104.85,8
2024-09-04,North,Gadget Plus,124,7428.24,4184.27,5
2024-09-05,North,Gadget Plus,103,6267.69,3240.06,7
2024-09-06,North,Gadget Plus,91,5450.38,3304.92,9
2024-09-07,North,Gadget Plus,68,3977.6,2282.96,9
2024-09-08,North,Gadget Plus,72,4246.14,2397.15,11
2024-09-09,North,Gadget Plus,105,6079.65,3797.62,12
2024-09-10,North,Gadget Plus,82,4989.66,2744.8,11
2024-09-11,North,Gadget Plus,109,6531.33,3724.59,10
2024-09-12,North,Gadget Plus,140,8295.36,4513.94,8
2024-09-13,North,Gadget Plus,94,5534.88,2933.21,7
2024-09-14,North,Gadget Plus,60,3648.46,1948.66,8
2024-09-15,North,Gadget Plus,60,3678.15,2229.79,9
2024-09-16,North,Gadget Plus,109,6307.66,3767.07,9
2024-09-17,North,Gadget Plus,94,5413.09,3192.23,9
2024-09-18,North,Gadget Plus,111,6839.29,3536.97,7
2024-09-19,North,Gadget Plus,86,4938.88,3012.27,9
2024-09-20,North,Gadget Plus,110,6697.22,3434.85,10
2024-09-21,North,Gadget Plus,74,4647.61,2284.76,9
2024-09-22,North,Gadget Plus,66,4145.44,2149.22,7
2024-09-23,North,Gadget Plus,88,5387.88,3236.09,6
2024-09-24,North,Gadget Plus,76,4649.2,2787.6,5
2024-09-25,North,Gadget Plus,136,8696.75,4453.21,6
2024-09-26,North,Gadget Plus,93,5180.57,3010.48,8
2024-09-27,North,Gadget Plus,106,6260.95,3259.75,8
2024-09-28,North,Gadget Plus,69,4238.31,2320.52,4
2024-09-29,North,Gadget Plus,63,3735.52,2127.6,6
2024-09-30,North,Gadget Plus,91,5653.64,3168.85,7
2024-10-01,North,Gadget Plus,116,6940.2,4062.95,5
2024-10-02,North,Gadget Plus,86,5171.76,2852.56,8
2024-10-03,North,Gadget Plus,81,4811.92,2788.94,6
2024-10-04,North,Gadget Plus,98,5778.18,3167.99,5
2024-10-05,North,Gadget Plus,83,4890.1,2855.16,7
2024-10-06,North,Gadget Plus,102,6159.5,3330.34,7
2024-10-07,North,Gadget Plus,101,5909.32,3461.23,5
2024-10-08,North,Gadget Plus,107,6592.58,3652.34,6
2024-10-09,North,Gadget Plus,108,6595.98,3630.45,7
2024-10-10,North,Gadget Plus,77,4764.43,2681.98,5
2024-10-11,North,Gadget Plus,80,4629.71,2469.57,3
2024-10-12,North,Gadget Plus,63,3581.3,1998.12,3
2024-10-13,North,Gadget Plus,60,3593.55,1982.86,5
2024-10-14,North,Gadget Plus,110,7162.01,3419.08,3
2024-10-15,North,Gadget Plus,101,6279.71,3314.67,5
2024-10-16,North,Gadget Plus,97,5713.66,3188.63,9
2024-10-17,North,Gadget Plus,60,3639.77,2141.62,3
2024-10-18,North,Gadget Plus,139,8507.84,4689.69,5
2024-10-19,North,Gadget Plus,66,3791.11,2324.8,10
2024-10-20,North,Gadget Plus,111,6922.1,3774.59,6
2024-10-21,North,Gadget Plus,74,4410.34,2412.6,5
2024-10-22,North,Gadget Plus,83,4958.17,2799.09,5
2024-10-23,North,Gadget Plus,65,3896.28,2256.92,6
2024-10-24,North,Gadget Plus,103,6381.54,3656.39,9
2024-10-25,North,Gadget Plus,80,4683.44,2662.27,4
2024-10-26,North,Gadget Plus,64,3637.28,1967.39,4
2024-10-27,North,Gadget Plus,61,3689.3,1867.98,3
2024-10-28,North,Gadget Plus,112,6297.49,3690.76,5
2024-10-29,North,Gadget Plus,111,6588.84,3283.83,2
2024-10-30,North,Gadget Plus,135,8374.43,4928.42,4
2024-10-31,North,Gadget Plus,87,5301.83,3001.49,3
2024-11-01,North,Gadget Plus,175,10810.29,5676.17,7
2024-11-02,North,Gadget Plus,62,3782.92,1961.76,4
2024-11-03,North,Gadget Plus,74,4753.12,2606.44,6
2024-11-04,North,Gadget Plus,90,5295.86,2847.12,2
2024-11-05,North,Gadget Plus,107,6485.85,3402.01,5
2024-11-06,North,Gadget Plus,119,7034.41,3833.83,3
2024-11-07,North,Gadget Plus,119,7332.71,4009.24,4
2024-11-08,North,Gadget Plus,85,5082.09,2935.89,9
2024-11-09,North,Gadget Plus,95,5983.93,3372.28,7
2024-11-10,North,Gadget Plus,79,4656.74,2784.78,5
2024-11-11,North,Gadget Plus,94,5868.29,3149.12,11
2024-11-12,North,Gadget Plus,88,5365.0,3098.42,3
2024-11-13,North,Gadget Plus,91,5445.59,2946.22,7
2024-11-14,North,Gadget Plus,138,8400.72,4202.11,2
2024-11-15,North,Gadget Plus,107,6459.54,3464.22,5
2024-11-16,North,Gadget Plus,84,5085.33,2700.56,2
2024-11-17,North,Gadget Plus,77,4583.68,2497.99,6
2024-11-18,North,Gadget Plus,158,9265.0,5039.1,5
2024-11-19,North,Gadget Plus,129,7649.43,4221.87,4
2024-11-20,North,Gadget Plus,90,5118.78,3108.47,7
2024-11-21,North,Gadget Plus,207,12712.49,7529.22,4
2024-11-22,North,Gadget Plus,99,5710.36,3030.39,6
2024-11-23,North,Gadget Plus,85,5058.26,2664.16,7
2024-11-24,North,Gadget Plus,73,4457.71,2348.73,2
2024-11-25,North,Gadget Plus,226,13878.3,7860.87,4
2024-11-26,North,Gadget Plus,135,7655.98,4476.16,5
2024-11-27,North,Gadget Plus,82,4898.27,2647.54,7
2024-11-28,North,Gadget Plus,85,5161.72,2949.54,8
2024-11-29,North,Gadget Plus,96,5759.37,3369.79,5
2024-11-30,North,Gadget Plus,78,4860.59,2610.55,5
2024-12-01,North,Gadget Plus,121,7069.21,3888.07,4
2024-12-02,North,Gadget Plus,126,7083.45,4278.04,6
2024-12-03,North,Gadget Plus,125,7669.52,4138.66,5
2024-12-04,North,Gadget Plus,101,5952.42,3342.73,5
2024-12-05,North,Gadget Plus,101,5730.73,3296.81,5
2024-12-06,North,Gadget Plus,82,4888.44,2874.05,7
2024-12-07,North,Gadget Plus,99,6149.02,3357.94,5
2024-12-08,North,Gadget Plus,94,5417.21,3312.07,4
2024-12-09,North,Gadget Plus,136,8717.3,4860.42,7
2024-12-10,North,Gadget Plus,104,6073.01,3563.95,1
2024-12-11,North,Gadget Plus,105,6305.92,3428.42,5
2024-12-12,North,Gadget Plus,112,6463.43,3947.17,4
2024-12-13,North,Gadget Plus,231,13854.17,7918.68,9
2024-12-14,North,Gadget Plus,67,3997.2,2536.66,5
2024-12-15,North,Gadget Plus,100,5722.34,3401.94,5
2024-12-16,North,Gadget Plus,109,7082.6,3778.88,6
2024-12-17,North,Gadget Plus,91,5369.9,3092.77,5
2024-12-18,North,Gadget Plus,30,1770.34,1000.02,6
2024-12-19,North,Gadget Plus,108,6657.27,3571.18,7
2024-12-20,North,Gadget Plus,144,9095.07,4894.97,6
2024-12-21,North,Gadget Plus,120,7430.9,4124.76,6
2024-12-22,North,Gadget Plus,95,5485.44,3366.19,5
2024-12-23,North,Gadget Plus,159,9585.22,5408.75,4
2024-12-24,North,Gadget Plus,112,6330.15,3665.16,7
2024-12-25,North,Gadget Plus,134,8243.73,4415.64,8
2024-12-26,North,Gadget Plus,104,5924.0,3253.54,4
2024-12-27,North,Gadget Plus,103,6021.03,3737.1,9
2024-12-28,North,Gadget Plus,81,4851.43,2640.08,9
2024-12-29,North,Gadget Plus,63,3824.08,2212.59,9
2024-12-30,North,Gadget Plus,144,8558.08,4890.7,8
2024-12-31,North,Gadget Plus,102,6388.24,3468.89,9
2025-01-01,North,Gadget Plus,100,6119.97,3330.33,12
2025-01-02,North,Gadget Plus,93,5678.45,2992.78,7
2025-01-03,North,Gadget Plus,111,6403.68,3538.43,5
2025-01-04,North,Gadget Plus,127,7995.13,4622.19,5
2025-01-05,North,Gadget Plus,136,7950.14,4581.96,11
2025-01-06,North,Gadget Plus,87,5482.95,3078.48,11
2025-01-07,North,Gadget Plus,110,6988.73,3940.17,6
2025-01-08,North,Gadget Plus,97,5899.66,3182.75,6
2025-01-09,North,Gadget Plus,141,8707.39,4823.52,7
2025-01-10,North,Gadget Plus,124,6740.64,4163.35,10
2025-01-11,North,Gadget Plus,84,5002.16,2651.18,5
2025-01-12,North,Gadget Plus,96,5940.54,3186.17,4
2025-01-13,North,Gadget Plus,215,13235.69,7414.08,13
2025-01-14,North,Gadget Plus,160,9233.31,5226.26,9
2025-01-15,North,Gadget Plus,132,7837.13,4350.18,9
2025-01-16,North,Gadget Plus,135,7471.19,4483.3,8
2025-01-17,North,Gadget Plus,74,4487.52,2740.72,9
2025-01-18,North,Gadget Plus,95,5368.99,2890.66,5
2025-01-19,North,Gadget Plus,141,8732.34,4841.98,7
2025-01-20,North,Gadget Plus,154,9551.9,5093.65,9
2025-01-21,North,Gadget Plus,87,5137.14,2821.14,4
2025-01-22,North,Gadget Plus,115,6996.22,3798.97,8
2025-01-23,North,Gadget Plus,98,5831.97,3392.55,8
2025-01-24,North,Gadget Plus,167,10075.9,5797.17,8
2025-01-25,North,Gadget Plus,103,5957.35,3482.59,8
2025-01-26,North,Gadget Plus,86,5247.6,3038.41,7
2025-01-27,North,Gadget Plus,124,7061.9,4417.54,5
2025-01-28,North,Gadget Plus,77,4359.09,2684.79,9
2025-01-29,North,Gadget Plus,102,6087.45,3323.68,8
2025-01-30,North,Gadget Plus,125,7440.05,4291.02,6
2025-01-31,North,Gadget Plus,145,8756.45,4978.74,9
2025-02-01,North,Gadget Plus,70,4111.3,2249.37,8
2025-02-02,North,Gadget Plus,94,5949.13,2901.89,8
2025-02-03,North,Gadget Plus,150,9028.29,4516.78,5
2025-02-04,North,Gadget Plus,97,5850.89,3260.85,10
2025-02-05,North,Gadget Plus,131,7893.33,4453.9,7
2025-02-06,North,Gadget Plus,128,7897.89,4034.63,9
2025-02-07,North,Gadget Plus,172,10480.84,6063.36,7
2025-02-08,North,Gadget Plus,97,5887.35,3274.23,8
2025-02-09,North,Gadget Plus,99,6061.03,3540.27,11
2025-02-10,North,Gadget Plus,149,8436.55,5083.98,10
2025-02-11,North,Gadget Plus,101,5725.59,3203.1,11
2025-02-12,North,Gadget Plus,123,7350.89,4214.92,10
2025-02-13,North,Gadget Plus,118,7026.28,4085.45,10
2025-02-14,North,Gadget Plus,125,7617.74,4072.84,5
2025-02-15,North,Gadget Plus,120,7192.32,3730.14,8
2025-02-16,North,Gadget Plus,114,6947.8,3838.15,8
2025-02-17,North,Gadget Plus,113,6515.77,3596.07,11
2025-02-18,North,Gadget Plus,133,7964.13,4705.21,8
2025-02-19,North,Gadget Plus,170,9773.32,5579.06,9
2025-02-20,North,Gadget Plus,277,16784.87,10079.67,9
2025-02-21,North,Gadget Plus,134,7574.31,4012.23,11
2025-02-22,North,Gadget Plus,101,6113.12,3406.3,9
2025-02-23,North,Gadget Plus,103,5897.8,3697.11,10
2025-02-24,North,Gadget Plus,98,5802.66,3136.86,5
2025-02-25,North,Gadget Plus,169,10394.88,5616.43,5
2025-02-26,North,Gadget Plus,114,6875.18,3742.04,4
2025-02-27,North,Gadget Plus,158,8996.95,5112.04,10
2025-02-28,North,Gadget Plus,118,6925.62,4001.35,10
2025-03-01,North,Gadget Plus,94,5376.99,2945.04,10
2025-03-02,North,Gadget Plus,131,7447.94,4364.15,7
2025-03-03,North,Gadget Plus,158,9497.61,5429.56,7
2025-03-04,North,Gadget Plus,137,8344.24,4540.14,8
2025-03-05,North,Gadget Plus,152,9225.15,4837.35,11
2025-03-06,North,Gadget Plus,126,7683.85,4438.42,12
2025-03-07,North,Gadget Plus,133,7963.85,4618.18,10
2025-03-08,North,Gadget Plus,95,5643.83,3016.82,9
2025-03-09,North,Gadget Plus,125,7246.46,3916.55,11
2025-03-10,North,Gadget Plus,118,6974.88,3764.85,8
2025-03-11,North,Gadget Plus,175,10066.97,6022.33,7
2025-03-12,North,Gadget Plus,126,7356.04,4279.16,8
2025-03-13,North,Gadget Plus,134,8048.01,4666.33,6
2025-03-14,North,Gadget Plus,301,17966.18,9919.06,7
2025-03-15,North,Gadget Plus,108,7063.99,3450.72,6
2025-03-16,North,Gadget Plus,102,5863.12,3573.98,10
2025-03-17,North,Gadget Plus,134,7996.48,4364.78,9
2025-03-18,North,Gadget Plus,158,9059.97,5342.37,10
2025-03-19,North,Gadget Plus,119,7045.17,3677.56,4
2025-03-20,North,Gadget Plus,132,7824.47,4296.01,11
2025-03-21,North,Gadget Plus,135,8291.46,4750.75,4
2025-03-22,North,Gadget Plus,126,7445.59,4069.83,5
2025-03-23,North,Gadget Plus,106,6312.96,3695.62,6
2025-03-24,North,Gadget Plus,187,11056.7,5534.37,10
2025-03-25,North,Gadget Plus,131,7517.08,4265.76,8
2025-03-26,North,Gadget Plus,130,7634.66,4317.69,7
2025-03-27,North,Gadget Plus,131,7756.99,4770.86,5
2025-03-28,North,Gadget Plus,107,6423.5,3374.97,4
2025-03-29,North,Gadget Plus,90,5481.4,3116.15,9
2025-03-30,North,Gadget Plus,99,5888.36,3491.77,8
2025-03-31,North,Gadget Plus,166,9868.18,5360.39,9
2025-04-01,North,Gadget Plus,135,7669.04,4438.04,7
2025-04-02,North,Gadget Plus,124,7547.87,4183.42,1
2025-04-03,North,Gadget Plus,169,9911.76,5242.13,4
2025-04-04,North,Gadget Plus,179,10962.42,5860.05,7
2025-04-05,North,Gadget Plus,136,8468.13,4846.7,6
2025-04-06,North,Gadget Plus,93,5539.3,3196.92,5
2025-04-07,North,Gadget Plus,124,7199.58,4121.44,4
2025-04-08,North,Gadget Plus,188,11255.56,6333.61,8
2025-04-09,North,Gadget Plus,142,8594.78,4895.17,7
2025-04-10,North,Gadget Plus,129,7653.96,4488.4,7
2025-04-11,North,Gadget Plus,155,9127.4,5048.04,5
2025-04-12,North,Gadget Plus,130,7918.65,4689.19,6
2025-04-13,North,Gadget Plus,98,5957.83,3499.08,3
2025-04-14,North,Gadget Plus,141,8358.16,4883.45,6
2025-04-15,North,Gadget Plus,160,9108.42,5134.09,1
2025-04-16,North,Gadget Plus,110,6679.21,3497.02,3
2025-04-17,North,Gadget Plus,136,7958.87,4481.6,5
2025-04-18,North,Gadget Plus,111,6691.65,3729.8,10
2025-04-19,North,Gadget Plus,91,5475.62,2778.94,2
2025-04-20,North,Gadget Plus,98,5537.55,3364.2,3
2025-04-21,North,Gadget Plus,148,8886.76,5277.16,6
2025-04-22,North,Gadget Plus,128,7785.55,4411.6,9
2025-04-23,North,Gadget Plus,120,7325.4,3884.11,6
2025-04-24,North,Gadget Plus,136,8175.08,4375.03,7
2025-04-25,North,Gadget Plus,110,6198.17,3740.25,5
2025-04-26,North,Gadget Plus,117,7276.81,3889.46,4
2025-04-27,North,Gadget Plus,132,8004.3,4519.96,5
2025-04-28,North,Gadget Plus,133,7679.11,4589.55,4
2025-04-29,North,Gadget Plus,130,7602.97,4592.76,7
2025-04-30,North,Gadget Plus,144,8685.43,4550.93,2
2025-05-01,North,Gadget Plus,93,5684.31,3150.02,7
2025-05-02,North,Gadget Plus,148,8735.42,4867.89,5
2025-05-03,North,Gadget Plus,188,11540.09,6266.94,5
2025-05-04,North,Gadget Plus,105,5951.23,3669.53,2
2025-05-05,North,Gadget Plus,131,7601.5,4602.03,3
2025-05-06,North,Gadget Plus,153,8597.12,5483.89,7
2025-05-07,North,Gadget Plus,374,21799.47,12795.61,5
2025-05-08,North,Gadget Plus,159,9954.99,5297.2,6
2025-05-09,North,Gadget Plus,91,5787.41,3009.95,3
2025-05-10,North,Gadget Plus,118,7117.94,3610.13,5
2025-05-11,North,Gadget Plus,169,9929.21,6040.75,2
2025-05-12,North,Gadget Plus,149,8865.76,4911.16,5
2025-05-13,North,Gadget Plus,108,6561.06,3709.52,6
2025-05-14,North,Gadget Plus,140,7992.79,4849.22,6
2025-05-15,North,Gadget Plus,105,6181.48,3298.48,3
2025-05-16,North,Gadget Plus,165,10308.95,5272.31,4
2025-05-17,North,Gadget Plus,89,5163.86,3212.12,6
2025-05-18,North,Gadget Plus,107,6265.28,3636.55,5
2025-05-19,North,Gadget Plus,113,6771.38,3675.61,5
2025-05-20,North,Gadget Plus,119,7188.65,3961.32,9
2025-05-21,North,Gadget Plus,172,10109.62,6074.94,3
2025-05-22,North,Gadget Plus,134,8045.13,4698.71,7
2025-05-23,North,Gadget Plus,119,7258.1,3694.27,3
2025-05-24,North,Gadget Plus,85,5391.1,3080.18,7
2025-05-25,North,Gadget Plus,75,4475.49,2633.87,7
2025-05-26,North,Gadget Plus,104,6221.88,3457.44,4
2025-05-27,North,Gadget Plus,133,8331.76,4190.01,3
2025-05-28,North,Gadget Plus,155,9131.54,5466.15,1
2025-05-29,North,Gadget Plus,117,6729.86,4012.87,4
2025-05-30,North,Gadget Plus,32,1931.19,993.86,7
2025-05-31,North,Gadget Plus,91,5626.88,3013.13,3
2025-06-01,North,Gadget Plus,99,5994.33,3834.9,6
2025-06-02,North,Gadget Plus,106,6330.92,3553.93,3
2025-06-03,North,Gadget Plus,399,22861.6,12870.62,5
2025-06-04,North,Gadget Plus,187,11181.69,5948.61,3
2025-06-05,North,Gadget Plus,93,5776.79,3391.55,6
2025-06-06,North,Gadget Plus,120,6921.87,4190.4,5
2025-06-07,North,Gadget Plus,128,7610.9,4589.75,4
2025-06-08,North,Gadget Plus,79,4677.09,2679.34,5
2025-06-09,North,Gadget Plus,141,8269.12,5019.67,4
2025-06-10,North,Gadget Plus,158,9534.59,5068.49,3
2025-06-11,North,Gadget Plus,129,7829.86,4356.63,8
2025-06-12,North,Gadget Plus,140,8494.89,4757.31,5
2025-06-13,North,Gadget Plus,173,10059.03,6196.1,2
2025-06-14,North,Gadget Plus,143,8142.73,4866.87,5
2025-06-15,North,Gadget Plus,99,5976.78,3212.77,8
2025-06-16,North,Gadget Plus,114,6724.96,3831.23,5
2025-06-17,North,Gadget Plus,106,6699.57,3253.35,10
2025-06-18,North,Gadget Plus,149,9429.68,4412.24,5
2025-06-19,North,Gadget Plus,97,6157.3,3384.57,8
2025-06-20,North,Gadget Plus,119,6927.06,3911.8,9
2025-06-21,North,Gadget Plus,101,6153.24,3339.27,8
2025-06-22,North,Gadget Plus,91,5593.32,3175.16,4
2025-06-23,North,Gadget Plus,130,7964.16,4659.2,5
2025-06-24,North,Gadget Plus,196,11615.58,6741.47,9
2025-06-25,North,Gadget Plus,120,7463.84,4407.54,5
2025-06-26,North,Gadget Plus,114,6828.7,3914.99,9
2025-06-27,North,Gadget Plus,147,8839.14,4998.91,6
2025-06-28,North,Gadget Plus,102,5827.92,3458.07,8
2025-06-29,North,Gadget Plus,126,7693.39,3949.7,5
2025-06-30,North,Gadget Plus,125,7429.01,4387.66,6
2025-07-01,North,Gadget Plus,116,7045.28,3410.85,6
2025-07-02,North,Gadget Plus,88,5308.38,2861.59,8
2025-07-03,North,Gadget Plus,90,5420.26,3018.46,8
2025-07-04,North,Gadget Plus,87,5204.15,2799.41,9
2025-07-05,North,Gadget Plus,103,6315.29,3372.56,7
2025-07-06,North,Gadget Plus,75,4465.69,2743.57,6
2025-07-07,North,Gadget Plus,150,8592.75,5302.39,8
2025-07-08,North,Gadget Plus,120,7310.69,3882.15,6
2025-07-09,North,Gadget Plus,114,6662.87,3729.34,10
2025-07-10,North,Gadget Plus,102,5867.07,3198.82,8
2025-07-11,North,Gadget Plus,133,7722.38,4612.55,7
2025-07-12,North,Gadget Plus,82,4953.55,2712.7,9
2025-07-13,North,Gadget Plus,79,4718.4,2386.29,8
2025-07-14,North,Gadget Plus,38,2130.57,1279.41,5
2025-07-15,North,Gadget Plus,125,7401.32,4279.41,6
2025-07-16,North,Gadget Plus,112,6944.12,3932.69,11
2025-07-17,North,Gadget Plus,131,7740.66,4372.4,9
2025-07-18,North,Gadget Plus,117,6973.51,3846.47,5
2025-07-19,North,Gadget Plus,100,6177.43,3682.7,9
2025-07-20,North,Gadget Plus,80,4906.36,2680.88,7
2025-07-21,North,Gadget Plus,168,10371.66,5830.48,7
2025-07-22,North,Gadget Plus,104,5711.44,3390.01,6
2025-07-23,North,Gadget Plus,153,9641.32,5302.31,11
2025-07-24,North,Gadget Plus,111,6775.84,3447.86,5
2025-07-25,North,Gadget Plus,133,8555.0,4352.56,7
2025-07-26,North,Gadget Plus,105,6141.89,3304.99,9
2025-07-27,North,Gadget Plus,112,6353.88,3638.51,12
2025-07-28,North,Gadget Plus,98,5871.47,3488.26,10
2025-07-29,North,Gadget Plus,138,8197.91,4481.46,7
2025-07-30,North,Gadget Plus,158,9649.79,5483.09,12
2025-07-31,North,Gadget Plus,108,6677.82,3892.47,6
2025-08-01,North,Gadget Plus,114,6810.72,3813.73,9
2025-08-02,North,Gadget Plus,82,4876.33,2883.49,10
2025-08-03,North,Gadget Plus,85,5171.34,2923.11,7
2025-08-04,North,Gadget Plus,153,9094.22,5155.34,10
2025-08-05,North,Gadget Plus,94,5573.17,3267.14,8
2025-08-06,North,Gadget Plus,94,5805.79,3438.7,10
2025-08-07,North,Gadget Plus,149,9262.41,4832.45,5
2025-08-08,North,Gadget Plus,125,7730.99,3986.67,10
2025-08-09,North,Gadget Plus,130,7747.7,4133.35,8
2025-08-10,North,Gadget Plus,82,4596.49,2883.58,11
2025-08-11,North,Gadget Plus,113,6738.61,3999.26,9
2025-08-12,North,Gadget Plus,98,5736.72,3194.85,11
2025-08-13,North,Gadget Plus,113,6742.36,3381.21,10
2025-08-14,North,Gadget Plus,80,4695.52,2589.58,9
2025-08-15,North,Gadget Plus,124,7422.98,4267.79,11
2025-08-16,North,Gadget Plus,93,5397.02,3105.11,11
2025-08-17,North,Gadget Plus,87,5011.07,2940.78,10
2025-08-18,North,Gadget Plus,102,6333.91,3327.59,4
2025-08-19,North,Gadget Plus,93,5408.65,3273.47,7
2025-08-20,North,Gadget Plus,124,7427.67,4225.28,12
2025-08-21,North,Gadget Plus,88,5422.14,3034.44,6
2025-08-22,North,Gadget Plus,119,7323.62,4018.21,11
2025-08-23,North,Gadget Plus,126,7727.37,4331.67,10
2025-08-24,North,Gadget Plus,26,1571.55,890.97,7
2025-08-25,North,Gadget Plus,83,5079.69,2651.47,5
2025-08-26,North,Gadget Plus,98,6112.01,3344.24,7
2025-08-27,North,Gadget Plus,116,7037.0,4039.79,13
2025-08-28,North,Gadget Plus,106,5999.45,3756.1,7
2025-08-29,North,Gadget Plus,84,4951.82,2872.55,7
2025-08-30,North,Gadget Plus,92,5625.93,2933.25,6
2025-08-31,North,Gadget Plus,86,5054.49,2764.13,11
2025-09-01,North,Gadget Plus,151,9484.51,4948.44,8
2025-09-02,North,Gadget Plus,102,6098.22,3449.37,7
2025-09-03,North,Gadget Plus,132,7927.02,4394.97,11
2025-09-04,North,Gadget Plus,85,5263.3,2687.51,9
2025-09-05,North,Gadget Plus,89,5301.86,2813.09,6
2025-09-06,North,Gadget Plus,97,5841.03,2908.54,6
2025-09-07,North,Gadget Plus,104,6397.64,2940.59,10
2025-09-08,North,Gadget Plus,90,5152.89,2995.13,8
2025-09-09,North,Gadget Plus,107,6354.44,4000.34,5
2025-09-10,North,Gadget Plus,83,5095.37,3030.3,4
2025-09-11,North,Gadget Plus,103,6181.84,3281.73,6
2025-09-12,North,Gadget Plus,123,7692.03,4151.38,5
2025-09-13,North,Gadget Plus,10,570.68,310.47,4
2025-09-14,North,Gadget Plus,81,4605.91,2535.48,5
2025-09-15,North,Gadget Plus,86,5270.35,2708.5,6
2025-09-16,North,Gadget Plus,94,5776.85,3113.5,6
2025-09-17,North,Gadget Plus,145,8635.15,4813.19,11
2025-09-18,North,Gadget Plus,107,6486.29,3629.79,7
2025-09-19,North,Gadget Plus,88,5389.04,3045.76,7
2025-09-20,North,Gadget Plus,80,4675.0,2634.86,8
2025-09-21,North,Gadget Plus,63,3693.68,2114.32,7
2025-09-22,North,Gadget Plus,88,5301.2,2786.77,8
2025-09-23,North,Gadget Plus,135,8305.83,4218.48,7
2025-09-24,North,Gadget Plus,103,5953.89,3191.89,7
2025-09-25,North,Gadget Plus,148,8812.55,5118.95,12
2025-09-26,North,Gadget Plus,104,6183.96,3425.14,9
2025-09-27,North,Gadget Plus,84,5094.69,2550.73,4
2025-09-28,North,Gadget Plus,95,5689.02,3172.46,7
2025-09-29,North,Gadget Plus,65,3829.74,2041.53,5
2025-09-30,North,Gadget Plus,110,6835.8,3990.92,7
2025-10-01,North,Gadget Plus,105,6187.75,3415.7,4
2025-10-02,North,Gadget Plus,138,8193.76,4780.53,4
2025-10-03,North,Gadget Plus,126,7187.05,4450.83,7
2025-10-04,North,Gadget Plus,69,4044.62,2201.13,8
2025-10-05,North,Gadget Plus,106,6447.7,3564.5,7
2025-10-06,North,Gadget Plus,101,6108.09,3477.13,8
2025-10-07,North,Gadget Plus,90,5487.96,3032.42,7
2025-10-08,North,Gadget Plus,110,6697.91,3751.53,6
2025-10-09,North,Gadget Plus,102,6492.47,3189.83,5
2025-10-10,North,Gadget Plus,140,8197.85,4819.92,7
2025-10-11,North,Gadget Plus,90,5129.09,2941.71,8
2025-10-12,North,Gadget Plus,88,5105.07,2999.51,6
2025-10-13,North,Gadget Plus,125,7329.44,4380.12,5
2025-10-14,North,Gadget Plus,130,7559.39,4500.63,9
2025-10-15,North,Gadget Plus,123,7388.4,4192.34,6
2025-10-16,North,Gadget Plus,138,8576.84,4771.43,6
2025-10-17,North,Gadget Plus,119,7457.35,4123.72,6
2025-10-18,North,Gadget Plus,88,5350.95,3168.44,5
2025-10-19,North,Gadget Plus,107,6821.02,3578.4,4
2025-10-20,North,Gadget Plus,105,6222.26,3546.34,6
2025-10-21,North,Gadget Plus,108,6152.37,3786.61,5
2025-10-22,North,Gadget Plus,147,9083.51,4803.75,9
2025-10-23,North,Gadget Plus,144,8149.83,4501.93,7
2025-10-24,North,Gadget Plus,108,6322.67,3707.23,4
2025-10-25,North,Gadget Plus,32,1946.71,1060.96,7
2025-10-26,North,Gadget Plus,113,6747.91,3556.95,6
2025-10-27,North,Gadget Plus,125,7444.61,4292.3,8
2025-10-28,North,Gadget Plus,115,6644.48,4128.17,4
2025-10-29,North,Gadget Plus,103,6167.7,3169.33,5
2025-10-30,North,Gadget Plus,115,7095.91,4049.43,5
2025-10-31,North,Gadget Plus,109,6533.01,3188.29,5
2025-11-01,North,Gadget Plus,77,4497.42,2527.87,3
2025-11-02,North,Gadget Plus,90,5189.24,3292.46,6
2025-11-03,North,Gadget Plus,115,6721.19,3789.26,6
2025-11-04,North,Gadget Plus,103,6242.32,3466.02,8
2025-11-05,North,Gadget Plus,129,7806.75,4486.34,5
2025-11-06,North,Gadget Plus,139,8126.15,4256.86,4
2025-11-07,North,Gadget Plus,131,7326.47,4404.32,7
2025-11-08,North,Gadget Plus,84,5095.0,2823.03,3
2025-11-09,North,Gadget Plus,102,5945.26,3735.18,7
2025-11-10,North,Gadget Plus,113,6908.62,3551.61,7
2025-11-11,North,Gadget Plus,89,5210.17,2924.62,8
2025-11-12,North,Gadget Plus,126,7323.72,4025.07,6
2025-11-13,North,Gadget Plus,115,6920.15,3653.25,4
2025-11-14,North,Gadget Plus,179,11480.48,6334.52,5
2025-11-15,North,Gadget Plus,117,7165.78,3924.72,6
2025-11-16,North,Gadget Plus,102,6134.77,3322.08,4
2025-11-17,North,Gadget Plus,118,7144.29,3850.65,8
2025-11-18,North,Gadget Plus,117,6640.13,3809.12,6
2025-11-19,North,Gadget Plus,95,5498.9,3107.11,3
2025-11-20,North,Gadget Plus,83,4597.19,2604.71,9
2025-11-21,North,Gadget Plus,97,6111.83,3207.46,5
2025-11-22,North,Gadget Plus,91,5700.67,2993.75,3
2025-11-23,North,Gadget Plus,63,3818.17,2030.53,4
2025-11-24,North,Gadget Plus,104,6254.85,3511.01,8
2025-11-25,North,Gadget Plus,110,6282.3,3729.2,9
2025-11-26,North,Gadget Plus,111,6605.16,3615.01,7
2025-11-27,North,Gadget Plus,103,6501.46,3425.63,8
2025-11-28,North,Gadget Plus,109,6554.84,4045.61,8
2025-11-29,North,Gadget Plus,127,7478.44,4705.57,7
2025-11-30,North,Gadget Plus,105,5957.78,3332.11,6
2025-12-01,North,Gadget Plus,106,6612.32,3388.64,7
2025-12-02,North,Gadget Plus,116,6933.79,3680.16,7
2025-12-03,North,Gadget Plus,117,6638.95,4126.66,4
2025-12-04,North,Gadget Plus,103,5998.63,3381.74,7
2025-12-05,North,Gadget Plus,103,5933.24,3491.85,9
2025-12-06,North,Gadget Plus,114,6801.61,4200.32,6
2025-12-07,North,Gadget Plus,88,5303.99,2946.46,5
2025-12-08,North,Gadget Plus,98,5781.58,3398.93,7
2025-12-09,North,Gadget Plus,208,12749.64,7149.31,5
2025-12-10,North,Gadget Plus,122,7325.08,3966.8,4
2025-12-11,North,Gadget Plus,84,5191.95,2963.02,9
2025-12-12,North,Gadget Plus,120,7110.97,3849.21,5
2025-12-13,North,Gadget Plus,113,7387.09,4039.11,6
2025-12-14,North,Gadget Plus,105,6182.99,3414.18,5
2025-12-15,North,Gadget Plus,182,10606.36,5951.29,9
2025-12-16,North,Gadget Plus,153,8882.53,4846.55,8
2025-12-17,North,Gadget Plus,159,9463.83,5080.35,6
2025-12-18,North,Gadget Plus,203,11532.43,6655.39,4
2025-12-19,North,Gadget Plus,141,8520.54,4149.28,6
2025-12-20,North,Gadget Plus,102,5760.57,3377.14,8
2025-12-21,North,Gadget Plus,118,7102.48,3852.6,7
2025-12-22,North,Gadget Plus,112,6436.84,3900.21,7
2025-12-23,North,Gadget Plus,263,15573.5,8996.83,8
2025-12-24,North,Gadget Plus,111,6769.49,3586.93,9
2025-12-25,North,Gadget Plus,134,8581.41,4386.08,7
2025-12-26,North,Gadget Plus,112,6491.84,3707.99,8
2025-12-27,North,Gadget Plus,89,5307.06,3203.02,5
2025-12-28,North,Gadget Plus,109,6387.34,3501.37,13
2025-12-29,North,Gadget Plus,124,7233.77,4004.51,7
2025-12-30,North,Gadget Plus,90,5275.37,2844.87,8
2024-01-01,North,Sensor Lite,133,1657.5,960.77,7
2024-01-02,North,Sensor Lite,112,1385.84,874.18,5
2024-01-03,North,Sensor Lite,121,1491.76,900.79,8
2024-01-04,North,Sensor Lite,121,1543.29,839.75,5
2024-01-05,North,Sensor Lite,103,1346.65,743.28,7
2024-01-06,North,Sensor Lite,105,1391.22,816.69,6
2024-01-07,North,Sensor Lite,73,917.19,534.52,6
2024-01-08,North,Sensor Lite,168,2139.51,1204.57,7
2024-01-09,North,Sensor Lite,142,1804.84,1017.8,9
2024-01-10,North,Sensor Lite,138,1725.97,1053.99,10
2024-01-11,North,Sensor Lite,90,1172.83,724.3,10
2024-01-12,North,Sensor Lite,107,1379.1,707.04,8
2024-01-13,North,Sensor Lite,128,1638.94,1079.84,7
2024-01-14,North,Sensor Lite,210,2706.28,1569.83,3
2024-01-15,North,Sensor Lite,155,2012.74,1180.28,9
2024-01-16,North,Sensor Lite,151,1960.22,1093.03,3
2024-01-17,North,Sensor Lite,138,1715.24,1021.02,4
2024-01-18,North,Sensor Lite,108,1414.03,806.89,8
2024-01-19,North,Sensor Lite,151,1940.0,1058.79,9
2024-01-20,North,Sensor Lite,83,1044.45,589.46,7
2024-01-21,North,Sensor Lite,82,1052.85,642.74,11
2024-01-22,North,Sensor Lite,101,1301.06,689.39,9
2024-01-23,North,Sensor Lite,152,2000.89,1149.6,8
2024-01-24,North,Sensor Lite,127,1568.43,922.39,11
2024-01-25,North,Sensor Lite,131,1736.64,922.83,12
2024-01-26,North,Sensor Lite,128,1633.13,1040.59,10
2024-01-27,North,Sensor Lite,84,1054.74,591.93,7
2024-01-28,North,Sensor Lite,92,1154.11,642.33,8
2024-01-29,North,Sensor Lite,116,1434.57,850.38,6
2024-01-30,North,Sensor Lite,101,1220.49,718.68,9
2024-01-31,North,Sensor Lite,119,1548.08,880.88,7
2024-02-01,North,Sensor Lite,107,1445.32,797.95,8
2024-02-02,North,Sensor Lite,145,1759.03,1085.59,9
2024-02-03,North,Sensor Lite,118,1461.6,867.79,5
2024-02-04,North,Sensor Lite,83,1082.11,592.64,6
2024-02-05,North,Sensor Lite,125,1591.57,954.76,8
2024-02-06,North,Sensor Lite,184,2404.73,1354.0,9
2024-02-07,North,Sensor Lite,111,1410.93,801.04,8
2024-02-08,North,Sensor Lite,143,1791.49,1136.51,8
2024-02-09,North,Sensor Lite,135,1709.59,992.94,8
2024-02-10,North,Sensor Lite,311,3681.88,2427.05,6
2024-02-11,North,Sensor Lite,113,1391.33,887.49,8
2024-02-12,North,Sensor Lite,124,1625.98,976.68,9
2024-02-13,North,Sensor Lite,136,1796.0,1041.18,8
2024-02-14,North,Sensor Lite,136,1807.15,1006.37,9
2024-02-15,North,Sensor Lite,132,1705.26,973.67,10
2024-02-16,North,Sensor Lite,106,1260.03,774.83,10
2024-02-17,North,Sensor Lite,135,1688.46,890.76,8
2024-02-18,North,Sensor Lite,131,1736.63,1004.24,6
2024-02-19,North,Sensor Lite,112,1497.53,838.93,12
2024-02-20,North,Sensor Lite,129,1711.99,994.0,10
2024-02-21,North,Sensor Lite,131,1658.41,963.73,7
2024-02-22,North,Sensor Lite,111,1359.78,848.7,9
2024-02-23,North,Sensor Lite,98,1247.98,675.25,11
2024-02-24,North,Sensor Lite,97,1237.3,675.84,12
2024-02-25,North,Sensor Lite,103,1374.93,667.83,9
2024-02-26,North,Sensor Lite,106,1360.74,779.13,11
2024-02-27,North,Sensor Lite,142,1811.41,1010.21,6
2024-02-28,North,Sensor Lite,170,2172.28,1201.18,9
2024-02-29,North,Sensor Lite,161,2077.37,1211.34,8
2024-03-01,North,Sensor Lite,135,1753.6,977.75,9
2024-03-02,North,Sensor Lite,80,997.83,549.58,12
2024-03-03,North,Sensor Lite,126,1555.53,1051.04,9
2024-03-04,North,Sensor Lite,143,1898.22,1056.24,7
2024-03-05,North,Sensor Lite,150,1818.35,1049.88,6
2024-03-06,North,Sensor Lite,197,2635.16,1408.98,12
2024-03-07,North,Sensor Lite,120,1442.3,880.31,10
2024-03-08,North,Sensor Lite,83,1039.69,608.82,9
2024-03-09,North,Sensor Lite,92,1207.2,725.13,8
2024-03-10,North,Sensor Lite,122,1555.52,899.21,9
2024-03-11,North,Sensor Lite,141,1726.75,1140.19,6
2024-03-12,North,Sensor Lite,113,1459.18,818.12,9
2024-03-13,North,Sensor Lite,109,1392.54,823.8,6
2024-03-14,North,Sensor Lite,132,1672.09,1026.71,7
2024-03-15,North,Sensor Lite,112,1401.27,878.33,7
2024-03-16,North,Sensor Lite,124,1579.36,977.79,1
2024-03-17,North,Sensor Lite,105,1315.38,766.43,7
2024-03-18,North,Sensor Lite,126,1723.83,932.14,6
2024-03-19,North,Sensor Lite,123,1556.96,797.36,7
2024-03-20,North,Sensor Lite,148,1865.84,1084.47,8
2024-03-21,North,Sensor Lite,143,1793.62,1115.94,11
2024-03-22,North,Sensor Lite,147,1974.16,1136.58,8
2024-03-23,North,Sensor Lite,117,1418.4,862.06,8
2024-03-24,North,Sensor Lite,112,1443.4,899.21,8
2024-03-25,North,Sensor Lite,118,1493.7,856.43,9
2024-03-26,North,Sensor Lite,124,1513.49,884.74,8
2024-03-27,North,Sensor Lite,132,1641.64,953.93,8
2024-03-28,North,Sensor Lite,206,2651.47,1438.85,9
2024-03-29,North,Sensor Lite,111,1378.55,846.96,2
2024-03-30,North,Sensor Lite,105,1349.17,788.21,11
2024-03-31,North,Sensor Lite,116,1555.72,884.58,10
2024-04-01,North,Sensor Lite,135,1730.06,978.3,7
2024-04-02,North,Sensor Lite,173,2109.57,1276.48,4
2024-04-03,North,Sensor Lite,135,1677.52,890.19,9
2024-04-04,North,Sensor Lite,137,1731.79,1032.87,5
2024-04-05,North,Sensor Lite,165,2081.52,1227.03,8
2024-04-06,North,Sensor Lite,158,2023.69,1104.86,4
2024-04-07,North,Sensor Lite,147,1891.82,1082.11,11
2024-04-08,North,Sensor Lite,139,1864.26,1015.34,4
2024-04-09,North,Sensor Lite,141,1797.55,1135.44,7
2024-04-10,North,Sensor Lite,144,1772.54,1009.06,2
2024-04-11,North,Sensor Lite,146,1925.93,1098.3,6
2024-04-12,North,Sensor Lite,122,1614.44,853.56,5
2024-04-13,North,Sensor Lite,135,1733.25,971.13,8
2024-04-14,North,Sensor Lite,118,1493.38,885.29,5
2024-04-15,North,Sensor Lite,141,1831.33,1032.37,8
2024-04-16,North,Sensor Lite,113,1431.63,835.95,4
2024-04-17,North,Sensor Lite,144,1722.77,1083.33,5
2024-04-18,North,Sensor Lite,101,1309.52,728.95,5
2024-04-19,North,Sensor Lite,128,1675.68,989.07,7
2024-04-20,North,Sensor Lite,103,1370.03,750.56,6
2024-04-21,North,Sensor Lite,120,1496.46,883.67,7
2024-04-22,North,Sensor Lite,199,2554.47,1499.2,6
2024-04-23,North,Sensor Lite,157,2016.63,1174.99,7
2024-04-24,North,Sensor Lite,184,2352.01,1405.46,4
2024-04-25,North,Sensor Lite,159,2034.24,1195.25,6
2024-04-26,North,Sensor Lite,174,2220.97,1317.8,9
2024-04-27,North,Sensor Lite,158,2027.3,1150.18,2
2024-04-28,North,Sensor Lite,99,1290.3,693.45,6
2024-04-29,North,Sensor Lite,123,1625.66,845.23,7
2024-04-30,North,Sensor Lite,160,1993.71,1085.09,8
2024-05-01,North,Sensor Lite,141,1788.46,1135.36,7
2024-05-02,North,Sensor Lite,147,1850.49,967.45,5
2024-05-03,North,Sensor Lite,135,1692.04,1058.63,6
2024-05-04,North,Sensor Lite,101,1225.32,716.72,4
2024-05-05,North,Sensor Lite,151,1926.65,1183.69,4
2024-05-06,North,Sensor Lite,115,1487.33,757.28,2
2024-05-07,North,Sensor Lite,159,2017.82,1162.77,8
2024-05-08,North,Sensor Lite,154,1962.97,1222.45,6
2024-05-09,North,Sensor Lite,106,1368.47,812.37,3
2024-05-10,North,Sensor Lite,121,1608.06,880.3,6
2024-05-11,North,Sensor Lite,99,1246.35,661.43,7
2024-05-12,North,Sensor Lite,124,1525.43,856.92,7
2024-05-13,North,Sensor Lite,131,1665.72,1036.73,3
2024-05-14,North,Sensor Lite,137,1845.45,996.15,1
2024-05-15,North,Sensor Lite,107,1316.74,788.96,6
2024-05-16,North,Sensor Lite,211,2742.72,1583.54,3
2024-05-17,North,Sensor Lite,141,1860.2,975.43,6
2024-05-18,North,Sensor Lite,121,1433.27,913.63,7
2024-05-19,North,Sensor Lite,101,1303.6,731.72,7
2024-05-20,North,Sensor Lite,123,1596.64,923.57,9
2024-05-21,North,Sensor Lite,195,2466.31,1401.29,8
2024-05-22,North,Sensor Lite,98,1225.27,668.16,9
2024-05-23,North,Sensor Lite,145,1815.99,1050.07,8
2024-05-24,North,Sensor Lite,111,1401.3,847.72,8
2024-05-25,North,Sensor Lite,102,1288.71,769.67,5
2024-05-26,North,Sensor Lite,98,1231.1,726.32,3
2024-05-27,North,Sensor Lite,115,1451.1,889.22,10
2024-05-28,North,Sensor Lite,138,1822.36,1010.8,5
2024-05-29,North,Sensor Lite,86,1056.55,638.19,8
2024-05-30,North,Sensor Lite,129,1558.45,931.7,4
2024-05-31,North,Sensor Lite,134,1770.35,1039.03,7
2024-06-01,North,Sensor Lite,85,1077.51,638.17,1
2024-06-02,North,Sensor Lite,142,1789.41,1021.54,5
2024-06-03,North,Sensor Lite,122,1550.31,835.59,5
2024-06-04,North,Sensor Lite,129,1655.08,1007.34,6
2024-06-05,North,Sensor Lite,121,1518.5,862.09,8
2024-06-06,North,Sensor Lite,133,1721.49,987.75,3
2024-06-07,North,Sensor Lite,170,2104.93,1405.98,7
2024-06-08,North,Sensor Lite,167,2109.97,1285.33,8
2024-06-09,North,Sensor Lite,122,1452.15,975.53,10
2024-06-10,North,Sensor Lite,162,2138.14,1166.54,7
2024-06-11,North,Sensor Lite,181,2295.56,1411.12,5
2024-06-12,North,Sensor Lite,139,1807.88,1029.97,3
2024-06-13,North,Sensor Lite,176,2276.08,1326.24,10
2024-06-14,North,Sensor Lite,153,1982.93,1246.6,7
2024-06-15,North,Sensor Lite,109,1389.43,795.36,6
2024-06-16,North,Sensor Lite,112,1444.63,829.6,3
2024-06-17,North,Sensor Lite,95,1176.32,671.25,4
2024-06-18,North,Sensor Lite,138,1697.68,1066.57,8
2024-06-19,North,Sensor Lite,99,1258.42,712.06,7
2024-06-20,North,Sensor Lite,98,1224.02,762.28,2
2024-06-21,North,Sensor Lite,135,1794.86,916.59,8
2024-06-22,North,Sensor Lite,85,1095.95,646.25,3
2024-06-23,North,Sensor Lite,104,1297.5,744.83,9
2024-06-24,North,Sensor Lite,133,1681.94,1020.15,7
2024-06-25,North,Sensor Lite,134,1715.32,990.93,6
2024-06-26,North,Sensor Lite,110,1399.64,792.21,9
2024-06-27,North,Sensor Lite,151,1940.95,1095.8,8
2024-06-28,North,Sensor Lite,126,1609.81,892.75,10
2024-06-29,North,Sensor Lite,111,1356.21,855.81,7
2024-06-30,North,Sensor Lite,180,2146.91,1262.16,7
2024-07-01,North,Sensor Lite,124,1563.28,905.35,7
2024-07-02,North,Sensor Lite,155,2009.48,1166.8,8
2024-07-03,North,Sensor Lite,151,1904.32,1207.55,11
2024-07-04,North,Sensor Lite,110,1454.53,813.62,6
2024-07-05,North,Sensor Lite,115,1464.19,840.68,9
2024-07-06,North,Sensor Lite,85,1127.88,637.61,6
2024-07-07,North,Sensor Lite,90,1187.15,596.95,3
2024-07-08,North,Sensor Lite,98,1288.91,681.74,8
2024-07-09,North,Sensor Lite,122,1499.34,885.86,8
2024-07-10,North,Sensor Lite,140,1785.92,999.07,8
2024-07-11,North,Sensor Lite,108,1427.51,735.23,5
2024-07-12,North,Sensor Lite,123,1581.06,949.24,8
2024-07-13,North,Sensor Lite,96,1244.36,719.63,8
2024-07-14,North,Sensor Lite,120,1466.3,894.23,6
2024-07-15,North,Sensor Lite,111,1496.72,792.9,5
2024-07-16,North,Sensor Lite,180,2240.51,1337.29,8
2024-07-17,North,Sensor Lite,106,1270.64,804.58,9
2024-07-18,North,Sensor Lite,100,1261.57,730.2,9
2024-07-19,North,Sensor Lite,135,1594.87,1021.21,7
2024-07-20,North,Sensor Lite,95,1171.82,675.02,9
2024-07-21,North,Sensor Lite,99,1359.13,736.17,10
2024-07-22,North,Sensor Lite,153,1928.51,1196.88,6
2024-07-23,North,Sensor Lite,154,1879.4,1209.8,9
2024-07-24,North,Sensor Lite,90,1148.37,710.21,11
2024-07-25,North,Sensor Lite,136,1687.3,1020.77,6
2024-07-26,North,Sensor Lite,126,1648.17,933.87,11
2024-07-27,North,Sensor Lite,89,1104.47,643.82,12
2024-07-28,North,Sensor Lite,102,1311.06,686.59,8
2024-07-29,North,Sensor Lite,88,1083.39,607.41,8
2024-07-30,North,Sensor Lite,156,2144.08,1144.7,11
2024-07-31,North,Sensor Lite,131,1695.49,964.15,8
2024-08-01,North,Sensor Lite,102,1294.82,808.1,4
2024-08-02,North,Sensor Lite,107,1352.26,843.85,9
2024-08-03,North,Sensor Lite,70,877.68,500.22,10
2024-08-04,North,Sensor Lite,89,1108.85,685.55,10
2024-08-05,North,Sensor Lite,108,1344.43,780.14,7
2024-08-06,North,Sensor Lite,93,1245.45,711.69,8
2024-08-07,North,Sensor Lite,135,1692.71,1039.26,11
2024-08-08,North,Sensor Lite,148,1766.45,1163.22,9
2024-08-09,North,Sensor Lite,117,1439.57,844.47,6
2024-08-10,North,Sensor Lite,89,1166.33,692.0,11
2024-08-11,North,Sensor Lite,101,1278.0,677.41,9
2024-08-12,North,Sensor Lite,116,1473.05,914.03,11
2024-08-13,North,Sensor Lite,96,1266.96,709.51,6
2024-08-14,North,Sensor Lite,103,1282.63,762.06,9
2024-08-15,North,Sensor Lite,110,1429.11,731.08,10
2024-08-16,North,Sensor Lite,121,1511.84,878.0,9
2024-08-17,North,Sensor Lite,93,1206.24,734.84,7
2024-08-18,North,Sensor Lite,96,1209.64,695.24,4
2024-08-19,North,Sensor Lite,87,1101.21,666.77,12
2024-08-20,North,Sensor Lite,130,1698.28,963.66,9
2024-08-21,North,Sensor Lite,115,1499.15,896.22,11
2024-08-22,North,Sensor Lite,181,2296.3,1352.22,11
2024-08-23,North,Sensor Lite,107,1344.95,754.91,10
2024-08-24,North,Sensor Lite,97,1296.08,719.83,8
2024-08-25,North,Sensor Lite,152,1972.26,1214.85,10
2024-08-26,North,Sensor Lite,118,1486.85,894.93,12
2024-08-27,North,Sensor Lite,112,1400.02,823.97,9
2024-08-28,North,Sensor Lite,95,1248.49,782.29,13
2024-08-29,North,Sensor Lite,149,1906.33,1166.51,6
2024-08-30,North,Sensor Lite,92,1167.24,708.6,5
2024-08-31,North,Sensor Lite,98,1253.81,736.71,11
2024-09-01,North,Sensor Lite,83,1068.97,636.63,7
2024-09-02,North,Sensor Lite,109,1387.39,837.36,13
2024-09-03,North,Sensor Lite,87,1149.31,573.54,11
2024-09-04,North,Sensor Lite,144,1905.36,1086.64,12
2024-09-05,North,Sensor Lite,107,1386.02,785.43,10
2024-09-06,North,Sensor Lite,90,1194.82,649.36,6
2024-09-07,North,Sensor Lite,113,1441.12,828.03,5
2024-09-08,North,Sensor Lite,82,1067.15,559.6,11
2024-09-09,North,Sensor Lite,119,1562.97,801.14,5
2024-09-10,North,Sensor Lite,130,1708.17,1021.96,11
2024-09-11,North,Sensor Lite,122,1598.25,923.66,9
2024-09-12,North,Sensor Lite,75,974.36,488.04,8
2024-09-13,North,Sensor Lite,127,1714.32,912.72,9
2024-09-14,North,Sensor Lite,88,1103.83,679.87,9
2024-09-15,North,Sensor Lite,84,1066.01,612.9,7
2024-09-16,North,Sensor Lite,110,1393.47,864.67,11
2024-09-17,North,Sensor Lite,84,1059.17,654.23,10
2024-09-18,North,Sensor Lite,116,1390.76,800.17,8
2024-09-19,North,Sensor Lite,87,1155.0,639.19,6
2024-09-20,North,Sensor Lite,106,1309.9,766.83,10
2024-09-21,North,Sensor Lite,92,1178.98,633.51,3
2024-09-22,North,Sensor Lite,108,1318.26,741.09,8
2024-09-23,North,Sensor Lite,96,1246.79,681.77,9
2024-09-24,North,Sensor Lite,145,1805.19,1038.61,6
2024-09-25,North,Sensor Lite,132,1625.65,990.63,9
2024-09-26,North,Sensor Lite,103,1320.91,801.99,7
2024-09-27,North,Sensor Lite,91,1135.86,690.69,6
2024-09-28,North,Sensor Lite,69,864.6,529.76,9
2024-09-29,North,Sensor Lite,94,1204.68,686.33,5
2024-09-30,North,Sensor Lite,98,1279.49,747.06,9
2024-10-01,North,Sensor Lite,138,1716.3,1013.62,3
2024-10-02,North,Sensor Lite,99,1224.72,716.43,7
2024-10-03,North,Sensor Lite,95,1212.1,769.68,7
2024-10-04,North,Sensor Lite,117,1515.88,764.91,5
2024-10-05,North,Sensor Lite,79,1051.45,529.84,7
2024-10-06,North,Sensor Lite,90,1110.62,678.74,6
2024-10-07,North,Sensor Lite,52,656.68,379.7,8
2024-10-08,North,Sensor Lite,114,1504.77,782.99,7
2024-10-09,North,Sensor Lite,115,1553.04,806.13,7
2024-10-10,North,Sensor Lite,116,1434.94,818.72,7
2024-10-11,North,Sensor Lite,83,1034.79,641.6,5
2024-10-12,North,Sensor Lite,96,1237.99,753.46,5
2024-10-13,North,Sensor Lite,93,1165.2,744.62,6
2024-10-14,North,Sensor Lite,132,1644.67,899.19,6
2024-10-15,North,Sensor Lite,126,1618.28,868.66,8
2024-10-16,North,Sensor Lite,109,1454.35,748.7,6
2024-10-17,North,Sensor Lite,136,1665.88,1071.26,6
2024-10-18,North,Sensor Lite,107,1425.57,808.32,3
2024-10-19,North,Sensor Lite,30,375.9,222.89,7
2024-10-20,North,Sensor Lite,86,1107.87,643.71,4
2024-10-21,North,Sensor Lite,123,1643.1,907.62,3
2024-10-22,North,Sensor Lite,106,1364.69,740.43,9
2024-10-23,North,Sensor Lite,153,1933.34,1161.25,7
2024-10-24,North,Sensor Lite,164,2136.05,1202.31,7
2024-10-25,North,Sensor Lite,134,1699.62,932.09,6
2024-10-26,North,Sensor Lite,121,1566.88,921.11,5
2024-10-27,North,Sensor Lite,69,874.35,499.73,5
2024-10-28,North,Sensor Lite,89,1164.07,666.09,7
2024-10-29,North,Sensor Lite,108,1319.4,794.21,7
2024-10-30,North,Sensor Lite,116,1434.03,896.66,5
2024-10-31,North,Sensor Lite,111,1355.43,830.44,9
2024-11-01,North,Sensor Lite,86,1094.64,608.28,5
2024-11-02,North,Sensor Lite,114,1386.8,857.18,2
2024-11-03,North,Sensor Lite,137,1710.5,1031.78,2
2024-11-04,North,Sensor Lite,146,1799.65,1108.02,2
2024-11-05,North,Sensor Lite,141,1877.55,1097.44,4
2024-11-06,North,Sensor Lite,42,519.58,301.23,5
2024-11-07,North,Sensor Lite,100,1225.79,764.71,6
2024-11-08,North,Sensor Lite,119,1528.55,804.66,5
2024-11-09,North,Sensor Lite,137,1835.14,1007.72,7
2024-11-10,North,Sensor Lite,88,1118.09,642.26,5
2024-11-11,North,Sensor Lite,109,1388.14,864.99,5
2024-11-12,North,Sensor Lite,144,1907.09,1057.27,4
2024-11-13,North,Sensor Lite,146,1910.54,1113.24,8
2024-11-14,North,Sensor Lite,102,1317.1,688.31,2
2024-11-15,North,Sensor Lite,113,1415.58,821.49,6
2024-11-16,North,Sensor Lite,87,1124.42,616.56,5
2024-11-17,North,Sensor Lite,97,1186.26,806.65,7
2024-11-18,North,Sensor Lite,146,1826.67,1044.38,5
2024-11-19,North,Sensor Lite,104,1382.94,772.42,5
2024-11-20,North,Sensor Lite,146,1934.21,1087.24,5
2024-11-21,North,Sensor Lite,123,1588.83,837.86,8
2024-11-22,North,Sensor Lite,184,2210.21,1325.79,5
2024-11-23,North,Sensor Lite,103,1265.65,777.63,9
2024-11-24,North,Sensor Lite,96,1199.05,713.44,6
2024-11-25,North,Sensor Lite,135,1712.38,884.09,5
2024-11-26,North,Sensor Lite,115,1411.25,826.87,5
2024-11-27,North,Sensor Lite,89,1126.36,692.22,6
2024-11-28,North,Sensor Lite,118,1584.27,898.88,4
2024-11-29,North,Sensor Lite,118,1522.59,926.38,6
2024-11-30,North,Sensor Lite,74,949.69,520.61,5
2024-12-01,North,Sensor Lite,98,1211.36,771.65,6
2024-12-02,North,Sensor Lite,86,1042.59,634.99,6
2024-12-03,North,Sensor Lite,117,1436.79,934.73,6
2024-12-04,North,Sensor Lite,130,1573.99,962.16,6
2024-12-05,North,Sensor Lite,127,1622.9,843.59,9
2024-12-06,North,Sensor Lite,117,1508.93,902.56,7
2024-12-07,North,Sensor Lite,99,1225.7,716.35,11
2024-12-08,North,Sensor Lite,88,1126.98,638.95,6
2024-12-09,North,Sensor Lite,127,1690.61,871.52,8
2024-12-10,North,Sensor Lite,128,1727.85,1024.03,4
2024-12-11,North,Sensor Lite,108,1408.83,778.38,9
2024-12-12,North,Sensor Lite,134,1699.54,1069.69,5
2024-12-13,North,Sensor Lite,134,1746.33,970.22,7
2024-12-14,North,Sensor Lite,100,1326.71,705.67,6
2024-12-15,North,Sensor Lite,159,1905.18,1254.23,7
2024-12-16,North,Sensor Lite,126,1677.93,928.98,6
2024-12-17,North,Sensor Lite,123,1542.63,907.31,5
2024-12-18,North,Sensor Lite,120,1505.45,831.1,6
2024-12-19,North,Sensor Lite,109,1374.95,788.14,10
2024-12-20,North,Sensor Lite,148,1905.12,1118.68,8
2024-12-21,North,Sensor Lite,93,1146.22,643.5,4
2024-12-22,North,Sensor Lite,95,1200.9,684.05,9
2024-12-23,North,Sensor Lite,120,1554.11,869.33,5
2024-12-24,North,Sensor Lite,111,1424.53,824.13,8
2024-12-25,North,Sensor Lite,97,1250.88,770.9,8
2024-12-26,North,Sensor Lite,122,1540.38,889.26,8
2024-12-27,North,Sensor Lite,156,2030.39,1114.54,11
2024-12-28,North,Sensor Lite,111,1460.1,934.19,5
2024-12-29,North,Sensor Lite,142,1864.62,1028.04,8
2024-12-30,North,Sensor Lite,17,219.53,124.6,10
2024-12-31,North,Sensor Lite,148,1940.15,1075.6,6
2025-01-01,North,Sensor Lite,190,2485.8,1386.54,6
2025-01-02,North,Sensor Lite,133,1831.91,988.03,7
2025-01-03,North,Sensor Lite,138,1823.8,1068.22,8
2025-01-04,North,Sensor Lite,109,1386.05,822.89,5
2025-01-05,North,Sensor Lite,145,1798.19,1130.79,9
2025-01-06,North,Sensor Lite,137,1733.07,1066.72,5
2025-01-07,North,Sensor Lite,122,1540.02,912.21,10
2025-01-08,North,Sensor Lite,153,1980.68,1153.5,9
2025-01-09,North,Sensor Lite,120,1497.86,937.23,12
2025-01-10,North,Sensor Lite,153,2020.52,1069.29,9
2025-01-11,North,Sensor Lite,120,1466.22,998.92,7
2025-01-12,North,Sensor Lite,108,1309.56,778.72,7
2025-01-13,North,Sensor Lite,155,1968.24,1126.87,9
2025-01-14,North,Sensor Lite,107,1329.77,743.82,8
2025-01-15,North,Sensor Lite,145,1778.97,1009.58,11
2025-01-16,North,Sensor Lite,130,1625.82,1008.85,6
2025-01-17,North,Sensor Lite,237,2952.72,1952.87,12
2025-01-18,North,Sensor Lite,117,1492.2,841.24,11
2025-01-19,North,Sensor Lite,102,1276.29,767.91,8
2025-01-20,North,Sensor Lite,111,1392.36,830.44,12
2025-01-21,North,Sensor Lite,181,2307.41,1406.39,7
2025-01-22,North,Sensor Lite,135,1773.62,1109.82,9
2025-01-23,North,Sensor Lite,125,1664.07,995.35,6
2025-01-24,North,Sensor Lite,153,1959.4,1118.69,12
2025-01-25,North,Sensor Lite,130,1668.72,987.43,5
2025-01-26,North,Sensor Lite,130,1648.39,992.21,6
2025-01-27,North,Sensor Lite,146,1888.38,1079.31,8
2025-01-28,North,Sensor Lite,150,1934.89,1049.18,11
2025-01-29,North,Sensor Lite,152,2015.08,1079.88,11
2025-01-30,North,Sensor Lite,155,1864.27,1212.85,9
2025-01-31,North,Sensor Lite,158,2000.33,1242.35,11
2025-02-01,North,Sensor Lite,143,1841.8,1047.22,9
2025-02-02,North,Sensor Lite,119,1516.05,892.09,10
2025-02-03,North,Sensor Lite,127,1573.63,996.06,12
2025-02-04,North,Sensor Lite,144,1764.43,974.8,8
2025-02-05,North,Sensor Lite,170,2219.93,1229.92,7
2025-02-06,North,Sensor Lite,108,1345.73,879.83,10
2025-02-07,North,Sensor Lite,108,1304.51,811.16,10
2025-02-08,North,Sensor Lite,141,1843.95,984.49,9
2025-02-09,North,Sensor Lite,157,2029.31,1168.61,11
2025-02-10,North,Sensor Lite,119,1511.98,925.57,9
2025-02-11,North,Sensor Lite,153,1897.23,988.04,9
2025-02-12,North,Sensor Lite,140,1778.93,1045.13,10
2025-02-13,North,Sensor Lite,144,1902.95,1045.76,10
2025-02-14,North,Sensor Lite,160,1941.18,1086.79,12
2025-02-15,North,Sensor Lite,96,1166.57,713.31,10
2025-02-16,North,Sensor Lite,99,1238.48,727.6,8
2025-02-17,North,Sensor Lite,144,1834.53,1064.32,10
2025-02-18,North,Sensor Lite,148,1858.9,1076.13,11
2025-02-19,North,Sensor Lite,125,1624.48,877.76,10
2025-02-20,North,Sensor Lite,176,2317.3,1207.66,10
2025-02-21,North,Sensor Lite,142,1825.64,1014.51,6
2025-02-22,North,Sensor Lite,114,1477.94,879.84,4
2025-02-23,North,Sensor Lite,129,1658.18,965.72,11
2025-02-24,North,Sensor Lite,150,1913.05,1106.16,10
2025-02-25,North,Sensor Lite,179,2193.68,1255.74,9
2025-02-26,North,Sensor Lite,131,1618.74,951.28,10
2025-02-27,North,Sensor Lite,120,1467.99,920.73,12
2025-02-28,North,Sensor Lite,146,1853.21,1107.67,11
2025-03-01,North,Sensor Lite,125,1604.86,902.93,10
2025-03-02,North,Sensor Lite,99,1207.37,636.94,7
2025-03-03,North,Sensor Lite,121,1546.11,865.19,7
2025-03-04,North,Sensor Lite,161,1998.85,1162.65,4
2025-03-05,North,Sensor Lite,136,1678.38,960.75,10
2025-03-06,North,Sensor Lite,120,1501.3,869.65,11
2025-03-07,North,Sensor Lite,186,2291.78,1432.59,11
2025-03-08,North,Sensor Lite,112,1453.99,827.25,10
2025-03-09,North,Sensor Lite,154,1953.6,1195.99,8
2025-03-10,North,Sensor Lite,373,4872.06,2552.03,7
2025-03-11,North,Sensor Lite,166,2088.34,1209.66,6
2025-03-12,North,Sensor Lite,151,1901.82,1009.07,8
2025-03-13,North,Sensor Lite,98,1319.72,709.73,6
2025-03-14,North,Sensor Lite,241,2923.13,1690.16,11
2025-03-15,North,Sensor Lite,123,1628.68,968.51,5
2025-03-16,North,Sensor Lite,135,1806.69,1019.47,7
2025-03-17,North,Sensor Lite,115,1499.94,894.18,4
2025-03-18,North,Sensor Lite,157,1981.9,1136.86,8
2025-03-19,North,Sensor Lite,129,1715.16,905.93,7
2025-03-20,North,Sensor Lite,165,2083.44,1156.8,7
2025-03-21,North,Sensor Lite,158,1971.85,1184.72,5
2025-03-22,North,Sensor Lite,145,1827.22,1170.12,7
2025-03-23,North,Sensor Lite,154,1929.91,1163.1,6
2025-03-24,North,Sensor Lite,173,2143.11,1256.21,7
2025-03-25,North,Sensor Lite,186,2450.47,1363.41,11
2025-03-26,North,Sensor Lite,149,1855.67,1100.87,7
2025-03-27,North,Sensor Lite,265,3375.74,2159.71,8
2025-03-28,North,Sensor Lite,128,1561.31,1005.62,6
2025-03-29,North,Sensor Lite,116,1480.37,869.56,5
2025-03-30,North,Sensor Lite,150,1846.18,1116.09,7
2025-03-31,North,Sensor Lite,183,2250.62,1374.47,12
2025-04-01,North,Sensor Lite,174,2211.23,1319.42,6
2025-04-02,North,Sensor Lite,79,1039.19,572.52,7
2025-04-03,North,Sensor Lite,110,1421.03,779.65,5
2025-04-04,North,Sensor Lite,213,2757.23,1657.55,1
2025-04-05,North,Sensor Lite,123,1562.14,911.2,5
2025-04-06,North,Sensor Lite,160,2019.46,1240.16,11
2025-04-07,North,Sensor Lite,111,1448.84,889.01,7
2025-04-08,North,Sensor Lite,167,2093.28,1267.97,9
2025-04-09,North,Sensor Lite,144,1881.96,1084.7,5
2025-04-10,North,Sensor Lite,177,2340.43,1519.38,1
2025-04-11,North,Sensor Lite,169,2100.36,1263.54,4
2025-04-12,North,Sensor Lite,136,1697.87,951.52,7
2025-04-13,North,Sensor Lite,106,1329.37,773.37,6
2025-04-14,North,Sensor Lite,352,4290.49,2806.89,6
2025-04-15,North,Sensor Lite,155,1948.42,1072.78,5
2025-04-16,North,Sensor Lite,175,2318.37,1246.28,8
2025-04-17,North,Sensor Lite,191,2358.86,1491.59,5
2025-04-18,North,Sensor Lite,164,2174.13,1197.12,6
2025-04-19,North,Sensor Lite,101,1271.0,743.28,6
2025-04-20,North,Sensor Lite,130,1762.62,1013.63,5
2025-04-21,North,Sensor Lite,255,3184.75,1819.37,4
2025-04-22,North,Sensor Lite,214,2716.71,1467.32,5
2025-04-23,North,Sensor Lite,234,2902.03,1611.35,9
2025-04-24,North,Sensor Lite,161,2010.4,1226.06,8
2025-04-25,North,Sensor Lite,188,2493.23,1409.23,7
2025-04-26,North,Sensor Lite,123,1590.58,878.68,4
2025-04-27,North,Sensor Lite,117,1537.79,815.64,2
2025-04-28,North,Sensor Lite,151,1849.26,1102.28,7
2025-04-29,North,Sensor Lite,175,2275.08,1367.29,7
2025-04-30,North,Sensor Lite,129,1596.82,914.71,5
2025-05-01,North,Sensor Lite,196,2398.74,1402.34,4
2025-05-02,North,Sensor Lite,157,2016.09,1092.64,2
2025-05-03,North,Sensor Lite,107,1373.6,777.25,7
2025-05-04,North,Sensor Lite,155,1979.41,1166.39,7
2025-05-05,North,Sensor Lite,119,1549.91,973.73,4
2025-05-06,North,Sensor Lite,143,1871.03,1069.72,3
2025-05-07,North,Sensor Lite,142,1890.33,1047.98,7
2025-05-08,North,Sensor Lite,231,2840.07,1783.16,4
2025-05-09,North,Sensor Lite,139,1852.11,1064.41,9
2025-05-10,North,Sensor Lite,85,1144.95,610.83,5
2025-05-11,North,Sensor Lite,113,1424.92,932.45,4
2025-05-12,North,Sensor Lite,170,2059.01,1256.47,5
2025-05-13,North,Sensor Lite,180,2199.75,1347.74,4
2025-05-14,North,Sensor Lite,235,2954.74,1786.94,7
2025-05-15,North,Sensor Lite,201,2717.6,1513.12,7
2025-05-16,North,Sensor Lite,161,2053.8,1282.27,7
2025-05-17,North,Sensor Lite,106,1326.48,761.26,5
2025-05-18,North,Sensor Lite,40,499.51,307.59,4
2025-05-19,North,Sensor Lite,145,1775.39,1081.83,5
2025-05-20,North,Sensor Lite,138,1805.66,1071.38,4
2025-05-21,North,Sensor Lite,144,1830.93,1054.15,8
2025-05-22,North,Sensor Lite,123,1667.04,894.25,7
2025-05-23,North,Sensor Lite,142,1844.62,1089.26,5
2025-05-24,North,Sensor Lite,118,1541.96,888.83,3
2025-05-25,North,Sensor Lite,140,1772.04,993.51,8
2025-05-26,North,Sensor Lite,143,1763.57,1129.4,6
2025-05-27,North,Sensor Lite,122,1514.73,935.87,5
2025-05-28,North,Sensor Lite,115,1406.02,847.84,8
2025-05-29,North,Sensor Lite,159,2082.62,1149.05,4
2025-05-30,North,Sensor Lite,155,1953.43,1167.88,5
2025-05-31,North,Sensor Lite,110,1442.58,840.88,5
2025-06-01,North,Sensor Lite,112,1433.82,762.74,3
2025-06-02,North,Sensor Lite,163,2059.99,1228.86,6
2025-06-03,North,Sensor Lite,194,2386.71,1482.44,4
2025-06-04,North,Sensor Lite,131,1685.36,855.38,5
2025-06-05,North,Sensor Lite,153,1937.96,1143.31,4
2025-06-06,North,Sensor Lite,179,2344.02,1370.6,5
2025-06-07,North,Sensor Lite,105,1310.02,799.57,4
2025-06-08,North,Sensor Lite,120,1558.28,923.63,6
2025-06-09,North,Sensor Lite,149,1993.27,1084.54,6
2025-06-10,North,Sensor Lite,118,1516.8,827.8,6
2025-06-11,North,Sensor Lite,154,2009.76,1037.05,11
2025-06-12,North,Sensor Lite,150,1945.31,1170.62,6
2025-06-13,North,Sensor Lite,164,2210.07,1256.26,7
2025-06-14,North,Sensor Lite,96,1237.64,751.9,8
2025-06-15,North,Sensor Lite,119,1549.11,848.67,6
2025-06-16,North,Sensor Lite,189,2407.13,1454.81,7
2025-06-17,North,Sensor Lite,214,2665.11,1464.62,7
2025-06-18,North,Sensor Lite,185,2273.26,1309.48,7
2025-06-19,North,Sensor Lite,119,1574.92,886.15,5
2025-06-20,North,Sensor Lite,159,1965.92,1215.62,6
2025-06-21,North,Sensor Lite,107,1394.78,858.27,7
2025-06-22,North,Sensor Lite,123,1587.82,899.27,3
2025-06-23,North,Sensor Lite,127,1663.83,899.12,10
2025-06-24,North,Sensor Lite,107,1343.18,755.49,11
2025-06-25,North,Sensor Lite,136,1692.87,971.79,7
2025-06-26,North,Sensor Lite,164,2114.74,1348.37,8
2025-06-27,North,Sensor Lite,152,1921.0,1167.37,9
2025-06-28,North,Sensor Lite,124,1522.61,968.64,5
2025-06-29,North,Sensor Lite,295,3979.99,2156.91,9
2025-06-30,North,Sensor Lite,154,1916.88,1139.51,7
2025-07-01,North,Sensor Lite,157,1942.08,1202.42,12
2025-07-02,North,Sensor Lite,136,1721.4,980.95,7
2025-07-03,North,Sensor Lite,144,1905.01,1050.08,9
2025-07-04,North,Sensor Lite,194,2312.72,1387.17,7
2025-07-05,North,Sensor Lite,116,1530.91,839.19,12
2025-07-06,North,Sensor Lite,114,1413.76,845.67,7
2025-07-07,North,Sensor Lite,143,1837.72,1014.72,10
2025-07-08,North,Sensor Lite,135,1686.34,1013.28,9
2025-07-09,North,Sensor Lite,130,1756.55,975.69,9
2025-07-10,North,Sensor Lite,145,1855.66,1063.38,9
2025-07-11,North,Sensor Lite,127,1584.85,900.92,7
2025-07-12,North,Sensor Lite,108,1364.56,803.39,3
2025-07-13,North,Sensor Lite,96,1227.29,692.47,10
2025-07-14,North,Sensor Lite,141,1807.33,1045.83,7
2025-07-15,North,Sensor Lite,154,1989.35,1202.17,11
2025-07-16,North,Sensor Lite,133,1695.68,922.54,9
2025-07-17,North,Sensor Lite,96,1173.43,787.6,11
2025-07-18,North,Sensor Lite,153,1930.84,1128.09,10
2025-07-19,North,Sensor Lite,112,1453.99,845.87,4
2025-07-20,North,Sensor Lite,91,1136.93,648.05,10
2025-07-21,North,Sensor Lite,157,2042.15,1228.15,8
2025-07-22,North,Sensor Lite,106,1352.79,779.47,11
2025-07-23,North,Sensor Lite,164,2077.34,1189.68,10
2025-07-24,North,Sensor Lite,134,1769.71,963.07,10
2025-07-25,North,Sensor Lite,90,1087.66,657.06,8
2025-07-26,North,Sensor Lite,111,1386.58,838.58,7
2025-07-27,North,Sensor Lite,100,1322.14,746.39,8
2025-07-28,North,Sensor Lite,121,1627.45,893.62,5
2025-07-29,North,Sensor Lite,117,1594.05,835.0,8
2025-07-30,North,Sensor Lite,131,1672.77,932.12,6
2025-07-31,North,Sensor Lite,122,1576.87,882.0,6
2025-08-01,North,Sensor Lite,95,1240.95,719.18,9
2025-08-02,North,Sensor Lite,134,1773.85,1024.43,10
2025-08-03,North,Sensor Lite,101,1299.85,777.19,9
2025-08-04,North,Sensor Lite,116,1520.09,858.34,8
2025-08-05,North,Sensor Lite,108,1395.99,814.53,7
2025-08-06,North,Sensor Lite,151,1955.41,1107.99,8
2025-08-07,North,Sensor Lite,104,1289.47,702.56,7
2025-08-08,North,Sensor Lite,16,201.99,117.12,9
2025-08-09,North,Sensor Lite,94,1179.7,682.55,6
2025-08-10,North,Sensor Lite,95,1168.05,666.48,10
2025-08-11,North,Sensor Lite,107,1296.65,769.34,8
2025-08-12,North,Sensor Lite,116,1460.2,864.2,10
2025-08-13,North,Sensor Lite,130,1644.38,907.49,11
2025-08-14,North,Sensor Lite,135,1726.67,963.5,10
2025-08-15,North,Sensor Lite,112,1451.81,892.95,11
2025-08-16,North,Sensor Lite,102,1307.84,694.31,5
2025-08-17,North,Sensor Lite,121,1530.86,887.2,8
2025-08-18,North,Sensor Lite,95,1178.0,662.0,11
2025-08-19,North,Sensor Lite,128,1674.94,911.6,10
2025-08-20,North,Sensor Lite,108,1372.79,791.3,13
2025-08-21,North,Sensor Lite,106,1333.91,745.67,12
2025-08-22,North,Sensor Lite,134,1698.94,1020.06,9
2025-08-23,North,Sensor Lite,93,1159.68,734.69,8
2025-08-24,North,Sensor Lite,82,1028.86,632.34,7
2025-08-25,North,Sensor Lite,315,3948.48,2450.42,8
2025-08-26,North,Sensor Lite,150,1896.01,1033.42,8
2025-08-27,North,Sensor Lite,90,1170.07,657.91,7
2025-08-28,North,Sensor Lite,202,2606.96,1529.74,7
2025-08-29,North,Sensor Lite,141,1881.17,1088.85,9
2025-08-30,North,Sensor Lite,96,1268.49,772.68,12
2025-08-31,North,Sensor Lite,132,1781.78,1029.01,10
2025-09-01,North,Sensor Lite,141,1827.91,1090.17,8
2025-09-02,North,Sensor Lite,133,1723.38,1113.8,10
2025-09-03,North,Sensor Lite,105,1319.17,780.74,9
2025-09-04,North,Sensor Lite,137,1790.04,999.15,8
2025-09-05,North,Sensor Lite,100,1249.9,746.56,8
2025-09-06,North,Sensor Lite,127,1547.82,896.8,8
2025-09-07,North,Sensor Lite,108,1440.05,801.9,9
2025-09-08,North,Sensor Lite,108,1325.4,730.19,8
2025-09-09,North,Sensor Lite,145,1873.09,1044.59,6
2025-09-10,North,Sensor Lite,187,2321.28,1375.82,6
2025-09-11,North,Sensor Lite,120,1581.71,930.16,8
2025-09-12,North,Sensor Lite,138,1826.16,1077.93,9
2025-09-13,North,Sensor Lite,92,1191.62,648.0,7
2025-09-14,North,Sensor Lite,101,1335.9,824.98,5
2025-09-15,North,Sensor Lite,95,1211.52,708.22,10
2025-09-16,North,Sensor Lite,125,1700.57,936.1,9
2025-09-17,North,Sensor Lite,125,1629.43,850.18,3
2025-09-18,North,Sensor Lite,172,2133.75,1233.34,10
2025-09-19,North,Sensor Lite,90,1149.9,700.96,7
2025-09-20,North,Sensor Lite,95,1205.71,708.97,8
2025-09-21,North,Sensor Lite,125,1581.78,929.99,9
2025-09-22,North,Sensor Lite,119,1441.82,890.6,10
2025-09-23,North,Sensor Lite,120,1547.76,823.92,9
2025-09-24,North,Sensor Lite,107,1307.53,787.98,7
2025-09-25,North,Sensor Lite,105,1237.32,831.71,4
2025-09-26,North,Sensor Lite,89,1123.04,694.39,3
2025-09-27,North,Sensor Lite,89,1109.02,654.48,8
2025-09-28,North,Sensor Lite,83,1030.9,662.22,9
2025-09-29,North,Sensor Lite,127,1468.51,880.63,5
2025-09-30,North,Sensor Lite,108,1341.85,760.37,6
2025-10-01,North,Sensor Lite,114,1445.93,922.21,5
2025-10-02,North,Sensor Lite,115,1438.36,875.59,5
2025-10-03,North,Sensor Lite,123,1586.47,897.05,8
2025-10-04,North,Sensor Lite,91,1208.73,671.54,7
2025-10-05,North,Sensor Lite,82,1061.7,582.33,6
2025-10-06,North,Sensor Lite,127,1669.11,952.8,11
2025-10-07,North,Sensor Lite,151,1989.31,1128.43,3
2025-10-08,North,Sensor Lite,128,1582.12,948.14,7
2025-10-09,North,Sensor Lite,112,1446.81,780.74,4
2025-10-10,North,Sensor Lite,122,1601.94,914.75,6
2025-10-11,North,Sensor Lite,69,868.24,497.08,6
2025-10-12,North,Sensor Lite,98,1219.86,689.45,7
2025-10-13,North,Sensor Lite,116,1502.53,912.77,5
2025-10-14,North,Sensor Lite,106,1291.43,869.5,5
2025-10-15,North,Sensor Lite,110,1356.72,893.06,5
2025-10-16,North,Sensor Lite,117,1461.91,893.94,3
2025-10-17,North,Sensor Lite,331,4277.29,2416.87,7
2025-10-18,North,Sensor Lite,123,1578.55,907.0,6
2025-10-19,North,Sensor Lite,85,1117.31,641.76,6
2025-10-20,North,Sensor Lite,115,1425.7,833.12,5
2025-10-21,North,Sensor Lite,190,2351.61,1498.71,5
2025-10-22,North,Sensor Lite,146,1890.76,970.43,8
2025-10-23,North,Sensor Lite,130,1617.79,947.78,7
2025-10-24,North,Sensor Lite,129,1614.97,992.84,8
2025-10-25,North,Sensor Lite,112,1348.46,793.78,6
2025-10-26,North,Sensor Lite,91,1170.37,665.31,8
2025-10-27,North,Sensor Lite,54,720.34,411.46,4
2025-10-28,North,Sensor Lite,128,1581.61,1019.11,5
2025-10-29,North,Sensor Lite,110,1445.49,761.34,7
2025-10-30,North,Sensor Lite,123,1565.46,847.94,7
2025-10-31,North,Sensor Lite,160,1931.96,1128.0,4
2025-11-01,North,Sensor Lite,95,1178.74,648.96,3
2025-11-02,North,Sensor Lite,122,1510.87,836.61,5
2025-11-03,North,Sensor Lite,115,1452.33,809.61,4
2025-11-04,North,Sensor Lite,113,1458.88,887.77,8
2025-11-05,North,Sensor Lite,146,1964.75,1063.54,7
2025-11-06,North,Sensor Lite,111,1354.49,822.69,3
2025-11-07,North,Sensor Lite,151,1897.25,1064.02,3
2025-11-08,North,Sensor Lite,111,1377.21,847.42,3
2025-11-09,North,Sensor Lite,89,1091.58,720.37,4
2025-11-10,North,Sensor Lite,129,1649.46,912.23,5
2025-11-11,North,Sensor Lite,119,1517.32,956.54,7
2025-11-12,North,Sensor Lite,140,1687.87,1054.88,3
2025-11-13,North,Sensor Lite,185,2360.03,1370.15,10
2025-11-14,North,Sensor Lite,123,1511.54,928.41,3
2025-11-15,North,Sensor Lite,116,1479.52,875.16,2
2025-11-16,North,Sensor Lite,224,2964.77,1811.52,8
2025-11-17,North,Sensor Lite,133,1719.31,1009.8,8
2025-11-18,North,Sensor Lite,129,1653.51,980.43,5
2025-11-19,North,Sensor Lite,114,1430.44,825.82,6
2025-11-20,North,Sensor Lite,142,1814.13,1094.89,6
2025-11-21,North,Sensor Lite,127,1646.61,894.84,6
2025-11-22,North,Sensor Lite,91,1176.41,677.07,3
2025-11-23,North,Sensor Lite,129,1639.85,1092.22,1
2025-11-24,North,Sensor Lite,138,1770.97,893.34,4
2025-11-25,North,Sensor Lite,130,1592.03,973.21,9
2025-11-26,North,Sensor Lite,173,2157.16,1297.59,9
2025-11-27,North,Sensor Lite,98,1276.02,716.93,5
2025-11-28,North,Sensor Lite,172,2248.4,1259.78,4
2025-11-29,North,Sensor Lite,236,3017.45,1754.38,6
2025-11-30,North,Sensor Lite,114,1517.99,832.97,7
2025-12-01,North,Sensor Lite,124,1605.1,927.78,7
2025-12-02,North,Sensor Lite,117,1481.32,844.69,1
2025-12-03,North,Sensor Lite,175,2149.6,1425.95,12
2025-12-04,North,Sensor Lite,194,2580.26,1417.51,8
2025-12-05,North,Sensor Lite,134,1747.98,1019.84,6
2025-12-06,North,Sensor Lite,119,1599.1,851.14,5
2025-12-07,North,Sensor Lite,113,1534.41,875.21,8
2025-12-08,North,Sensor Lite,192,2353.49,1472.91,7
2025-12-09,North,Sensor Lite,96,1176.84,725.29,6
2025-12-10,North,Sensor Lite,151,1759.88,1060.0,7
2025-12-11,North,Sensor Lite,124,1624.56,883.08,6
2025-12-12,North,Sensor Lite,93,1209.1,746.22,7
2025-12-13,North,Sensor Lite,107,1368.25,761.57,8
2025-12-14,North,Sensor Lite,159,1952.68,1214.3,7
2025-12-15,North,Sensor Lite,127,1614.92,895.41,7
2025-12-16,North,Sensor Lite,165,2115.41,1282.56,9
2025-12-17,North,Sensor Lite,367,4789.13,2622.59,4
2025-12-18,North,Sensor Lite,144,1851.04,1014.28,5
2025-12-19,North,Sensor Lite,148,1924.58,1056.19,7
2025-12-20,North,Sensor Lite,85,1079.71,611.58,5
2025-12-21,North,Sensor Lite,102,1346.6,770.07,6
2025-12-22,North,Sensor Lite,172,2234.56,1277.22,10
2025-12-23,North,Sensor Lite,148,1819.81,1035.23,7
2025-12-24,North,Sensor Lite,157,2085.18,1160.18,4
2025-12-25,North,Sensor Lite,151,1996.04,1053.51,6
2025-12-26,North,Sensor Lite,219,2831.24,1672.75,7
2025-12-27,North,Sensor Lite,110,1414.31,847.65,7
2025-12-28,North,Sensor Lite,159,2128.12,1175.19,9
2025-12-29,North,Sensor Lite,153,1855.16,1147.58,9
2025-12-30,North,Sensor Lite,203,2684.63,1633.8,7
2024-01-01,South,Widget Pro,83,1927.45,1094.11,14
2024-01-02,South,Widget Pro,96,2371.2,1362.67,13
2024-01-03,South,Widget Pro,93,2204.37,1269.92,13
2024-01-04,South,Widget Pro,99,2302.51,1357.01,12
2024-01-05,South,Widget Pro,119,2911.84,1571.44,16
2024-01-06,South,Widget Pro,90,2206.13,1196.28,11
2024-01-07,South,Widget Pro,98,2266.32,1383.16,14
2024-01-08,South,Widget Pro,99,2373.57,1367.51,12
2024-01-09,South,Widget Pro,139,3397.87,2188.91,13
2024-01-10,South,Widget Pro,120,2908.53,1729.92,15
2024-01-11,South,Widget Pro,109,2644.1,1438.13,12
2024-01-12,South,Widget Pro,119,3018.65,1538.08,14
2024-01-13,South,Widget Pro,10,260.78,142.79,13
2024-01-14,South,Widget Pro,59,1431.91,809.61,12
2024-01-15,South,Widget Pro,97,2282.26,1448.41,15
2024-01-16,South,Widget Pro,124,3016.62,1760.47,14
2024-01-17,South,Widget Pro,110,2710.71,1387.35,12
2024-01-18,South,Widget Pro,106,2592.85,1408.36,15
2024-01-19,South,Widget Pro,93,2320.24,1258.04,12
2024-01-20,South,Widget Pro,61,1593.67,872.87,13
2024-01-21,South,Widget Pro,113,2626.22,1498.73,12
2024-01-22,South,Widget Pro,106,2557.49,1495.34,15
2024-01-23,South,Widget Pro,102,2614.54,1332.6,12
2024-01-24,South,Widget Pro,98,2363.4,1372.42,15
2024-01-25,South,Widget Pro,139,3486.16,1982.0,15
2024-01-26,South,Widget Pro,130,3245.28,1953.0,13
2024-01-27,South,Widget Pro,75,1905.68,1062.89,17
2024-01-28,South,Widget Pro,110,2849.69,1477.11,12
2024-01-29,South,Widget Pro,109,2697.18,1639.92,11
2024-01-30,South,Widget Pro,100,2321.68,1387.18,15
2024-01-31,South,Widget Pro,107,2566.42,1555.94,9
2024-02-01,South,Widget Pro,98,2558.46,1329.96,17
2024-02-02,South,Widget Pro,29,680.36,407.84,14
2024-02-03,South,Widget Pro,104,2585.98,1397.67,11
2024-02-04,South,Widget Pro,87,1970.71,1237.63,12
2024-02-05,South,Widget Pro,127,2985.37,1849.46,11
2024-02-06,South,Widget Pro,120,3018.23,1638.44,15
2024-02-07,South,Widget Pro,126,3090.33,1715.4,11
2024-02-08,South,Widget Pro,79,1913.64,1125.73,15
2024-02-09,South,Widget Pro,98,2342.34,1315.4,13
2024-02-10,South,Widget Pro,102,2349.32,1319.62,13
2024-02-11,South,Widget Pro,73,1825.7,1040.05,15
2024-02-12,South,Widget Pro,123,2987.9,1712.73,15
2024-02-13,South,Widget Pro,90,2104.33,1251.88,16
2024-02-14,South,Widget Pro,116,2844.57,1666.31,13
2024-02-15,South,Widget Pro,155,3863.72,2241.69,14
2024-02-16,South,Widget Pro,134,3263.24,1860.9,13
2024-02-17,South,Widget Pro,67,1647.21,885.35,14
2024-02-18,South,Widget Pro,109,2673.55,1477.28,12
2024-02-19,South,Widget Pro,162,3884.84,2334.33,13
2024-02-20,South,Widget Pro,314,7705.52,4425.98,13
2024-02-21,South,Widget Pro,128,3205.17,1742.74,15
2024-02-22,South,Widget Pro,92,2323.96,1237.49,14
2024-02-23,South,Widget Pro,127,3185.31,1832.92,15
2024-02-24,South,Widget Pro,126,3024.48,1744.45,14
2024-02-25,South,Widget Pro,91,2272.05,1321.95,13
2024-02-26,South,Widget Pro,143,3552.42,2090.02,14
2024-02-27,South,Widget Pro,102,2445.79,1405.66,12
2024-02-28,South,Widget Pro,127,3068.16,1862.42,15
2024-02-29,South,Widget Pro,76,1899.97,1071.36,13
2024-03-01,South,Widget Pro,100,2551.2,1418.74,14
2024-03-02,South,Widget Pro,95,2201.0,1184.45,14
2024-03-03,South,Widget Pro,90,2313.49,1198.83,17
2024-03-04,South,Widget Pro,95,2408.79,1269.04,14
2024-03-05,South,Widget Pro,110,2711.1,1515.46,14
2024-03-06,South,Widget Pro,127,3089.03,1788.17,12
2024-03-07,South,Widget Pro,118,2924.86,1664.82,15
2024-03-08,South,Widget Pro,122,2931.56,1732.4,13
2024-03-09,South,Widget Pro,110,2680.63,1487.26,10
2024-03-10,South,Widget Pro,91,2130.84,1318.04,13
2024-03-11,South,Widget Pro,154,3575.88,2351.04,14
2024-03-12,South,Widget Pro,101,2647.64,1389.02,12
2024-03-13,South,Widget Pro,171,4197.43,2314.56,13
2024-03-14,South,Widget Pro,148,3648.16,2001.0,13
2024-03-15,South,Widget Pro,114,2790.42,1602.82,13
2024-03-16,South,Widget Pro,92,2198.03,1254.14,15
2024-03-17,South,Widget Pro,225,5461.72,2877.47,10
2024-03-18,South,Widget Pro,136,3341.12,1765.32,17
2024-03-19,South,Widget Pro,148,3604.61,2177.69,13
2024-03-20,South,Widget Pro,96,2298.92,1430.14,14
2024-03-21,South,Widget Pro,132,3280.52,1995.83,13
2024-03-22,South,Widget Pro,83,2044.99,1175.15,9
2024-03-23,South,Widget Pro,26,644.51,345.97,10
2024-03-24,South,Widget Pro,127,3177.31,1739.06,11
2024-03-25,South,Widget Pro,20,487.49,259.12,14
2024-03-26,South,Widget Pro,92,2242.58,1189.47,10
2024-03-27,South,Widget Pro,127,3249.88,1800.69,11
2024-03-28,South,Widget Pro,157,3737.57,2257.24,13
2024-03-29,South,Widget Pro,130,3005.97,1998.21,13
2024-03-30,South,Widget Pro,70,1743.58,975.93,13
2024-03-31,South,Widget Pro,72,1730.69,939.57,10
2024-04-01,South,Widget Pro,125,2963.52,1739.33,9
2024-04-02,South,Widget Pro,99,2489.91,1366.43,13
2024-04-03,South,Widget Pro,126,3073.59,1720.67,15
2024-04-04,South,Widget Pro,127,2993.55,1808.56,11
2024-04-05,South,Widget Pro,112,2903.28,1472.79,9
2024-04-06,South,Widget Pro,136,3171.0,1916.44,11
2024-04-07,South,Widget Pro,109,2663.56,1575.71,12
2024-04-08,South,Widget Pro,153,3536.04,2294.05,11
2024-04-09,South,Widget Pro,145,3581.35,2061.5,14
2024-04-10,South,Widget Pro,120,2883.45,1767.62,13
2024-04-11,South,Widget Pro,119,2987.16,1629.02,12
2024-04-12,South,Widget Pro,117,2865.0,1613.08,7
2024-04-13,South,Widget Pro,203,5175.02,3033.53,10
2024-04-14,South,Widget Pro,87,2104.02,1134.47,10
2024-04-15,South,Widget Pro,168,3917.87,2304.59,10
2024-04-16,South,Widget Pro,107,2640.18,1582.52,11
2024-04-17,South,Widget Pro,128,3112.24,1773.08,11
2024-04-18,South,Widget Pro,118,2733.22,1628.41,7
2024-04-19,South,Widget Pro,258,6120.87,3564.08,12
2024-04-20,South,Widget Pro,145,3473.94,2041.89,11
2024-04-21,South,Widget Pro,91,2333.53,1343.18,11
2024-04-22,South,Widget Pro,52,1301.04,761.64,12
2024-04-23,South,Widget Pro,109,2642.64,1526.87,9
2024-04-24,South,Widget Pro,123,3056.07,1816.05,13
2024-04-25,South,Widget Pro,120,2760.12,1708.71,10
2024-04-26,South,Widget Pro,100,2408.48,1460.14,13
2024-04-27,South,Widget Pro,91,2256.32,1208.49,9
2024-04-28,South,Widget Pro,109,2683.75,1658.65,13
2024-04-29,South,Widget Pro,147,3543.23,2080.66,8
2024-04-30,South,Widget Pro,123,3010.04,1485.37,15
2024-05-01,South,Widget Pro,123,3044.07,1864.89,8
2024-05-02,South,Widget Pro,114,2792.22,1596.4,12
2024-05-03,South,Widget Pro,111,2789.75,1523.27,9
2024-05-04,South,Widget Pro,82,2028.21,1113.23,12
2024-05-05,South,Widget Pro,73,1815.93,1044.46,10
2024-05-06,South,Widget Pro,107,2756.26,1431.46,8
2024-05-07,South,Widget Pro,143,3590.48,1944.25,4
2024-05-08,South,Widget Pro,112,2887.32,1524.65,15
2024-05-09,South,Widget Pro,114,2736.7,1572.68,10
2024-05-10,South,Widget Pro,113,2636.24,1541.25,4
2024-05-11,South,Widget Pro,121,2952.02,1766.23,11
2024-05-12,South,Widget Pro,82,1995.4,1163.56,11
2024-05-13,South,Widget Pro,127,3247.73,1812.94,9
2024-05-14,South,Widget Pro,119,2816.66,1716.86,9
2024-05-15,South,Widget Pro,122,2981.93,1700.05,10
2024-05-16,South,Widget Pro,125,3099.73,1660.72,12
2024-05-17,South,Widget Pro,121,2973.4,1846.9,10
2024-05-18,South,Widget Pro,110,2681.13,1611.42,13
2024-05-19,South,Widget Pro,95,2352.54,1437.25,12
2024-05-20,South,Widget Pro,163,4122.78,2400.04,10
2024-05-21,South,Widget Pro,120,3075.45,1641.33,7
2024-05-22,South,Widget Pro,88,2158.12,1087.36,10
2024-05-23,South,Widget Pro,133,3178.75,1747.57,11
2024-05-24,South,Widget Pro,127,3254.74,1834.59,10
2024-05-25,South,Widget Pro,95,2252.25,1323.23,11
2024-05-26,South,Widget Pro,90,2323.45,1233.55,12
2024-05-27,South,Widget Pro,81,2064.52,992.5,11
2024-05-28,South,Widget Pro,83,2124.36,1161.24,10
2024-05-29,South,Widget Pro,158,3950.59,2092.36,11
2024-05-30,South,Widget Pro,106,2432.42,1430.25,15
2024-05-31,South,Widget Pro,140,3323.07,2043.31,7
2024-06-01,South,Widget Pro,70,1730.79,929.57,11
2024-06-02,South,Widget Pro,77,1848.26,1027.67,14
2024-06-03,South,Widget Pro,132,3203.41,1865.15,8
2024-06-04,South,Widget Pro,114,2844.35,1665.61,12
2024-06-05,South,Widget Pro,128,3120.01,1755.92,13
2024-06-06,South,Widget Pro,116,2738.07,1743.14,8
2024-06-07,South,Widget Pro,112,2816.91,1467.75,12
2024-06-08,South,Widget Pro,82,2040.03,1064.54,10
2024-06-09,South,Widget Pro,74,1799.46,956.26,11
2024-06-10,South,Widget Pro,148,3703.37,1900.83,10
2024-06-11,South,Widget Pro,152,3734.62,2163.81,13
2024-06-12,South,Widget Pro,95,2420.46,1264.98,11
2024-06-13,South,Widget Pro,94,2313.45,1223.21,10
2024-06-14,South,Widget Pro,107,2725.62,1526.45,10
2024-06-15,South,Widget Pro,97,2242.92,1413.95,10
2024-06-16,South,Widget Pro,88,2185.7,1296.73,9
2024-06-17,South,Widget Pro,124,3001.74,1811.97,10
2024-06-18,South,Widget Pro,243,5800.07,3245.83,11
2024-06-19,South,Widget Pro,111,2814.02,1575.45,12
2024-06-20,South,Widget Pro,174,4376.71,2496.52,14
2024-06-21,South,Widget Pro,102,2348.57,1394.09,12
2024-06-22,South,Widget Pro,121,3028.13,1707.95,11
2024-06-23,South,Widget Pro,116,2892.66,1522.37,10
2024-06-24,South,Widget Pro,122,2924.16,1654.4,12
2024-06-25,South,Widget Pro,79,1887.0,1126.56,11
2024-06-26,South,Widget Pro,112,2613.06,1686.19,12
2024-06-27,South,Widget Pro,101,2449.44,1495.41,12
2024-06-28,South,Widget Pro,111,2705.02,1605.35,13
2024-06-29,South,Widget Pro,73,1831.26,1026.07,13
2024-06-30,South,Widget Pro,101,2494.5,1408.68,12
2024-07-01,South,Widget Pro,131,3107.45,1701.26,11
2024-07-02,South,Widget Pro,136,3355.88,1824.46,11
2024-07-03,South,Widget Pro,102,2479.95,1370.68,14
2024-07-04,South,Widget Pro,90,2143.16,1296.21,12
2024-07-05,South,Widget Pro,116,2706.48,1700.73,10
2024-07-06,South,Widget Pro,119,2970.15,1727.36,15
2024-07-07,South,Widget Pro,88,2184.87,1304.85,11
2024-07-08,South,Widget Pro,118,2939.29,1657.97,13
2024-07-09,South,Widget Pro,104,2492.33,1384.44,14
2024-07-10,South,Widget Pro,99,2437.95,1382.54,13
2024-07-11,South,Widget Pro,121,2842.18,1632.61,8
2024-07-12,South,Widget Pro,105,2496.36,1518.35,14
2024-07-13,South,Widget Pro,92,2256.28,1264.87,16
2024-07-14,South,Widget Pro,94,2321.13,1309.52,15
2024-07-15,South,Widget Pro,114,2656.52,1651.35,9
2024-07-16,South,Widget Pro,118,2799.28,1590.79,17
2024-07-17,South,Widget Pro,91,2205.06,1335.41,11
2024-07-18,South,Widget Pro,90,2268.41,1175.1,11
2024-07-19,South,Widget Pro,105,2509.75,1492.53,15
2024-07-20,South,Widget Pro,84,2066.68,1170.66,14
2024-07-21,South,Widget Pro,77,1900.39,1122.59,14
2024-07-22,South,Widget Pro,110,2674.81,1434.17,12
2024-07-23,South,Widget Pro,123,3037.73,1590.2,16
2024-07-24,South,Widget Pro,129,3032.98,1873.73,13
2024-07-25,South,Widget Pro,134,3218.41,1839.33,10
2024-07-26,South,Widget Pro,82,2095.45,1142.79,16
2024-07-27,South,Widget Pro,67,1715.6,907.06,14
2024-07-28,South,Widget Pro,79,1984.44,1156.48,16
2024-07-29,South,Widget Pro,105,2657.42,1491.99,15
2024-07-30,South,Widget Pro,99,2292.64,1402.68,19
2024-07-31,South,Widget Pro,93,2213.65,1225.86,13
2024-08-01,South,Widget Pro,97,2354.32,1392.05,14
2024-08-02,South,Widget Pro,112,2942.86,1490.21,15
2024-08-03,South,Widget Pro,64,1553.27,866.5,13
2024-08-04,South,Widget Pro,125,3130.94,1630.53,16
2024-08-05,South,Widget Pro,102,2527.37,1416.82,8
2024-08-06,South,Widget Pro,123,3045.7,1813.65,14
2024-08-07,South,Widget Pro,91,2227.93,1288.44,14
2024-08-08,South,Widget Pro,112,2645.21,1533.36,14
2024-08-09,South,Widget Pro,103,2319.01,1449.87,12
2024-08-10,South,Widget Pro,217,5520.95,3053.74,16
2024-08-11,South,Widget Pro,78,1875.66,1095.61,13
2024-08-12,South,Widget Pro,133,3075.98,1878.51,14
2024-08-13,South,Widget Pro,77,1911.29,1021.94,14
2024-08-14,South,Widget Pro,119,2952.13,1674.87,15
2024-08-15,South,Widget Pro,102,2556.57,1302.68,17
2024-08-16,South,Widget Pro,83,2101.56,1195.44,14
2024-08-17,South,Widget Pro,113,2692.17,1494.77,16
2024-08-18,South,Widget Pro,111,2648.11,1645.5,14
2024-08-19,South,Widget Pro,68,1650.07,835.61,13
2024-08-20,South,Widget Pro,102,2560.6,1547.55,14
2024-08-21,South,Widget Pro,112,2570.91,1439.49,13
2024-08-22,South,Widget Pro,107,2631.58,1408.12,15
2024-08-23,South,Widget Pro,130,3274.06,1847.21,14
2024-08-24,South,Widget Pro,100,2515.48,1443.31,12
2024-08-25,South,Widget Pro,83,2076.73,1145.54,13
2024-08-26,South,Widget Pro,148,3741.63,2164.47,11
2024-08-27,South,Widget Pro,116,2607.78,1559.32,13
2024-08-28,South,Widget Pro,92,2363.1,1262.26,14
2024-08-29,South,Widget Pro,89,2202.11,1227.18,17
2024-08-30,South,Widget Pro,122,3108.68,1662.02,16
2024-08-31,South,Widget Pro,68,1607.29,859.93,12
2024-09-01,South,Widget Pro,72,1671.19,1006.76,14
2024-09-02,South,Widget Pro,93,2400.61,1294.51,14
2024-09-03,South,Widget Pro,104,2477.18,1534.49,13
2024-09-04,South,Widget Pro,94,2281.52,1231.38,13
2024-09-05,South,Widget Pro,182,4529.56,2466.54,13
2024-09-06,South,Widget Pro,120,3008.17,1781.09,17
2024-09-07,South,Widget Pro,72,1821.07,1022.78,12
2024-09-08,South,Widget Pro,111,2737.72,1596.69,14
2024-09-09,South,Widget Pro,102,2419.96,1460.38,8
2024-09-10,South,Widget Pro,121,3027.34,1732.78,15
2024-09-11,South,Widget Pro,108,2703.36,1649.67,15
2024-09-12,South,Widget Pro,122,2826.25,1715.82,11
2024-09-13,South,Widget Pro,107,2733.07,1422.25,12
2024-09-14,South,Widget Pro,80,1813.76,1155.77,14
2024-09-15,South,Widget Pro,94,2374.47,1278.72,13
2024-09-16,South,Widget Pro,151,3629.12,2102.38,14
2024-09-17,South,Widget Pro,92,2301.71,1311.84,12
2024-09-18,South,Widget Pro,111,2761.12,1490.18,16
2024-09-19,South,Widget Pro,96,2349.38,1309.71,11
2024-09-20,South,Widget Pro,105,2607.31,1504.97,18
2024-09-21,South,Widget Pro,78,1906.04,1062.04,15
2024-09-22,South,Widget Pro,128,3203.17,1879.22,14
2024-09-23,South,Widget Pro,93,2427.87,1237.8,10
2024-09-24,South,Widget Pro,115,2704.13,1530.34,14
2024-09-25,South,Widget Pro,84,1861.16,1288.08,13
2024-09-26,South,Widget Pro,113,2733.98,1460.96,8
2024-09-27,South,Widget Pro,99,2390.28,1384.15,9
2024-09-28,South,Widget Pro,74,1792.46,1131.91,13
2024-09-29,South,Widget Pro,91,2167.54,1272.18,12
2024-09-30,South,Widget Pro,15,377.12,224.14,11
2024-10-01,South,Widget Pro,222,5213.61,3209.39,14
2024-10-02,South,Widget Pro,116,2880.43,1623.42,10
2024-10-03,South,Widget Pro,100,2496.93,1390.85,11
2024-10-04,South,Widget Pro,72,1780.75,901.19,10
2024-10-05,South,Widget Pro,72,1789.78,991.92,12
2024-10-06,South,Widget Pro,56,1411.07,793.1,8
2024-10-07,South,Widget Pro,109,2674.79,1543.68,10
2024-10-08,South,Widget Pro,113,2739.72,1777.05,8
2024-10-09,South,Widget Pro,114,2833.75,1618.42,11
2024-10-10,South,Widget Pro,106,2643.77,1530.76,13
2024-10-11,South,Widget Pro,115,2892.7,1703.78,13
2024-10-12,South,Widget Pro,58,1348.0,833.94,10
2024-10-13,South,Widget Pro,76,1851.75,1059.42,12
2024-10-14,South,Widget Pro,75,1778.77,1045.74,11
2024-10-15,South,Widget Pro,91,2267.02,1251.66,14
2024-10-16,South,Widget Pro,130,3254.44,1860.42,11
2024-10-17,South,Widget Pro,119,2891.5,1651.81,5
2024-10-18,South,Widget Pro,110,2636.04,1588.12,12
2024-10-19,South,Widget Pro,76,1895.35,1010.32,10
2024-10-20,South,Widget Pro,65,1586.13,916.68,10
2024-10-21,South,Widget Pro,240,6131.63,3620.75,11
2024-10-22,South,Widget Pro,120,3096.37,1661.13,8
2024-10-23,South,Widget Pro,106,2674.97,1620.75,11
2024-10-24,South,Widget Pro,74,1825.65,1044.48,11
2024-10-25,South,Widget Pro,100,2584.18,1396.04,11
2024-10-26,South,Widget Pro,56,1381.91,788.57,9
2024-10-27,South,Widget Pro,91,2197.45,1254.16,12
2024-10-28,South,Widget Pro,87,2088.32,1097.38,8
2024-10-29,South,Widget Pro,79,1894.65,1154.67,9
2024-10-30,South,Widget Pro,115,2816.96,1786.51,10
2024-10-31,South,Widget Pro,110,2732.44,1576.99,11
2024-11-01,South,Widget Pro,104,2439.83,1495.41,9
2024-11-02,South,Widget Pro,118,2852.06,1636.92,13
2024-11-03,South,Widget Pro,90,2219.08,1332.94,11
2024-11-04,South,Widget Pro,89,2222.6,1243.55,10
2024-11-05,South,Widget Pro,110,2692.9,1560.58,11
2024-11-06,South,Widget Pro,95,2344.57,1225.91,11
2024-11-07,South,Widget Pro,127,2995.89,1730.94,11
2024-11-08,South,Widget Pro,106,2525.96,1511.26,6
2024-11-09,South,Widget Pro,22,538.02,321.97,12
2024-11-10,South,Widget Pro,63,1567.14,923.23,10
2024-11-11,South,Widget Pro,103,2541.01,1328.14,11
2024-11-12,South,Widget Pro,101,2411.49,1309.52,9
2024-11-13,South,Widget Pro,85,2067.72,1224.76,6
2024-11-14,South,Widget Pro,98,2509.9,1320.77,5
2024-11-15,South,Widget Pro,16,398.4,234.02,8
2024-11-16,South,Widget Pro,82,1999.2,1054.43,11
2024-11-17,South,Widget Pro,64,1519.74,891.59,13
2024-11-18,South,Widget Pro,98,2349.62,1369.65,11
2024-11-19,South,Widget Pro,95,2327.96,1361.95,8
2024-11-20,South,Widget Pro,107,2643.2,1420.77,9
2024-11-21,South,Widget Pro,106,2641.06,1338.07,13
2024-11-22,South,Widget Pro,97,2404.16,1369.63,8
2024-11-23,South,Widget Pro,77,1865.55,1106.37,14
2024-11-24,South,Widget Pro,85,2050.57,1249.94,14
2024-11-25,South,Widget Pro,125,3250.57,1718.63,15
2024-11-26,South,Widget Pro,111,2674.1,1614.27,11
2024-11-27,South,Widget Pro,136,3202.88,1950.25,10
2024-11-28,South,Widget Pro,130,3028.42,1940.34,11
2024-11-29,South,Widget Pro,139,3369.42,1940.61,12
2024-11-30,South,Widget Pro,109,2745.81,1394.01,9
2024-12-01,South,Widget Pro,113,2720.66,1576.65,8
2024-12-02,South,Widget Pro,87,2225.98,1223.39,10
2024-12-03,South,Widget Pro,121,2963.85,1737.89,9
2024-12-04,South,Widget Pro,134,3392.28,1732.23,13
2024-12-05,South,Widget Pro,139,3328.09,1915.64,9
2024-12-06,South,Widget Pro,94,2251.72,1373.12,11
2024-12-07,South,Widget Pro,98,2407.56,1364.86,13
2024-12-08,South,Widget Pro,88,2187.21,1213.17,13
2024-12-09,South,Widget Pro,152,3704.01,2330.83,11
2024-12-10,South,Widget Pro,85,2100.77,1126.33,12
2024-12-11,South,Widget Pro,96,2393.52,1426.87,9
2024-12-12,South,Widget Pro,79,1853.02,1162.48,13
2024-12-13,South,Widget Pro,113,2740.18,1564.19,14
2024-12-14,South,Widget Pro,133,3207.8,1858.94,7
2024-12-15,South,Widget Pro,88,2125.59,1229.75,15
2024-12-16,South,Widget Pro,113,2802.29,1596.39,10
2024-12-17,South,Widget Pro,123,2967.86,1670.81,13
2024-12-18,South,Widget Pro,110,2532.89,1507.03,12
2024-12-19,South,Widget Pro,120,2919.14,1650.16,11
2024-12-20,South,Widget Pro,121,2869.84,1666.62,11
2024-12-21,South,Widget Pro,78,1939.45,1075.03,10
2024-12-22,South,Widget Pro,89,2233.2,1106.4,13
2024-12-23,South,Widget Pro,130,2977.2,1828.89,11
2024-12-24,South,Widget Pro,246,5887.01,3353.17,9
2024-12-25,South,Widget Pro,144,3565.4,1827.83,10
2024-12-26,South,Widget Pro,122,2862.67,1678.11,9
2024-12-27,South,Widget Pro,123,3084.26,1689.2,11
2024-12-28,South,Widget Pro,106,2678.75,1578.62,13
2024-12-29,South,Widget Pro,83,2023.62,1130.67,11
2024-12-30,South,Widget Pro,103,2464.91,1490.15,14
2024-12-31,South,Widget Pro,114,2599.4,1706.35,12
2025-01-01,South,Widget Pro,93,2334.14,1261.11,12
2025-01-02,South,Widget Pro,126,3272.45,1759.81,13
2025-01-03,South,Widget Pro,142,3666.41,2159.83,15
2025-01-04,South,Widget Pro,83,2021.61,1175.3,10
2025-01-05,South,Widget Pro,102,2417.08,1454.69,16
2025-01-06,South,Widget Pro,106,2662.26,1453.78,15
2025-01-07,South,Widget Pro,99,2416.27,1433.61,13
2025-01-08,South,Widget Pro,172,4274.45,2403.23,15
2025-01-09,South,Widget Pro,100,2472.25,1271.75,12
2025-01-10,South,Widget Pro,95,2333.99,1306.38,14
2025-01-11,South,Widget Pro,100,2525.6,1317.18,12
2025-01-12,South,Widget Pro,101,2553.61,1421.94,15
2025-01-13,South,Widget Pro,136,3279.75,1816.72,12
2025-01-14,South,Widget Pro,174,4144.94,2494.24,13
2025-01-15,South,Widget Pro,106,2402.29,1487.32,15
2025-01-16,South,Widget Pro,36,872.84,472.55,15
2025-01-17,South,Widget Pro,163,3862.51,2225.8,12
2025-01-18,South,Widget Pro,116,2877.74,1674.39,15
2025-01-19,South,Widget Pro,113,2740.6,1672.81,12
2025-01-20,South,Widget Pro,111,2700.95,1483.88,9
2025-01-21,South,Widget Pro,151,3789.62,1998.0,12
2025-01-22,South,Widget Pro,143,3545.25,2197.29,15
2025-01-23,South,Widget Pro,128,3125.02,1791.12,14
2025-01-24,South,Widget Pro,112,2882.83,1575.17,13
2025-01-25,South,Widget Pro,102,2554.34,1375.21,14
2025-01-26,South,Widget Pro,134,3242.04,1896.19,14
2025-01-27,South,Widget Pro,103,2495.39,1565.66,15
2025-01-28,South,Widget Pro,109,2733.66,1545.41,11
2025-01-29,South,Widget Pro,112,2760.7,1651.49,14
2025-01-30,South,Widget Pro,117,2770.09,1640.37,14
2025-01-31,South,Widget Pro,126,3169.86,1673.52,11
2025-02-01,South,Widget Pro,120,3050.89,1622.61,11
2025-02-02,South,Widget Pro,110,2790.52,1453.93,13
2025-02-03,South,Widget Pro,129,3306.78,1825.67,14
2025-02-04,South,Widget Pro,134,3486.8,1990.8,14
2025-02-05,South,Widget Pro,143,3685.33,2018.12,13
2025-02-06,South,Widget Pro,95,2351.29,1309.53,13
2025-02-07,South,Widget Pro,156,3798.1,2097.77,13
2025-02-08,South,Widget Pro,89,2060.82,1268.14,15
2025-02-09,South,Widget Pro,95,2328.26,1247.66,16
2025-02-10,South,Widget Pro,28,696.68,369.77,10
2025-02-11,South,Widget Pro,128,3140.1,1872.65,15
2025-02-12,South,Widget Pro,142,3281.93,1960.39,14
2025-02-13,South,Widget Pro,133,3230.48,1834.31,15
2025-02-14,South,Widget Pro,124,3096.82,1721.33,16
2025-02-15,South,Widget Pro,138,3276.94,2002.12,12
2025-02-16,South,Widget Pro,119,2929.99,1679.79,16
2025-02-17,South,Widget Pro,138,3424.78,1860.22,11
2025-02-18,South,Widget Pro,149,3772.93,2012.25,14
2025-02-19,South,Widget Pro,116,2988.02,1608.16,13
2025-02-20,South,Widget Pro,195,4723.35,2771.25,14
2025-02-21,South,Widget Pro,109,2685.22,1523.29,12
2025-02-22,South,Widget Pro,108,2663.07,1502.59,15
2025-02-23,South,Widget Pro,101,2522.71,1417.27,17
2025-02-24,South,Widget Pro,125,3111.87,1746.83,12
2025-02-25,South,Widget Pro,123,3142.33,1654.81,14
2025-02-26,South,Widget Pro,116,2643.23,1713.89,15
2025-02-27,South,Widget Pro,165,4093.2,2254.29,13
2025-02-28,South,Widget Pro,108,2684.69,1521.77,16
2025-03-01,South,Widget Pro,128,3113.87,1607.39,13
2025-03-02,South,Widget Pro,120,2740.31,1661.93,13
2025-03-03,South,Widget Pro,125,3056.9,1653.79,11
2025-03-04,South,Widget Pro,148,3548.71,1970.57,14
2025-03-05,South,Widget Pro,131,3371.06,2056.11,13
2025-03-06,South,Widget Pro,111,2750.12,1573.39,15
2025-03-07,South,Widget Pro,111,2654.6,1649.26,12
2025-03-08,South,Widget Pro,122,2804.94,1781.04,12
2025-03-09,South,Widget Pro,121,3017.03,1777.28,14
2025-03-10,South,Widget Pro,141,3526.65,1954.35,16
2025-03-11,South,Widget Pro,126,3067.02,1905.68,14
2025-03-12,South,Widget Pro,131,3267.62,1911.64,17
2025-03-13,South,Widget Pro,128,3103.23,1795.7,14
2025-03-14,South,Widget Pro,99,2503.16,1404.25,14
2025-03-15,South,Widget Pro,110,2775.26,1529.47,14
2025-03-16,South,Widget Pro,120,2795.45,1684.39,16
2025-03-17,South,Widget Pro,138,3239.49,1927.79,15
2025-03-18,South,Widget Pro,188,4886.68,2682.21,10
2025-03-19,South,Widget Pro,114,2871.11,1734.85,14
2025-03-20,South,Widget Pro,304,7165.93,3999.53,13
2025-03-21,South,Widget Pro,140,3268.41,2071.95,12
2025-03-22,South,Widget Pro,114,2810.41,1566.61,9
2025-03-23,South,Widget Pro,78,1845.51,1161.32,9
2025-03-24,South,Widget Pro,153,3712.88,2106.29,11
2025-03-25,South,Widget Pro,143,3498.53,2043.32,9
2025-03-26,South,Widget Pro,94,2296.75,1305.55,11
2025-03-27,South,Widget Pro,134,3393.95,1713.67,13
2025-03-28,South,Widget Pro,119,3075.98,1810.86,11
2025-03-29,South,Widget Pro,101,2438.95,1347.35,12
2025-03-30,South,Widget Pro,37,875.75,520.17,10
2025-03-31,South,Widget Pro,148,3668.3,1962.97,12
2025-04-01,South,Widget Pro,189,4857.14,2469.11,13
2025-04-02,South,Widget Pro,144,3485.32,1995.34,9
2025-04-03,South,Widget Pro,93,2336.63,1263.36,10
2025-04-04,South,Widget Pro,145,3463.28,1911.37,9
2025-04-05,South,Widget Pro,106,2598.66,1481.37,12
2025-04-06,South,Widget Pro,90,2128.14,1166.64,12
2025-04-07,South,Widget Pro,147,3602.67,2070.91,11
2025-04-08,South,Widget Pro,161,3930.72,2239.65,11
2025-04-09,South,Widget Pro,122,3043.53,1496.17,12
2025-04-10,South,Widget Pro,102,2632.3,1390.65,12
2025-04-11,South,Widget Pro,96,2324.56,1375.48,10
2025-04-12,South,Widget Pro,98,2256.96,1299.04,10
2025-04-13,South,Widget Pro,42,1022.76,603.05,11
2025-04-14,South,Widget Pro,126,3114.72,1802.16,10
2025-04-15,South,Widget Pro,261,6433.23,3468.06,15
2025-04-16,South,Widget Pro,152,3706.41,2126.69,10
2025-04-17,South,Widget Pro,150,3839.02,2186.62,11
2025-04-18,South,Widget Pro,143,3517.82,1914.27,11
2025-04-19,South,Widget Pro,127,3101.72,1759.7,13
2025-04-20,South,Widget Pro,98,2344.98,1450.91,9
2025-04-21,South,Widget Pro,113,2623.43,1514.16,13
2025-04-22,South,Widget Pro,125,3092.75,1790.18,10
2025-04-23,South,Widget Pro,123,3035.69,1629.08,15
2025-04-24,South,Widget Pro,95,2253.53,1319.3,11
2025-04-25,South,Widget Pro,124,3033.96,1774.78,8
2025-04-26,South,Widget Pro,134,3268.83,1650.46,10
2025-04-27,South,Widget Pro,127,3053.21,1730.5,13
2025-04-28,South,Widget Pro,150,3587.54,2145.08,10
2025-04-29,South,Widget Pro,140,3471.68,1982.13,10
2025-04-30,South,Widget Pro,177,4307.12,2413.28,12
2025-05-01,South,Widget Pro,113,2719.42,1494.63,9
2025-05-02,South,Widget Pro,273,6515.6,3942.1,10
2025-05-03,South,Widget Pro,134,3270.2,1845.76,8
2025-05-04,South,Widget Pro,110,2769.74,1581.99,14
2025-05-05,South,Widget Pro,121,2982.88,1726.2,8
2025-05-06,South,Widget Pro,150,3648.86,2053.02,10
2025-05-07,South,Widget Pro,126,3115.57,1858.6,11
2025-05-08,South,Widget Pro,117,2983.83,1589.33,10
2025-05-09,South,Widget Pro,116,2883.81,1720.66,7
2025-05-10,South,Widget Pro,293,7234.54,4373.0,8
2025-05-11,South,Widget Pro,112,2796.56,1650.33,11
2025-05-12,South,Widget Pro,177,4315.94,2455.63,8
2025-05-13,South,Widget Pro,128,3153.32,2020.22,6
2025-05-14,South,Widget Pro,127,3065.86,1791.5,11
2025-05-15,South,Widget Pro,174,4064.7,2465.36,8
2025-05-16,South,Widget Pro,160,3960.32,2237.53,11
2025-05-17,South,Widget Pro,110,2723.03,1453.01,10
2025-05-18,South,Widget Pro,81,1967.37,1207.43,10
2025-05-19,South,Widget Pro,116,2930.31,1577.52,10
2025-05-20,South,Widget Pro,111,2660.63,1625.45,8
2025-05-21,South,Widget Pro,134,3108.54,1984.77,8
2025-05-22,South,Widget Pro,122,2926.49,1759.52,10
2025-05-23,South,Widget Pro,178,4159.4,2405.78,8
2025-05-24,South,Widget Pro,80,1979.88,1100.9,12
2025-05-25,South,Widget Pro,86,2059.46,1042.84,10
2025-05-26,South,Widget Pro,138,3480.88,1920.75,7
2025-05-27,South,Widget Pro,145,3655.22,2111.48,9
2025-05-28,South,Widget Pro,83,1977.07,1148.2,11
2025-05-29,South,Widget Pro,96,2294.98,1304.35,10
2025-05-30,South,Widget Pro,272,6770.85,3751.31,11
2025-05-31,South,Widget Pro,134,3379.5,1990.0,12
2025-06-01,South,Widget Pro,147,3384.05,2052.41,15
2025-06-02,South,Widget Pro,121,2989.55,1851.37,13
2025-06-03,South,Widget Pro,127,2906.37,1727.26,7
2025-06-04,South,Widget Pro,112,2698.85,1585.03,10
2025-06-05,South,Widget Pro,146,3694.36,1999.71,10
2025-06-06,South,Widget Pro,171,4567.78,2642.32,12
2025-06-07,South,Widget Pro,130,3162.18,1836.35,9
2025-06-08,South,Widget Pro,103,2429.09,1595.43,10
2025-06-09,South,Widget Pro,111,2677.61,1521.36,9
2025-06-10,South,Widget Pro,27,662.81,406.87,10
2025-06-11,South,Widget Pro,165,3961.22,2323.63,10
2025-06-12,South,Widget Pro,119,2834.61,1735.69,11
2025-06-13,South,Widget Pro,92,2225.14,1209.45,9
2025-06-14,South,Widget Pro,96,2379.91,1367.41,13
2025-06-15,South,Widget Pro,26,633.76,344.54,12
2025-06-16,South,Widget Pro,92,2194.39,1304.56,9
2025-06-17,South,Widget Pro,132,3168.99,1707.7,12
2025-06-18,South,Widget Pro,139,3363.22,1936.85,8
2025-06-19,South,Widget Pro,177,4206.48,2613.75,14
2025-06-20,South,Widget Pro,99,2374.04,1423.95,15
2025-06-21,South,Widget Pro,115,2871.9,1510.67,12
2025-06-22,South,Widget Pro,120,2919.69,1520.54,10
2025-06-23,South,Widget Pro,138,3203.14,1980.0,11
2025-06-24,South,Widget Pro,104,2626.35,1571.11,11
2025-06-25,South,Widget Pro,254,6300.8,3384.61,12
2025-06-26,South,Widget Pro,127,2982.39,1964.46,15
2025-06-27,South,Widget Pro,126,3053.16,1763.43,14
2025-06-28,South,Widget Pro,90,2152.6,1136.6,14
2025-06-29,South,Widget Pro,125,3124.69,1613.42,13
2025-06-30,South,Widget Pro,115,2786.09,1671.98,10
2025-07-01,South,Widget Pro,88,2151.29,1239.98,11
2025-07-02,South,Widget Pro,118,2874.59,1774.43,13
2025-07-03,South,Widget Pro,134,3137.22,1763.62,10
2025-07-04,South,Widget Pro,130,3319.29,1830.78,13
2025-07-05,South,Widget Pro,104,2598.63,1456.49,14
2025-07-06,South,Widget Pro,127,3041.74,1765.29,14
2025-07-07,South,Widget Pro,99,2439.46,1359.49,14
2025-07-08,South,Widget Pro,112,2824.19,1539.56,9
2025-07-09,South,Widget Pro,160,3926.56,2259.56,16
2025-07-10,South,Widget Pro,85,2179.76,1208.0,10
2025-07-11,South,Widget Pro,119,3170.71,1687.04,13
2025-07-12,South,Widget Pro,120,2928.88,1781.3,14
2025-07-13,South,Widget Pro,119,2864.55,1565.93,14
2025-07-14,South,Widget Pro,135,3209.33,1718.8,11
2025-07-15,South,Widget Pro,135,3087.86,1986.1,11
2025-07-16,South,Widget Pro,202,5134.31,2694.59,14
2025-07-17,South,Widget Pro,152,3684.51,2087.62,14
2025-07-18,South,Widget Pro,95,2388.62,1289.3,11
2025-07-19,South,Widget Pro,77,1947.42,1043.85,14
2025-07-20,South,Widget Pro,101,2394.25,1310.9,11
2025-07-21,South,Widget Pro,108,2572.11,1468.94,15
2025-07-22,South,Widget Pro,122,3145.45,1763.45,12
2025-07-23,South,Widget Pro,127,3104.96,1777.65,14
2025-07-24,South,Widget Pro,161,3866.36,2310.86,14
2025-07-25,South,Widget Pro,126,2990.21,1720.25,16
2025-07-26,South,Widget Pro,83,2024.87,1214.46,14
2025-07-27,South,Widget Pro,105,2688.87,1432.64,13
2025-07-28,South,Widget Pro,100,2500.38,1252.4,15
2025-07-29,South,Widget Pro,136,3350.17,1934.14,18
2025-07-30,South,Widget Pro,117,3003.1,1700.85,15
2025-07-31,South,Widget Pro,124,3165.21,1687.46,14
2025-08-01,South,Widget Pro,83,2053.88,1231.67,12
2025-08-02,South,Widget Pro,61,1618.97,817.68,13
2025-08-03,South,Widget Pro,70,1702.27,1012.87,15
2025-08-04,South,Widget Pro,156,3947.9,2374.53,12
2025-08-05,South,Widget Pro,93,2251.64,1304.39,14
2025-08-06,South,Widget Pro,130,3271.27,1799.39,17
2025-08-07,South,Widget Pro,101,2456.06,1406.53,14
2025-08-08,South,Widget Pro,108,2682.62,1635.1,12
2025-08-09,South,Widget Pro,90,2363.11,1285.38,18
2025-08-10,South,Widget Pro,121,3049.15,1875.61,18
2025-08-11,South,Widget Pro,125,3106.31,1774.43,15
2025-08-12,South,Widget Pro,120,2871.67,1625.08,17
2025-08-13,South,Widget Pro,141,3474.01,1916.41,13
2025-08-14,South,Widget Pro,100,2375.91,1404.31,15
2025-08-15,South,Widget Pro,135,3395.51,1697.1,13
2025-08-16,South,Widget Pro,105,2639.02,1435.09,11
2025-08-17,South,Widget Pro,104,2534.27,1423.04,19
2025-08-18,South,Widget Pro,108,2778.05,1530.13,11
2025-08-19,South,Widget Pro,102,2613.17,1566.65,14
2025-08-20,South,Widget Pro,95,2337.95,1333.65,14
2025-08-21,South,Widget Pro,96,2391.9,1214.8,15
2025-08-22,South,Widget Pro,94,2262.34,1255.86,14
2025-08-23,South,Widget Pro,94,2284.2,1333.26,14
2025-08-24,South,Widget Pro,84,1991.44,1181.47,14
2025-08-25,South,Widget Pro,119,2873.66,1801.32,15
2025-08-26,South,Widget Pro,120,2930.79,1760.65,14
2025-08-27,South,Widget Pro,90,2095.17,1318.6,13
2025-08-28,South,Widget Pro,90,2243.16,1246.32,11
2025-08-29,South,Widget Pro,105,2651.38,1550.79,18
2025-08-30,South,Widget Pro,76,1861.56,1016.34,15
2025-08-31,South,Widget Pro,74,1666.3,1086.16,14
2025-09-01,South,Widget Pro,148,3598.48,2042.74,12
2025-09-02,South,Widget Pro,141,3310.1,1831.08,11
2025-09-03,South,Widget Pro,156,3752.1,2248.78,15
2025-09-04,South,Widget Pro,114,2914.66,1707.52,13
2025-09-05,South,Widget Pro,129,2929.68,1769.28,14
2025-09-06,South,Widget Pro,101,2413.9,1524.49,10
2025-09-07,South,Widget Pro,97,2435.64,1245.56,16
2025-09-08,South,Widget Pro,146,3501.68,1921.69,15
2025-09-09,South,Widget Pro,89,2129.58,1236.86,13
2025-09-10,South,Widget Pro,105,2729.35,1442.75,14
2025-09-11,South,Widget Pro,92,2279.59,1245.04,14
2025-09-12,South,Widget Pro,79,1989.75,1113.39,10
2025-09-13,South,Widget Pro,76,1889.63,1035.88,16
2025-09-14,South,Widget Pro,121,2978.88,1663.59,14
2025-09-15,South,Widget Pro,104,2644.62,1476.27,11
2025-09-16,South,Widget Pro,154,3988.67,2084.04,10
2025-09-17,South,Widget Pro,156,3628.97,2172.42,14
2025-09-18,South,Widget Pro,184,4503.22,2492.85,13
2025-09-19,South,Widget Pro,151,3694.71,1986.57,13
2025-09-20,South,Widget Pro,131,3168.17,1904.03,12
2025-09-21,South,Widget Pro,91,2295.12,1382.79,10
2025-09-22,South,Widget Pro,112,2765.15,1651.46,13
2025-09-23,South,Widget Pro,113,2928.42,1608.24,12
2025-09-24,South,Widget Pro,107,2708.03,1449.95,12
2025-09-25,South,Widget Pro,110,2805.34,1517.91,17
2025-09-26,South,Widget Pro,123,2905.09,1813.01,13
2025-09-27,South,Widget Pro,79,1888.69,979.83,14
2025-09-28,South,Widget Pro,67,1605.86,920.96,17
2025-09-29,South,Widget Pro,114,2903.86,1654.58,12
2025-09-30,South,Widget Pro,95,2259.97,1254.3,12
2025-10-01,South,Widget Pro,96,2285.82,1372.45,10
2025-10-02,South,Widget Pro,105,2485.96,1497.71,10
2025-10-03,South,Widget Pro,100,2652.35,1298.2,7
2025-10-04,South,Widget Pro,105,2561.52,1476.39,13
2025-10-05,South,Widget Pro,83,2065.83,1126.13,9
2025-10-06,South,Widget Pro,132,3123.34,1886.45,13
2025-10-07,South,Widget Pro,112,2822.97,1620.51,11
2025-10-08,South,Widget Pro,106,2458.81,1513.6,11
2025-10-09,South,Widget Pro,111,2639.63,1559.64,11
2025-10-10,South,Widget Pro,85,2036.81,1207.19,14
2025-10-11,South,Widget Pro,92,2268.8,1212.26,13
2025-10-12,South,Widget Pro,101,2415.63,1411.83,11
2025-10-13,South,Widget Pro,129,3305.0,1734.08,9
2025-10-14,South,Widget Pro,85,2113.94,1251.38,12
2025-10-15,South,Widget Pro,82,1967.44,1187.22,9
2025-10-16,South,Widget Pro,98,2472.86,1418.68,7
2025-10-17,South,Widget Pro,139,3365.32,2112.72,11
2025-10-18,South,Widget Pro,90,2165.94,1239.21,13
2025-10-19,South,Widget Pro,76,1912.04,1034.79,10
2025-10-20,South,Widget Pro,84,1906.56,1155.21,11
2025-10-21,South,Widget Pro,96,2403.85,1236.33,9
2025-10-22,South,Widget Pro,95,2277.71,1228.68,12
2025-10-23,South,Widget Pro,129,3092.74,1862.09,12
2025-10-24,South,Widget Pro,131,3398.04,1706.07,10
2025-10-25,South,Widget Pro,73,1760.0,967.07,8
2025-10-26,South,Widget Pro,100,2520.26,1392.88,7
2025-10-27,South,Widget Pro,124,3063.45,1700.22,12
2025-10-28,South,Widget Pro,89,2205.55,1301.18,8
2025-10-29,South,Widget Pro,109,2650.43,1530.61,11
2025-10-30,South,Widget Pro,117,2840.47,1572.61,12
2025-10-31,South,Widget Pro,114,2921.03,1673.54,9
2025-11-01,South,Widget Pro,65,1636.95,943.16,10
2025-11-02,South,Widget Pro,91,2196.08,1184.12,12
2025-11-03,South,Widget Pro,125,2966.41,1772.07,8
2025-11-04,South,Widget Pro,148,3562.42,1997.92,8
2025-11-05,South,Widget Pro,99,2496.92,1334.62,10
2025-11-06,South,Widget Pro,101,2562.0,1546.17,13
2025-11-07,South,Widget Pro,108,2690.05,1521.39,13
2025-11-08,South,Widget Pro,95,2214.61,1315.53,10
2025-11-09,South,Widget Pro,92,2304.97,1293.47,9
2025-11-10,South,Widget Pro,126,3207.72,1841.11,12
2025-11-11,South,Widget Pro,92,2265.74,1242.82,7
2025-11-12,South,Widget Pro,122,3166.53,1662.67,11
2025-11-13,South,Widget Pro,99,2329.38,1431.51,10
2025-11-14,South,Widget Pro,111,2775.37,1436.18,13
2025-11-15,South,Widget Pro,124,2945.02,1822.0,13
2025-11-16,South,Widget Pro,71,1794.74,914.22,8
2025-11-17,South,Widget Pro,109,2719.6,1507.25,10
2025-11-18,South,Widget Pro,91,2349.98,1172.15,9
2025-11-19,South,Widget Pro,118,2934.34,1564.75,10
2025-11-20,South,Widget Pro,139,3364.22,2072.26,11
2025-11-21,South,Widget Pro,119,2872.55,1753.0,10
2025-11-22,South,Widget Pro,91,2212.77,1347.34,11
2025-11-23,South,Widget Pro,118,2846.7,1532.31,12
2025-11-24,South,Widget Pro,320,8156.84,4244.56,13
2025-11-25,South,Widget Pro,135,3434.08,1922.12,11
2025-11-26,South,Widget Pro,133,3112.2,1928.6,11
2025-11-27,South,Widget Pro,70,1716.97,940.82,8
2025-11-28,South,Widget Pro,116,2847.33,1576.99,14
2025-11-29,South,Widget Pro,78,1866.21,1030.23,12
2025-11-30,South,Widget Pro,82,2035.41,1243.18,11
2025-12-01,South,Widget Pro,155,3963.93,2118.47,11
2025-12-02,South,Widget Pro,111,2792.26,1556.43,11
2025-12-03,South,Widget Pro,168,4282.34,2361.84,12
2025-12-04,South,Widget Pro,93,2229.39,1373.98,13
2025-12-05,South,Widget Pro,99,2428.16,1319.99,14
2025-12-06,South,Widget Pro,110,2633.1,1629.96,11
2025-12-07,South,Widget Pro,91,2245.51,1192.55,15
2025-12-08,South,Widget Pro,128,3166.99,1896.45,13
2025-12-09,South,Widget Pro,119,2999.45,1523.12,11
2025-12-10,South,Widget Pro,119,3030.38,1657.29,8
2025-12-11,South,Widget Pro,115,2875.74,1740.85,11
2025-12-12,South,Widget Pro,126,3007.34,1825.5,14
2025-12-13,South,Widget Pro,110,2585.68,1572.44,10
2025-12-14,South,Widget Pro,132,3284.45,1751.13,12
2025-12-15,South,Widget Pro,119,3046.74,1604.79,12
2025-12-16,South,Widget Pro,115,2815.4,1718.22,14
2025-12-17,South,Widget Pro,113,2641.64,1619.36,11
2025-12-18,South,Widget Pro,162,4217.23,2368.95,10
2025-12-19,South,Widget Pro,141,3505.22,1981.28,13
2025-12-20,South,Widget Pro,71,1748.43,980.0,10
2025-12-21,South,Widget Pro,71,1678.55,1032.1,8
2025-12-22,South,Widget Pro,108,2647.29,1531.61,16
2025-12-23,South,Widget Pro,132,3300.64,1832.3,14
2025-12-24,South,Widget Pro,126,3133.58,1639.28,16
2025-12-25,South,Widget Pro,53,1272.01,777.39,14
2025-12-26,South,Widget Pro,123,3008.34,1759.89,14
2025-12-27,South,Widget Pro,131,3150.19,1778.41,13
2025-12-28,South,Widget Pro,118,3035.33,1749.41,12
2025-12-29,South,Widget Pro,130,3270.51,1842.19,14
2025-12-30,South,Widget Pro,158,3810.11,2241.13,12
2024-01-01,South,Gadget Plus,63,4043.71,2006.47,9
2024-01-02,South,Gadget Plus,72,4270.08,2422.02,13
2024-01-03,South,Gadget Plus,97,5749.83,3200.35,11
2024-01-04,South,Gadget Plus,62,3636.39,2048.97,11
2024-01-05,South,Gadget Plus,62,3602.19,2045.93,13
2024-01-06,South,Gadget Plus,69,4092.2,2516.38,12
2024-01-07,South,Gadget Plus,58,3416.37,1832.52,12
2024-01-08,South,Gadget Plus,85,4900.53,2670.37,15
2024-01-09,South,Gadget Plus,94,5595.05,3015.89,11
2024-01-10,South,Gadget Plus,85,5160.2,2837.26,14
2024-01-11,South,Gadget Plus,70,4080.3,2405.36,15
2024-01-12,South,Gadget Plus,99,5901.2,3419.08,15
2024-01-13,South,Gadget Plus,72,4494.78,2525.92,17
2024-01-14,South,Gadget Plus,64,3670.34,2132.4,12
2024-01-15,South,Gadget Plus,79,5006.33,2594.06,11
2024-01-16,South,Gadget Plus,85,4988.55,3080.06,15
2024-01-17,South,Gadget Plus,76,4579.84,2191.57,15
2024-01-18,South,Gadget Plus,60,3731.92,2016.31,12
2024-01-19,South,Gadget Plus,92,5772.73,3148.26,14
2024-01-20,South,Gadget Plus,73,4434.33,2674.6,19
2024-01-21,South,Gadget Plus,43,2522.03,1320.9,13
2024-01-22,South,Gadget Plus,89,5205.9,2918.87,15
2024-01-23,South,Gadget Plus,112,6593.09,3497.31,17
2024-01-24,South,Gadget Plus,67,4240.76,2042.69,18
2024-01-25,South,Gadget Plus,81,4796.13,2685.75,14
2024-01-26,South,Gadget Plus,79,4778.04,2756.74,16
2024-01-27,South,Gadget Plus,89,5164.17,3161.28,12
2024-01-28,South,Gadget Plus,81,4683.59,2641.34,14
2024-01-29,South,Gadget Plus,71,4256.27,2457.77,13
2024-01-30,South,Gadget Plus,88,5219.85,2918.86,10
2024-01-31,South,Gadget Plus,126,7490.41,4338.46,11
2024-02-01,South,Gadget Plus,74,4235.92,2622.1,15
2024-02-02,South,Gadget Plus,83,4960.74,2753.5,15
2024-02-03,South,Gadget Plus,73,4575.93,2577.19,12
2024-02-04,South,Gadget Plus,60,3502.03,1888.09,17
2024-02-05,South,Gadget Plus,115,7073.96,3978.96,12
2024-02-06,South,Gadget Plus,77,4132.94,2712.82,14
2024-02-07,South,Gadget Plus,66,3858.24,2313.83,13
2024-02-08,South,Gadget Plus,77,4347.96,2426.66,14
2024-02-09,South,Gadget Plus,95,5901.54,3149.75,16
2024-02-10,South,Gadget Plus,59,3627.27,2006.36,15
2024-02-11,South,Gadget Plus,72,4178.97,2465.43,15
2024-02-12,South,Gadget Plus,94,5679.46,3167.24,15
2024-02-13,South,Gadget Plus,69,4282.1,2476.68,11
2024-02-14,South,Gadget Plus,77,4800.09,2412.39,16
2024-02-15,South,Gadget Plus,91,5384.54,3011.88,12
2024-02-16,South,Gadget Plus,98,5481.21,3005.95,14
2024-02-17,South,Gadget Plus,63,3671.98,2176.06,13
2024-02-18,South,Gadget Plus,71,4350.65,2444.46,15
2024-02-19,South,Gadget Plus,82,5221.08,3206.93,13
2024-02-20,South,Gadget Plus,99,5920.44,3486.7,14
2024-02-21,South,Gadget Plus,95,5586.91,3235.23,17
2024-02-22,South,Gadget Plus,81,5201.14,2748.08,11
2024-02-23,South,Gadget Plus,95,5759.76,3132.12,14
2024-02-24,South,Gadget Plus,65,3750.09,2191.71,12
2024-02-25,South,Gadget Plus,76,4536.16,2581.17,15
2024-02-26,South,Gadget Plus,95,5861.2,2869.86,12
2024-02-27,South,Gadget Plus,134,8009.65,4533.2,14
2024-02-28,South,Gadget Plus,83,5090.18,2794.54,11
2024-02-29,South,Gadget Plus,86,4903.36,3133.67,16
2024-03-01,South,Gadget Plus,78,4471.18,2595.8,14
2024-03-02,South,Gadget Plus,59,3456.19,1900.84,14
2024-03-03,South,Gadget Plus,65,3860.54,2206.74,15
2024-03-04,South,Gadget Plus,100,6050.01,3362.45,11
2024-03-05,South,Gadget Plus,101,6165.47,3361.41,12
2024-03-06,South,Gadget Plus,94,6047.17,2947.62,14
2024-03-07,South,Gadget Plus,84,4920.12,2792.05,10
2024-03-08,South,Gadget Plus,81,4806.2,2634.92,10
2024-03-09,South,Gadget Plus,60,3517.38,1988.24,12
2024-03-10,South,Gadget Plus,65,4019.58,2257.21,11
2024-03-11,South,Gadget Plus,71,4397.58,2298.28,13
2024-03-12,South,Gadget Plus,114,6736.89,3776.76,14
2024-03-13,South,Gadget Plus,125,7951.52,4300.81,15
2024-03-14,South,Gadget Plus,63,3693.44,2082.07,17
2024-03-15,South,Gadget Plus,94,5804.57,3559.82,13
2024-03-16,South,Gadget Plus,75,4688.53,2543.76,13
2024-03-17,South,Gadget Plus,75,4308.99,2356.49,13
2024-03-18,South,Gadget Plus,81,4935.98,2599.63,14
2024-03-19,South,Gadget Plus,22,1210.07,702.36,14
2024-03-20,South,Gadget Plus,97,5953.97,3115.45,15
2024-03-21,South,Gadget Plus,109,6313.33,3749.54,15
2024-03-22,South,Gadget Plus,79,4812.66,2500.08,14
2024-03-23,South,Gadget Plus,56,3430.38,1844.93,16
2024-03-24,South,Gadget Plus,78,4829.21,2762.3,13
2024-03-25,South,Gadget Plus,76,4673.98,2479.83,11
2024-03-26,South,Gadget Plus,109,6540.05,3774.1,11
2024-03-27,South,Gadget Plus,62,3671.41,1902.22,12
2024-03-28,South,Gadget Plus,83,4960.6,2728.98,10
2024-03-29,South,Gadget Plus,81,4689.46,2593.3,11
2024-03-30,South,Gadget Plus,68,4047.33,2312.14,10
2024-03-31,South,Gadget Plus,76,4512.7,2414.27,13
2024-04-01,South,Gadget Plus,97,5672.91,3585.77,13
2024-04-02,South,Gadget Plus,102,5790.65,3136.91,8
2024-04-03,South,Gadget Plus,104,5990.96,3681.85,10
2024-04-04,South,Gadget Plus,88,4773.05,3077.46,15
2024-04-05,South,Gadget Plus,133,7893.12,4524.53,13
2024-04-06,South,Gadget Plus,93,5630.95,3123.98,12
2024-04-07,South,Gadget Plus,69,3800.48,2525.89,10
2024-04-08,South,Gadget Plus,89,5368.96,3349.86,12
2024-04-09,South,Gadget Plus,86,5132.47,2851.14,11
2024-04-10,South,Gadget Plus,97,5605.18,3275.13,10
2024-04-11,South,Gadget Plus,76,4493.51,2475.68,10
2024-04-12,South,Gadget Plus,79,4881.28,2491.77,10
2024-04-13,South,Gadget Plus,49,2849.32,1679.51,8
2024-04-14,South,Gadget Plus,68,4082.84,2306.43,8
2024-04-15,South,Gadget Plus,110,6657.51,3388.32,11
2024-04-16,South,Gadget Plus,88,5141.18,3015.21,9
2024-04-17,South,Gadget Plus,89,5492.36,3023.71,10
2024-04-18,South,Gadget Plus,95,5759.44,3086.83,8
2024-04-19,South,Gadget Plus,76,4518.0,2461.15,12
2024-04-20,South,Gadget Plus,73,4682.71,2497.32,15
2024-04-21,South,Gadget Plus,85,5246.17,3076.56,13
2024-04-22,South,Gadget Plus,96,5459.52,3280.06,13
2024-04-23,South,Gadget Plus,108,6393.67,3759.19,12
2024-04-24,South,Gadget Plus,114,7333.91,3660.09,11
2024-04-25,South,Gadget Plus,102,5929.77,3346.22,11
2024-04-26,South,Gadget Plus,80,4801.54,2761.47,9
2024-04-27,South,Gadget Plus,68,4223.62,2123.28,12
2024-04-28,South,Gadget Plus,102,6229.37,3452.4,12
2024-04-29,South,Gadget Plus,95,5826.47,3261.02,9
2024-04-30,South,Gadget Plus,93,5693.97,3109.5,11
2024-05-01,South,Gadget Plus,77,4615.81,2620.69,9
2024-05-02,South,Gadget Plus,89,5204.38,2990.12,9
2024-05-03,South,Gadget Plus,102,6189.49,3310.7,12
2024-05-04,South,Gadget Plus,72,4260.69,2269.92,11
2024-05-05,South,Gadget Plus,65,3837.28,2167.67,10
2024-05-06,South,Gadget Plus,85,5317.94,3033.23,9
2024-05-07,South,Gadget Plus,111,6572.9,3908.96,10
2024-05-08,South,Gadget Plus,101,6359.56,3325.08,6
2024-05-09,South,Gadget Plus,98,5915.42,3222.9,9
2024-05-10,South,Gadget Plus,97,5782.56,3178.06,8
2024-05-11,South,Gadget Plus,58,3284.76,1900.29,10
2024-05-12,South,Gadget Plus,75,4778.2,2548.65,12
2024-05-13,South,Gadget Plus,108,6468.04,3809.3,11
2024-05-14,South,Gadget Plus,85,4744.65,3169.67,9
2024-05-15,South,Gadget Plus,106,6537.54,3403.66,9
2024-05-16,South,Gadget Plus,98,5861.36,3389.89,8
2024-05-17,South,Gadget Plus,103,5997.32,3544.07,14
2024-05-18,South,Gadget Plus,71,4371.71,2339.28,10
2024-05-19,South,Gadget Plus,83,4591.55,2637.86,10
2024-05-20,South,Gadget Plus,68,3985.94,2309.36,6
2024-05-21,South,Gadget Plus,89,5283.22,3297.52,8
2024-05-22,South,Gadget Plus,100,6143.14,3395.07,10
2024-05-23,South,Gadget Plus,93,5945.09,2992.87,9
2024-05-24,South,Gadget Plus,107,6362.24,3556.31,10
2024-05-25,South,Gadget Plus,68,4129.4,2148.13,10
2024-05-26,South,Gadget Plus,63,4084.85,2112.45,11
2024-05-27,South,Gadget Plus,65,3894.05,2251.91,6
2024-05-28,South,Gadget Plus,83,5041.53,2684.21,8
2024-05-29,South,Gadget Plus,95,5479.27,2664.45,10
2024-05-30,South,Gadget Plus,100,6342.06,3396.38,9
2024-05-31,South,Gadget Plus,67,3927.46,2188.21,10
2024-06-01,South,Gadget Plus,86,5192.91,2772.87,11
2024-06-02,South,Gadget Plus,58,3499.24,1869.23,9
2024-06-03,South,Gadget Plus,84,5044.48,2870.32,11
2024-06-04,South,Gadget Plus,78,4611.32,2559.71,12
2024-06-05,South,Gadget Plus,93,5611.03,3260.44,11
2024-06-06,South,Gadget Plus,87,5486.04,3053.3,12
2024-06-07,South,Gadget Plus,97,6207.89,3205.53,6
2024-06-08,South,Gadget Plus,95,5660.6,3099.62,9
2024-06-09,South,Gadget Plus,73,4313.74,2461.12,12
2024-06-10,South,Gadget Plus,77,4500.39,2560.75,9
2024-06-11,South,Gadget Plus,92,5954.88,2811.94,9
2024-06-12,South,Gadget Plus,120,7215.78,4404.73,11
2024-06-13,South,Gadget Plus,180,11142.67,6245.37,11
2024-06-14,South,Gadget Plus,100,6115.19,3272.37,10
2024-06-15,South,Gadget Plus,51,3257.29,1544.79,15
2024-06-16,South,Gadget Plus,72,4280.75,2390.24,12
2024-06-17,South,Gadget Plus,80,4632.85,2601.21,9
2024-06-18,South,Gadget Plus,74,4679.87,2471.49,8
2024-06-19,South,Gadget Plus,83,5106.43,2479.67,12
2024-06-20,South,Gadget Plus,85,5161.19,2780.26,10
2024-06-21,South,Gadget Plus,74,4636.75,2428.02,16
2024-06-22,South,Gadget Plus,69,4196.75,2289.28,12
2024-06-23,South,Gadget Plus,64,4014.15,2118.68,13
2024-06-24,South,Gadget Plus,94,5672.25,3157.23,12
2024-06-25,South,Gadget Plus,17,1045.85,612.82,14
2024-06-26,South,Gadget Plus,88,5354.44,2872.09,7
2024-06-27,South,Gadget Plus,98,5812.92,3133.43,9
2024-06-28,South,Gadget Plus,91,5417.31,2785.21,14
2024-06-29,South,Gadget Plus,65,3847.61,2121.85,15
2024-06-30,South,Gadget Plus,45,2716.97,1401.88,10
2024-07-01,South,Gadget Plus,89,5258.2,3124.63,9
2024-07-02,South,Gadget Plus,69,4187.15,2300.39,13
2024-07-03,South,Gadget Plus,80,4849.78,2805.89,13
2024-07-04,South,Gadget Plus,86,5183.1,3092.13,13
2024-07-05,South,Gadget Plus,103,6210.89,3301.26,12
2024-07-06,South,Gadget Plus,90,5299.44,2962.64,9
2024-07-07,South,Gadget Plus,54,3207.24,1929.45,12
2024-07-08,South,Gadget Plus,63,3584.57,2130.47,12
2024-07-09,South,Gadget Plus,85,5073.19,2921.75,12
2024-07-10,South,Gadget Plus,83,4824.67,2924.11,9
2024-07-11,South,Gadget Plus,64,3845.08,2240.11,14
2024-07-12,South,Gadget Plus,79,4630.67,2700.8,15
2024-07-13,South,Gadget Plus,71,3991.26,2544.56,11
2024-07-14,South,Gadget Plus,51,3261.33,1702.67,13
2024-07-15,South,Gadget Plus,66,3925.95,2268.42,12
2024-07-16,South,Gadget Plus,70,4375.03,2324.28,12
2024-07-17,South,Gadget Plus,76,4480.43,2675.92,14
2024-07-18,South,Gadget Plus,89,5602.68,2877.03,14
2024-07-19,South,Gadget Plus,74,4279.45,2270.41,15
2024-07-20,South,Gadget Plus,63,3793.63,2179.61,15
2024-07-21,South,Gadget Plus,93,5388.16,2956.59,13
2024-07-22,South,Gadget Plus,65,4197.28,2055.64,19
2024-07-23,South,Gadget Plus,69,4102.19,2457.69,17
2024-07-24,South,Gadget Plus,87,5340.82,3055.31,12
2024-07-25,South,Gadget Plus,92,5585.29,3029.22,14
2024-07-26,South,Gadget Plus,83,4967.89,2357.1,10
2024-07-27,South,Gadget Plus,85,5170.58,2923.42,14
2024-07-28,South,Gadget Plus,65,4052.26,2249.63,17
2024-07-29,South,Gadget Plus,54,3299.44,1855.75,19
2024-07-30,South,Gadget Plus,78,4694.97,2674.52,14
2024-07-31,South,Gadget Plus,69,4197.49,2290.54,14
2024-08-01,South,Gadget Plus,97,6144.11,3182.81,15
2024-08-02,South,Gadget Plus,90,5323.59,2848.25,18
2024-08-03,South,Gadget Plus,45,2545.59,1454.93,12
2024-08-04,South,Gadget Plus,77,4460.58,2620.96,19
2024-08-05,South,Gadget Plus,89,5167.63,3031.88,13
2024-08-06,South,Gadget Plus,71,4140.46,2472.43,12
2024-08-07,South,Gadget Plus,74,4319.98,2304.67,13
2024-08-08,South,Gadget Plus,96,5746.33,2949.2,12
2024-08-09,South,Gadget Plus,52,3137.92,1708.93,15
2024-08-10,South,Gadget Plus,65,3921.14,2066.45,11
2024-08-11,South,Gadget Plus,73,4276.9,2468.24,14
2024-08-12,South,Gadget Plus,73,4503.08,2285.33,15
2024-08-13,South,Gadget Plus,83,5051.41,2944.58,17
2024-08-14,South,Gadget Plus,75,4705.62,2409.23,15
2024-08-15,South,Gadget Plus,64,3930.98,2314.73,17
2024-08-16,South,Gadget Plus,64,3793.4,2200.21,13
2024-08-17,South,Gadget Plus,67,4170.48,2126.08,15
2024-08-18,South,Gadget Plus,52,3140.36,1924.45,10
2024-08-19,South,Gadget Plus,56,3434.7,1900.9,14
2024-08-20,South,Gadget Plus,75,4589.6,2533.37,15
2024-08-21,South,Gadget Plus,67,3998.33,2237.18,15
2024-08-22,South,Gadget Plus,59,3545.05,2022.61,11
2024-08-23,South,Gadget Plus,74,4415.13,2544.13,13
2024-08-24,South,Gadget Plus,67,3910.61,2147.43,13
2024-08-25,South,Gadget Plus,58,3250.67,1922.25,13
2024-08-26,South,Gadget Plus,60,3519.19,2021.63,15
2024-08-27,South,Gadget Plus,79,4760.37,2723.61,13
2024-08-28,South,Gadget Plus,87,5381.02,3001.89,14
2024-08-29,South,Gadget Plus,108,6623.68,3647.77,13
2024-08-30,South,Gadget Plus,94,5583.37,3062.35,16
2024-08-31,South,Gadget Plus,48,2816.53,1559.63,16
2024-09-01,South,Gadget Plus,67,3991.64,2110.79,13
2024-09-02,South,Gadget Plus,75,4361.09,2586.95,19
2024-09-03,South,Gadget Plus,58,3253.73,1883.16,12
2024-09-04,South,Gadget Plus,76,4341.38,2521.59,15
2024-09-05,South,Gadget Plus,101,6299.41,3423.72,11
2024-09-06,South,Gadget Plus,89,5628.14,2982.09,15
2024-09-07,South,Gadget Plus,48,2940.23,1607.55,15
2024-09-08,South,Gadget Plus,57,3408.34,1823.1,11
2024-09-09,South,Gadget Plus,78,4476.95,2648.13,13
2024-09-10,South,Gadget Plus,52,3099.74,1714.75,17
2024-09-11,South,Gadget Plus,53,3232.97,1767.83,11
2024-09-12,South,Gadget Plus,73,4481.56,2587.09,14
2024-09-13,South,Gadget Plus,74,4524.2,2541.63,14
2024-09-14,South,Gadget Plus,41,2545.02,1334.3,13
2024-09-15,South,Gadget Plus,61,3866.88,2028.28,9
2024-09-16,South,Gadget Plus,87,5147.98,3147.58,14
2024-09-17,South,Gadget Plus,68,4416.0,2242.99,13
2024-09-18,South,Gadget Plus,72,4051.45,2416.81,15
2024-09-19,South,Gadget Plus,79,4621.61,2734.38,13
2024-09-20,South,Gadget Plus,77,4639.97,2607.25,13
2024-09-21,South,Gadget Plus,42,2557.24,1380.77,13
2024-09-22,South,Gadget Plus,48,2859.53,1548.23,10
2024-09-23,South,Gadget Plus,66,3894.6,2209.88,15
2024-09-24,South,Gadget Plus,61,3895.34,2110.73,11
2024-09-25,South,Gadget Plus,93,5479.87,3321.26,11
2024-09-26,South,Gadget Plus,80,4645.45,2483.64,15
2024-09-27,South,Gadget Plus,58,3650.43,2114.25,12
2024-09-28,South,Gadget Plus,55,3378.43,1815.93,11
2024-09-29,South,Gadget Plus,70,4330.7,2453.44,13
2024-09-30,South,Gadget Plus,63,3795.87,2032.67,13
2024-10-01,South,Gadget Plus,83,4766.47,2556.55,11
2024-10-02,South,Gadget Plus,91,5464.74,2848.37,13
2024-10-03,South,Gadget Plus,89,5089.01,2932.16,9
2024-10-04,South,Gadget Plus,74,4464.82,2543.96,12
2024-10-05,South,Gadget Plus,71,4336.27,2382.21,13
2024-10-06,South,Gadget Plus,52,3215.29,1720.2,13
2024-10-07,South,Gadget Plus,112,6690.21,3961.74,7
2024-10-08,South,Gadget Plus,75,4593.32,2512.75,11
2024-10-09,South,Gadget Plus,88,5128.27,2989.24,9
2024-10-10,South,Gadget Plus,67,4129.68,2593.64,14
2024-10-11,South,Gadget Plus,78,4766.75,2611.95,10
2024-10-12,South,Gadget Plus,63,3683.1,2037.07,13
2024-10-13,South,Gadget Plus,49,2981.8,1680.97,9
2024-10-14,South,Gadget Plus,60,3711.49,2083.78,12
2024-10-15,South,Gadget Plus,69,4142.85,2346.29,11
2024-10-16,South,Gadget Plus,88,5141.13,2971.13,16
2024-10-17,South,Gadget Plus,52,3131.41,1871.1,13
2024-10-18,South,Gadget Plus,67,4079.81,2396.82,13
2024-10-19,South,Gadget Plus,73,4263.82,2431.18,15
2024-10-20,South,Gadget Plus,46,2672.11,1491.42,11
2024-10-21,South,Gadget Plus,91,5536.2,3113.92,10
2024-10-22,South,Gadget Plus,59,3621.39,1912.34,10
2024-10-23,South,Gadget Plus,61,3889.55,2133.94,11
2024-10-24,South,Gadget Plus,71,4337.84,2428.93,5
2024-10-25,South,Gadget Plus,102,5888.18,3873.17,10
2024-10-26,South,Gadget Plus,52,3305.41,1870.32,11
2024-10-27,South,Gadget Plus,43,2657.22,1362.8,10
2024-10-28,South,Gadget Plus,57,3208.9,1859.97,7
2024-10-29,South,Gadget Plus,87,5050.23,2635.59,10
2024-10-30,South,Gadget Plus,57,3363.95,1705.4,7
2024-10-31,South,Gadget Plus,91,5587.95,3065.85,14
2024-11-01,South,Gadget Plus,75,4171.81,2362.71,10
2024-11-02,South,Gadget Plus,59,3521.47,2138.69,6
2024-11-03,South,Gadget Plus,62,3800.82,2197.25,10
2024-11-04,South,Gadget Plus,64,3507.65,2114.9,12
2024-11-05,South,Gadget Plus,76,4654.39,2504.21,10
2024-11-06,South,Gadget Plus,60,3687.47,2159.28,8
2024-11-07,South,Gadget Plus,95,5545.96,3455.34,9
2024-11-08,South,Gadget Plus,62,3585.31,1980.15,9
2024-11-09,South,Gadget Plus,65,3792.78,2061.96,9
2024-11-10,South,Gadget Plus,50,2754.91,1649.78,7
2024-11-11,South,Gadget Plus,68,4033.34,2327.11,10
2024-11-12,South,Gadget Plus,70,4220.62,2284.77,7
2024-11-13,South,Gadget Plus,56,3231.7,1918.42,12
2024-11-14,South,Gadget Plus,75,4623.51,2757.51,12
2024-11-15,South,Gadget Plus,65,3905.48,2024.42,8
2024-11-16,South,Gadget Plus,56,3380.57,1834.2,9
2024-11-17,South,Gadget Plus,46,2722.17,1434.13,9
2024-11-18,South,Gadget Plus,74,4531.41,2375.31,10
2024-11-19,South,Gadget Plus,107,6657.45,3531.69,11
2024-11-20,South,Gadget Plus,81,4792.58,2614.84,11
2024-11-21,South,Gadget Plus,90,5514.08,3093.39,11
2024-11-22,South,Gadget Plus,65,3983.68,2193.94,13
2024-11-23,South,Gadget Plus,8,485.21,272.01,10
2024-11-24,South,Gadget Plus,64,4026.47,2111.12,8
2024-11-25,South,Gadget Plus,68,3984.43,2253.56,7
2024-11-26,South,Gadget Plus,156,9226.23,5134.36,14
2024-11-27,South,Gadget Plus,87,5089.83,2878.26,11
2024-11-28,South,Gadget Plus,86,5263.45,2941.36,11
2024-11-29,South,Gadget Plus,76,4515.19,2301.14,11
2024-11-30,South,Gadget Plus,77,4516.03,2616.64,11
2024-12-01,South,Gadget Plus,60,3773.32,1922.69,11
2024-12-02,South,Gadget Plus,74,4673.22,2437.0,10
2024-12-03,South,Gadget Plus,103,6108.86,3181.1,13
2024-12-04,South,Gadget Plus,65,3733.78,2138.45,10
2024-12-05,South,Gadget Plus,59,3731.68,2003.96,9
2024-12-06,South,Gadget Plus,68,4130.72,2330.06,7
2024-12-07,South,Gadget Plus,69,4185.27,2174.39,10
2024-12-08,South,Gadget Plus,81,4867.18,2768.97,13
2024-12-09,South,Gadget Plus,72,4209.25,2549.46,10
2024-12-10,South,Gadget Plus,112,6625.62,3659.38,8
2024-12-11,South,Gadget Plus,82,5011.66,2747.13,12
2024-12-12,South,Gadget Plus,80,4727.66,2402.81,10
2024-12-13,South,Gadget Plus,70,4247.46,2239.82,14
2024-12-14,South,Gadget Plus,93,5572.93,3157.64,13
2024-12-15,South,Gadget Plus,64,3712.05,2246.43,9
2024-12-16,South,Gadget Plus,20,1256.26,649.92,11
2024-12-17,South,Gadget Plus,129,7864.8,4898.29,10
2024-12-18,South,Gadget Plus,89,5383.98,3028.29,9
2024-12-19,South,Gadget Plus,96,5846.15,3011.24,11
2024-12-20,South,Gadget Plus,113,6404.63,4029.13,13
2024-12-21,South,Gadget Plus,75,4426.03,2355.1,11
2024-12-22,South,Gadget Plus,80,4572.44,2724.01,11
2024-12-23,South,Gadget Plus,19,1142.36,606.93,7
2024-12-24,South,Gadget Plus,96,5806.62,2997.72,11
2024-12-25,South,Gadget Plus,84,5052.93,2949.37,13
2024-12-26,South,Gadget Plus,84,5209.51,2777.45,9
2024-12-27,South,Gadget Plus,87,4977.21,3165.97,15
2024-12-28,South,Gadget Plus,64,3741.68,2034.88,11
2024-12-29,South,Gadget Plus,75,4548.34,2316.57,13
2024-12-30,South,Gadget Plus,94,5675.18,3073.48,11
2024-12-31,South,Gadget Plus,100,5753.62,3834.16,10
2025-01-01,South,Gadget Plus,97,6018.87,3384.99,13
2025-01-02,South,Gadget Plus,124,7771.47,4269.04,11
2025-01-03,South,Gadget Plus,105,6369.8,3620.73,11
2025-01-04,South,Gadget Plus,67,3831.61,2190.09,8
2025-01-05,South,Gadget Plus,76,4574.21,2893.45,15
2025-01-06,South,Gadget Plus,113,6837.81,3872.2,13
2025-01-07,South,Gadget Plus,74,4396.45,2524.16,15
2025-01-08,South,Gadget Plus,126,7852.45,4428.86,14
2025-01-09,South,Gadget Plus,77,4596.26,2415.28,15
2025-01-10,South,Gadget Plus,104,6622.91,3330.82,12
2025-01-11,South,Gadget Plus,71,4352.82,2349.3,10
2025-01-12,South,Gadget Plus,71,4288.12,2496.39,15
2025-01-13,South,Gadget Plus,71,4370.33,2224.13,13
2025-01-14,South,Gadget Plus,105,6578.36,3505.65,12
2025-01-15,South,Gadget Plus,71,4367.61,2353.66,15
2025-01-16,South,Gadget Plus,69,4123.7,2129.54,14
2025-01-17,South,Gadget Plus,111,6517.27,3623.88,15
2025-01-18,South,Gadget Plus,100,5788.36,3440.83,11
2025-01-19,South,Gadget Plus,64,3552.9,1984.99,15
2025-01-20,South,Gadget Plus,109,6563.23,3909.17,14
2025-01-21,South,Gadget Plus,105,6216.35,3599.82,16
2025-01-22,South,Gadget Plus,90,5336.96,3067.16,16
2025-01-23,South,Gadget Plus,117,7224.62,3921.1,15
2025-01-24,South,Gadget Plus,89,5313.18,2818.66,13
2025-01-25,South,Gadget Plus,81,5127.75,2625.35,15
2025-01-26,South,Gadget Plus,59,3473.34,2012.26,16
2025-01-27,South,Gadget Plus,74,4303.48,2398.23,15
2025-01-28,South,Gadget Plus,115,6628.6,3888.86,14
2025-01-29,South,Gadget Plus,103,6303.47,3295.42,15
2025-01-30,South,Gadget Plus,91,5639.2,3117.31,13
2025-01-31,South,Gadget Plus,132,7765.81,4538.32,17
2025-02-01,South,Gadget Plus,208,12061.51,6400.91,11
2025-02-02,South,Gadget Plus,81,5074.64,2722.63,14
2025-02-03,South,Gadget Plus,72,4125.14,2228.49,13
2025-02-04,South,Gadget Plus,92,5677.81,2795.21,13
2025-02-05,South,Gadget Plus,81,4768.79,2632.92,15
2025-02-06,South,Gadget Plus,96,5818.9,3665.74,12
2025-02-07,South,Gadget Plus,80,4946.82,2783.9,18
2025-02-08,South,Gadget Plus,61,3706.11,2185.74,11
2025-02-09,South,Gadget Plus,51,3027.84,1760.47,12
2025-02-10,South,Gadget Plus,98,6116.06,3316.72,12
2025-02-11,South,Gadget Plus,63,3806.43,2204.99,14
2025-02-12,South,Gadget Plus,227,15099.47,7361.32,16
2025-02-13,South,Gadget Plus,109,6195.11,3737.4,15
2025-02-14,South,Gadget Plus,85,4828.79,3015.09,17
2025-02-15,South,Gadget Plus,64,3947.95,2218.98,12
2025-02-16,South,Gadget Plus,76,4548.06,2704.21,15
2025-02-17,South,Gadget Plus,26,1594.43,878.95,13
2025-02-18,South,Gadget Plus,100,5792.62,3633.42,14
2025-02-19,South,Gadget Plus,81,4859.78,2685.25,16
2025-02-20,South,Gadget Plus,96,5829.29,3556.52,10
2025-02-21,South,Gadget Plus,92,5420.91,3170.39,18
2025-02-22,South,Gadget Plus,78,4704.69,2562.84,14
2025-02-23,South,Gadget Plus,105,6032.6,3310.12,11
2025-02-24,South,Gadget Plus,102,6182.17,3278.95,12
2025-02-25,South,Gadget Plus,108,6749.73,3444.45,14
2025-02-26,South,Gadget Plus,88,5075.49,2934.92,12
2025-02-27,South,Gadget Plus,103,5929.46,3230.71,10
2025-02-28,South,Gadget Plus,94,5831.6,3352.54,14
2025-03-01,South,Gadget Plus,80,4602.86,2694.84,12
2025-03-02,South,Gadget Plus,89,5465.54,2991.96,15
2025-03-03,South,Gadget Plus,91,5459.95,2870.87,11
2025-03-04,South,Gadget Plus,92,5441.72,2963.49,18
2025-03-05,South,Gadget Plus,229,14320.59,6819.82,14
2025-03-06,South,Gadget Plus,91,5602.68,3295.09,14
2025-03-07,South,Gadget Plus,103,6221.47,3205.91,14
2025-03-08,South,Gadget Plus,75,4202.37,2343.92,10
2025-03-09,South,Gadget Plus,105,6423.89,3766.04,12
2025-03-10,South,Gadget Plus,162,9392.06,5532.17,17
2025-03-11,South,Gadget Plus,90,5355.2,3033.2,12
2025-03-12,South,Gadget Plus,106,6350.8,3611.41,13
2025-03-13,South,Gadget Plus,121,7660.44,4246.83,12
2025-03-14,South,Gadget Plus,96,5706.71,3232.06,16
2025-03-15,South,Gadget Plus,67,3842.0,2071.28,12
2025-03-16,South,Gadget Plus,110,6879.5,3820.09,10
2025-03-17,South,Gadget Plus,114,6977.27,3899.65,18
2025-03-18,South,Gadget Plus,107,6556.0,3794.47,10
2025-03-19,South,Gadget Plus,131,8197.28,4114.42,12
2025-03-20,South,Gadget Plus,116,7307.61,3744.29,11
2025-03-21,South,Gadget Plus,100,5829.76,3415.67,11
2025-03-22,South,Gadget Plus,68,3903.23,2170.42,10
2025-03-23,South,Gadget Plus,74,4544.63,2187.37,11
2025-03-24,South,Gadget Plus,126,7487.97,4262.65,14
2025-03-25,South,Gadget Plus,29,1728.15,1014.97,8
2025-03-26,South,Gadget Plus,98,5672.67,3261.84,15
2025-03-27,South,Gadget Plus,139,8471.95,4784.12,14
2025-03-28,South,Gadget Plus,99,6001.64,3383.39,13
2025-03-29,South,Gadget Plus,97,5783.2,3251.21,12
2025-03-30,South,Gadget Plus,85,4879.44,2866.86,12
2025-03-31,South,Gadget Plus,144,8938.49,5149.41,14
2025-04-01,South,Gadget Plus,116,7001.7,3698.65,8
2025-04-02,South,Gadget Plus,103,6376.6,3583.87,13
2025-04-03,South,Gadget Plus,99,5555.97,3120.68,10
2025-04-04,South,Gadget Plus,102,6120.22,3281.21,13
2025-04-05,South,Gadget Plus,71,4161.43,2520.72,10
2025-04-06,South,Gadget Plus,64,3837.76,2014.31,13
2025-04-07,South,Gadget Plus,108,6652.25,3574.3,8
2025-04-08,South,Gadget Plus,93,5632.53,3483.34,8
2025-04-09,South,Gadget Plus,92,5513.8,3240.04,11
2025-04-10,South,Gadget Plus,100,5992.3,3226.52,14
2025-04-11,South,Gadget Plus,103,5881.0,3352.88,12
2025-04-12,South,Gadget Plus,82,4778.21,2723.63,12
2025-04-13,South,Gadget Plus,111,6872.56,3962.42,13
2025-04-14,South,Gadget Plus,115,6784.03,3659.56,10
2025-04-15,South,Gadget Plus,149,9230.45,4726.41,12
2025-04-16,South,Gadget Plus,94,5770.19,3261.32,10
2025-04-17,South,Gadget Plus,117,7193.15,3590.04,10
2025-04-18,South,Gadget Plus,95,5747.33,3037.52,10
2025-04-19,South,Gadget Plus,74,4374.62,2468.45,9
2025-04-20,South,Gadget Plus,120,7155.41,4013.2,10
2025-04-21,South,Gadget Plus,88,5372.47,2746.86,10
2025-04-22,South,Gadget Plus,68,3813.46,2318.29,9
2025-04-23,South,Gadget Plus,89,5530.02,3064.05,10
2025-04-24,South,Gadget Plus,71,4189.09,2299.71,11
2025-04-25,South,Gadget Plus,85,5078.32,3083.95,8
2025-04-26,South,Gadget Plus,69,4123.47,2350.75,11
2025-04-27,South,Gadget Plus,82,4905.93,2608.98,9
2025-04-28,South,Gadget Plus,15,863.09,543.22,11
2025-04-29,South,Gadget Plus,125,7521.58,4077.93,9
2025-04-30,South,Gadget Plus,72,4389.7,2433.57,12
2025-05-01,South,Gadget Plus,99,5566.39,3235.78,12
2025-05-02,South,Gadget Plus,95,5468.44,3281.82,8
2025-05-03,South,Gadget Plus,94,5781.93,3073.18,11
2025-05-04,South,Gadget Plus,86,5261.09,2820.38,13
2025-05-05,South,Gadget Plus,125,7554.6,4154.0,8
2025-05-06,South,Gadget Plus,94,5515.37,3069.97,8
2025-05-07,South,Gadget Plus,92,5629.11,3247.17,11
2025-05-08,South,Gadget Plus,108,6235.75,3390.47,7
2025-05-09,South,Gadget Plus,121,7218.04,4045.97,8
2025-05-10,South,Gadget Plus,93,5352.36,3129.44,8
2025-05-11,South,Gadget Plus,85,5066.76,2829.76,11
2025-05-12,South,Gadget Plus,104,6037.03,3652.68,9
2025-05-13,South,Gadget Plus,99,6064.56,3067.11,9
2025-05-14,South,Gadget Plus,107,6492.59,3686.28,9
2025-05-15,South,Gadget Plus,143,8419.08,4492.3,12
2025-05-16,South,Gadget Plus,95,5876.63,3101.54,8
2025-05-17,South,Gadget Plus,74,4305.43,2311.95,7
2025-05-18,South,Gadget Plus,73,4368.07,2404.89,7
2025-05-19,South,Gadget Plus,106,6232.29,3448.34,11
2025-05-20,South,Gadget Plus,67,4102.68,2428.36,12
2025-05-21,South,Gadget Plus,96,5861.4,3254.81,13
2025-05-22,South,Gadget Plus,115,7157.56,3937.21,8
2025-05-23,South,Gadget Plus,89,5344.37,2816.4,10
2025-05-24,South,Gadget Plus,81,4421.11,2813.91,15
2025-05-25,South,Gadget Plus,115,6799.46,4168.06,10
2025-05-26,South,Gadget Plus,104,6522.13,3635.54,9
2025-05-27,South,Gadget Plus,65,3855.54,2034.65,10
2025-05-28,South,Gadget Plus,158,8919.76,5170.16,11
2025-05-29,South,Gadget Plus,93,5645.79,3132.4,11
2025-05-30,South,Gadget Plus,84,5110.71,2732.79,9
2025-05-31,South,Gadget Plus,79,4628.86,2981.68,9
2025-06-01,South,Gadget Plus,74,4399.79,2419.22,10
2025-06-02,South,Gadget Plus,119,6946.91,3977.86,9
2025-06-03,South,Gadget Plus,184,11194.39,5979.01,8
2025-06-04,South,Gadget Plus,93,5580.16,3151.59,14
2025-06-05,South,Gadget Plus,210,12139.07,7521.24,10
2025-06-06,South,Gadget Plus,102,6108.05,3436.62,10
2025-06-07,South,Gadget Plus,79,4628.04,2617.52,10
2025-06-08,South,Gadget Plus,50,3126.28,1585.06,11
2025-06-09,South,Gadget Plus,97,5966.08,3445.91,12
2025-06-10,South,Gadget Plus,93,5550.26,3093.12,10
2025-06-11,South,Gadget Plus,111,6665.07,3683.79,13
2025-06-12,South,Gadget Plus,108,6665.95,3194.89,12
2025-06-13,South,Gadget Plus,99,5899.21,3295.4,11
2025-06-14,South,Gadget Plus,80,4901.03,2626.25,10
2025-06-15,South,Gadget Plus,96,6005.27,2922.38,14
2025-06-16,South,Gadget Plus,116,6846.07,4078.28,11
2025-06-17,South,Gadget Plus,99,6222.95,3227.74,9
2025-06-18,South,Gadget Plus,138,8602.25,5061.16,14
2025-06-19,South,Gadget Plus,84,5069.12,3013.01,10
2025-06-20,South,Gadget Plus,155,9160.85,5005.6,13
2025-06-21,South,Gadget Plus,74,4464.0,2648.73,7
2025-06-22,South,Gadget Plus,69,4102.78,2497.64,11
2025-06-23,South,Gadget Plus,59,3450.05,1921.25,14
2025-06-24,South,Gadget Plus,82,4990.23,2605.16,12
2025-06-25,South,Gadget Plus,98,5689.95,2929.2,13
2025-06-26,South,Gadget Plus,91,5395.54,3106.49,10
2025-06-27,South,Gadget Plus,80,4745.22,2549.57,13
2025-06-28,South,Gadget Plus,74,4251.05,2529.88,12
2025-06-29,South,Gadget Plus,75,4581.25,2441.16,13
2025-06-30,South,Gadget Plus,104,6186.93,3348.17,16
2025-07-01,South,Gadget Plus,81,5040.96,2637.32,15
2025-07-02,South,Gadget Plus,106,6302.8,3320.22,14
2025-07-03,South,Gadget Plus,74,4378.53,2409.35,14
2025-07-04,South,Gadget Plus,83,4836.77,2678.09,11
2025-07-05,South,Gadget Plus,98,5877.07,3280.68,12
2025-07-06,South,Gadget Plus,60,3598.82,2020.48,10
2025-07-07,South,Gadget Plus,80,4898.64,2536.46,10
2025-07-08,South,Gadget Plus,71,4261.45,2509.41,11
2025-07-09,South,Gadget Plus,77,4902.03,2558.92,13
2025-07-10,South,Gadget Plus,91,5525.5,3277.51,11
2025-07-11,South,Gadget Plus,101,5870.79,3424.29,13
2025-07-12,South,Gadget Plus,71,4116.19,2386.72,13
2025-07-13,South,Gadget Plus,67,4077.69,2189.4,11
2025-07-14,South,Gadget Plus,71,4122.97,2451.62,16
2025-07-15,South,Gadget Plus,77,4694.61,2583.83,11
2025-07-16,South,Gadget Plus,67,4121.13,2340.84,16
2025-07-17,South,Gadget Plus,100,6155.28,3618.78,9
2025-07-18,South,Gadget Plus,101,5892.15,3260.53,13
2025-07-19,South,Gadget Plus,69,4247.36,2382.4,11
2025-07-20,South,Gadget Plus,75,4535.98,2586.01,12
2025-07-21,South,Gadget Plus,102,5998.38,3495.27,17
2025-07-22,South,Gadget Plus,88,5245.99,2884.15,13
2025-07-23,South,Gadget Plus,111,6742.9,3641.72,11
2025-07-24,South,Gadget Plus,72,4225.74,2341.58,15
2025-07-25,South,Gadget Plus,81,4895.84,2631.59,13
2025-07-26,South,Gadget Plus,63,3937.36,2021.85,14
2025-07-27,South,Gadget Plus,77,4745.7,2566.02,12
2025-07-28,South,Gadget Plus,66,3963.12,2127.22,12
2025-07-29,South,Gadget Plus,111,6695.6,3799.5,12
2025-07-30,South,Gadget Plus,94,5539.71,3157.97,15
2025-07-31,South,Gadget Plus,116,6842.11,3918.86,13
2025-08-01,South,Gadget Plus,84,4799.56,2775.52,12
2025-08-02,South,Gadget Plus,61,3681.43,2050.54,14
2025-08-03,South,Gadget Plus,76,4645.61,2514.52,14
2025-08-04,South,Gadget Plus,101,6037.04,3515.38,15
2025-08-05,South,Gadget Plus,74,4315.94,2424.17,13
2025-08-06,South,Gadget Plus,59,3541.11,2013.61,14
2025-08-07,South,Gadget Plus,60,3738.67,1878.71,15
2025-08-08,South,Gadget Plus,88,5413.2,3052.96,12
2025-08-09,South,Gadget Plus,143,8558.13,4656.54,16
2025-08-10,South,Gadget Plus,53,3369.7,1694.51,14
2025-08-11,South,Gadget Plus,143,9259.19,4517.73,12
2025-08-12,South,Gadget Plus,78,4604.9,2453.88,12
2025-08-13,South,Gadget Plus,117,6956.6,3825.14,14
2025-08-14,South,Gadget Plus,124,7582.09,4465.26,13
2025-08-15,South,Gadget Plus,89,5185.08,2885.6,15
2025-08-16,South,Gadget Plus,77,4729.79,2294.57,13
2025-08-17,South,Gadget Plus,77,4626.34,2626.64,15
2025-08-18,South,Gadget Plus,65,3936.91,2056.19,12
2025-08-19,South,Gadget Plus,93,5474.53,3242.43,14
2025-08-20,South,Gadget Plus,68,3976.95,2230.04,16
2025-08-21,South,Gadget Plus,79,4450.24,2610.24,14
2025-08-22,South,Gadget Plus,100,6256.82,3550.55,13
2025-08-23,South,Gadget Plus,66,4065.06,2279.29,12
2025-08-24,South,Gadget Plus,79,4827.69,2481.57,14
2025-08-25,South,Gadget Plus,18,1089.47,569.86,16
2025-08-26,South,Gadget Plus,59,3289.8,1800.24,11
2025-08-27,South,Gadget Plus,55,3220.26,2082.32,13
2025-08-28,South,Gadget Plus,100,5943.98,3205.5,10
2025-08-29,South,Gadget Plus,100,5795.68,3545.94,13
2025-08-30,South,Gadget Plus,68,3866.26,2217.37,14
2025-08-31,South,Gadget Plus,69,4011.91,2186.7,10
2025-09-01,South,Gadget Plus,94,5638.9,3152.39,12
2025-09-02,South,Gadget Plus,94,5638.94,3097.57,14
2025-09-03,South,Gadget Plus,76,4676.34,2648.08,13
2025-09-04,South,Gadget Plus,95,6042.72,3312.09,14
2025-09-05,South,Gadget Plus,75,4584.92,2438.36,11
2025-09-06,South,Gadget Plus,67,3992.16,2082.9,14
2025-09-07,South,Gadget Plus,66,4166.92,2078.65,12
2025-09-08,South,Gadget Plus,68,3879.89,2018.03,14
2025-09-09,South,Gadget Plus,70,3931.5,2312.82,8
2025-09-10,South,Gadget Plus,119,6938.48,3984.15,12
2025-09-11,South,Gadget Plus,68,4172.45,2147.83,13
2025-09-12,South,Gadget Plus,85,5117.25,2667.59,15
2025-09-13,South,Gadget Plus,71,4108.94,2376.59,13
2025-09-14,South,Gadget Plus,63,3691.38,2043.81,13
2025-09-15,South,Gadget Plus,90,5190.21,2982.9,13
2025-09-16,South,Gadget Plus,84,4844.2,2762.33,15
2025-09-17,South,Gadget Plus,68,4262.73,2306.33,12
2025-09-18,South,Gadget Plus,87,5188.88,2832.12,9
2025-09-19,South,Gadget Plus,72,4541.76,2353.06,9
2025-09-20,South,Gadget Plus,87,5072.16,2640.27,13
2025-09-21,South,Gadget Plus,68,4133.21,2272.27,13
2025-09-22,South,Gadget Plus,70,4221.56,2355.4,11
2025-09-23,South,Gadget Plus,84,5164.39,2789.0,11
2025-09-24,South,Gadget Plus,145,8751.83,5321.84,12
2025-09-25,South,Gadget Plus,83,5118.63,2803.13,12
2025-09-26,South,Gadget Plus,76,4628.09,2526.08,13
2025-09-27,South,Gadget Plus,55,3186.64,1888.48,9
2025-09-28,South,Gadget Plus,54,3305.7,2000.11,8
2025-09-29,South,Gadget Plus,123,7344.91,4172.57,10
2025-09-30,South,Gadget Plus,81,4738.84,2411.83,9
2025-10-01,South,Gadget Plus,73,4463.74,2498.33,9
2025-10-02,South,Gadget Plus,71,4370.48,2273.94,14
2025-10-03,South,Gadget Plus,86,5076.67,2604.07,7
2025-10-04,South,Gadget Plus,57,3378.39,2071.57,12
2025-10-05,South,Gadget Plus,52,2985.18,1871.03,13
2025-10-06,South,Gadget Plus,13,736.54,415.79,13
2025-10-07,South,Gadget Plus,79,4697.7,2527.59,12
2025-10-08,South,Gadget Plus,147,9014.53,4963.94,14
2025-10-09,South,Gadget Plus,170,10007.87,5442.95,14
2025-10-10,South,Gadget Plus,74,4622.47,2462.26,10
2025-10-11,South,Gadget Plus,59,3512.36,1906.02,12
2025-10-12,South,Gadget Plus,57,3393.71,1871.27,13
2025-10-13,South,Gadget Plus,84,4987.96,2616.41,9
2025-10-14,South,Gadget Plus,119,7338.01,4151.32,10
2025-10-15,South,Gadget Plus,102,5934.04,3622.67,9
2025-10-16,South,Gadget Plus,114,6802.18,3799.87,11
2025-10-17,South,Gadget Plus,72,4241.98,2407.63,7
2025-10-18,South,Gadget Plus,87,5123.51,3006.18,13
2025-10-19,South,Gadget Plus,67,4017.53,2244.71,11
2025-10-20,South,Gadget Plus,96,5730.85,3494.11,12
2025-10-21,South,Gadget Plus,87,5375.72,2722.67,6
2025-10-22,South,Gadget Plus,76,4550.93,2655.6,8
2025-10-23,South,Gadget Plus,92,5602.56,3064.4,13
2025-10-24,South,Gadget Plus,88,5298.52,2782.73,10
2025-10-25,South,Gadget Plus,47,2933.86,1751.4,7
2025-10-26,South,Gadget Plus,63,3739.47,2362.2,11
2025-10-27,South,Gadget Plus,95,5639.36,3149.42,11
2025-10-28,South,Gadget Plus,85,5205.3,2910.82,11
2025-10-29,South,Gadget Plus,89,5280.56,2911.26,10
2025-10-30,South,Gadget Plus,71,4316.49,2341.6,12
2025-10-31,South,Gadget Plus,86,5512.71,2717.86,9
2025-11-01,South,Gadget Plus,64,3721.01,2006.76,11
2025-11-02,South,Gadget Plus,63,3947.1,2305.1,10
2025-11-03,South,Gadget Plus,73,4308.13,2440.76,10
2025-11-04,South,Gadget Plus,21,1308.38,705.28,9
2025-11-05,South,Gadget Plus,217,13265.82,6974.9,9
2025-11-06,South,Gadget Plus,86,5244.18,2908.37,10
2025-11-07,South,Gadget Plus,120,7155.45,3717.74,9
2025-11-08,South,Gadget Plus,72,4280.39,2318.69,11
2025-11-09,South,Gadget Plus,83,4864.01,2613.7,9
2025-11-10,South,Gadget Plus,88,5272.19,3138.57,13
2025-11-11,South,Gadget Plus,78,4646.42,2397.18,9
2025-11-12,South,Gadget Plus,69,4156.78,2175.21,12
2025-11-13,South,Gadget Plus,88,5048.12,2646.19,12
2025-11-14,South,Gadget Plus,52,3116.92,1664.48,10
2025-11-15,South,Gadget Plus,158,9822.7,5171.39,10
2025-11-16,South,Gadget Plus,72,4434.94,2529.92,9
2025-11-17,South,Gadget Plus,81,4855.25,2683.38,9
2025-11-18,South,Gadget Plus,83,5353.89,2723.42,11
2025-11-19,South,Gadget Plus,68,4002.65,2312.16,10
2025-11-20,South,Gadget Plus,109,6512.12,3570.64,13
2025-11-21,South,Gadget Plus,80,4583.47,3002.93,9
2025-11-22,South,Gadget Plus,58,3432.13,1885.58,10
2025-11-23,South,Gadget Plus,76,4796.57,2598.67,7
2025-11-24,South,Gadget Plus,88,5213.4,3069.82,12
2025-11-25,South,Gadget Plus,81,4629.51,2629.42,12
2025-11-26,South,Gadget Plus,80,4917.36,2702.16,12
2025-11-27,South,Gadget Plus,87,5272.15,2841.51,13
2025-11-28,South,Gadget Plus,111,6814.59,3769.45,12
2025-11-29,South,Gadget Plus,76,4511.83,2558.85,12
2025-11-30,South,Gadget Plus,70,4066.31,2328.55,12
2025-12-01,South,Gadget Plus,102,6076.14,3219.57,12
2025-12-02,South,Gadget Plus,88,5358.94,3222.71,7
2025-12-03,South,Gadget Plus,95,5678.15,3275.81,9
2025-12-04,South,Gadget Plus,91,5514.34,2806.35,8
2025-12-05,South,Gadget Plus,99,5834.6,3246.79,13
2025-12-06,South,Gadget Plus,66,4003.82,2037.5,9
2025-12-07,South,Gadget Plus,58,3473.89,2017.04,10
2025-12-08,South,Gadget Plus,105,6156.31,3513.67,11
2025-12-09,South,Gadget Plus,118,7097.88,3953.81,9
2025-12-10,South,Gadget Plus,74,4381.18,2374.59,12
2025-12-11,South,Gadget Plus,93,5673.84,3066.34,7
2025-12-12,South,Gadget Plus,83,5101.93,2889.94,9
2025-12-13,South,Gadget Plus,85,5168.11,2997.82,12
2025-12-14,South,Gadget Plus,76,4329.11,2653.75,9
2025-12-15,South,Gadget Plus,166,9655.61,5129.42,14
2025-12-16,South,Gadget Plus,87,5111.78,2887.38,12
2025-12-17,South,Gadget Plus,121,7074.75,4104.84,14
2025-12-18,South,Gadget Plus,123,7247.71,3969.12,13
2025-12-19,South,Gadget Plus,102,6279.39,3133.56,12
2025-12-20,South,Gadget Plus,75,4586.66,2350.87,10
2025-12-21,South,Gadget Plus,76,4494.51,2736.92,14
2025-12-22,South,Gadget Plus,93,5669.6,2929.9,13
2025-12-23,South,Gadget Plus,114,6895.97,3828.08,16
2025-12-24,South,Gadget Plus,80,4787.28,2659.05,14
2025-12-25,South,Gadget Plus,91,5638.67,3025.06,11
2025-12-26,South,Gadget Plus,89,5225.34,2933.82,13
2025-12-27,South,Gadget Plus,55,3299.71,1915.2,13
2025-12-28,South,Gadget Plus,88,5105.02,2953.25,15
2025-12-29,South,Gadget Plus,115,6681.24,3731.98,15
2025-12-30,South,Gadget Plus,85,4883.65,2854.81,12
2024-01-01,South,Sensor Lite,72,922.84,561.62,10
2024-01-02,South,Sensor Lite,119,1536.39,823.48,10
2024-01-03,South,Sensor Lite,74,908.0,515.74,15
2024-01-04,South,Sensor Lite,82,1080.49,619.36,13
2024-01-05,South,Sensor Lite,119,1496.96,917.99,13
2024-01-06,South,Sensor Lite,96,1196.61,655.37,14
2024-01-07,South,Sensor Lite,87,1098.69,586.76,12
2024-01-08,South,Sensor Lite,115,1527.07,817.53,10
2024-01-09,South,Sensor Lite,81,1047.18,619.1,13
2024-01-10,South,Sensor Lite,70,868.69,521.71,13
2024-01-11,South,Sensor Lite,77,966.13,548.43,11
2024-01-12,South,Sensor Lite,64,850.51,491.11,11
2024-01-13,South,Sensor Lite,61,772.23,454.21,13
2024-01-14,South,Sensor Lite,68,881.58,500.49,10
2024-01-15,South,Sensor Lite,97,1266.62,659.86,13
2024-01-16,South,Sensor Lite,96,1098.46,683.03,12
2024-01-17,South,Sensor Lite,83,1098.39,674.3,13
2024-01-18,South,Sensor Lite,105,1304.52,763.94,14
2024-01-19,South,Sensor Lite,84,1059.41,591.86,14
2024-01-20,South,Sensor Lite,76,1013.75,551.65,12
2024-01-21,South,Sensor Lite,62,824.81,461.53,15
2024-01-22,South,Sensor Lite,116,1500.86,896.31,13
2024-01-23,South,Sensor Lite,96,1250.75,732.46,17
2024-01-24,South,Sensor Lite,108,1417.4,772.16,12
2024-01-25,South,Sensor Lite,77,1023.87,606.03,10
2024-01-26,South,Sensor Lite,100,1334.57,770.14,15
2024-01-27,South,Sensor Lite,86,1100.04,622.24,14
2024-01-28,South,Sensor Lite,54,673.27,397.04,16
2024-01-29,South,Sensor Lite,120,1518.29,914.67,14
2024-01-30,South,Sensor Lite,78,998.3,608.22,18
2024-01-31,South,Sensor Lite,101,1285.7,690.65,13
2024-02-01,South,Sensor Lite,135,1668.98,1002.52,16
2024-02-02,South,Sensor Lite,117,1511.3,864.45,13
2024-02-03,South,Sensor Lite,60,729.02,431.33,15
2024-02-04,South,Sensor Lite,76,971.48,546.21,15
2024-02-05,South,Sensor Lite,123,1575.28,958.18,16
2024-02-06,South,Sensor Lite,86,1100.29,653.41,15
2024-02-07,South,Sensor Lite,93,1216.03,760.69,7
2024-02-08,South,Sensor Lite,93,1211.31,668.59,14
2024-02-09,South,Sensor Lite,110,1496.02,819.58,13
2024-02-10,South,Sensor Lite,61,765.67,458.39,13
2024-02-11,South,Sensor Lite,90,1157.12,695.84,13
2024-02-12,South,Sensor Lite,90,1154.91,711.24,16
2024-02-13,South,Sensor Lite,100,1281.43,743.46,14
2024-02-14,South,Sensor Lite,97,1189.82,678.51,13
2024-02-15,South,Sensor Lite,112,1377.3,799.34,11
2024-02-16,South,Sensor Lite,101,1288.0,752.73,17
2024-02-17,South,Sensor Lite,105,1275.46,820.62,13
2024-02-18,South,Sensor Lite,158,1994.3,1084.64,14
2024-02-19,South,Sensor Lite,88,1100.2,613.1,18
2024-02-20,South,Sensor Lite,130,1642.68,998.42,13
2024-02-21,South,Sensor Lite,108,1423.78,747.51,13
2024-02-22,South,Sensor Lite,105,1295.44,733.29,14
2024-02-23,South,Sensor Lite,119,1556.84,930.64,11
2024-02-24,South,Sensor Lite,68,852.14,497.63,10
2024-02-25,South,Sensor Lite,64,805.06,466.55,13
2024-02-26,South,Sensor Lite,103,1331.59,814.35,13
2024-02-27,South,Sensor Lite,93,1176.0,651.62,14
2024-02-28,South,Sensor Lite,150,1861.29,1039.85,12
2024-02-29,South,Sensor Lite,90,1134.75,720.25,15
2024-03-01,South,Sensor Lite,104,1255.33,778.58,9
2024-03-02,South,Sensor Lite,86,1109.04,658.03,14
2024-03-03,South,Sensor Lite,104,1202.61,757.63,14
2024-03-04,South,Sensor Lite,87,1138.8,640.37,14
2024-03-05,South,Sensor Lite,78,1012.86,556.89,13
2024-03-06,South,Sensor Lite,134,1790.58,1007.37,12
2024-03-07,South,Sensor Lite,106,1439.97,817.01,13
2024-03-08,South,Sensor Lite,121,1586.06,904.17,16
2024-03-09,South,Sensor Lite,98,1225.98,763.67,12
2024-03-10,South,Sensor Lite,101,1371.68,772.15,15
2024-03-11,South,Sensor Lite,98,1204.75,687.18,16
2024-03-12,South,Sensor Lite,94,1130.09,690.57,10
2024-03-13,South,Sensor Lite,74,995.93,535.32,13
2024-03-14,South,Sensor Lite,88,1142.25,675.73,11
2024-03-15,South,Sensor Lite,107,1287.48,810.07,10
2024-03-16,South,Sensor Lite,74,905.14,551.09,15
2024-03-17,South,Sensor Lite,69,894.3,536.48,14
2024-03-18,South,Sensor Lite,107,1328.64,717.94,13
2024-03-19,South,Sensor Lite,135,1683.75,968.87,11
2024-03-20,South,Sensor Lite,45,607.6,324.37,13
2024-03-21,South,Sensor Lite,87,1180.74,651.9,10
2024-03-22,South,Sensor Lite,133,1703.22,1011.4,13
2024-03-23,South,Sensor Lite,74,939.24,547.56,11
2024-03-24,South,Sensor Lite,111,1453.57,767.39,15
2024-03-25,South,Sensor Lite,101,1266.05,762.6,12
2024-03-26,South,Sensor Lite,108,1284.86,804.32,13
2024-03-27,South,Sensor Lite,141,1648.81,966.78,13
2024-03-28,South,Sensor Lite,84,1068.64,612.42,12
2024-03-29,South,Sensor Lite,88,1151.68,663.38,12
2024-03-30,South,Sensor Lite,80,1020.49,640.93,13
2024-03-31,South,Sensor Lite,83,1083.96,580.75,10
2024-04-01,South,Sensor Lite,172,2252.86,1323.08,13
2024-04-02,South,Sensor Lite,91,1208.49,637.16,14
2024-04-03,South,Sensor Lite,84,1076.98,582.11,13
2024-04-04,South,Sensor Lite,90,1157.0,625.65,11
2024-04-05,South,Sensor Lite,111,1413.69,846.25,12
2024-04-06,South,Sensor Lite,93,1176.56,692.67,11
2024-04-07,South,Sensor Lite,75,911.15,546.27,11
2024-04-08,South,Sensor Lite,107,1412.22,809.93,9
2024-04-09,South,Sensor Lite,152,1915.69,1127.1,14
2024-04-10,South,Sensor Lite,108,1358.78,803.62,15
2024-04-11,South,Sensor Lite,113,1417.34,823.51,10
2024-04-12,South,Sensor Lite,150,1835.6,1052.97,13
2024-04-13,South,Sensor Lite,75,953.8,601.93,14
2024-04-14,South,Sensor Lite,75,971.06,593.86,9
2024-04-15,South,Sensor Lite,98,1223.06,782.86,7
2024-04-16,South,Sensor Lite,97,1275.25,698.44,14
2024-04-17,South,Sensor Lite,77,970.9,550.37,11
2024-04-18,South,Sensor Lite,109,1325.85,789.89,10
2024-04-19,South,Sensor Lite,15,199.13,116.96,11
2024-04-20,South,Sensor Lite,83,1064.55,614.19,10
2024-04-21,South,Sensor Lite,89,1164.14,640.71,17
2024-04-22,South,Sensor Lite,112,1465.99,843.88,10
2024-04-23,South,Sensor Lite,84,1040.6,598.71,11
2024-04-24,South,Sensor Lite,112,1405.64,772.63,13
2024-04-25,South,Sensor Lite,118,1551.18,878.84,13
2024-04-26,South,Sensor Lite,80,1076.16,576.72,13
2024-04-27,South,Sensor Lite,111,1417.94,820.84,10
2024-04-28,South,Sensor Lite,68,850.69,435.65,10
2024-04-29,South,Sensor Lite,86,1151.84,608.01,6
2024-04-30,South,Sensor Lite,110,1376.13,812.17,10
2024-05-01,South,Sensor Lite,117,1506.47,800.16,10
2024-05-02,South,Sensor Lite,122,1535.54,835.88,12
2024-05-03,South,Sensor Lite,117,1503.79,867.48,14
2024-05-04,South,Sensor Lite,77,953.9,589.79,12
2024-05-05,South,Sensor Lite,86,1084.18,608.03,12
2024-05-06,South,Sensor Lite,100,1251.01,730.3,10
2024-05-07,South,Sensor Lite,109,1417.36,796.96,13
2024-05-08,South,Sensor Lite,33,422.81,225.12,10
2024-05-09,South,Sensor Lite,96,1256.32,752.45,12
2024-05-10,South,Sensor Lite,99,1230.98,725.9,12
2024-05-11,South,Sensor Lite,60,760.22,440.18,11
2024-05-12,South,Sensor Lite,97,1259.94,731.19,7
2024-05-13,South,Sensor Lite,111,1451.71,757.33,12
2024-05-14,South,Sensor Lite,69,841.59,534.09,11
2024-05-15,South,Sensor Lite,121,1557.46,942.44,11
2024-05-16,South,Sensor Lite,103,1281.21,767.56,11
2024-05-17,South,Sensor Lite,88,1152.61,666.25,11
2024-05-18,South,Sensor Lite,69,928.85,502.28,13
2024-05-19,South,Sensor Lite,73,857.82,563.52,9
2024-05-20,South,Sensor Lite,88,1099.92,624.41,11
2024-05-21,South,Sensor Lite,90,1156.58,664.92,8
2024-05-22,South,Sensor Lite,141,1797.54,1044.82,11
2024-05-23,South,Sensor Lite,110,1442.04,812.43,11
2024-05-24,South,Sensor Lite,149,1904.26,1161.54,9
2024-05-25,South,Sensor Lite,86,1079.07,706.03,10
2024-05-26,South,Sensor Lite,91,1124.73,669.7,9
2024-05-27,South,Sensor Lite,88,1081.99,666.51,9
2024-05-28,South,Sensor Lite,99,1234.12,703.21,11
2024-05-29,South,Sensor Lite,101,1265.92,785.96,11
2024-05-30,South,Sensor Lite,114,1470.23,821.77,6
2024-05-31,South,Sensor Lite,101,1281.7,864.93,11
2024-06-01,South,Sensor Lite,87,1087.59,590.02,10
2024-06-02,South,Sensor Lite,86,1063.3,704.73,10
2024-06-03,South,Sensor Lite,96,1198.2,745.61,8
2024-06-04,South,Sensor Lite,94,1178.22,656.57,10
2024-06-05,South,Sensor Lite,90,1121.75,743.24,9
2024-06-06,South,Sensor Lite,123,1599.92,867.95,13
2024-06-07,South,Sensor Lite,95,1260.96,691.95,7
2024-06-08,South,Sensor Lite,85,1045.51,588.22,9
2024-06-09,South,Sensor Lite,78,1027.89,572.97,9
2024-06-10,South,Sensor Lite,121,1574.83,893.04,11
2024-06-11,South,Sensor Lite,27,346.11,208.09,13
2024-06-12,South,Sensor Lite,105,1400.06,871.73,12
2024-06-13,South,Sensor Lite,188,2384.76,1355.52,9
2024-06-14,South,Sensor Lite,107,1380.7,682.82,10
2024-06-15,South,Sensor Lite,77,985.39,588.28,9
2024-06-16,South,Sensor Lite,61,778.9,438.98,12
2024-06-17,South,Sensor Lite,105,1357.18,847.65,10
2024-06-18,South,Sensor Lite,103,1315.08,760.88,8
2024-06-19,South,Sensor Lite,94,1215.26,669.2,12
2024-06-20,South,Sensor Lite,96,1199.4,674.42,14
2024-06-21,South,Sensor Lite,101,1263.08,770.68,11
2024-06-22,South,Sensor Lite,97,1211.73,707.92,12
2024-06-23,South,Sensor Lite,74,933.17,587.79,9
2024-06-24,South,Sensor Lite,117,1537.1,856.68,8
2024-06-25,South,Sensor Lite,96,1207.03,760.65,8
2024-06-26,South,Sensor Lite,122,1585.95,840.5,12
2024-06-27,South,Sensor Lite,93,1195.19,628.37,11
2024-06-28,South,Sensor Lite,86,1081.98,662.78,13
2024-06-29,South,Sensor Lite,63,834.8,455.37,12
2024-06-30,South,Sensor Lite,76,990.4,554.99,14
2024-07-01,South,Sensor Lite,83,1058.31,583.12,14
2024-07-02,South,Sensor Lite,123,1564.43,860.8,12
2024-07-03,South,Sensor Lite,81,1035.65,618.45,10
2024-07-04,South,Sensor Lite,84,1021.86,621.01,9
2024-07-05,South,Sensor Lite,105,1305.62,735.81,15
2024-07-06,South,Sensor Lite,94,1215.13,723.1,11
2024-07-07,South,Sensor Lite,86,1044.43,673.79,10
2024-07-08,South,Sensor Lite,114,1420.9,839.01,13
2024-07-09,South,Sensor Lite,93,1171.79,722.72,10
2024-07-10,South,Sensor Lite,93,1289.04,653.73,13
2024-07-11,South,Sensor Lite,134,1743.03,1020.22,12
2024-07-12,South,Sensor Lite,127,1672.56,947.4,15
2024-07-13,South,Sensor Lite,85,1057.57,604.11,15
2024-07-14,South,Sensor Lite,91,1172.85,742.53,15
2024-07-15,South,Sensor Lite,108,1304.29,808.5,13
2024-07-16,South,Sensor Lite,74,934.14,531.42,11
2024-07-17,South,Sensor Lite,92,1190.78,681.47,11
2024-07-18,South,Sensor Lite,121,1477.14,856.46,12
2024-07-19,South,Sensor Lite,105,1354.54,732.06,17
2024-07-20,South,Sensor Lite,73,944.04,528.06,13
2024-07-21,South,Sensor Lite,96,1201.88,696.84,14
2024-07-22,South,Sensor Lite,98,1218.21,696.04,16
2024-07-23,South,Sensor Lite,104,1297.55,817.74,14
2024-07-24,South,Sensor Lite,97,1223.88,690.32,12
2024-07-25,South,Sensor Lite,100,1262.88,705.51,15
2024-07-26,South,Sensor Lite,101,1307.44,703.09,13
2024-07-27,South,Sensor Lite,91,1141.65,630.24,14
2024-07-28,South,Sensor Lite,93,1242.74,723.55,15
2024-07-29,South,Sensor Lite,83,1108.88,622.13,13
2024-07-30,South,Sensor Lite,96,1232.67,734.92,14
2024-07-31,South,Sensor Lite,113,1425.85,878.78,17
2024-08-01,South,Sensor Lite,87,1091.5,633.07,13
2024-08-02,South,Sensor Lite,70,900.98,556.13,16
2024-08-03,South,Sensor Lite,60,776.28,430.08,13
2024-08-04,South,Sensor Lite,61,773.06,426.67,18
2024-08-05,South,Sensor Lite,82,1033.17,618.14,12
2024-08-06,South,Sensor Lite,77,992.14,573.92,13
2024-08-07,South,Sensor Lite,106,1354.3,790.01,17
2024-08-08,South,Sensor Lite,84,1052.62,653.16,17
2024-08-09,South,Sensor Lite,110,1407.26,818.32,16
2024-08-10,South,Sensor Lite,57,713.55,428.4,12
2024-08-11,South,Sensor Lite,66,822.52,521.6,14
2024-08-12,South,Sensor Lite,89,1134.58,667.38,14
2024-08-13,South,Sensor Lite,101,1265.55,765.87,12
2024-08-14,South,Sensor Lite,107,1334.25,735.67,15
2024-08-15,South,Sensor Lite,79,1038.85,693.31,12
2024-08-16,South,Sensor Lite,104,1310.4,708.38,11
2024-08-17,South,Sensor Lite,51,686.21,367.22,11
2024-08-18,South,Sensor Lite,81,1052.16,582.33,17
2024-08-19,South,Sensor Lite,68,845.65,556.24,13
2024-08-20,South,Sensor Lite,93,1227.01,667.53,13
2024-08-21,South,Sensor Lite,105,1309.97,794.17,12
2024-08-22,South,Sensor Lite,101,1363.99,726.37,17
2024-08-23,South,Sensor Lite,64,821.54,448.97,11
2024-08-24,South,Sensor Lite,25,323.94,190.28,11
2024-08-25,South,Sensor Lite,78,995.42,556.45,13
2024-08-26,South,Sensor Lite,97,1246.61,725.25,14
2024-08-27,South,Sensor Lite,90,1139.61,686.87,15
2024-08-28,South,Sensor Lite,57,706.57,462.01,12
2024-08-29,South,Sensor Lite,106,1365.27,734.9,17
2024-08-30,South,Sensor Lite,109,1432.48,800.44,12
2024-08-31,South,Sensor Lite,131,1610.59,964.0,12
2024-09-01,South,Sensor Lite,71,947.09,525.42,11
2024-09-02,South,Sensor Lite,93,1207.13,776.59,12
2024-09-03,South,Sensor Lite,110,1384.12,806.95,11
2024-09-04,South,Sensor Lite,88,1106.69,569.13,15
2024-09-05,South,Sensor Lite,82,1103.97,600.78,11
2024-09-06,South,Sensor Lite,90,1179.82,662.06,13
2024-09-07,South,Sensor Lite,67,883.47,489.82,11
2024-09-08,South,Sensor Lite,67,847.82,477.98,11
2024-09-09,South,Sensor Lite,61,790.71,421.58,15
2024-09-10,South,Sensor Lite,92,1185.29,754.31,16
2024-09-11,South,Sensor Lite,104,1319.05,781.85,16
2024-09-12,South,Sensor Lite,101,1291.97,740.22,10
2024-09-13,South,Sensor Lite,100,1317.46,818.72,10
2024-09-14,South,Sensor Lite,66,881.88,467.19,17
2024-09-15,South,Sensor Lite,69,873.11,525.98,12
2024-09-16,South,Sensor Lite,104,1273.77,721.54,10
2024-09-17,South,Sensor Lite,98,1311.11,752.42,15
2024-09-18,South,Sensor Lite,109,1458.8,760.85,13
2024-09-19,South,Sensor Lite,74,954.83,560.48,14
2024-09-20,South,Sensor Lite,74,994.24,601.08,8
2024-09-21,South,Sensor Lite,63,811.14,468.38,12
2024-09-22,South,Sensor Lite,56,694.53,368.97,14
2024-09-23,South,Sensor Lite,66,808.38,489.27,11
2024-09-24,South,Sensor Lite,91,1114.25,689.58,15
2024-09-25,South,Sensor Lite,90,1147.66,696.0,10
2024-09-26,South,Sensor Lite,87,1093.73,691.23,12
2024-09-27,South,Sensor Lite,89,1115.04,708.8,15
2024-09-28,South,Sensor Lite,51,648.16,374.93,10
2024-09-29,South,Sensor Lite,61,797.77,436.52,12
2024-09-30,South,Sensor Lite,79,990.72,551.91,13
2024-10-01,South,Sensor Lite,84,1048.01,604.82,12
2024-10-02,South,Sensor Lite,64,804.22,484.88,11
2024-10-03,South,Sensor Lite,71,930.26,489.97,10
2024-10-04,South,Sensor Lite,77,979.69,543.39,12
2024-10-05,South,Sensor Lite,81,1041.42,616.25,11
2024-10-06,South,Sensor Lite,70,934.08,501.26,9
2024-10-07,South,Sensor Lite,101,1397.59,761.23,14
2024-10-08,South,Sensor Lite,82,1065.59,582.09,9
2024-10-09,South,Sensor Lite,84,1088.39,630.54,8
2024-10-10,South,Sensor Lite,92,1131.32,654.53,10
2024-10-11,South,Sensor Lite,82,1057.06,549.09,9
2024-10-12,South,Sensor Lite,60,766.42,465.22,10
2024-10-13,South,Sensor Lite,52,680.75,371.41,8
2024-10-14,South,Sensor Lite,76,957.61,555.41,12
2024-10-15,South,Sensor Lite,98,1257.02,700.14,14
2024-10-16,South,Sensor Lite,106,1376.04,805.75,11
2024-10-17,South,Sensor Lite,74,997.24,556.72,8
2024-10-18,South,Sensor Lite,62,827.58,471.24,9
2024-10-19,South,Sensor Lite,80,1058.74,575.73,11
2024-10-20,South,Sensor Lite,69,898.94,509.33,7
2024-10-21,South,Sensor Lite,67,843.2,506.14,8
2024-10-22,South,Sensor Lite,49,638.37,390.61,7
2024-10-23,South,Sensor Lite,72,896.73,540.97,11
2024-10-24,South,Sensor Lite,79,1001.02,555.27,15
2024-10-25,South,Sensor Lite,70,940.12,524.94,8
2024-10-26,South,Sensor Lite,78,1010.55,572.44,12
2024-10-27,South,Sensor Lite,59,757.37,392.97,9
2024-10-28,South,Sensor Lite,86,1108.2,577.69,8
2024-10-29,South,Sensor Lite,132,1678.26,973.55,13
2024-10-30,South,Sensor Lite,88,1049.44,651.78,14
2024-10-31,South,Sensor Lite,85,1042.64,619.73,11
2024-11-01,South,Sensor Lite,85,1103.82,656.81,11
2024-11-02,South,Sensor Lite,78,967.04,550.21,10
2024-11-03,South,Sensor Lite,153,1944.45,1053.73,10
2024-11-04,South,Sensor Lite,73,896.48,517.9,11
2024-11-05,South,Sensor Lite,81,1010.48,581.13,11
2024-11-06,South,Sensor Lite,78,994.37,575.52,13
2024-11-07,South,Sensor Lite,83,1087.58,589.7,9
2024-11-08,South,Sensor Lite,122,1607.97,806.12,10
2024-11-09,South,Sensor Lite,79,985.05,509.5,10
2024-11-10,South,Sensor Lite,70,900.71,521.19,12
2024-11-11,South,Sensor Lite,111,1354.73,775.03,15
2024-11-12,South,Sensor Lite,92,1174.99,612.54,12
2024-11-13,South,Sensor Lite,66,865.57,503.66,12
2024-11-14,South,Sensor Lite,120,1526.92,956.61,12
2024-11-15,South,Sensor Lite,87,1153.03,640.76,13
2024-11-16,South,Sensor Lite,48,627.37,359.97,15
2024-11-17,South,Sensor Lite,54,693.48,405.13,7
2024-11-18,South,Sensor Lite,110,1391.99,719.85,11
2024-11-19,South,Sensor Lite,68,853.1,525.56,5
2024-11-20,South,Sensor Lite,115,1402.12,903.76,12
2024-11-21,South,Sensor Lite,92,1127.42,743.32,11
2024-11-22,South,Sensor Lite,103,1352.45,745.52,9
2024-11-23,South,Sensor Lite,69,919.7,481.62,5
2024-11-24,South,Sensor Lite,80,986.92,632.21,10
2024-11-25,South,Sensor Lite,97,1239.28,735.71,11
2024-11-26,South,Sensor Lite,91,1105.45,702.85,10
2024-11-27,South,Sensor Lite,180,2227.75,1288.9,9
2024-11-28,South,Sensor Lite,98,1259.24,735.05,9
2024-11-29,South,Sensor Lite,67,840.96,469.69,10
2024-11-30,South,Sensor Lite,88,1057.5,651.03,9
2024-12-01,South,Sensor Lite,77,1032.37,559.89,12
2024-12-02,South,Sensor Lite,101,1285.85,834.98,10
2024-12-03,South,Sensor Lite,58,715.0,440.97,7
2024-12-04,South,Sensor Lite,76,972.72,501.89,11
2024-12-05,South,Sensor Lite,86,1093.84,636.35,11
2024-12-06,South,Sensor Lite,106,1368.6,798.84,14
2024-12-07,South,Sensor Lite,64,807.68,462.38,13
2024-12-08,South,Sensor Lite,120,1544.42,839.04,9
2024-12-09,South,Sensor Lite,91,1193.1,695.64,14
2024-12-10,South,Sensor Lite,79,967.42,556.5,8
2024-12-11,South,Sensor Lite,92,1148.6,700.39,11
2024-12-12,South,Sensor Lite,81,1058.75,568.06,13
2024-12-13,South,Sensor Lite,78,978.05,561.79,14
2024-12-14,South,Sensor Lite,92,1170.13,713.35,15
2024-12-15,South,Sensor Lite,85,1068.46,644.38,14
2024-12-16,South,Sensor Lite,106,1334.96,785.63,11
2024-12-17,South,Sensor Lite,122,1532.5,901.45,13
2024-12-18,South,Sensor Lite,106,1300.47,787.95,12
2024-12-19,South,Sensor Lite,81,1046.98,575.68,10
2024-12-20,South,Sensor Lite,111,1460.35,759.11,11
2024-12-21,South,Sensor Lite,64,811.68,487.08,15
2024-12-22,South,Sensor Lite,72,944.15,573.56,13
2024-12-23,South,Sensor Lite,98,1231.09,747.11,16
2024-12-24,South,Sensor Lite,97,1216.34,726.92,10
2024-12-25,South,Sensor Lite,72,929.31,500.6,11
2024-12-26,South,Sensor Lite,84,1084.73,648.86,13
2024-12-27,South,Sensor Lite,100,1270.69,757.81,14
2024-12-28,South,Sensor Lite,72,936.63,553.05,12
2024-12-29,South,Sensor Lite,99,1213.52,770.47,14
2024-12-30,South,Sensor Lite,127,1604.48,1014.33,14
2024-12-31,South,Sensor Lite,83,1088.88,579.97,10
2025-01-01,South,Sensor Lite,103,1351.16,713.08,14
2025-01-02,South,Sensor Lite,135,1764.42,1006.4,15
2025-01-03,South,Sensor Lite,100,1314.04,705.87,13
2025-01-04,South,Sensor Lite,76,958.17,531.59,9
2025-01-05,South,Sensor Lite,96,1161.39,753.74,12
2025-01-06,South,Sensor Lite,98,1239.8,688.61,14
2025-01-07,South,Sensor Lite,25,324.83,184.9,11
2025-01-08,South,Sensor Lite,93,1214.19,632.06,15
2025-01-09,South,Sensor Lite,95,1192.13,705.22,14
2025-01-10,South,Sensor Lite,120,1485.57,940.52,13
2025-01-11,South,Sensor Lite,85,1055.51,667.15,13
2025-01-12,South,Sensor Lite,85,1066.07,661.87,14
2025-01-13,South,Sensor Lite,74,889.8,545.45,13
2025-01-14,South,Sensor Lite,99,1242.29,773.31,11
2025-01-15,South,Sensor Lite,123,1570.5,929.77,12
2025-01-16,South,Sensor Lite,92,1169.56,665.86,13
2025-01-17,South,Sensor Lite,120,1514.84,904.95,16
2025-01-18,South,Sensor Lite,89,1111.29,687.77,15
2025-01-19,South,Sensor Lite,82,1027.53,566.52,16
2025-01-20,South,Sensor Lite,137,1717.66,960.05,11
2025-01-21,South,Sensor Lite,101,1315.0,742.03,13
2025-01-22,South,Sensor Lite,102,1300.46,708.69,18
2025-01-23,South,Sensor Lite,104,1451.98,722.04,12
2025-01-24,South,Sensor Lite,110,1388.52,796.88,12
2025-01-25,South,Sensor Lite,100,1291.75,776.7,13
2025-01-26,South,Sensor Lite,67,846.3,519.92,18
2025-01-27,South,Sensor Lite,127,1603.01,954.89,12
2025-01-28,South,Sensor Lite,110,1468.24,821.34,15
2025-01-29,South,Sensor Lite,121,1588.92,988.86,15
2025-01-30,South,Sensor Lite,169,2041.32,1216.87,10
2025-01-31,South,Sensor Lite,100,1235.89,748.92,14
2025-02-01,South,Sensor Lite,71,901.55,509.93,13
2025-02-02,South,Sensor Lite,92,1154.8,636.98,15
2025-02-03,South,Sensor Lite,118,1436.42,924.93,17
2025-02-04,South,Sensor Lite,130,1663.26,947.32,13
2025-02-05,South,Sensor Lite,101,1215.19,773.37,13
2025-02-06,South,Sensor Lite,96,1228.65,701.66,19
2025-02-07,South,Sensor Lite,85,1107.48,668.21,13
2025-02-08,South,Sensor Lite,70,915.87,492.17,11
2025-02-09,South,Sensor Lite,83,1053.67,649.94,17
2025-02-10,South,Sensor Lite,110,1466.07,850.39,14
2025-02-11,South,Sensor Lite,163,2098.93,1097.97,15
2025-02-12,South,Sensor Lite,83,1085.1,598.33,18
2025-02-13,South,Sensor Lite,120,1496.21,933.32,11
2025-02-14,South,Sensor Lite,99,1319.87,792.58,14
2025-02-15,South,Sensor Lite,95,1211.14,728.15,11
2025-02-16,South,Sensor Lite,82,1094.96,594.77,15
2025-02-17,South,Sensor Lite,137,1817.92,964.71,13
2025-02-18,South,Sensor Lite,137,1760.25,1042.52,12
2025-02-19,South,Sensor Lite,112,1445.38,811.15,15
2025-02-20,South,Sensor Lite,149,1889.49,1081.45,14
2025-02-21,South,Sensor Lite,132,1641.64,965.85,11
2025-02-22,South,Sensor Lite,118,1531.36,911.7,11
2025-02-23,South,Sensor Lite,91,1179.19,734.22,14
2025-02-24,South,Sensor Lite,137,1661.93,1065.85,10
2025-02-25,South,Sensor Lite,101,1284.55,747.76,14
2025-02-26,South,Sensor Lite,99,1295.12,699.66,16
2025-02-27,South,Sensor Lite,172,2289.43,1315.29,15
2025-02-28,South,Sensor Lite,96,1250.63,769.56,12
2025-03-01,South,Sensor Lite,86,1046.59,668.33,14
2025-03-02,South,Sensor Lite,66,814.88,493.47,11
2025-03-03,South,Sensor Lite,100,1261.77,721.91,14
2025-03-04,South,Sensor Lite,98,1301.93,737.72,13
2025-03-05,South,Sensor Lite,104,1301.85,814.03,11
2025-03-06,South,Sensor Lite,124,1631.21,928.26,15
2025-03-07,South,Sensor Lite,129,1614.0,949.66,9
2025-03-08,South,Sensor Lite,78,1010.39,557.37,11
2025-03-09,South,Sensor Lite,82,1016.02,685.36,11
2025-03-10,South,Sensor Lite,143,1812.65,1011.06,12
2025-03-11,South,Sensor Lite,160,1970.75,1125.79,16
2025-03-12,South,Sensor Lite,148,1968.69,1104.19,14
2025-03-13,South,Sensor Lite,88,1098.61,644.63,13
2025-03-14,South,Sensor Lite,146,1775.1,1135.68,13
2025-03-15,South,Sensor Lite,132,1600.89,1028.43,13
2025-03-16,South,Sensor Lite,70,890.21,486.55,15
2025-03-17,South,Sensor Lite,144,1810.77,1025.34,9
2025-03-18,South,Sensor Lite,124,1611.77,877.44,14
2025-03-19,South,Sensor Lite,112,1417.93,861.31,11
2025-03-20,South,Sensor Lite,121,1596.71,914.58,13
2025-03-21,South,Sensor Lite,129,1625.73,936.87,13
2025-03-22,South,Sensor Lite,117,1537.69,875.17,14
2025-03-23,South,Sensor Lite,116,1436.74,810.06,15
2025-03-24,South,Sensor Lite,91,1107.92,648.4,9
2025-03-25,South,Sensor Lite,106,1318.12,733.41,14
2025-03-26,South,Sensor Lite,121,1490.51,901.91,12
2025-03-27,South,Sensor Lite,158,1939.52,1177.48,11
2025-03-28,South,Sensor Lite,73,942.3,513.61,16
2025-03-29,South,Sensor Lite,86,1087.81,649.8,13
2025-03-30,South,Sensor Lite,73,934.71,568.75,11
2025-03-31,South,Sensor Lite,93,1204.52,652.74,14
2025-04-01,South,Sensor Lite,143,1731.05,1040.93,11
2025-04-02,South,Sensor Lite,109,1413.51,827.31,11
2025-04-03,South,Sensor Lite,79,970.83,584.41,10
2025-04-04,South,Sensor Lite,116,1453.41,799.51,12
2025-04-05,South,Sensor Lite,138,1659.62,998.69,10
2025-04-06,South,Sensor Lite,69,897.03,498.5,12
2025-04-07,South,Sensor Lite,132,1597.72,968.48,13
2025-04-08,South,Sensor Lite,159,1954.26,1169.08,11
2025-04-09,South,Sensor Lite,119,1465.93,949.55,15
2025-04-10,South,Sensor Lite,170,2159.13,1244.89,11
2025-04-11,South,Sensor Lite,106,1345.04,717.02,14
2025-04-12,South,Sensor Lite,124,1619.51,921.78,13
2025-04-13,South,Sensor Lite,119,1512.49,957.55,14
2025-04-14,South,Sensor Lite,119,1561.21,873.24,15
2025-04-15,South,Sensor Lite,92,1186.35,665.89,7
2025-04-16,South,Sensor Lite,100,1238.84,728.71,11
2025-04-17,South,Sensor Lite,78,974.59,594.06,10
2025-04-18,South,Sensor Lite,133,1772.6,968.98,11
2025-04-19,South,Sensor Lite,104,1374.83,711.28,10
2025-04-20,South,Sensor Lite,97,1267.33,693.69,9
2025-04-21,South,Sensor Lite,117,1534.51,863.0,8
2025-04-22,South,Sensor Lite,153,1977.97,1162.52,11
2025-04-23,South,Sensor Lite,126,1622.65,905.23,12
2025-04-24,South,Sensor Lite,108,1379.05,787.36,9
2025-04-25,South,Sensor Lite,273,3658.15,2024.74,10
2025-04-26,South,Sensor Lite,138,1734.97,981.5,9
2025-04-27,South,Sensor Lite,107,1374.08,788.17,8
2025-04-28,South,Sensor Lite,111,1342.72,840.59,10
2025-04-29,South,Sensor Lite,118,1439.92,821.4,11
2025-04-30,South,Sensor Lite,129,1734.31,969.23,13
2025-05-01,South,Sensor Lite,110,1428.45,769.62,8
2025-05-02,South,Sensor Lite,108,1368.21,756.43,10
2025-05-03,South,Sensor Lite,95,1214.1,679.7,12
2025-05-04,South,Sensor Lite,125,1528.81,988.15,8
2025-05-05,South,Sensor Lite,136,1711.73,920.09,13
2025-05-06,South,Sensor Lite,110,1341.15,795.12,9
2025-05-07,South,Sensor Lite,138,1743.91,1019.85,11
2025-05-08,South,Sensor Lite,118,1535.21,924.16,10
2025-05-09,South,Sensor Lite,125,1615.42,1015.09,11
2025-05-10,South,Sensor Lite,99,1322.43,717.14,13
2025-05-11,South,Sensor Lite,64,823.22,486.37,10
2025-05-12,South,Sensor Lite,68,802.53,500.82,12
2025-05-13,South,Sensor Lite,122,1646.53,898.24,11
2025-05-14,South,Sensor Lite,100,1242.84,750.11,8
2025-05-15,South,Sensor Lite,87,1114.64,592.76,10
2025-05-16,South,Sensor Lite,101,1291.68,745.61,10
2025-05-17,South,Sensor Lite,110,1412.64,832.35,7
2025-05-18,South,Sensor Lite,99,1264.07,701.11,11
2025-05-19,South,Sensor Lite,134,1711.87,1014.28,11
2025-05-20,South,Sensor Lite,126,1542.8,851.82,12
2025-05-21,South,Sensor Lite,98,1346.47,728.59,13
2025-05-22,South,Sensor Lite,133,1728.89,1050.25,12
2025-05-23,South,Sensor Lite,129,1647.31,944.17,9
2025-05-24,South,Sensor Lite,90,1210.91,633.43,9
2025-05-25,South,Sensor Lite,93,1147.62,639.16,12
2025-05-26,South,Sensor Lite,133,1739.93,1003.42,11
2025-05-27,South,Sensor Lite,100,1253.76,774.34,10
2025-05-28,South,Sensor Lite,140,1806.54,1033.09,9
2025-05-29,South,Sensor Lite,127,1639.87,918.01,9
2025-05-30,South,Sensor Lite,203,2406.83,1357.17,12
2025-05-31,South,Sensor Lite,120,1464.29,893.51,7
2025-06-01,South,Sensor Lite,72,961.69,514.44,6
2025-06-02,South,Sensor Lite,105,1328.62,752.46,12
2025-06-03,South,Sensor Lite,100,1351.56,799.81,10
2025-06-04,South,Sensor Lite,121,1603.39,814.74,12
2025-06-05,South,Sensor Lite,140,1773.2,949.61,14
2025-06-06,South,Sensor Lite,95,1200.04,711.13,9
2025-06-07,South,Sensor Lite,163,2181.02,1182.96,8
2025-06-08,South,Sensor Lite,80,1084.35,576.64,10
2025-06-09,South,Sensor Lite,120,1516.84,900.11,10
2025-06-10,South,Sensor Lite,112,1493.89,839.4,11
2025-06-11,South,Sensor Lite,113,1485.27,795.49,12
2025-06-12,South,Sensor Lite,97,1281.37,696.56,12
2025-06-13,South,Sensor Lite,135,1726.47,1001.48,11
2025-06-14,South,Sensor Lite,76,949.45,567.1,13
2025-06-15,South,Sensor Lite,65,802.54,492.62,13
2025-06-16,South,Sensor Lite,90,1102.6,646.58,11
2025-06-17,South,Sensor Lite,143,1927.77,1076.56,13
2025-06-18,South,Sensor Lite,25,318.85,193.79,8
2025-06-19,South,Sensor Lite,77,948.03,571.14,14
2025-06-20,South,Sensor Lite,127,1667.95,934.97,12
2025-06-21,South,Sensor Lite,15,188.5,109.69,9
2025-06-22,South,Sensor Lite,87,1087.59,623.93,11
2025-06-23,South,Sensor Lite,88,1191.61,620.66,14
2025-06-24,South,Sensor Lite,128,1566.85,933.08,10
2025-06-25,South,Sensor Lite,120,1540.79,908.02,13
2025-06-26,South,Sensor Lite,129,1615.59,912.16,14
2025-06-27,South,Sensor Lite,102,1271.22,751.95,12
2025-06-28,South,Sensor Lite,83,1011.78,608.32,11
2025-06-29,South,Sensor Lite,66,843.0,531.81,12
2025-06-30,South,Sensor Lite,89,1105.0,682.4,10
2025-07-01,South,Sensor Lite,127,1647.98,973.0,12
2025-07-02,South,Sensor Lite,114,1451.45,882.41,10
2025-07-03,South,Sensor Lite,109,1376.72,784.59,13
2025-07-04,South,Sensor Lite,133,1651.56,1051.95,10
2025-07-05,South,Sensor Lite,67,890.92,499.75,13
2025-07-06,South,Sensor Lite,96,1251.01,708.81,15
2025-07-07,South,Sensor Lite,85,1061.6,590.8,15
2025-07-08,South,Sensor Lite,138,1687.75,1000.69,10
2025-07-09,South,Sensor Lite,116,1395.23,782.61,12
2025-07-10,South,Sensor Lite,125,1648.13,913.52,15
2025-07-11,South,Sensor Lite,92,1204.99,661.18,15
2025-07-12,South,Sensor Lite,124,1630.64,899.32,12
2025-07-13,South,Sensor Lite,119,1511.77,819.58,12
2025-07-14,South,Sensor Lite,112,1462.53,857.96,13
2025-07-15,South,Sensor Lite,128,1682.29,975.26,10
2025-07-16,South,Sensor Lite,98,1246.88,786.47,14
2025-07-17,South,Sensor Lite,82,1034.27,657.21,16
2025-07-18,South,Sensor Lite,119,1472.81,887.48,13
2025-07-19,South,Sensor Lite,70,903.91,544.51,11
2025-07-20,South,Sensor Lite,104,1348.25,779.66,16
2025-07-21,South,Sensor Lite,123,1549.12,890.75,14
2025-07-22,South,Sensor Lite,106,1339.79,773.49,15
2025-07-23,South,Sensor Lite,105,1330.02,801.82,11
2025-07-24,South,Sensor Lite,121,1579.37,1078.42,11
2025-07-25,South,Sensor Lite,106,1295.78,830.16,15
2025-07-26,South,Sensor Lite,75,924.54,561.84,16
2025-07-27,South,Sensor Lite,61,752.42,462.32,12
2025-07-28,South,Sensor Lite,120,1523.18,909.08,14
2025-07-29,South,Sensor Lite,107,1377.15,788.23,11
2025-07-30,South,Sensor Lite,165,2036.29,1267.18,12
2025-07-31,South,Sensor Lite,98,1283.57,719.56,13
2025-08-01,South,Sensor Lite,105,1397.49,737.7,15
2025-08-02,South,Sensor Lite,84,1084.3,636.57,10
2025-08-03,South,Sensor Lite,219,2886.3,1670.46,17
2025-08-04,South,Sensor Lite,83,1029.2,609.72,14
2025-08-05,South,Sensor Lite,98,1216.09,736.44,17
2025-08-06,South,Sensor Lite,115,1488.89,891.89,15
2025-08-07,South,Sensor Lite,93,1184.38,686.42,16
2025-08-08,South,Sensor Lite,113,1402.14,817.51,18
2025-08-09,South,Sensor Lite,80,1063.61,571.0,12
2025-08-10,South,Sensor Lite,84,1080.6,613.71,14
2025-08-11,South,Sensor Lite,120,1562.23,956.15,12
2025-08-12,South,Sensor Lite,94,1174.26,688.7,14
2025-08-13,South,Sensor Lite,75,1004.44,564.97,15
2025-08-14,South,Sensor Lite,93,1180.2,677.03,16
2025-08-15,South,Sensor Lite,148,1944.69,1072.74,13
2025-08-16,South,Sensor Lite,53,663.93,374.96,12
2025-08-17,South,Sensor Lite,76,973.9,565.22,14
2025-08-18,South,Sensor Lite,100,1296.34,720.87,12
2025-08-19,South,Sensor Lite,116,1567.54,913.07,13
2025-08-20,South,Sensor Lite,78,981.38,574.1,15
2025-08-21,South,Sensor Lite,98,1257.09,723.59,15
2025-08-22,South,Sensor Lite,118,1531.21,865.33,15
2025-08-23,South,Sensor Lite,69,842.41,520.07,13
2025-08-24,South,Sensor Lite,84,1001.14,667.94,16
2025-08-25,South,Sensor Lite,127,1570.87,890.94,14
2025-08-26,South,Sensor Lite,68,892.16,510.19,13
2025-08-27,South,Sensor Lite,100,1340.65,681.96,11
2025-08-28,South,Sensor Lite,117,1450.44,918.75,9
2025-08-29,South,Sensor Lite,89,1093.33,655.04,10
2025-08-30,South,Sensor Lite,97,1293.69,664.15,14
2025-08-31,South,Sensor Lite,85,1065.37,588.88,12
2025-09-01,South,Sensor Lite,130,1639.01,1001.15,10
2025-09-02,South,Sensor Lite,105,1397.35,712.33,12
2025-09-03,South,Sensor Lite,132,1748.37,990.39,14
2025-09-04,South,Sensor Lite,100,1310.73,724.14,14
2025-09-05,South,Sensor Lite,74,895.06,542.27,13
2025-09-06,South,Sensor Lite,67,822.0,479.1,13
2025-09-07,South,Sensor Lite,14,184.5,98.66,12
2025-09-08,South,Sensor Lite,112,1441.62,808.6,14
2025-09-09,South,Sensor Lite,89,1108.27,677.43,13
2025-09-10,South,Sensor Lite,130,1640.37,947.93,13
2025-09-11,South,Sensor Lite,88,1159.4,664.92,15
2025-09-12,South,Sensor Lite,102,1360.1,745.66,14
2025-09-13,South,Sensor Lite,81,1032.56,617.72,12
2025-09-14,South,Sensor Lite,59,736.75,445.66,12
2025-09-15,South,Sensor Lite,92,1163.31,662.39,12
2025-09-16,South,Sensor Lite,143,1896.71,1007.74,8
2025-09-17,South,Sensor Lite,79,1047.24,612.53,15
2025-09-18,South,Sensor Lite,104,1333.73,738.3,11
2025-09-19,South,Sensor Lite,76,953.61,576.48,14
2025-09-20,South,Sensor Lite,63,829.34,466.92,12
2025-09-21,South,Sensor Lite,58,775.51,419.26,15
2025-09-22,South,Sensor Lite,110,1341.34,831.48,13
2025-09-23,South,Sensor Lite,80,1012.89,632.49,14
2025-09-24,South,Sensor Lite,117,1543.48,892.88,11
2025-09-25,South,Sensor Lite,85,1086.15,633.07,9
2025-09-26,South,Sensor Lite,95,1193.5,760.0,12
2025-09-27,South,Sensor Lite,80,1025.67,542.44,8
2025-09-28,South,Sensor Lite,56,721.94,391.36,11
2025-09-29,South,Sensor Lite,97,1194.94,701.13,9
2025-09-30,South,Sensor Lite,99,1265.69,784.59,10
2025-10-01,South,Sensor Lite,114,1469.52,883.37,13
2025-10-02,South,Sensor Lite,78,979.86,527.67,12
2025-10-03,South,Sensor Lite,81,1008.6,586.32,11
2025-10-04,South,Sensor Lite,84,1053.72,580.46,12
2025-10-05,South,Sensor Lite,96,1188.35,708.96,10
2025-10-06,South,Sensor Lite,84,1098.33,649.63,16
2025-10-07,South,Sensor Lite,75,928.03,582.07,12
2025-10-08,South,Sensor Lite,88,1128.36,659.93,10
2025-10-09,South,Sensor Lite,78,983.34,564.93,13
2025-10-10,South,Sensor Lite,101,1260.47,743.83,13
2025-10-11,South,Sensor Lite,62,823.02,474.47,9
2025-10-12,South,Sensor Lite,89,1130.3,735.9,8
2025-10-13,South,Sensor Lite,98,1224.41,682.23,8
2025-10-14,South,Sensor Lite,113,1407.68,902.63,9
2025-10-15,South,Sensor Lite,61,785.66,456.91,10
2025-10-16,South,Sensor Lite,69,901.57,531.54,7
2025-10-17,South,Sensor Lite,119,1575.09,888.75,10
2025-10-18,South,Sensor Lite,66,837.27,522.69,10
2025-10-19,South,Sensor Lite,58,734.45,436.27,11
2025-10-20,South,Sensor Lite,91,1164.81,651.56,12
2025-10-21,South,Sensor Lite,99,1268.58,749.09,11
2025-10-22,South,Sensor Lite,92,1145.83,719.16,14
2025-10-23,South,Sensor Lite,103,1370.87,762.21,12
2025-10-24,South,Sensor Lite,101,1288.61,669.89,11
2025-10-25,South,Sensor Lite,80,1036.36,588.6,8
2025-10-26,South,Sensor Lite,97,1252.5,721.32,9
2025-10-27,South,Sensor Lite,95,1225.93,701.42,7
2025-10-28,South,Sensor Lite,95,1174.76,685.58,10
2025-10-29,South,Sensor Lite,111,1414.98,875.74,11
2025-10-30,South,Sensor Lite,106,1443.97,691.33,12
2025-10-31,South,Sensor Lite,82,1095.28,609.65,11
2025-11-01,South,Sensor Lite,76,973.56,565.44,12
2025-11-02,South,Sensor Lite,84,1059.21,686.71,12
2025-11-03,South,Sensor Lite,23,273.74,170.08,8
2025-11-04,South,Sensor Lite,88,1105.26,665.71,9
2025-11-05,South,Sensor Lite,76,966.72,565.92,10
2025-11-06,South,Sensor Lite,58,732.46,431.23,9
2025-11-07,South,Sensor Lite,91,1151.63,732.76,10
2025-11-08,South,Sensor Lite,80,1039.05,559.1,11
2025-11-09,South,Sensor Lite,64,791.51,457.8,10
2025-11-10,South,Sensor Lite,126,1619.64,967.56,10
2025-11-11,South,Sensor Lite,81,1029.33,607.1,8
2025-11-12,South,Sensor Lite,116,1439.85,846.24,11
2025-11-13,South,Sensor Lite,106,1419.38,781.63,11
2025-11-14,South,Sensor Lite,146,1903.26,1129.77,9
2025-11-15,South,Sensor Lite,87,1083.08,659.42,8
2025-11-16,South,Sensor Lite,9,116.53,64.23,13
2025-11-17,South,Sensor Lite,120,1466.22,898.56,14
2025-11-18,South,Sensor Lite,136,1699.49,1003.89,11
2025-11-19,South,Sensor Lite,73,967.82,552.91,9
2025-11-20,South,Sensor Lite,19,244.8,138.34,12
2025-11-21,South,Sensor Lite,117,1503.89,813.49,11
2025-11-22,South,Sensor Lite,34,446.34,260.06,10
2025-11-23,South,Sensor Lite,52,675.16,395.36,12
2025-11-24,South,Sensor Lite,96,1214.23,760.67,9
2025-11-25,South,Sensor Lite,91,1192.84,629.08,9
2025-11-26,South,Sensor Lite,134,1621.93,988.11,11
2025-11-27,South,Sensor Lite,100,1249.47,731.48,11
2025-11-28,South,Sensor Lite,95,1207.73,689.07,12
2025-11-29,South,Sensor Lite,74,959.0,505.41,13
2025-11-30,South,Sensor Lite,87,1098.43,609.48,8
2025-12-01,South,Sensor Lite,104,1255.03,780.01,11
2025-12-02,South,Sensor Lite,90,1081.25,649.36,15
2025-12-03,South,Sensor Lite,265,3371.85,1879.97,10
2025-12-04,South,Sensor Lite,94,1181.32,745.35,9
2025-12-05,South,Sensor Lite,65,806.13,538.09,6
2025-12-06,South,Sensor Lite,94,1159.77,693.64,11
2025-12-07,South,Sensor Lite,93,1190.51,636.51,12
2025-12-08,South,Sensor Lite,109,1444.04,822.59,12
2025-12-09,South,Sensor Lite,97,1241.72,642.96,9
2025-12-10,South,Sensor Lite,104,1378.33,717.65,11
2025-12-11,South,Sensor Lite,123,1550.65,929.03,12
2025-12-12,South,Sensor Lite,95,1227.36,654.36,11
2025-12-13,South,Sensor Lite,100,1326.72,729.05,9
2025-12-14,South,Sensor Lite,66,837.51,452.17,12
2025-12-15,South,Sensor Lite,111,1416.35,823.71,10
2025-12-16,South,Sensor Lite,108,1361.53,844.08,8
2025-12-17,South,Sensor Lite,129,1673.99,925.35,13
2025-12-18,South,Sensor Lite,92,1204.75,680.14,12
2025-12-19,South,Sensor Lite,94,1211.13,667.22,13
2025-12-20,South,Sensor Lite,68,861.03,484.44,11
2025-12-21,South,Sensor Lite,79,961.93,560.3,13
2025-12-22,South,Sensor Lite,115,1464.12,884.44,14
2025-12-23,South,Sensor Lite,79,1001.45,543.28,16
2025-12-24,South,Sensor Lite,102,1309.71,742.28,14
2025-12-25,South,Sensor Lite,123,1573.74,928.85,13
2025-12-26,South,Sensor Lite,109,1455.31,843.29,10
2025-12-27,South,Sensor Lite,90,1123.53,680.67,12
2025-12-28,South,Sensor Lite,68,826.03,501.37,10
2025-12-29,South,Sensor Lite,110,1354.43,790.85,11
2025-12-30,South,Sensor Lite,278,3477.12,2152.38,17
2024-01-01,East,Widget Pro,143,3583.83,2046.11,4
2024-01-02,East,Widget Pro,113,2771.91,1412.2,10
2024-01-03,East,Widget Pro,201,4872.08,2591.72,1
2024-01-04,East,Widget Pro,154,3885.09,2209.9,4
2024-01-05,East,Widget Pro,200,4790.77,2891.37,2
2024-01-06,East,Widget Pro,113,2762.5,1551.37,2
2024-01-07,East,Widget Pro,53,1253.44,719.5,1
2024-01-08,East,Widget Pro,218,5458.24,2997.74,7
2024-01-09,East,Widget Pro,139,3531.42,1964.67,3
2024-01-10,East,Widget Pro,172,4095.73,2129.43,5
2024-01-11,East,Widget Pro,187,4560.34,2678.95,7
2024-01-12,East,Widget Pro,156,3766.96,2187.54,7
2024-01-13,East,Widget Pro,149,3768.26,2111.81,7
2024-01-14,East,Widget Pro,144,3677.97,2003.53,8
2024-01-15,East,Widget Pro,198,4781.28,2580.3,9
2024-01-16,East,Widget Pro,251,5579.22,3321.05,3
2024-01-17,East,Widget Pro,292,7401.41,4399.4,7
2024-01-18,East,Widget Pro,197,4833.03,2669.38,6
2024-01-19,East,Widget Pro,178,4367.4,2592.65,6
2024-01-20,East,Widget Pro,158,3982.92,2092.29,3
2024-01-21,East,Widget Pro,140,3392.54,1958.53,5
2024-01-22,East,Widget Pro,137,3293.03,1875.74,5
2024-01-23,East,Widget Pro,182,4411.42,2511.37,9
2024-01-24,East,Widget Pro,223,5543.66,3068.93,4
2024-01-25,East,Widget Pro,142,3570.74,2131.53,2
2024-01-26,East,Widget Pro,155,3983.56,2379.13,7
2024-01-27,East,Widget Pro,134,3322.73,1898.29,4
2024-01-28,East,Widget Pro,159,3878.6,2180.07,6
2024-01-29,East,Widget Pro,286,7193.29,3737.89,8
2024-01-30,East,Widget Pro,161,3829.57,2096.44,6
2024-01-31,East,Widget Pro,190,4853.22,2852.76,6
2024-02-01,East,Widget Pro,188,4635.21,2438.73,6
2024-02-02,East,Widget Pro,178,4331.08,2437.13,8
2024-02-03,East,Widget Pro,150,3568.28,2116.31,5
2024-02-04,East,Widget Pro,139,3469.55,1692.87,8
2024-02-05,East,Widget Pro,310,7531.06,4068.62,5
2024-02-06,East,Widget Pro,217,5301.46,2834.69,8
2024-02-07,East,Widget Pro,175,4072.54,2368.45,4
2024-02-08,East,Widget Pro,236,5706.6,3346.73,8
2024-02-09,East,Widget Pro,200,4816.43,2943.89,7
2024-02-10,East,Widget Pro,155,3845.18,2098.0,7
2024-02-11,East,Widget Pro,320,7777.05,4376.59,9
2024-02-12,East,Widget Pro,184,4149.77,2560.6,5
2024-02-13,East,Widget Pro,155,3750.22,2082.6,7
2024-02-14,East,Widget Pro,143,3350.63,2043.82,8
2024-02-15,East,Widget Pro,207,4912.84,2963.02,6
2024-02-16,East,Widget Pro,187,4719.48,2261.75,8
2024-02-17,East,Widget Pro,182,4233.06,2629.46,8
2024-02-18,East,Widget Pro,133,3287.32,1873.84,6
2024-02-19,East,Widget Pro,160,3860.35,2268.98,10
2024-02-20,East,Widget Pro,225,5396.73,3335.79,8
2024-02-21,East,Widget Pro,186,4423.12,2371.42,5
2024-02-22,East,Widget Pro,229,5664.28,3004.74,5
2024-02-23,East,Widget Pro,198,4913.84,2762.26,6
2024-02-24,East,Widget Pro,221,5134.28,2734.88,8
2024-02-25,East,Widget Pro,181,4587.56,2507.18,2
2024-02-26,East,Widget Pro,213,5032.78,3108.15,5
2024-02-27,East,Widget Pro,228,5651.12,3255.3,6
2024-02-28,East,Widget Pro,189,4466.45,2656.45,4
2024-02-29,East,Widget Pro,148,3576.06,2047.89,5
2024-03-01,East,Widget Pro,212,4994.74,2904.5,7
2024-03-02,East,Widget Pro,226,5449.17,3087.2,6
2024-03-03,East,Widget Pro,106,2581.34,1500.97,6
2024-03-04,East,Widget Pro,217,5133.19,2802.42,4
2024-03-05,East,Widget Pro,152,3759.13,2283.68,6
2024-03-06,East,Widget Pro,199,4940.65,2683.25,4
2024-03-07,East,Widget Pro,203,5377.25,2921.25,9
2024-03-08,East,Widget Pro,230,5792.0,3232.94,10
2024-03-09,East,Widget Pro,167,4235.9,2203.14,5
2024-03-10,East,Widget Pro,206,4779.15,3070.4,4
2024-03-11,East,Widget Pro,248,5719.01,3659.74,8
2024-03-12,East,Widget Pro,195,4734.93,2515.6,7
2024-03-13,East,Widget Pro,246,6350.07,3431.33,10
2024-03-14,East,Widget Pro,191,5026.86,2701.72,10
2024-03-15,East,Widget Pro,185,4439.01,2321.76,2
2024-03-16,East,Widget Pro,130,3128.99,1627.03,8
2024-03-17,East,Widget Pro,205,5104.45,2750.37,5
2024-03-18,East,Widget Pro,192,4676.18,2511.5,7
2024-03-19,East,Widget Pro,131,3192.95,1738.31,7
2024-03-20,East,Widget Pro,224,5592.53,2930.11,7
2024-03-21,East,Widget Pro,188,4981.23,2615.89,8
2024-03-22,East,Widget Pro,193,4913.56,2581.45,4
2024-03-23,East,Widget Pro,156,4036.31,2305.65,4
2024-03-24,East,Widget Pro,153,3541.12,2161.31,8
2024-03-25,East,Widget Pro,333,8421.56,4847.15,4
2024-03-26,East,Widget Pro,275,6545.51,3525.01,9
2024-03-27,East,Widget Pro,231,5944.14,3132.42,4
2024-03-28,East,Widget Pro,213,5431.0,3002.31,4
2024-03-29,East,Widget Pro,250,6235.95,3579.27,5
2024-03-30,East,Widget Pro,171,4096.13,2316.47,2
2024-03-31,East,Widget Pro,189,4563.29,2579.7,2
2024-04-01,East,Widget Pro,226,5470.07,3102.06,7
2024-04-02,East,Widget Pro,209,5237.61,2882.42,1
2024-04-03,East,Widget Pro,58,1438.22,899.87,10
2024-04-04,East,Widget Pro,190,4853.31,2701.66,5
2024-04-05,East,Widget Pro,207,5316.58,2903.78,3
2024-04-06,East,Widget Pro,137,3271.38,1797.26,5
2024-04-07,East,Widget Pro,140,3478.9,1838.94,1
2024-04-08,East,Widget Pro,130,3229.24,1800.6,4
2024-04-09,East,Widget Pro,222,5423.49,3283.66,4
2024-04-10,East,Widget Pro,234,5894.97,3243.38,2
2024-04-11,East,Widget Pro,249,6190.36,3458.75,3
2024-04-12,East,Widget Pro,168,4045.05,2264.48,7
2024-04-13,East,Widget Pro,177,4318.01,2262.21,4
2024-04-14,East,Widget Pro,164,3975.9,2346.16,5
2024-04-15,East,Widget Pro,234,5607.87,3234.34,2
2024-04-16,East,Widget Pro,182,4447.59,2604.82,1
2024-04-17,East,Widget Pro,87,2048.57,1227.42,3
2024-04-18,East,Widget Pro,155,3851.49,2065.4,1
2024-04-19,East,Widget Pro,180,4595.76,2548.4,2
2024-04-20,East,Widget Pro,164,4024.08,2147.79,1
2024-04-21,East,Widget Pro,169,4258.06,2391.74,1
2024-04-22,East,Widget Pro,151,3716.74,2107.36,5
2024-04-23,East,Widget Pro,186,4417.27,2804.59,3
2024-04-24,East,Widget Pro,32,831.21,428.58,2
2024-04-25,East,Widget Pro,600,13631.71,7842.71,5
2024-04-26,East,Widget Pro,175,4288.83,2399.39,1
2024-04-27,East,Widget Pro,178,4260.45,2567.89,1
2024-04-28,East,Widget Pro,147,3772.39,1770.11,6
2024-04-29,East,Widget Pro,188,4635.84,2747.22,8
2024-04-30,East,Widget Pro,174,4589.82,2410.59,5
2024-05-01,East,Widget Pro,168,4120.45,2217.71,4
2024-05-02,East,Widget Pro,186,4452.99,2556.11,2
2024-05-03,East,Widget Pro,245,5694.52,3302.91,2
2024-05-04,East,Widget Pro,142,3594.5,1866.22,4
2024-05-05,East,Widget Pro,137,3272.45,1732.09,6
2024-05-06,East,Widget Pro,210,5080.2,3047.38,4
2024-05-07,East,Widget Pro,202,5131.34,2748.89,5
2024-05-08,East,Widget Pro,199,5029.57,2731.47,1
2024-05-09,East,Widget Pro,211,5074.95,3078.77,4
2024-05-10,East,Widget Pro,168,4059.94,2358.57,2
2024-05-11,East,Widget Pro,137,3179.67,1768.45,3
2024-05-12,East,Widget Pro,192,4413.93,2778.42,4
2024-05-13,East,Widget Pro,196,4912.02,2947.58,2
2024-05-14,East,Widget Pro,223,5606.76,3200.53,1
2024-05-15,East,Widget Pro,250,6190.64,3348.62,4
2024-05-16,East,Widget Pro,233,5740.56,3021.79,3
2024-05-17,East,Widget Pro,156,3741.03,2085.57,3
2024-05-18,East,Widget Pro,156,3990.34,2195.25,4
2024-05-19,East,Widget Pro,192,4452.24,2879.69,6
2024-05-20,East,Widget Pro,219,5290.09,2949.59,4
2024-05-21,East,Widget Pro,205,5046.71,2776.88,4
2024-05-22,East,Widget Pro,148,3625.96,2177.82,2
2024-05-23,East,Widget Pro,177,4336.23,2424.23,2
2024-05-24,East,Widget Pro,200,4823.67,3039.96,4
2024-05-25,East,Widget Pro,122,3037.5,1695.35,2
2024-05-26,East,Widget Pro,182,4296.42,2696.77,4
2024-05-27,East,Widget Pro,193,4708.07,2753.71,2
2024-05-28,East,Widget Pro,138,3424.81,2000.3,7
2024-05-29,East,Widget Pro,177,4293.24,2456.06,4
2024-05-30,East,Widget Pro,186,4557.65,2589.46,4
2024-05-31,East,Widget Pro,191,4709.75,2730.01,2
2024-06-01,East,Widget Pro,202,4687.57,2940.86,7
2024-06-02,East,Widget Pro,173,4026.49,2485.71,1
2024-06-03,East,Widget Pro,152,3738.96,1939.94,2
2024-06-04,East,Widget Pro,148,3559.82,2098.7,5
2024-06-05,East,Widget Pro,185,4457.98,2504.97,4
2024-06-06,East,Widget Pro,198,4933.81,2696.34,2
2024-06-07,East,Widget Pro,231,5491.61,3307.98,3
2024-06-08,East,Widget Pro,210,4772.52,3189.59,3
2024-06-09,East,Widget Pro,212,5452.2,2933.56,4
2024-06-10,East,Widget Pro,177,4493.89,2722.44,7
2024-06-11,East,Widget Pro,227,5761.24,3003.69,5
2024-06-12,East,Widget Pro,206,4877.31,3061.62,6
2024-06-13,East,Widget Pro,157,3837.57,2245.33,3
2024-06-14,East,Widget Pro,136,3205.21,1923.85,5
2024-06-15,East,Widget Pro,156,3815.13,2335.04,1
2024-06-16,East,Widget Pro,116,2812.33,1572.31,4
2024-06-17,East,Widget Pro,162,3840.64,2412.88,4
2024-06-18,East,Widget Pro,167,4153.28,2313.65,8
2024-06-19,East,Widget Pro,196,4764.73,2655.9,7
2024-06-20,East,Widget Pro,237,6106.59,3097.91,4
2024-06-21,East,Widget Pro,188,4617.85,2840.63,3
2024-06-22,East,Widget Pro,136,3077.31,2012.65,3
2024-06-23,East,Widget Pro,103,2386.31,1407.53,4
2024-06-24,East,Widget Pro,202,5260.14,2905.12,7
2024-06-25,East,Widget Pro,187,4532.15,2634.57,6
2024-06-26,East,Widget Pro,168,4145.64,2310.5,6
2024-06-27,East,Widget Pro,228,5587.63,3345.98,6
2024-06-28,East,Widget Pro,149,3805.61,2020.77,3
2024-06-29,East,Widget Pro,130,3002.79,1620.56,4
2024-06-30,East,Widget Pro,141,3592.26,1999.65,6
2024-07-01,East,Widget Pro,166,4220.78,2331.76,4
2024-07-02,East,Widget Pro,202,4949.91,2744.11,2
2024-07-03,East,Widget Pro,199,4935.95,2661.69,3
2024-07-04,East,Widget Pro,220,5330.07,2839.85,7
2024-07-05,East,Widget Pro,199,4629.01,2735.47,5
2024-07-06,East,Widget Pro,142,3539.56,1901.0,6
2024-07-07,East,Widget Pro,136,3356.65,1995.81,3
2024-07-08,East,Widget Pro,196,4840.52,2814.86,6
2024-07-09,East,Widget Pro,174,4324.68,2376.98,5
2024-07-10,East,Widget Pro,181,4354.1,2600.23,7
2024-07-11,East,Widget Pro,197,5042.72,2743.18,5
2024-07-12,East,Widget Pro,375,9189.74,5179.27,7
2024-07-13,East,Widget Pro,151,3759.62,2108.21,5
2024-07-14,East,Widget Pro,124,3013.2,1889.75,6
2024-07-15,East,Widget Pro,227,5736.72,3280.33,6
2024-07-16,East,Widget Pro,145,3563.58,1999.7,6
2024-07-17,East,Widget Pro,192,4691.99,2808.14,7
2024-07-18,East,Widget Pro,23,583.91,335.81,5
2024-07-19,East,Widget Pro,214,4972.01,3034.91,6
2024-07-20,East,Widget Pro,165,4008.54,2272.05,7
2024-07-21,East,Widget Pro,140,3366.96,1921.33,7
2024-07-22,East,Widget Pro,231,5722.98,3060.15,6
2024-07-23,East,Widget Pro,169,4179.73,2387.35,5
2024-07-24,East,Widget Pro,204,4996.23,2768.91,7
2024-07-25,East,Widget Pro,153,3668.21,2095.23,8
2024-07-26,East,Widget Pro,187,4578.2,2699.68,4
2024-07-27,East,Widget Pro,117,2894.31,1776.18,4
2024-07-28,East,Widget Pro,139,3387.27,1982.41,5
2024-07-29,East,Widget Pro,171,4328.7,2381.41,6
2024-07-30,East,Widget Pro,201,5014.92,2811.36,2
2024-07-31,East,Widget Pro,152,3726.13,2249.08,8
2024-08-01,East,Widget Pro,298,6787.15,4252.87,6
2024-08-02,East,Widget Pro,133,3237.16,1880.04,2
2024-08-03,East,Widget Pro,142,3544.76,2014.3,5
2024-08-04,East,Widget Pro,143,3474.14,1859.0,6
2024-08-05,East,Widget Pro,187,4623.18,2669.11,3
2024-08-06,East,Widget Pro,154,3747.58,2061.65,9
2024-08-07,East,Widget Pro,177,4366.75,2526.87,7
2024-08-08,East,Widget Pro,153,3906.05,2063.26,8
2024-08-09,East,Widget Pro,236,5918.47,3401.66,5
2024-08-10,East,Widget Pro,120,2825.73,1667.14,8
2024-08-11,East,Widget Pro,131,3049.86,1728.97,6
2024-08-12,East,Widget Pro,149,3698.97,2055.68,7
2024-08-13,East,Widget Pro,145,3676.96,2253.9,8
2024-08-14,East,Widget Pro,130,3026.32,1613.15,7
2024-08-15,East,Widget Pro,188,4577.01,2653.89,9
2024-08-16,East,Widget Pro,147,3857.91,1954.01,7
2024-08-17,East,Widget Pro,115,2794.79,1720.84,6
2024-08-18,East,Widget Pro,112,2951.93,1632.0,9
2024-08-19,East,Widget Pro,175,4181.56,2472.77,9
2024-08-20,East,Widget Pro,166,3988.07,2430.61,7
2024-08-21,East,Widget Pro,166,3981.23,2352.42,10
2024-08-22,East,Widget Pro,144,3392.61,2016.62,6
2024-08-23,East,Widget Pro,178,4139.73,2417.38,7
2024-08-24,East,Widget Pro,117,2847.47,1608.44,7
2024-08-25,East,Widget Pro,133,3272.66,1818.8,7
2024-08-26,East,Widget Pro,160,3835.71,2241.16,6
2024-08-27,East,Widget Pro,121,2922.15,1533.74,5
2024-08-28,East,Widget Pro,235,6007.27,3459.38,5
2024-08-29,East,Widget Pro,181,4563.78,2780.67,7
2024-08-30,East,Widget Pro,168,4084.06,2301.17,9
2024-08-31,East,Widget Pro,138,3424.6,2045.5,8
2024-09-01,East,Widget Pro,188,4379.88,2614.35,7
2024-09-02,East,Widget Pro,199,4914.94,2702.1,9
2024-09-03,East,Widget Pro,173,4230.56,2375.77,7
2024-09-04,East,Widget Pro,143,3464.17,2010.58,4
2024-09-05,East,Widget Pro,147,3605.04,1983.78,6
2024-09-06,East,Widget Pro,117,2855.42,1687.65,6
2024-09-07,East,Widget Pro,121,2847.67,1650.02,5
2024-09-08,East,Widget Pro,145,3731.52,1921.07,7
2024-09-09,East,Widget Pro,181,4560.99,2531.48,8
2024-09-10,East,Widget Pro,180,4358.69,2432.56,3
2024-09-11,East,Widget Pro,147,3411.28,2024.32,6
2024-09-12,East,Widget Pro,178,4039.64,2485.23,1
2024-09-13,East,Widget Pro,187,4857.04,2442.63,6
2024-09-14,East,Widget Pro,86,2096.02,1291.82,6
2024-09-15,East,Widget Pro,136,3408.27,1981.36,9
2024-09-16,East,Widget Pro,234,5569.83,3172.8,9
2024-09-17,East,Widget Pro,152,3689.66,2125.96,8
2024-09-18,East,Widget Pro,102,2479.78,1473.4,4
2024-09-19,East,Widget Pro,139,3430.17,1966.31,4
2024-09-20,East,Widget Pro,116,2849.66,1776.64,3
2024-09-21,East,Widget Pro,114,2715.72,1576.95,8
2024-09-22,East,Widget Pro,103,2452.89,1527.73,4
2024-09-23,East,Widget Pro,189,4619.17,2469.43,5
2024-09-24,East,Widget Pro,184,4270.75,2423.91,3
2024-09-25,East,Widget Pro,170,4062.16,2580.45,3
2024-09-26,East,Widget Pro,200,4877.34,2739.53,6
2024-09-27,East,Widget Pro,145,3594.86,1911.5,5
2024-09-28,East,Widget Pro,130,3328.65,1815.66,1
2024-09-29,East,Widget Pro,190,4588.46,2828.11,2
2024-09-30,East,Widget Pro,178,4365.72,2396.86,5
2024-10-01,East,Widget Pro,178,4116.69,2486.8,5
2024-10-02,East,Widget Pro,140,3464.45,1778.26,4
2024-10-03,East,Widget Pro,149,3550.91,2037.1,6
2024-10-04,East,Widget Pro,134,3252.64,1969.54,2
2024-10-05,East,Widget Pro,174,4323.86,2340.47,3
2024-10-06,East,Widget Pro,97,2413.41,1271.64,5
2024-10-07,East,Widget Pro,190,4451.98,2556.78,3
2024-10-08,East,Widget Pro,179,4491.01,2429.61,5
2024-10-09,East,Widget Pro,121,2961.04,1758.77,2
2024-10-10,East,Widget Pro,198,5035.41,2824.64,2
2024-10-11,East,Widget Pro,154,3938.44,2217.76,1
2024-10-12,East,Widget Pro,102,2619.41,1430.03,1
2024-10-13,East,Widget Pro,138,3236.52,1872.12,3
2024-10-14,East,Widget Pro,139,3446.6,1870.46,5
2024-10-15,East,Widget Pro,156,3641.14,2231.21,4
2024-10-16,East,Widget Pro,148,3767.57,2236.62,6
2024-10-17,East,Widget Pro,139,3553.0,1854.47,3
2024-10-18,East,Widget Pro,131,3303.67,1740.65,1
2024-10-19,East,Widget Pro,150,3628.19,1980.74,4
2024-10-20,East,Widget Pro,138,3436.2,2012.33,1
2024-10-21,East,Widget Pro,171,4120.09,2388.96,4
2024-10-22,East,Widget Pro,153,3750.05,2201.48,1
2024-10-23,East,Widget Pro,165,4031.32,2251.33,3
2024-10-24,East,Widget Pro,143,3293.46,2063.89,5
2024-10-25,East,Widget Pro,143,3418.42,1973.21,5
2024-10-26,East,Widget Pro,179,4684.27,2312.42,3
2024-10-27,East,Widget Pro,154,3763.19,2255.49,3
2024-10-28,East,Widget Pro,149,3668.05,2082.22,2
2024-10-29,East,Widget Pro,126,3086.2,1736.63,3
2024-10-30,East,Widget Pro,122,2952.19,1732.02,4
2024-10-31,East,Widget Pro,148,3629.93,1922.38,2
2024-11-01,East,Widget Pro,169,4089.94,2416.95,2
2024-11-02,East,Widget Pro,136,3103.8,1847.28,1
2024-11-03,East,Widget Pro,137,3435.67,1903.03,4
2024-11-04,East,Widget Pro,177,4546.33,2619.16,2
2024-11-05,East,Widget Pro,139,3286.56,2008.49,1
2024-11-06,East,Widget Pro,220,5323.24,3052.84,5
2024-11-07,East,Widget Pro,162,4147.6,2256.54,3
2024-11-08,East,Widget Pro,177,4236.14,2160.75,1
2024-11-09,East,Widget Pro,120,2974.2,1610.96,5
2024-11-10,East,Widget Pro,143,3958.28,2018.73,2
2024-11-11,East,Widget Pro,246,6141.32,3312.41,1
2024-11-12,East,Widget Pro,142,3486.18,1856.15,5
2024-11-13,East,Widget Pro,139,3495.58,1992.72,1
2024-11-14,East,Widget Pro,146,3660.35,2177.52,9
2024-11-15,East,Widget Pro,161,3866.13,2172.7,2
2024-11-16,East,Widget Pro,125,2902.96,1826.56,1
2024-11-17,East,Widget Pro,114,2842.76,1653.84,6
2024-11-18,East,Widget Pro,171,4282.99,2277.07,3
2024-11-19,East,Widget Pro,228,5536.14,3075.86,3
2024-11-20,East,Widget Pro,168,4319.15,2564.04,4
2024-11-21,East,Widget Pro,170,4345.52,2247.07,1
2024-11-22,East,Widget Pro,185,4637.82,2511.13,1
2024-11-23,East,Widget Pro,157,3814.35,2414.04,7
2024-11-24,East,Widget Pro,179,4110.41,2434.72,1
2024-11-25,East,Widget Pro,183,4460.05,2735.32,6
2024-11-26,East,Widget Pro,175,4051.32,2324.8,4
2024-11-27,East,Widget Pro,147,3346.83,2072.23,4
2024-11-28,East,Widget Pro,202,5045.08,2981.55,2
2024-11-29,East,Widget Pro,152,3854.97,2078.26,8
2024-11-30,East,Widget Pro,121,2791.02,1702.45,2
2024-12-01,East,Widget Pro,147,3573.78,2134.6,2
2024-12-02,East,Widget Pro,235,5754.48,3141.62,5
2024-12-03,East,Widget Pro,204,4954.16,3175.92,2
2024-12-04,East,Widget Pro,178,4180.65,2621.3,1
2024-12-05,East,Widget Pro,151,3847.23,2076.24,3
2024-12-06,East,Widget Pro,515,12106.15,7125.35,5
2024-12-07,East,Widget Pro,143,3298.63,2193.36,7
2024-12-08,East,Widget Pro,138,3241.59,1897.72,8
2024-12-09,East,Widget Pro,201,4995.61,2747.57,1
2024-12-10,East,Widget Pro,168,4083.01,2486.79,6
2024-12-11,East,Widget Pro,160,3829.42,2083.14,2
2024-12-12,East,Widget Pro,163,4056.72,2273.06,2
2024-12-13,East,Widget Pro,163,4033.35,2291.6,3
2024-12-14,East,Widget Pro,121,2759.3,1634.4,3
2024-12-15,East,Widget Pro,118,2935.89,1522.68,2
2024-12-16,East,Widget Pro,221,5606.37,3104.69,1
2024-12-17,East,Widget Pro,210,5125.99,3041.16,7
2024-12-18,East,Widget Pro,373,9074.1,5044.7,6
2024-12-19,East,Widget Pro,220,5696.24,2898.31,4
2024-12-20,East,Widget Pro,199,4771.68,2960.97,3
2024-12-21,East,Widget Pro,142,3461.71,2040.5,7
2024-12-22,East,Widget Pro,121,2993.94,1663.36,4
2024-12-23,East,Widget Pro,39,956.89,571.14,4
2024-12-24,East,Widget Pro,266,6463.77,3769.01,1
2024-12-25,East,Widget Pro,191,4692.03,2913.22,6
2024-12-26,East,Widget Pro,229,5874.58,3312.47,4
2024-12-27,East,Widget Pro,185,4642.32,2410.01,5
2024-12-28,East,Widget Pro,182,4449.0,2464.08,5
2024-12-29,East,Widget Pro,150,3579.75,2035.85,6
2024-12-30,East,Widget Pro,125,2995.34,1777.09,6
2024-12-31,East,Widget Pro,170,4283.73,2343.88,5
2025-01-01,East,Widget Pro,199,4642.45,2628.97,6
2025-01-02,East,Widget Pro,237,6225.12,3415.74,7
2025-01-03,East,Widget Pro,190,4650.56,2793.02,9
2025-01-04,East,Widget Pro,158,3710.91,2200.64,3
2025-01-05,East,Widget Pro,142,3497.99,2008.82,8
2025-01-06,East,Widget Pro,261,6240.9,3477.23,2
2025-01-07,East,Widget Pro,259,6265.74,3531.26,8
2025-01-08,East,Widget Pro,176,4116.57,2404.66,5
2025-01-09,East,Widget Pro,151,3673.02,2173.04,8
2025-01-10,East,Widget Pro,144,3303.34,2041.81,9
2025-01-11,East,Widget Pro,178,4282.52,2450.92,6
2025-01-12,East,Widget Pro,164,3918.28,2253.59,6
2025-01-13,East,Widget Pro,175,4222.89,2208.94,6
2025-01-14,East,Widget Pro,212,5074.92,3206.31,5
2025-01-15,East,Widget Pro,162,3973.04,2031.51,9
2025-01-16,East,Widget Pro,234,5885.73,3345.1,6
2025-01-17,East,Widget Pro,190,4705.36,2665.02,2
2025-01-18,East,Widget Pro,134,3410.96,1851.08,8
2025-01-19,East,Widget Pro,153,3692.44,2141.12,8
2025-01-20,East,Widget Pro,191,4725.09,2585.36,7
2025-01-21,East,Widget Pro,219,5424.11,3166.08,5
2025-01-22,East,Widget Pro,254,6438.0,3322.45,4
2025-01-23,East,Widget Pro,252,6038.71,3585.83,5
2025-01-24,East,Widget Pro,213,5342.0,2880.95,7
2025-01-25,East,Widget Pro,161,3843.05,2205.89,3
2025-01-26,East,Widget Pro,150,3612.17,2058.01,8
2025-01-27,East,Widget Pro,152,3683.93,2110.41,7
2025-01-28,East,Widget Pro,208,5165.28,2985.11,9
2025-01-29,East,Widget Pro,180,4266.19,2515.49,8
2025-01-30,East,Widget Pro,262,6236.51,3839.11,5
2025-01-31,East,Widget Pro,203,4877.25,2990.48,4
2025-02-01,East,Widget Pro,193,4735.37,2743.71,5
2025-02-02,East,Widget Pro,155,3690.84,2244.06,10
2025-02-03,East,Widget Pro,188,4642.48,2898.48,8
2025-02-04,East,Widget Pro,237,5744.17,3083.53,8
2025-02-05,East,Widget Pro,224,5596.32,3304.74,6
2025-02-06,East,Widget Pro,226,5547.46,3408.39,8
2025-02-07,East,Widget Pro,211,5441.23,3018.05,4
2025-02-08,East,Widget Pro,198,4868.63,3035.9,9
2025-02-09,East,Widget Pro,193,4555.67,2941.63,5
2025-02-10,East,Widget Pro,146,3554.17,2009.56,3
2025-02-11,East,Widget Pro,206,5050.2,2846.44,12
2025-02-12,East,Widget Pro,260,6196.35,3736.57,7
2025-02-13,East,Widget Pro,180,4610.71,2441.36,7
2025-02-14,East,Widget Pro,160,3883.55,2543.66,3
2025-02-15,East,Widget Pro,170,4084.45,2473.87,8
2025-02-16,East,Widget Pro,192,4729.62,2694.25,9
2025-02-17,East,Widget Pro,201,4790.62,2615.58,7
2025-02-18,East,Widget Pro,276,6958.03,3912.67,9
2025-02-19,East,Widget Pro,306,7669.14,4030.03,9
2025-02-20,East,Widget Pro,155,3812.38,2252.45,8
2025-02-21,East,Widget Pro,205,5111.63,2510.93,2
2025-02-22,East,Widget Pro,117,2823.53,1751.33,4
2025-02-23,East,Widget Pro,199,4655.7,2726.92,10
2025-02-24,East,Widget Pro,196,4755.09,2511.9,7
2025-02-25,East,Widget Pro,203,4898.67,2839.67,7
2025-02-26,East,Widget Pro,273,6279.86,3825.21,5
2025-02-27,East,Widget Pro,175,4151.43,2442.12,5
2025-02-28,East,Widget Pro,168,3964.07,2514.26,9
2025-03-01,East,Widget Pro,118,2799.6,1683.46,10
2025-03-02,East,Widget Pro,225,5733.0,3275.38,8
2025-03-03,East,Widget Pro,270,6716.59,3732.99,8
2025-03-04,East,Widget Pro,212,5344.36,3031.37,8
2025-03-05,East,Widget Pro,178,4427.67,2328.96,6
2025-03-06,East,Widget Pro,261,6602.26,3701.16,4
2025-03-07,East,Widget Pro,369,9047.8,4970.15,3
2025-03-08,East,Widget Pro,173,4431.23,2581.81,9
2025-03-09,East,Widget Pro,145,3421.26,2037.66,6
2025-03-10,East,Widget Pro,282,6894.96,4078.85,7
2025-03-11,East,Widget Pro,184,4369.39,2609.79,6
2025-03-12,East,Widget Pro,212,5387.48,3236.06,6
2025-03-13,East,Widget Pro,141,3498.01,1819.99,7
2025-03-14,East,Widget Pro,215,5455.03,2992.87,7
2025-03-15,East,Widget Pro,144,3379.46,1919.22,4
2025-03-16,East,Widget Pro,228,5485.04,2864.88,8
2025-03-17,East,Widget Pro,191,4429.06,2536.95,4
2025-03-18,East,Widget Pro,262,6488.57,3882.95,6
2025-03-19,East,Widget Pro,223,5393.33,3117.29,3
2025-03-20,East,Widget Pro,233,5837.9,3226.16,5
2025-03-21,East,Widget Pro,250,6130.82,3635.36,4
2025-03-22,East,Widget Pro,181,4151.11,2548.63,5
2025-03-23,East,Widget Pro,163,3794.58,2351.98,7
2025-03-24,East,Widget Pro,483,11862.76,6871.15,5
2025-03-25,East,Widget Pro,251,6235.42,3609.35,9
2025-03-26,East,Widget Pro,162,3705.11,2217.01,7
2025-03-27,East,Widget Pro,310,7575.98,4567.22,4
2025-03-28,East,Widget Pro,234,5558.02,3077.45,5
2025-03-29,East,Widget Pro,172,4073.65,2397.65,6
2025-03-30,East,Widget Pro,192,4611.56,2835.43,6
2025-03-31,East,Widget Pro,206,5065.7,2861.78,2
2025-04-01,East,Widget Pro,222,5323.71,3041.05,6
2025-04-02,East,Widget Pro,187,4308.51,2917.56,2
2025-04-03,East,Widget Pro,246,6047.91,3688.28,6
2025-04-04,East,Widget Pro,226,5478.75,3186.41,7
2025-04-05,East,Widget Pro,190,4523.97,2530.93,5
2025-04-06,East,Widget Pro,240,5825.7,3018.11,1
2025-04-07,East,Widget Pro,199,4824.62,2884.72,1
2025-04-08,East,Widget Pro,224,5495.25,3334.49,5
2025-04-09,East,Widget Pro,171,4158.34,2441.37,1
2025-04-10,East,Widget Pro,254,6253.88,3251.84,5
2025-04-11,East,Widget Pro,229,5602.32,3231.7,6
2025-04-12,East,Widget Pro,184,4618.86,2513.29,6
2025-04-13,East,Widget Pro,179,4594.0,2526.26,3
2025-04-14,East,Widget Pro,207,5069.2,3179.6,5
2025-04-15,East,Widget Pro,360,8655.52,5238.93,4
2025-04-16,East,Widget Pro,231,5415.55,3327.15,1
2025-04-17,East,Widget Pro,242,6043.97,3380.32,5
2025-04-18,East,Widget Pro,187,4457.46,2672.25,6
2025-04-19,East,Widget Pro,215,5638.47,2901.19,5
2025-04-20,East,Widget Pro,179,4751.14,2575.53,2
2025-04-21,East,Widget Pro,248,6037.17,3438.43,5
2025-04-22,East,Widget Pro,269,6261.3,3611.17,6
2025-04-23,East,Widget Pro,225,5620.62,3278.36,6
2025-04-24,East,Widget Pro,202,5260.61,2512.46,5
2025-04-25,East,Widget Pro,150,3530.32,2042.81,1
2025-04-26,East,Widget Pro,170,4402.16,2452.99,4
2025-04-27,East,Widget Pro,162,3748.84,2406.87,4
2025-04-28,East,Widget Pro,186,4358.2,2665.42,5
2025-04-29,East,Widget Pro,296,7319.22,4004.74,4
2025-04-30,East,Widget Pro,272,6867.26,3798.3,6
2025-05-01,East,Widget Pro,164,4009.99,2329.44,1
2025-05-02,East,Widget Pro,234,5810.3,3531.62,4
2025-05-03,East,Widget Pro,157,3973.94,2299.17,4
2025-05-04,East,Widget Pro,194,4926.99,2842.01,5
2025-05-05,East,Widget Pro,196,4712.35,2752.98,6
2025-05-06,East,Widget Pro,206,4916.26,2729.56,1
2025-05-07,East,Widget Pro,269,6798.81,3501.24,6
2025-05-08,East,Widget Pro,262,6506.47,3612.75,5
2025-05-09,East,Widget Pro,296,7380.08,4288.92,3
2025-05-10,East,Widget Pro,174,4178.44,2374.87,1
2025-05-11,East,Widget Pro,139,3470.69,2001.67,3
2025-05-12,East,Widget Pro,266,6303.02,3576.03,4
2025-05-13,East,Widget Pro,614,15154.58,8320.75,4
2025-05-14,East,Widget Pro,251,6170.12,3761.39,2
2025-05-15,East,Widget Pro,196,4819.1,2849.21,4
2025-05-16,East,Widget Pro,63,1579.67,868.48,2
2025-05-17,East,Widget Pro,197,4678.78,2643.47,5
2025-05-18,East,Widget Pro,152,3799.63,2228.96,6
2025-05-19,East,Widget Pro,211,5172.7,3083.45,1
2025-05-20,East,Widget Pro,376,8993.25,5432.24,3
2025-05-21,East,Widget Pro,326,7670.28,4523.42,5
2025-05-22,East,Widget Pro,256,6627.37,3387.85,4
2025-05-23,East,Widget Pro,197,4816.44,2755.95,1
2025-05-24,East,Widget Pro,156,3781.3,2337.71,5
2025-05-25,East,Widget Pro,201,4755.54,2686.1,2
2025-05-26,East,Widget Pro,289,7311.75,4055.6,4
2025-05-27,East,Widget Pro,201,5073.87,3044.16,1
2025-05-28,East,Widget Pro,203,5095.62,2798.77,5
2025-05-29,East,Widget Pro,223,5453.5,3102.1,3
2025-05-30,East,Widget Pro,171,4283.92,2232.36,5
2025-05-31,East,Widget Pro,137,3273.55,1977.76,3
2025-06-01,East,Widget Pro,141,3477.05,1900.9,3
2025-06-02,East,Widget Pro,241,5894.88,3111.74,4
2025-06-03,East,Widget Pro,229,5655.45,3053.14,2
2025-06-04,East,Widget Pro,267,6185.68,3776.96,7
2025-06-05,East,Widget Pro,159,4114.0,2050.13,4
2025-06-06,East,Widget Pro,165,4238.79,2149.94,3
2025-06-07,East,Widget Pro,63,1490.25,906.66,3
2025-06-08,East,Widget Pro,147,3663.88,2050.55,4
2025-06-09,East,Widget Pro,186,4353.72,2485.0,6
2025-06-10,East,Widget Pro,258,6336.9,3553.98,2
2025-06-11,East,Widget Pro,194,4439.91,2952.04,3
2025-06-12,East,Widget Pro,198,4808.48,2949.65,4
2025-06-13,East,Widget Pro,499,12046.61,6948.47,7
2025-06-14,East,Widget Pro,165,4182.78,2404.27,6
2025-06-15,East,Widget Pro,192,4939.46,2704.26,8
2025-06-16,East,Widget Pro,171,4402.03,2181.63,5
2025-06-17,East,Widget Pro,205,5197.02,2589.72,7
2025-06-18,East,Widget Pro,260,6385.75,3474.5,7
2025-06-19,East,Widget Pro,309,7658.69,3985.16,6
2025-06-20,East,Widget Pro,165,4089.0,2341.37,6
2025-06-21,East,Widget Pro,178,4206.58,2423.48,4
2025-06-22,East,Widget Pro,162,4105.45,2316.23,9
2025-06-23,East,Widget Pro,205,5126.47,2933.24,4
2025-06-24,East,Widget Pro,181,4532.48,2621.43,6
2025-06-25,East,Widget Pro,238,5431.9,3176.96,6
2025-06-26,East,Widget Pro,236,5860.53,3389.19,2
2025-06-27,East,Widget Pro,326,8227.96,4345.96,5
2025-06-28,East,Widget Pro,130,3183.54,1884.73,6
2025-06-29,East,Widget Pro,120,2895.83,1782.7,5
2025-06-30,East,Widget Pro,298,7002.59,4322.85,5
2025-07-01,East,Widget Pro,203,4759.52,2816.84,8
2025-07-02,East,Widget Pro,189,4651.94,2720.98,4
2025-07-03,East,Widget Pro,211,5133.09,2727.54,3
2025-07-04,East,Widget Pro,159,3866.43,2030.26,5
2025-07-05,East,Widget Pro,174,4458.53,2492.86,7
2025-07-06,East,Widget Pro,160,3772.3,2386.47,7
2025-07-07,East,Widget Pro,246,5964.49,3231.94,7
2025-07-08,East,Widget Pro,236,6075.86,3306.51,8
2025-07-09,East,Widget Pro,239,5800.68,3419.42,7
2025-07-10,East,Widget Pro,208,5106.13,2822.52,5
2025-07-11,East,Widget Pro,268,6531.51,3688.33,4
2025-07-12,East,Widget Pro,178,4453.34,2568.41,4
2025-07-13,East,Widget Pro,145,3333.48,2040.98,6
2025-07-14,East,Widget Pro,172,4188.29,2421.55,8
2025-07-15,East,Widget Pro,175,4294.5,2329.67,7
2025-07-16,East,Widget Pro,220,5228.59,3075.2,6
2025-07-17,East,Widget Pro,156,3861.4,2140.55,4
2025-07-18,East,Widget Pro,203,5090.83,2793.06,12
2025-07-19,East,Widget Pro,136,3377.18,1852.46,5
2025-07-20,East,Widget Pro,125,3225.97,1747.61,7
2025-07-21,East,Widget Pro,161,3893.22,2156.15,9
2025-07-22,East,Widget Pro,195,4848.96,2731.65,7
2025-07-23,East,Widget Pro,224,5566.38,3078.76,5
2025-07-24,East,Widget Pro,172,4184.21,2295.78,8
2025-07-25,East,Widget Pro,30,759.99,379.08,4
2025-07-26,East,Widget Pro,274,6771.05,4017.72,10
2025-07-27,East,Widget Pro,189,4463.66,2744.74,7
2025-07-28,East,Widget Pro,228,5711.78,3063.55,6
2025-07-29,East,Widget Pro,258,6226.3,3735.11,4
2025-07-30,East,Widget Pro,195,4731.24,2590.12,5
2025-07-31,East,Widget Pro,187,4547.32,2577.8,7
2025-08-01,East,Widget Pro,244,6109.87,3325.43,11
2025-08-02,East,Widget Pro,195,4932.15,2692.11,7
2025-08-03,East,Widget Pro,170,4145.07,2456.9,8
2025-08-04,East,Widget Pro,223,5427.96,3059.27,8
2025-08-05,East,Widget Pro,152,3495.29,2091.86,12
2025-08-06,East,Widget Pro,181,4340.07,2628.17,6
2025-08-07,East,Widget Pro,257,6117.66,3609.1,10
2025-08-08,East,Widget Pro,218,5390.86,2961.69,6
2025-08-09,East,Widget Pro,116,2832.87,1643.54,6
2025-08-10,East,Widget Pro,137,3264.98,2013.2,7
2025-08-11,East,Widget Pro,247,6079.22,3640.57,7
2025-08-12,East,Widget Pro,203,4963.41,2653.77,8
2025-08-13,East,Widget Pro,52,1176.91,681.61,2
2025-08-14,East,Widget Pro,194,4910.98,2851.68,7
2025-08-15,East,Widget Pro,183,4619.47,2525.17,6
2025-08-16,East,Widget Pro,135,3283.89,1682.1,5
2025-08-17,East,Widget Pro,128,3169.17,1726.6,4
2025-08-18,East,Widget Pro,222,5385.93,3039.77,6
2025-08-19,East,Widget Pro,193,4500.9,2659.77,6
2025-08-20,East,Widget Pro,209,5452.88,3037.91,6
2025-08-21,East,Widget Pro,203,5085.37,2709.97,4
2025-08-22,East,Widget Pro,237,5970.35,3473.2,7
2025-08-23,East,Widget Pro,159,3862.25,2257.74,5
2025-08-24,East,Widget Pro,170,4305.69,2226.9,3
2025-08-25,East,Widget Pro,189,4440.15,2603.73,6
2025-08-26,East,Widget Pro,154,3745.21,2209.33,5
2025-08-27,East,Widget Pro,175,4382.66,2454.85,7
2025-08-28,East,Widget Pro,203,4879.98,2895.85,5
2025-08-29,East,Widget Pro,206,5184.89,2799.29,4
2025-08-30,East,Widget Pro,189,4672.7,2719.4,5
2025-08-31,East,Widget Pro,134,3303.65,1838.62,3
2025-09-01,East,Widget Pro,189,4530.47,2982.86,9
2025-09-02,East,Widget Pro,177,4389.11,2314.52,9
2025-09-03,East,Widget Pro,242,6272.74,3845.03,9
2025-09-04,East,Widget Pro,193,4753.37,2573.5,5
2025-09-05,East,Widget Pro,194,4832.28,2888.63,9
2025-09-06,East,Widget Pro,143,3577.44,2084.83,7
2025-09-07,East,Widget Pro,138,3264.92,1844.14,4
2025-09-08,East,Widget Pro,139,3391.96,2004.33,5
2025-09-09,East,Widget Pro,143,3486.37,1952.37,6
2025-09-10,East,Widget Pro,186,4266.5,2639.79,6
2025-09-11,East,Widget Pro,181,4539.46,2552.73,6
2025-09-12,East,Widget Pro,186,4429.61,2558.52,6
2025-09-13,East,Widget Pro,170,4249.92,2328.54,5
2025-09-14,East,Widget Pro,146,3495.66,2078.84,8
2025-09-15,East,Widget Pro,168,4368.16,2245.71,5
2025-09-16,East,Widget Pro,172,4178.78,2303.72,5
2025-09-17,East,Widget Pro,187,4845.55,2743.01,5
2025-09-18,East,Widget Pro,167,4070.3,2388.08,5
2025-09-19,East,Widget Pro,217,5307.97,2839.52,2
2025-09-20,East,Widget Pro,143,3668.16,1901.57,3
2025-09-21,East,Widget Pro,150,3573.84,1875.67,10
2025-09-22,East,Widget Pro,154,3778.65,2254.06,2
2025-09-23,East,Widget Pro,216,5377.66,3128.11,5
2025-09-24,East,Widget Pro,231,5728.06,3057.95,6
2025-09-25,East,Widget Pro,299,7334.95,4321.97,7
2025-09-26,East,Widget Pro,192,4690.69,2954.85,5
2025-09-27,East,Widget Pro,140,3517.1,1809.14,8
2025-09-28,East,Widget Pro,150,3694.49,2035.41,5
2025-09-29,East,Widget Pro,194,4890.8,2503.99,7
2025-09-30,East,Widget Pro,119,2949.78,1745.01,7
2025-10-01,East,Widget Pro,205,5120.47,2856.22,7
2025-10-02,East,Widget Pro,218,5522.63,2991.25,4
2025-10-03,East,Widget Pro,223,5412.68,3157.5,5
2025-10-04,East,Widget Pro,121,3062.9,1646.83,3
2025-10-05,East,Widget Pro,142,3462.63,1948.08,4
2025-10-06,East,Widget Pro,163,3825.69,2313.35,4
2025-10-07,East,Widget Pro,127,3080.77,1723.76,1
2025-10-08,East,Widget Pro,160,3835.01,2187.47,4
2025-10-09,East,Widget Pro,148,3666.83,2055.78,6
2025-10-10,East,Widget Pro,191,4639.38,2686.21,1
2025-10-11,East,Widget Pro,107,2631.56,1543.06,2
2025-10-12,East,Widget Pro,121,3054.7,1743.4,6
2025-10-13,East,Widget Pro,164,4197.1,2123.85,6
2025-10-14,East,Widget Pro,207,5116.03,3102.01,2
2025-10-15,East,Widget Pro,297,7513.49,4170.29,4
2025-10-16,East,Widget Pro,191,4654.63,2629.66,3
2025-10-17,East,Widget Pro,150,3502.66,2005.13,6
2025-10-18,East,Widget Pro,128,3025.05,1970.23,2
2025-10-19,East,Widget Pro,163,3970.05,2551.26,3
2025-10-20,East,Widget Pro,142,3562.04,2173.5,6
2025-10-21,East,Widget Pro,221,5383.17,3112.78,1
2025-10-22,East,Widget Pro,191,4845.98,2720.01,2
2025-10-23,East,Widget Pro,178,4600.63,2677.78,3
2025-10-24,East,Widget Pro,135,3219.36,1867.25,6
2025-10-25,East,Widget Pro,172,4482.62,2473.17,1
2025-10-26,East,Widget Pro,128,2982.2,1812.36,2
2025-10-27,East,Widget Pro,188,4861.47,2884.51,4
2025-10-28,East,Widget Pro,178,4356.61,2670.97,5
2025-10-29,East,Widget Pro,138,3357.38,1918.67,4
2025-10-30,East,Widget Pro,359,8793.38,5409.25,3
2025-10-31,East,Widget Pro,148,3538.98,2071.6,3
2025-11-01,East,Widget Pro,131,3354.08,1783.95,1
2025-11-02,East,Widget Pro,160,3838.62,2208.04,3
2025-11-03,East,Widget Pro,210,5057.87,2961.67,6
2025-11-04,East,Widget Pro,185,4344.96,2488.34,1
2025-11-05,East,Widget Pro,159,3810.11,2168.39,1
2025-11-06,East,Widget Pro,166,3981.56,2156.28,2
2025-11-07,East,Widget Pro,166,3973.37,2228.43,2
2025-11-08,East,Widget Pro,102,2485.83,1444.75,7
2025-11-09,East,Widget Pro,152,3599.46,2238.88,1
2025-11-10,East,Widget Pro,139,3568.4,2034.94,1
2025-11-11,East,Widget Pro,191,4658.05,2731.47,5
2025-11-12,East,Widget Pro,145,3592.36,1874.78,2
2025-11-13,East,Widget Pro,152,3820.28,2036.39,5
2025-11-14,East,Widget Pro,214,5561.5,2966.42,3
2025-11-15,East,Widget Pro,153,3850.82,2245.12,4
2025-11-16,East,Widget Pro,109,2650.65,1483.51,1
2025-11-17,East,Widget Pro,173,4102.1,2274.29,4
2025-11-18,East,Widget Pro,201,4974.45,3017.77,4
2025-11-19,East,Widget Pro,172,4348.3,2319.51,3
2025-11-20,East,Widget Pro,181,4453.38,2391.1,1
2025-11-21,East,Widget Pro,201,4934.13,2845.99,4
2025-11-22,East,Widget Pro,156,3846.48,2178.53,5
2025-11-23,East,Widget Pro,130,3006.34,1774.49,2
2025-11-24,East,Widget Pro,195,4798.49,2730.05,2
2025-11-25,East,Widget Pro,185,4632.07,2470.09,5
2025-11-26,East,Widget Pro,266,6508.07,3628.74,7
2025-11-27,East,Widget Pro,192,4862.55,2683.14,5
2025-11-28,East,Widget Pro,201,5095.41,2527.56,4
2025-11-29,East,Widget Pro,165,3981.39,2420.31,3
2025-11-30,East,Widget Pro,149,3698.88,1942.81,4
2025-12-01,East,Widget Pro,174,4268.47,2321.65,1
2025-12-02,East,Widget Pro,215,4946.94,3160.52,3
2025-12-03,East,Widget Pro,216,5262.28,3110.08,6
2025-12-04,East,Widget Pro,290,6885.26,4077.73,4
2025-12-05,East,Widget Pro,229,5633.05,2932.18,3
2025-12-06,East,Widget Pro,184,4600.34,2497.99,3
2025-12-07,East,Widget Pro,183,4454.23,2534.31,4
2025-12-08,East,Widget Pro,178,4243.25,2474.12,2
2025-12-09,East,Widget Pro,161,3972.19,2382.64,2
2025-12-10,East,Widget Pro,169,4444.04,2601.92,7
2025-12-11,East,Widget Pro,230,5267.77,3318.99,2
2025-12-12,East,Widget Pro,263,6488.5,3583.62,3
2025-12-13,East,Widget Pro,187,4506.76,2776.97,5
2025-12-14,East,Widget Pro,159,3845.71,2160.38,4
2025-12-15,East,Widget Pro,278,6789.61,3381.43,5
2025-12-16,East,Widget Pro,190,4606.95,2493.81,6
2025-12-17,East,Widget Pro,168,4190.31,2073.06,2
2025-12-18,East,Widget Pro,217,5277.94,2979.7,6
2025-12-19,East,Widget Pro,43,985.17,596.63,4
2025-12-20,East,Widget Pro,143,3638.0,1842.57,4
2025-12-21,East,Widget Pro,123,3115.59,1648.46,9
2025-12-22,East,Widget Pro,211,5075.4,2743.33,2
2025-12-23,East,Widget Pro,242,5937.85,3366.49,6
2025-12-24,East,Widget Pro,40,1015.8,536.1,7
2025-12-25,East,Widget Pro,252,6365.36,3706.15,4
2025-12-26,East,Widget Pro,166,4232.61,2343.72,4
2025-12-27,East,Widget Pro,194,4806.4,2933.93,5
2025-12-28,East,Widget Pro,119,2982.81,1628.12,4
2025-12-29,East,Widget Pro,69,1761.95,1069.57,6
2025-12-30,East,Widget Pro,240,5819.44,3360.42,7
2024-01-01,East,Gadget Plus,119,7258.17,4207.28,4
2024-01-02,East,Gadget Plus,151,8656.1,4872.72,5
2024-01-03,East,Gadget Plus,165,10078.35,5319.72,5
2024-01-04,East,Gadget Plus,139,8207.18,4532.65,6
2024-01-05,East,Gadget Plus,142,8587.69,4342.29,5
2024-01-06,East,Gadget Plus,93,5918.84,3081.6,6
2024-01-07,East,Gadget Plus,65,3795.64,2244.93,6
2024-01-08,East,Gadget Plus,145,8424.79,4752.18,5
2024-01-09,East,Gadget Plus,151,9066.12,5396.96,7
2024-01-10,East,Gadget Plus,137,8581.82,4882.36,1
2024-01-11,East,Gadget Plus,155,9334.4,5423.38,5
2024-01-12,East,Gadget Plus,119,7137.64,3600.82,5
2024-01-13,East,Gadget Plus,116,6983.65,4164.57,6
2024-01-14,East,Gadget Plus,138,8017.06,4568.18,5
2024-01-15,East,Gadget Plus,150,9033.31,5446.7,7
2024-01-16,East,Gadget Plus,313,18527.75,10168.8,7
2024-01-17,East,Gadget Plus,70,4359.35,2328.61,3
2024-01-18,East,Gadget Plus,107,6562.74,3600.56,7
2024-01-19,East,Gadget Plus,153,8800.75,4886.56,4
2024-01-20,East,Gadget Plus,96,5701.56,2955.43,7
2024-01-21,East,Gadget Plus,88,5354.69,2594.59,5
2024-01-22,East,Gadget Plus,128,7441.43,4921.08,5
2024-01-23,East,Gadget Plus,186,10780.66,5711.14,3
2024-01-24,East,Gadget Plus,123,7265.59,3779.56,6
2024-01-25,East,Gadget Plus,99,5991.38,3411.35,4
2024-01-26,East,Gadget Plus,105,6485.2,3267.08,4
2024-01-27,East,Gadget Plus,119,7177.73,3665.67,7
2024-01-28,East,Gadget Plus,96,6175.18,2753.8,9
2024-01-29,East,Gadget Plus,95,5574.97,3229.08,7
2024-01-30,East,Gadget Plus,107,6551.65,3392.72,4
2024-01-31,East,Gadget Plus,143,8280.69,4944.61,6
2024-02-01,East,Gadget Plus,160,10047.19,5339.68,8
2024-02-02,East,Gadget Plus,128,7979.89,4306.34,7
2024-02-03,East,Gadget Plus,125,7647.32,4092.56,7
2024-02-04,East,Gadget Plus,132,7494.93,4361.02,6
2024-02-05,East,Gadget Plus,122,7461.76,3904.15,6
2024-02-06,East,Gadget Plus,137,8004.64,4405.9,6
2024-02-07,East,Gadget Plus,126,7650.11,3989.9,8
2024-02-08,East,Gadget Plus,155,8879.33,5585.57,8
2024-02-09,East,Gadget Plus,224,13526.28,7355.37,6
2024-02-10,East,Gadget Plus,91,5393.08,2703.29,8
2024-02-11,East,Gadget Plus,115,6727.67,3902.34,4
2024-02-12,East,Gadget Plus,174,10607.89,5594.75,7
2024-02-13,East,Gadget Plus,156,9330.02,5214.38,4
2024-02-14,East,Gadget Plus,171,10179.92,5651.29,5
2024-02-15,East,Gadget Plus,169,10346.98,6083.33,4
2024-02-16,East,Gadget Plus,144,9118.28,4731.47,6
2024-02-17,East,Gadget Plus,103,6220.72,3591.29,8
2024-02-18,East,Gadget Plus,98,5552.16,3399.63,7
2024-02-19,East,Gadget Plus,108,6166.78,3370.79,6
2024-02-20,East,Gadget Plus,179,10744.27,6052.79,7
2024-02-21,East,Gadget Plus,136,8397.26,4383.25,3
2024-02-22,East,Gadget Plus,107,6435.2,3367.88,8
2024-02-23,East,Gadget Plus,181,11008.29,5698.26,2
2024-02-24,East,Gadget Plus,118,7055.73,4115.33,5
2024-02-25,East,Gadget Plus,139,8566.42,5271.86,7
2024-02-26,East,Gadget Plus,139,8480.12,4469.0,8
2024-02-27,East,Gadget Plus,127,7374.61,4300.39,7
2024-02-28,East,Gadget Plus,159,9652.05,5409.17,7
2024-02-29,East,Gadget Plus,161,9197.59,5250.58,10
2024-03-01,East,Gadget Plus,140,8498.71,5020.08,11
2024-03-02,East,Gadget Plus,149,8849.46,5539.8,7
2024-03-03,East,Gadget Plus,140,8426.43,4549.84,6
2024-03-04,East,Gadget Plus,163,9858.61,5934.03,6
2024-03-05,East,Gadget Plus,121,7309.14,3942.7,5
2024-03-06,East,Gadget Plus,118,7368.77,3761.23,7
2024-03-07,East,Gadget Plus,184,11032.87,6121.06,9
2024-03-08,East,Gadget Plus,100,6023.95,3495.56,1
2024-03-09,East,Gadget Plus,117,7287.89,3899.08,6
2024-03-10,East,Gadget Plus,122,7723.64,4237.77,9
2024-03-11,East,Gadget Plus,136,8142.07,4607.61,7
2024-03-12,East,Gadget Plus,148,8729.01,5293.37,7
2024-03-13,East,Gadget Plus,161,9510.09,5536.6,3
2024-03-14,East,Gadget Plus,134,8135.13,4832.53,8
2024-03-15,East,Gadget Plus,175,10418.54,5611.12,8
2024-03-16,East,Gadget Plus,133,7548.63,4410.18,6
2024-03-17,East,Gadget Plus,116,7182.5,3885.7,5
2024-03-18,East,Gadget Plus,129,7916.12,4137.0,7
2024-03-19,East,Gadget Plus,148,9170.16,4708.34,4
2024-03-20,East,Gadget Plus,220,13709.39,7510.81,3
2024-03-21,East,Gadget Plus,131,7891.77,4534.47,7
2024-03-22,East,Gadget Plus,198,11952.91,6670.36,8
2024-03-23,East,Gadget Plus,88,5430.39,3104.1,4
2024-03-24,East,Gadget Plus,103,5944.81,3260.15,3
2024-03-25,East,Gadget Plus,137,8119.52,4499.76,4
2024-03-26,East,Gadget Plus,179,10703.02,5642.75,6
2024-03-27,East,Gadget Plus,152,9356.62,5127.49,3
2024-03-28,East,Gadget Plus,191,11256.04,6554.58,8
2024-03-29,East,Gadget Plus,142,8324.08,5076.16,4
2024-03-30,East,Gadget Plus,120,7095.07,3783.37,6
2024-03-31,East,Gadget Plus,114,6924.81,3890.11,4
2024-04-01,East,Gadget Plus,218,13031.45,7827.4,6
2024-04-02,East,Gadget Plus,124,7104.34,3945.95,6
2024-04-03,East,Gadget Plus,138,7955.33,4337.24,1
2024-04-04,East,Gadget Plus,318,19126.26,9867.63,3
2024-04-05,East,Gadget Plus,168,10114.49,5803.73,4
2024-04-06,East,Gadget Plus,99,5935.01,3196.2,4
2024-04-07,East,Gadget Plus,168,9921.09,5762.52,6
2024-04-08,East,Gadget Plus,154,9442.57,5103.24,3
2024-04-09,East,Gadget Plus,163,9871.78,5952.19,6
2024-04-10,East,Gadget Plus,165,9982.8,5745.25,5
2024-04-11,East,Gadget Plus,151,9145.41,4855.2,4
2024-04-12,East,Gadget Plus,155,9729.44,5114.07,6
2024-04-13,East,Gadget Plus,123,7141.3,4282.82,1
2024-04-14,East,Gadget Plus,133,7866.06,4217.43,4
2024-04-15,East,Gadget Plus,131,7767.72,4647.9,2
2024-04-16,East,Gadget Plus,127,7894.32,4201.27,4
2024-04-17,East,Gadget Plus,175,10364.96,6099.61,3
2024-04-18,East,Gadget Plus,151,8829.87,5008.9,4
2024-04-19,East,Gadget Plus,105,6269.54,3425.37,4
2024-04-20,East,Gadget Plus,111,6669.76,3590.68,4
2024-04-21,East,Gadget Plus,21,1303.05,764.44,4
2024-04-22,East,Gadget Plus,147,8705.0,4851.83,5
2024-04-23,East,Gadget Plus,137,8037.06,5296.42,1
2024-04-24,East,Gadget Plus,115,6700.48,3881.75,5
2024-04-25,East,Gadget Plus,136,8062.26,4362.19,1
2024-04-26,East,Gadget Plus,122,7869.84,3763.05,1
2024-04-27,East,Gadget Plus,130,7876.34,4623.44,7
2024-04-28,East,Gadget Plus,121,7377.99,4014.24,1
2024-04-29,East,Gadget Plus,141,8445.83,4917.8,2
2024-04-30,East,Gadget Plus,131,7879.24,4898.07,1
2024-05-01,East,Gadget Plus,198,12140.05,6854.82,2
2024-05-02,East,Gadget Plus,132,8040.27,4496.58,4
2024-05-03,East,Gadget Plus,132,7989.62,4693.14,4
2024-05-04,East,Gadget Plus,115,6891.83,4007.39,1
2024-05-05,East,Gadget Plus,118,6993.49,3703.42,2
2024-05-06,East,Gadget Plus,163,9887.99,5824.35,4
2024-05-07,East,Gadget Plus,177,10628.88,5915.87,4
2024-05-08,East,Gadget Plus,174,11089.47,6278.23,3
2024-05-09,East,Gadget Plus,231,14273.01,7934.69,5
2024-05-10,East,Gadget Plus,110,6455.71,3904.54,3
2024-05-11,East,Gadget Plus,124,7166.99,4107.35,6
2024-05-12,East,Gadget Plus,108,6391.92,3343.52,2
2024-05-13,East,Gadget Plus,213,12344.08,7336.62,4
2024-05-14,East,Gadget Plus,153,9038.69,5375.84,4
2024-05-15,East,Gadget Plus,103,5990.24,3354.42,1
2024-05-16,East,Gadget Plus,160,9489.97,5305.51,4
2024-05-17,East,Gadget Plus,155,9196.73,4617.6,2
2024-05-18,East,Gadget Plus,135,8122.2,4487.38,1
2024-05-19,East,Gadget Plus,103,6131.41,3234.77,2
2024-05-20,East,Gadget Plus,156,9091.46,5361.15,3
2024-05-21,East,Gadget Plus,140,8691.64,4768.54,1
2024-05-22,East,Gadget Plus,130,7881.14,4358.31,3
2024-05-23,East,Gadget Plus,156,9191.77,5571.61,3
2024-05-24,East,Gadget Plus,150,8746.14,5085.54,5
2024-05-25,East,Gadget Plus,141,8074.14,4769.19,2
2024-05-26,East,Gadget Plus,117,6684.42,3982.53,6
2024-05-27,East,Gadget Plus,162,10008.73,5268.85,4
2024-05-28,East,Gadget Plus,117,7206.2,4113.79,3
2024-05-29,East,Gadget Plus,186,10946.12,5945.51,6
2024-05-30,East,Gadget Plus,126,7856.73,4310.22,7
2024-05-31,East,Gadget Plus,335,20437.79,11906.33,3
2024-06-01,East,Gadget Plus,121,7292.09,3845.46,2
2024-06-02,East,Gadget Plus,118,7250.97,3687.68,4
2024-06-03,East,Gadget Plus,165,10066.88,5238.93,1
2024-06-04,East,Gadget Plus,98,5897.26,3581.27,1
2024-06-05,East,Gadget Plus,129,7671.45,4189.84,6
2024-06-06,East,Gadget Plus,164,9792.01,5164.23,5
2024-06-07,East,Gadget Plus,202,11516.11,6890.96,2
2024-06-08,East,Gadget Plus,113,6606.1,3269.95,10
2024-06-09,East,Gadget Plus,73,4608.85,2328.78,1
2024-06-10,East,Gadget Plus,134,7827.35,4806.39,5
2024-06-11,East,Gadget Plus,140,7920.41,4465.97,2
2024-06-12,East,Gadget Plus,173,10643.73,5719.93,7
2024-06-13,East,Gadget Plus,142,8569.24,4826.96,3
2024-06-14,East,Gadget Plus,112,6770.16,3807.28,3
2024-06-15,East,Gadget Plus,134,7988.67,4369.48,1
2024-06-16,East,Gadget Plus,124,7630.54,4267.48,8
2024-06-17,East,Gadget Plus,123,7705.81,4418.46,3
2024-06-18,East,Gadget Plus,159,9375.11,5043.76,5
2024-06-19,East,Gadget Plus,126,7690.7,4118.76,4
2024-06-20,East,Gadget Plus,132,8172.11,4398.75,3
2024-06-21,East,Gadget Plus,126,7416.58,4368.7,1
2024-06-22,East,Gadget Plus,105,6574.33,3523.32,4
2024-06-23,East,Gadget Plus,130,8047.51,4327.31,4
2024-06-24,East,Gadget Plus,100,5766.81,3090.48,5
2024-06-25,East,Gadget Plus,168,10544.72,5309.16,9
2024-06-26,East,Gadget Plus,142,8202.25,4802.83,6
2024-06-27,East,Gadget Plus,128,7509.08,4177.83,7
2024-06-28,East,Gadget Plus,137,8374.61,4511.0,4
2024-06-29,East,Gadget Plus,93,5744.75,3105.86,2
2024-06-30,East,Gadget Plus,81,4866.26,3031.21,5
2024-07-01,East,Gadget Plus,116,6817.1,3789.34,4
2024-07-02,East,Gadget Plus,96,5705.53,3439.02,5
2024-07-03,East,Gadget Plus,106,6277.31,3784.27,4
2024-07-04,East,Gadget Plus,101,6202.58,3519.48,2
2024-07-05,East,Gadget Plus,168,9940.67,5389.53,8
2024-07-06,East,Gadget Plus,85,4991.93,2867.03,5
2024-07-07,East,Gadget Plus,106,6068.01,3481.67,5
2024-07-08,East,Gadget Plus,163,9589.64,6010.49,3
2024-07-09,East,Gadget Plus,155,9251.53,5299.12,5
2024-07-10,East,Gadget Plus,126,7291.45,4176.01,4
2024-07-11,East,Gadget Plus,126,7152.36,4597.71,3
2024-07-12,East,Gadget Plus,137,8447.56,4508.61,6
2024-07-13,East,Gadget Plus,154,8947.75,5301.29,5
2024-07-14,East,Gadget Plus,113,6502.83,3918.45,7
2024-07-15,East,Gadget Plus,46,2885.14,1567.77,5
2024-07-16,East,Gadget Plus,197,12100.77,6564.39,6
2024-07-17,East,Gadget Plus,138,8520.51,4816.59,6
2024-07-18,East,Gadget Plus,160,9729.26,5191.17,7
2024-07-19,East,Gadget Plus,142,8840.43,5021.89,5
2024-07-20,East,Gadget Plus,113,6948.08,3732.24,8
2024-07-21,East,Gadget Plus,87,5157.45,3109.45,4
2024-07-22,East,Gadget Plus,106,6146.53,3736.77,7
2024-07-23,East,Gadget Plus,118,6796.11,4061.57,4
2024-07-24,East,Gadget Plus,151,9006.99,5035.69,6
2024-07-25,East,Gadget Plus,149,8630.57,5266.7,8
2024-07-26,East,Gadget Plus,163,9530.05,5616.42,8
2024-07-27,East,Gadget Plus,102,6081.89,2867.46,9
2024-07-28,East,Gadget Plus,112,6990.14,3598.6,6
2024-07-29,East,Gadget Plus,140,8005.97,4729.57,9
2024-07-30,East,Gadget Plus,125,7494.18,4246.07,5
2024-07-31,East,Gadget Plus,120,6918.14,4162.14,6
2024-08-01,East,Gadget Plus,97,5713.32,3501.15,7
2024-08-02,East,Gadget Plus,123,7573.23,4241.37,9
2024-08-03,East,Gadget Plus,99,5779.18,2970.86,6
2024-08-04,East,Gadget Plus,123,7309.49,4161.22,8
2024-08-05,East,Gadget Plus,157,9444.09,5579.23,7
2024-08-06,East,Gadget Plus,129,7889.64,4345.61,8
2024-08-07,East,Gadget Plus,181,10663.69,6125.18,5
2024-08-08,East,Gadget Plus,129,8019.37,4214.7,6
2024-08-09,East,Gadget Plus,150,8865.01,5263.49,7
2024-08-10,East,Gadget Plus,98,5955.5,3225.03,8
2024-08-11,East,Gadget Plus,81,4824.26,2793.94,5
2024-08-12,East,Gadget Plus,115,7041.61,3935.05,4
2024-08-13,East,Gadget Plus,161,10230.49,5408.12,3
2024-08-14,East,Gadget Plus,118,7009.34,4048.68,8
2024-08-15,East,Gadget Plus,113,6765.45,3823.67,9
2024-08-16,East,Gadget Plus,123,7272.21,4383.66,3
2024-08-17,East,Gadget Plus,92,5413.93,3186.28,7
2024-08-18,East,Gadget Plus,122,7154.49,4299.47,6
2024-08-19,East,Gadget Plus,172,10297.04,5541.92,9
2024-08-20,East,Gadget Plus,122,7137.46,3918.08,7
2024-08-21,East,Gadget Plus,134,7846.81,4503.08,8
2024-08-22,East,Gadget Plus,145,7860.68,5039.52,6
2024-08-23,East,Gadget Plus,124,7736.21,4264.39,6
2024-08-24,East,Gadget Plus,83,5216.87,2676.06,8
2024-08-25,East,Gadget Plus,90,5495.92,3132.67,9
2024-08-26,East,Gadget Plus,130,7582.85,4218.29,4
2024-08-27,East,Gadget Plus,130,7491.84,4501.73,9
2024-08-28,East,Gadget Plus,87,4966.71,2956.26,5
2024-08-29,East,Gadget Plus,111,6776.39,3676.64,2
2024-08-30,East,Gadget Plus,105,6528.24,3423.23,7
2024-08-31,East,Gadget Plus,113,6802.43,3810.71,8
2024-09-01,East,Gadget Plus,85,5222.53,2859.32,4
2024-09-02,East,Gadget Plus,110,6676.93,3492.17,3
2024-09-03,East,Gadget Plus,238,13926.5,8213.02,5
2024-09-04,East,Gadget Plus,138,8516.53,4890.37,5
2024-09-05,East,Gadget Plus,142,8747.09,4961.69,9
2024-09-06,East,Gadget Plus,131,7613.73,4457.63,6
2024-09-07,East,Gadget Plus,117,7177.99,3831.32,8
2024-09-08,East,Gadget Plus,119,7096.54,4012.2,7
2024-09-09,East,Gadget Plus,86,5111.08,2862.06,9
2024-09-10,East,Gadget Plus,132,7999.45,4449.48,4
2024-09-11,East,Gadget Plus,111,6720.65,3892.61,6
2024-09-12,East,Gadget Plus,95,5842.21,3165.31,3
2024-09-13,East,Gadget Plus,112,6537.87,3407.32,8
2024-09-14,East,Gadget Plus,108,6578.97,3762.64,8
2024-09-15,East,Gadget Plus,123,7111.31,4202.33,8
2024-09-16,East,Gadget Plus,93,5540.83,3138.85,5
2024-09-17,East,Gadget Plus,133,7939.91,4193.88,3
2024-09-18,East,Gadget Plus,169,10417.7,5425.89,5
2024-09-19,East,Gadget Plus,165,9886.25,5329.78,4
2024-09-20,East,Gadget Plus,64,3803.49,2081.43,7
2024-09-21,East,Gadget Plus,140,8744.74,4575.07,5
2024-09-22,East,Gadget Plus,113,6681.59,3561.83,4
2024-09-23,East,Gadget Plus,78,4606.16,2894.11,10
2024-09-24,East,Gadget Plus,103,5822.38,3709.65,7
2024-09-25,East,Gadget Plus,149,8867.03,5060.67,7
2024-09-26,East,Gadget Plus,126,7334.63,4213.9,4
2024-09-27,East,Gadget Plus,107,6361.09,3911.86,3
2024-09-28,East,Gadget Plus,96,5791.8,3477.1,7
2024-09-29,East,Gadget Plus,105,6084.76,3387.37,8
2024-09-30,East,Gadget Plus,107,6251.06,3628.89,2
2024-10-01,East,Gadget Plus,116,6614.99,3850.56,4
2024-10-02,East,Gadget Plus,139,8198.76,4593.79,3
2024-10-03,East,Gadget Plus,105,6111.29,3488.4,6
2024-10-04,East,Gadget Plus,93,5929.04,3102.16,7
2024-10-05,East,Gadget Plus,85,5321.23,2877.5,4
2024-10-06,East,Gadget Plus,81,5047.21,2742.86,4
2024-10-07,East,Gadget Plus,38,2187.78,1364.54,1
2024-10-08,East,Gadget Plus,87,5183.57,2796.92,2
2024-10-09,East,Gadget Plus,124,7159.5,4354.83,7
2024-10-10,East,Gadget Plus,139,8786.41,4406.21,5
2024-10-11,East,Gadget Plus,103,6323.53,3491.36,6
2024-10-12,East,Gadget Plus,85,4930.72,2996.05,3
2024-10-13,East,Gadget Plus,92,5571.88,3169.69,3
2024-10-14,East,Gadget Plus,101,5780.82,3329.98,4
2024-10-15,East,Gadget Plus,143,8530.63,4858.72,4
2024-10-16,East,Gadget Plus,102,6077.62,3699.29,7
2024-10-17,East,Gadget Plus,109,6673.98,3543.47,2
2024-10-18,East,Gadget Plus,105,6475.89,3617.14,3
2024-10-19,East,Gadget Plus,115,6892.7,4038.4,2
2024-10-20,East,Gadget Plus,92,5473.77,3022.21,1
2024-10-21,East,Gadget Plus,173,9356.92,6298.37,5
2024-10-22,East,Gadget Plus,129,8089.22,4769.47,7
2024-10-23,East,Gadget Plus,149,8749.03,5264.54,5
2024-10-24,East,Gadget Plus,114,6849.53,4028.31,4
2024-10-25,East,Gadget Plus,102,6523.88,3121.65,7
2024-10-26,East,Gadget Plus,97,5602.17,3034.88,4
2024-10-27,East,Gadget Plus,86,5154.69,2868.84,5
2024-10-28,East,Gadget Plus,85,5167.39,2753.85,4
2024-10-29,East,Gadget Plus,146,9032.02,5044.06,4
2024-10-30,East,Gadget Plus,123,7367.97,3533.88,3
2024-10-31,East,Gadget Plus,108,6697.35,3730.05,5
2024-11-01,East,Gadget Plus,131,7749.06,4349.94,1
2024-11-02,East,Gadget Plus,99,6026.79,3226.66,4
2024-11-03,East,Gadget Plus,127,7701.77,4660.08,1
2024-11-04,East,Gadget Plus,133,7944.92,4386.87,4
2024-11-05,East,Gadget Plus,120,7257.76,3695.03,8
2024-11-06,East,Gadget Plus,140,8165.98,4797.16,4
2024-11-07,East,Gadget Plus,123,7301.69,4199.24,5
2024-11-08,East,Gadget Plus,129,7428.78,4283.92,5
2024-11-09,East,Gadget Plus,124,7329.21,4642.36,1
2024-11-10,East,Gadget Plus,81,5017.57,2742.01,3
2024-11-11,East,Gadget Plus,107,6490.14,3766.38,4
2024-11-12,East,Gadget Plus,116,7012.59,3948.77,1
2024-11-13,East,Gadget Plus,120,6843.22,4275.38,2
2024-11-14,East,Gadget Plus,155,9373.65,5106.6,3
2024-11-15,East,Gadget Plus,98,5859.14,3108.44,1
2024-11-16,East,Gadget Plus,101,6147.44,3513.04,1
2024-11-17,East,Gadget Plus,92,5739.48,3128.12,6
2024-11-18,East,Gadget Plus,173,10235.57,6025.94,1
2024-11-19,East,Gadget Plus,149,8840.6,4837.58,4
2024-11-20,East,Gadget Plus,133,8186.13,4562.47,5
2024-11-21,East,Gadget Plus,153,8998.8,4716.93,3
2024-11-22,East,Gadget Plus,101,6065.76,3302.33,6
2024-11-23,East,Gadget Plus,148,8334.2,4783.32,2
2024-11-24,East,Gadget Plus,89,5281.83,3055.44,1
2024-11-25,East,Gadget Plus,162,10083.71,5295.61,3
2024-11-26,East,Gadget Plus,143,8651.9,4461.67,3
2024-11-27,East,Gadget Plus,136,8366.21,4426.55,2
2024-11-28,East,Gadget Plus,162,9982.2,5589.4,3
2024-11-29,East,Gadget Plus,157,9784.96,5293.97,2
2024-11-30,East,Gadget Plus,107,6342.55,3450.96,2
2024-12-01,East,Gadget Plus,98,6036.14,3420.76,1
2024-12-02,East,Gadget Plus,135,8631.76,4876.48,4
2024-12-03,East,Gadget Plus,130,7780.85,4552.9,2
2024-12-04,East,Gadget Plus,141,8111.53,4178.53,1
2024-12-05,East,Gadget Plus,160,9412.94,5423.56,2
2024-12-06,East,Gadget Plus,145,8807.53,4823.05,4
2024-12-07,East,Gadget Plus,111,6317.44,3340.0,5
2024-12-08,East,Gadget Plus,95,5560.4,2977.16,5
2024-12-09,East,Gadget Plus,143,8480.96,4981.9,4
2024-12-10,East,Gadget Plus,99,5949.64,3347.29,5
2024-12-11,East,Gadget Plus,117,7386.01,3935.3,4
2024-12-12,East,Gadget Plus,319,19502.38,10339.14,5
2024-12-13,East,Gadget Plus,160,9263.74,5650.05,5
2024-12-14,East,Gadget Plus,109,7286.66,3426.97,3
2024-12-15,East,Gadget Plus,113,6765.35,3617.44,2
2024-12-16,East,Gadget Plus,258,14675.11,8505.68,7
2024-12-17,East,Gadget Plus,156,9053.31,4827.33,5
2024-12-18,East,Gadget Plus,133,7719.94,4259.09,7
2024-12-19,East,Gadget Plus,116,6667.41,4092.26,2
2024-12-20,East,Gadget Plus,149,9062.45,4780.79,4
2024-12-21,East,Gadget Plus,158,8706.99,5499.66,2
2024-12-22,East,Gadget Plus,95,5858.18,3283.54,6
2024-12-23,East,Gadget Plus,297,18224.96,9865.71,4
2024-12-24,East,Gadget Plus,131,7739.44,4077.15,4
2024-12-25,East,Gadget Plus,218,13416.93,7326.16,9
2024-12-26,East,Gadget Plus,119,6894.42,3565.76,6
2024-12-27,East,Gadget Plus,138,8057.32,4500.74,6
2024-12-28,East,Gadget Plus,106,6454.08,3594.19,3
2024-12-29,East,Gadget Plus,91,5416.63,3181.04,1
2024-12-30,East,Gadget Plus,113,6641.77,3756.78,7
2024-12-31,East,Gadget Plus,159,9491.66,5164.58,1
2025-01-01,East,Gadget Plus,163,10149.98,5272.65,4
2025-01-02,East,Gadget Plus,130,8086.02,4253.03,4
2025-01-03,East,Gadget Plus,186,11283.83,6425.45,4
2025-01-04,East,Gadget Plus,77,4563.12,2624.65,5
2025-01-05,East,Gadget Plus,93,5657.84,3112.07,4
2025-01-06,East,Gadget Plus,126,7352.12,4353.97,3
2025-01-07,East,Gadget Plus,146,9052.09,4891.13,6
2025-01-08,East,Gadget Plus,135,8317.07,4220.66,8
2025-01-09,East,Gadget Plus,142,8998.69,4492.91,2
2025-01-10,East,Gadget Plus,161,9411.82,5555.76,6
2025-01-11,East,Gadget Plus,154,8968.26,4804.58,7
2025-01-12,East,Gadget Plus,137,8342.03,4502.08,7
2025-01-13,East,Gadget Plus,150,8911.21,4996.32,6
2025-01-14,East,Gadget Plus,147,9069.28,4670.06,5
2025-01-15,East,Gadget Plus,374,23288.2,11484.24,8
2025-01-16,East,Gadget Plus,210,13221.59,6621.77,7
2025-01-17,East,Gadget Plus,169,10140.84,5149.21,3
2025-01-18,East,Gadget Plus,110,6763.03,3797.69,6
2025-01-19,East,Gadget Plus,127,7489.32,4339.05,7
2025-01-20,East,Gadget Plus,168,10128.78,5414.24,4
2025-01-21,East,Gadget Plus,137,8193.14,4275.73,6
2025-01-22,East,Gadget Plus,178,10628.05,6310.73,8
2025-01-23,East,Gadget Plus,160,10108.41,5478.01,5
2025-01-24,East,Gadget Plus,189,10865.29,6134.9,7
2025-01-25,East,Gadget Plus,103,6168.78,3655.31,5
2025-01-26,East,Gadget Plus,90,5399.7,3035.74,4
2025-01-27,East,Gadget Plus,144,8792.07,4900.71,8
2025-01-28,East,Gadget Plus,155,8978.9,4921.98,9
2025-01-29,East,Gadget Plus,112,6648.63,3467.55,4
2025-01-30,East,Gadget Plus,19,1117.76,586.53,9
2025-01-31,East,Gadget Plus,196,10947.25,7249.86,7
2025-02-01,East,Gadget Plus,137,8492.49,4399.59,2
2025-02-02,East,Gadget Plus,128,7329.09,4301.97,4
2025-02-03,East,Gadget Plus,130,7412.47,4455.08,8
2025-02-04,East,Gadget Plus,197,12135.77,6592.63,4
2025-02-05,East,Gadget Plus,146,8657.55,4853.28,6
2025-02-06,East,Gadget Plus,161,9557.02,5345.89,7
2025-02-07,East,Gadget Plus,170,10097.09,5831.66,8
2025-02-08,East,Gadget Plus,131,8099.81,4160.34,7
2025-02-09,East,Gadget Plus,166,9778.79,5438.51,10
2025-02-10,East,Gadget Plus,177,10791.57,5246.5,5
2025-02-11,East,Gadget Plus,170,9834.38,5164.5,7
2025-02-12,East,Gadget Plus,157,9497.42,4918.15,8
2025-02-13,East,Gadget Plus,173,10643.33,6042.89,8
2025-02-14,East,Gadget Plus,155,9675.87,5121.7,9
2025-02-15,East,Gadget Plus,133,7596.46,4610.86,6
2025-02-16,East,Gadget Plus,121,7183.39,4131.51,8
2025-02-17,East,Gadget Plus,148,9290.29,5022.48,5
2025-02-18,East,Gadget Plus,59,3631.84,1883.2,7
2025-02-19,East,Gadget Plus,154,9169.53,5178.33,8
2025-02-20,East,Gadget Plus,346,20727.77,11738.48,9
2025-02-21,East,Gadget Plus,226,13658.03,8404.07,8
2025-02-22,East,Gadget Plus,156,9239.84,5135.59,7
2025-02-23,East,Gadget Plus,127,7732.17,4410.26,7
2025-02-24,East,Gadget Plus,152,9238.78,5060.46,8
2025-02-25,East,Gadget Plus,183,10595.1,5915.24,11
2025-02-26,East,Gadget Plus,233,13751.63,8144.86,8
2025-02-27,East,Gadget Plus,190,11225.96,6967.0,7
2025-02-28,East,Gadget Plus,121,7192.34,4106.6,4
2025-03-01,East,Gadget Plus,154,9299.29,4982.81,5
2025-03-02,East,Gadget Plus,159,9575.67,5451.0,6
2025-03-03,East,Gadget Plus,246,14417.22,8356.14,8
2025-03-04,East,Gadget Plus,158,9844.74,5879.6,5
2025-03-05,East,Gadget Plus,170,10184.54,5906.33,8
2025-03-06,East,Gadget Plus,180,11255.42,5748.52,7
2025-03-07,East,Gadget Plus,145,9060.76,5167.09,7
2025-03-08,East,Gadget Plus,114,6611.61,3967.05,6
2025-03-09,East,Gadget Plus,143,8439.7,5014.55,5
2025-03-10,East,Gadget Plus,126,7452.92,4314.89,4
2025-03-11,East,Gadget Plus,132,7981.12,4644.94,7
2025-03-12,East,Gadget Plus,194,11873.84,6642.18,6
2025-03-13,East,Gadget Plus,183,11010.02,6052.53,4
2025-03-14,East,Gadget Plus,210,12371.11,7082.21,6
2025-03-15,East,Gadget Plus,146,9178.72,4862.64,13
2025-03-16,East,Gadget Plus,135,7980.14,4599.7,5
2025-03-17,East,Gadget Plus,212,12981.41,7130.21,9
2025-03-18,East,Gadget Plus,156,9333.98,5143.8,1
2025-03-19,East,Gadget Plus,158,9445.7,5244.94,5
2025-03-20,East,Gadget Plus,166,10144.38,5560.0,7
2025-03-21,East,Gadget Plus,183,11469.12,5584.55,5
2025-03-22,East,Gadget Plus,133,8039.59,4683.72,4
2025-03-23,East,Gadget Plus,103,6079.22,3510.53,5
2025-03-24,East,Gadget Plus,161,10072.11,5228.6,7
2025-03-25,East,Gadget Plus,168,10212.29,5794.36,9
2025-03-26,East,Gadget Plus,173,10415.66,5648.26,7
2025-03-27,East,Gadget Plus,156,9632.49,5093.22,4
2025-03-28,East,Gadget Plus,185,11188.62,6313.59,4
2025-03-29,East,Gadget Plus,101,6495.83,3625.53,4
2025-03-30,East,Gadget Plus,146,8745.89,4959.44,3
2025-03-31,East,Gadget Plus,234,14500.03,7534.9,4
2025-04-01,East,Gadget Plus,152,9225.53,5002.43,4
2025-04-02,East,Gadget Plus,171,10377.7,5971.69,2
2025-04-03,East,Gadget Plus,162,9598.39,5536.7,6
2025-04-04,East,Gadget Plus,163,9659.1,5722.46,5
2025-04-05,East,Gadget Plus,113,6869.55,3859.97,3
2025-04-06,East,Gadget Plus,194,11317.91,6749.48,5
2025-04-07,East,Gadget Plus,182,10713.56,6710.66,2
2025-04-08,East,Gadget Plus,150,8989.12,4685.23,3
2025-04-09,East,Gadget Plus,147,9132.96,5517.2,5
2025-04-10,East,Gadget Plus,172,10327.69,6031.8,5
2025-04-11,East,Gadget Plus,115,6901.87,4358.14,3
2025-04-12,East,Gadget Plus,58,3363.86,1847.48,5
2025-04-13,East,Gadget Plus,124,7805.45,4233.44,4
2025-04-14,East,Gadget Plus,182,11263.89,6145.59,2
2025-04-15,East,Gadget Plus,183,11362.8,6401.33,3
2025-04-16,East,Gadget Plus,202,11572.5,6925.94,5
2025-04-17,East,Gadget Plus,185,11198.37,6308.35,4
2025-04-18,East,Gadget Plus,194,11293.51,6752.11,1
2025-04-19,East,Gadget Plus,163,9989.72,5431.34,4
2025-04-20,East,Gadget Plus,128,7741.19,4177.41,4
2025-04-21,East,Gadget Plus,249,15147.25,8530.54,1
2025-04-22,East,Gadget Plus,180,10550.21,5873.88,2
2025-04-23,East,Gadget Plus,168,9749.28,5592.68,4
2025-04-24,East,Gadget Plus,145,8518.55,4507.49,6
2025-04-25,East,Gadget Plus,163,9853.86,5475.77,1
2025-04-26,East,Gadget Plus,145,8622.38,4631.96,5
2025-04-27,East,Gadget Plus,137,8268.63,4581.93,1
2025-04-28,East,Gadget Plus,234,13586.02,7413.33,6
2025-04-29,East,Gadget Plus,157,9402.46,5254.42,3
2025-04-30,East,Gadget Plus,190,11857.33,6651.33,2
2025-05-01,East,Gadget Plus,137,8288.12,4452.77,4
2025-05-02,East,Gadget Plus,249,15091.8,7952.25,1
2025-05-03,East,Gadget Plus,108,6547.4,3759.4,4
2025-05-04,East,Gadget Plus,195,11501.11,6830.8,3
2025-05-05,East,Gadget Plus,164,10304.49,5610.45,1
2025-05-06,East,Gadget Plus,112,6780.66,3664.68,1
2025-05-07,East,Gadget Plus,213,12826.53,6910.84,3
2025-05-08,East,Gadget Plus,170,10392.86,5600.61,5
2025-05-09,East,Gadget Plus,154,9484.93,5143.74,4
2025-05-10,East,Gadget Plus,150,8649.25,4591.49,5
2025-05-11,East,Gadget Plus,150,9000.19,4777.98,1
2025-05-12,East,Gadget Plus,179,11441.08,6371.54,4
2025-05-13,East,Gadget Plus,204,12826.42,6904.88,4
2025-05-14,East,Gadget Plus,174,10389.33,6186.6,1
2025-05-15,East,Gadget Plus,186,11384.73,6547.43,5
2025-05-16,East,Gadget Plus,151,8956.28,4979.47,4
2025-05-17,East,Gadget Plus,152,9201.4,5016.29,2
2025-05-18,East,Gadget Plus,120,7089.17,4214.28,2
2025-05-19,East,Gadget Plus,135,7971.2,4694.05,1
2025-05-20,East,Gadget Plus,159,9354.99,5589.47,4
2025-05-21,East,Gadget Plus,156,9816.01,5222.47,4
2025-05-22,East,Gadget Plus,194,11453.11,6545.33,4
2025-05-23,East,Gadget Plus,126,7805.92,4167.06,3
2025-05-24,East,Gadget Plus,159,9400.76,5312.26,4
2025-05-25,East,Gadget Plus,117,6893.47,3785.13,3
2025-05-26,East,Gadget Plus,105,6362.97,3504.35,5
2025-05-27,East,Gadget Plus,131,7541.17,4353.39,5
2025-05-28,East,Gadget Plus,154,9408.54,5040.67,4
2025-05-29,East,Gadget Plus,176,10499.35,6129.23,3
2025-05-30,East,Gadget Plus,158,9307.83,4919.78,1
2025-05-31,East,Gadget Plus,104,6086.54,3542.78,1
2025-06-01,East,Gadget Plus,112,7105.56,3579.09,3
2025-06-02,East,Gadget Plus,130,7778.98,4170.38,6
2025-06-03,East,Gadget Plus,169,10099.87,5445.76,2
2025-06-04,East,Gadget Plus,158,9712.05,5417.61,2
2025-06-05,East,Gadget Plus,179,10451.37,5319.6,2
2025-06-06,East,Gadget Plus,116,7184.85,3918.78,1
2025-06-07,East,Gadget Plus,116,6940.95,3894.83,2
2025-06-08,East,Gadget Plus,184,10564.06,5865.0,4
2025-06-09,East,Gadget Plus,179,10551.46,6051.13,3
2025-06-10,East,Gadget Plus,151,8747.73,4751.64,3
2025-06-11,East,Gadget Plus,133,7986.1,4445.75,3
2025-06-12,East,Gadget Plus,193,11285.47,6061.09,5
2025-06-13,East,Gadget Plus,208,12121.42,7682.34,5
2025-06-14,East,Gadget Plus,102,6163.36,3564.17,1
2025-06-15,East,Gadget Plus,104,6237.81,3526.93,3
2025-06-16,East,Gadget Plus,165,10242.02,5263.51,4
2025-06-17,East,Gadget Plus,167,10352.87,5517.43,5
2025-06-18,East,Gadget Plus,170,10201.75,5628.31,5
2025-06-19,East,Gadget Plus,217,13193.14,7357.42,6
2025-06-20,East,Gadget Plus,131,7515.56,4475.95,2
2025-06-21,East,Gadget Plus,125,7643.85,4234.58,6
2025-06-22,East,Gadget Plus,141,8549.96,4804.34,9
2025-06-23,East,Gadget Plus,176,10844.15,5845.93,5
2025-06-24,East,Gadget Plus,137,8130.91,4668.09,5
2025-06-25,East,Gadget Plus,138,8192.42,4475.54,6
2025-06-26,East,Gadget Plus,141,8372.1,4472.33,4
2025-06-27,East,Gadget Plus,208,12995.41,7611.8,3
2025-06-28,East,Gadget Plus,102,6161.66,3488.07,5
2025-06-29,East,Gadget Plus,115,6579.35,4200.4,2
2025-06-30,East,Gadget Plus,175,10685.14,5781.97,6
2025-07-01,East,Gadget Plus,125,7383.43,4692.24,7
2025-07-02,East,Gadget Plus,159,9833.99,5347.7,2
2025-07-03,East,Gadget Plus,107,6512.89,3789.88,6
2025-07-04,East,Gadget Plus,156,9692.14,5234.58,5
2025-07-05,East,Gadget Plus,121,7473.79,4086.93,9
2025-07-06,East,Gadget Plus,124,7636.47,4130.07,8
2025-07-07,East,Gadget Plus,128,7928.15,4182.34,8
2025-07-08,East,Gadget Plus,156,9572.89,5482.14,8
2025-07-09,East,Gadget Plus,148,8680.67,4955.8,5
2025-07-10,East,Gadget Plus,25,1446.12,872.27,7
2025-07-11,East,Gadget Plus,166,9695.73,5812.3,6
2025-07-12,East,Gadget Plus,91,5570.39,3264.08,4
2025-07-13,East,Gadget Plus,102,5702.26,3488.96,6
2025-07-14,East,Gadget Plus,132,7903.15,4087.92,6
2025-07-15,East,Gadget Plus,47,2792.85,1549.29,6
2025-07-16,East,Gadget Plus,142,8818.09,4751.01,6
2025-07-17,East,Gadget Plus,142,8475.89,4759.95,7
2025-07-18,East,Gadget Plus,242,14335.54,8641.41,8
2025-07-19,East,Gadget Plus,106,6600.08,3752.74,5
2025-07-20,East,Gadget Plus,149,8900.49,4955.33,4
2025-07-21,East,Gadget Plus,141,8381.69,5297.43,8
2025-07-22,East,Gadget Plus,98,5784.04,3225.74,8
2025-07-23,East,Gadget Plus,149,9001.58,4924.69,7
2025-07-24,East,Gadget Plus,176,10437.56,5573.96,4
2025-07-25,East,Gadget Plus,161,9549.04,4973.03,7
2025-07-26,East,Gadget Plus,120,7500.73,3782.81,7
2025-07-27,East,Gadget Plus,115,6898.6,4047.73,5
2025-07-28,East,Gadget Plus,130,7682.29,4516.46,5
2025-07-29,East,Gadget Plus,167,9704.67,5347.35,7
2025-07-30,East,Gadget Plus,131,7893.63,4410.42,9
2025-07-31,East,Gadget Plus,126,7420.66,4391.21,7
2025-08-01,East,Gadget Plus,152,9004.19,4574.3,6
2025-08-02,East,Gadget Plus,107,6245.57,3902.12,7
2025-08-03,East,Gadget Plus,142,8556.04,5007.35,6
2025-08-04,East,Gadget Plus,153,8806.36,5333.21,6
2025-08-05,East,Gadget Plus,266,16130.08,9446.59,8
2025-08-06,East,Gadget Plus,114,6716.65,3429.17,3
2025-08-07,East,Gadget Plus,126,7709.66,4174.87,10
2025-08-08,East,Gadget Plus,212,12883.67,7548.85,11
2025-08-09,East,Gadget Plus,107,6429.3,3583.24,7
2025-08-10,East,Gadget Plus,127,7800.41,4412.49,5
2025-08-11,East,Gadget Plus,110,6896.76,3951.83,9
2025-08-12,East,Gadget Plus,114,7088.46,3953.36,8
2025-08-13,East,Gadget Plus,133,7653.4,4398.09,6
2025-08-14,East,Gadget Plus,187,10997.87,6444.83,5
2025-08-15,East,Gadget Plus,109,6434.5,3346.42,6
2025-08-16,East,Gadget Plus,98,5982.66,3363.49,7
2025-08-17,East,Gadget Plus,129,7606.04,4483.48,9
2025-08-18,East,Gadget Plus,182,10718.16,6143.02,7
2025-08-19,East,Gadget Plus,148,8669.94,5245.94,8
2025-08-20,East,Gadget Plus,154,9307.31,5230.87,6
2025-08-21,East,Gadget Plus,116,7080.7,3914.55,9
2025-08-22,East,Gadget Plus,107,6176.33,3912.9,6
2025-08-23,East,Gadget Plus,88,5189.88,2806.81,10
2025-08-24,East,Gadget Plus,93,5254.0,3332.36,5
2025-08-25,East,Gadget Plus,141,7839.9,5033.59,7
2025-08-26,East,Gadget Plus,108,6563.26,3770.91,11
2025-08-27,East,Gadget Plus,141,8525.82,4627.96,9
2025-08-28,East,Gadget Plus,127,7646.65,4327.4,8
2025-08-29,East,Gadget Plus,122,7655.72,3922.64,7
2025-08-30,East,Gadget Plus,126,7167.98,4102.37,7
2025-08-31,East,Gadget Plus,90,5054.58,3034.81,6
2025-09-01,East,Gadget Plus,174,10071.36,5571.47,5
2025-09-02,East,Gadget Plus,155,8694.11,5131.92,3
2025-09-03,East,Gadget Plus,112,6585.35,3545.26,8
2025-09-04,East,Gadget Plus,166,10117.27,5742.55,3
2025-09-05,East,Gadget Plus,109,6587.19,3949.98,7
2025-09-06,East,Gadget Plus,135,8335.77,5019.28,5
2025-09-07,East,Gadget Plus,113,6843.99,3589.88,4
2025-09-08,East,Gadget Plus,100,5917.39,3206.31,9
2025-09-09,East,Gadget Plus,105,6190.26,3508.71,3
2025-09-10,East,Gadget Plus,123,7464.39,4289.92,4
2025-09-11,East,Gadget Plus,155,8858.3,5168.62,5
2025-09-12,East,Gadget Plus,129,6990.47,4554.33,6
2025-09-13,East,Gadget Plus,102,6181.33,3527.39,4
2025-09-14,East,Gadget Plus,107,6454.35,3288.09,8
2025-09-15,East,Gadget Plus,92,5770.24,3108.11,3
2025-09-16,East,Gadget Plus,153,9356.18,4837.17,14
2025-09-17,East,Gadget Plus,168,10156.54,5500.99,3
2025-09-18,East,Gadget Plus,152,9019.54,5016.06,11
2025-09-19,East,Gadget Plus,122,7129.97,4261.67,7
2025-09-20,East,Gadget Plus,90,5345.67,3027.64,5
2025-09-21,East,Gadget Plus,87,5360.62,2863.08,6
2025-09-22,East,Gadget Plus,108,6559.19,4017.6,4
2025-09-23,East,Gadget Plus,198,12192.6,6374.03,6
2025-09-24,East,Gadget Plus,130,7811.93,4442.18,3
2025-09-25,East,Gadget Plus,155,9033.95,5394.89,6
2025-09-26,East,Gadget Plus,154,9545.78,5231.21,5
2025-09-27,East,Gadget Plus,108,6676.88,3475.69,3
2025-09-28,East,Gadget Plus,89,5360.77,2856.62,5
2025-09-29,East,Gadget Plus,145,8830.37,5035.26,5
2025-09-30,East,Gadget Plus,204,12403.24,7229.14,3
2025-10-01,East,Gadget Plus,147,8681.57,4938.96,4
2025-10-02,East,Gadget Plus,110,6537.59,3462.7,5
2025-10-03,East,Gadget Plus,122,7108.37,4111.76,6
2025-10-04,East,Gadget Plus,98,5823.74,3549.87,4
2025-10-05,East,Gadget Plus,250,15438.11,8000.12,6
2025-10-06,East,Gadget Plus,85,5219.97,2818.06,6
2025-10-07,East,Gadget Plus,201,12241.62,6790.33,7
2025-10-08,East,Gadget Plus,115,7086.72,4083.46,5
2025-10-09,East,Gadget Plus,130,7701.66,4263.8,2
2025-10-10,East,Gadget Plus,143,8264.19,4932.99,6
2025-10-11,East,Gadget Plus,113,6736.84,4069.75,3
2025-10-12,East,Gadget Plus,124,7410.29,3869.24,5
2025-10-13,East,Gadget Plus,148,9044.92,4660.42,2
2025-10-14,East,Gadget Plus,192,11677.26,6437.45,2
2025-10-15,East,Gadget Plus,152,9380.83,5369.77,2
2025-10-16,East,Gadget Plus,131,7372.58,4485.81,1
2025-10-17,East,Gadget Plus,121,7074.38,4292.73,2
2025-10-18,East,Gadget Plus,96,5734.64,2960.08,1
2025-10-19,East,Gadget Plus,135,8202.79,4625.71,5
2025-10-20,East,Gadget Plus,184,11714.1,5320.7,1
2025-10-21,East,Gadget Plus,161,9361.15,5781.17,2
2025-10-22,East,Gadget Plus,76,4455.46,2711.42,3
2025-10-23,East,Gadget Plus,90,5322.54,2982.15,7
2025-10-24,East,Gadget Plus,135,7905.63,4025.23,2
2025-10-25,East,Gadget Plus,105,6121.9,3500.2,1
2025-10-26,East,Gadget Plus,108,6478.11,3839.96,1
2025-10-27,East,Gadget Plus,170,10483.49,5844.31,1
2025-10-28,East,Gadget Plus,168,10099.23,6179.38,2
2025-10-29,East,Gadget Plus,140,8169.71,4646.37,8
2025-10-30,East,Gadget Plus,103,6133.38,3819.79,5
2025-10-31,East,Gadget Plus,109,6325.67,3302.38,2
2025-11-01,East,Gadget Plus,111,6844.98,3597.77,7
2025-11-02,East,Gadget Plus,118,7380.15,3718.65,2
2025-11-03,East,Gadget Plus,110,6273.69,3840.83,2
2025-11-04,East,Gadget Plus,155,9348.29,4906.4,2
2025-11-05,East,Gadget Plus,100,5850.16,3536.96,5
2025-11-06,East,Gadget Plus,85,5101.1,2960.78,3
2025-11-07,East,Gadget Plus,118,7050.06,4010.23,6
2025-11-08,East,Gadget Plus,142,8163.6,4755.96,4
2025-11-09,East,Gadget Plus,146,9062.55,4659.98,5
2025-11-10,East,Gadget Plus,104,6201.25,3607.5,1
2025-11-11,East,Gadget Plus,106,6259.87,3479.55,1
2025-11-12,East,Gadget Plus,160,9617.44,5593.29,1
2025-11-13,East,Gadget Plus,129,7525.28,4667.27,2
2025-11-14,East,Gadget Plus,179,10663.02,5934.46,1
2025-11-15,East,Gadget Plus,128,7244.59,4592.97,6
2025-11-16,East,Gadget Plus,133,7403.35,4520.52,3
2025-11-17,East,Gadget Plus,122,7095.13,4229.77,4
2025-11-18,East,Gadget Plus,153,9018.33,4812.79,2
2025-11-19,East,Gadget Plus,204,11575.5,6634.14,5
2025-11-20,East,Gadget Plus,37,2183.22,1202.58,1
2025-11-21,East,Gadget Plus,141,8310.67,5065.43,3
2025-11-22,East,Gadget Plus,106,6337.67,3506.76,4
2025-11-23,East,Gadget Plus,86,5246.31,2986.18,5
2025-11-24,East,Gadget Plus,118,7431.24,3958.09,3
2025-11-25,East,Gadget Plus,123,7462.36,4067.92,1
2025-11-26,East,Gadget Plus,107,6220.08,3338.89,5
2025-11-27,East,Gadget Plus,110,6720.75,3351.98,3
2025-11-28,East,Gadget Plus,93,5804.77,3078.57,3
2025-11-29,East,Gadget Plus,101,5846.57,3353.24,8
2025-11-30,East,Gadget Plus,132,7654.27,4250.18,4
2025-12-01,East,Gadget Plus,138,7913.8,4680.04,3
2025-12-02,East,Gadget Plus,139,8185.1,5137.36,3
2025-12-03,East,Gadget Plus,169,10236.44,6112.88,5
2025-12-04,East,Gadget Plus,200,12513.06,6728.42,2
2025-12-05,East,Gadget Plus,71,4366.67,2392.72,5
2025-12-06,East,Gadget Plus,122,7392.32,4230.41,6
2025-12-07,East,Gadget Plus,113,6777.99,3843.68,4
2025-12-08,East,Gadget Plus,138,8363.29,4785.62,6
2025-12-09,East,Gadget Plus,166,10077.77,5654.35,4
2025-12-10,East,Gadget Plus,146,9087.31,4928.67,3
2025-12-11,East,Gadget Plus,146,8739.92,4746.21,1
2025-12-12,East,Gadget Plus,148,8934.81,5059.5,5
2025-12-13,East,Gadget Plus,102,6034.92,3038.57,5
2025-12-14,East,Gadget Plus,80,4808.3,2721.79,6
2025-12-15,East,Gadget Plus,135,8024.32,4065.72,6
2025-12-16,East,Gadget Plus,198,11436.94,6736.7,9
2025-12-17,East,Gadget Plus,197,12109.45,6292.09,4
2025-12-18,East,Gadget Plus,182,11388.54,6500.93,6
2025-12-19,East,Gadget Plus,141,8436.42,4755.72,3
2025-12-20,East,Gadget Plus,107,6473.15,3593.26,7
2025-12-21,East,Gadget Plus,166,10200.43,5686.96,3
2025-12-22,East,Gadget Plus,128,7634.23,4112.87,7
2025-12-23,East,Gadget Plus,157,9457.79,5566.96,4
2025-12-24,East,Gadget Plus,211,12556.63,7330.33,7
2025-12-25,East,Gadget Plus,160,9426.01,5225.08,8
2025-12-26,East,Gadget Plus,149,9064.76,4739.14,2
2025-12-27,East,Gadget Plus,155,9427.26,5095.52,3
2025-12-28,East,Gadget Plus,128,7879.4,4264.92,6
2025-12-29,East,Gadget Plus,164,9822.6,5196.03,6
2025-12-30,East,Gadget Plus,208,12010.73,6808.83,5
2024-01-01,East,Sensor Lite,138,1673.6,1134.72,3
2024-01-02,East,Sensor Lite,129,1573.42,977.86,7
2024-01-03,East,Sensor Lite,160,2013.51,1103.54,7
2024-01-04,East,Sensor Lite,127,1551.98,890.34,6
2024-01-05,East,Sensor Lite,162,2098.54,1077.41,8
2024-01-06,East,Sensor Lite,110,1428.2,862.48,10
2024-01-07,East,Sensor Lite,113,1458.63,838.09,8
2024-01-08,East,Sensor Lite,191,2390.38,1449.38,4
2024-01-09,East,Sensor Lite,182,2340.6,1346.96,7
2024-01-10,East,Sensor Lite,129,1732.76,999.84,6
2024-01-11,East,Sensor Lite,132,1610.6,957.42,5
2024-01-12,East,Sensor Lite,178,2345.53,1336.66,4
2024-01-13,East,Sensor Lite,96,1253.67,720.13,6
2024-01-14,East,Sensor Lite,372,4728.02,2593.1,8
2024-01-15,East,Sensor Lite,160,2050.18,1141.2,9
2024-01-16,East,Sensor Lite,141,1816.99,1027.6,7
2024-01-17,East,Sensor Lite,157,1943.11,1180.45,7
2024-01-18,East,Sensor Lite,201,2437.26,1590.66,6
2024-01-19,East,Sensor Lite,108,1414.45,803.82,7
2024-01-20,East,Sensor Lite,152,1865.62,1119.87,3
2024-01-21,East,Sensor Lite,28,345.29,210.41,7
2024-01-22,East,Sensor Lite,150,1882.92,1101.28,7
2024-01-23,East,Sensor Lite,157,2018.83,1160.48,10
2024-01-24,East,Sensor Lite,164,2059.68,1305.59,6
2024-01-25,East,Sensor Lite,183,2282.57,1339.1,9
2024-01-26,East,Sensor Lite,141,1849.13,1057.07,6
2024-01-27,East,Sensor Lite,129,1628.31,923.82,10
2024-01-28,East,Sensor Lite,127,1580.46,999.05,10
2024-01-29,East,Sensor Lite,183,2360.87,1292.49,9
2024-01-30,East,Sensor Lite,263,3359.14,1939.2,7
2024-01-31,East,Sensor Lite,143,1824.82,1110.18,6
2024-02-01,East,Sensor Lite,165,2131.74,1168.13,6
2024-02-02,East,Sensor Lite,143,1815.73,1104.12,5
2024-02-03,East,Sensor Lite,120,1568.77,797.02,8
2024-02-04,East,Sensor Lite,108,1317.99,755.57,6
2024-02-05,East,Sensor Lite,125,1653.1,920.64,8
2024-02-06,East,Sensor Lite,204,2529.74,1691.48,7
2024-02-07,East,Sensor Lite,176,2133.82,1311.87,5
2024-02-08,East,Sensor Lite,169,2103.79,1261.03,9
2024-02-09,East,Sensor Lite,63,794.83,492.95,7
2024-02-10,East,Sensor Lite,131,1633.42,916.74,9
2024-02-11,East,Sensor Lite,108,1337.13,677.99,5
2024-02-12,East,Sensor Lite,166,2180.67,1334.89,5
2024-02-13,East,Sensor Lite,178,2210.22,1357.02,6
2024-02-14,East,Sensor Lite,152,1806.73,1099.76,7
2024-02-15,East,Sensor Lite,147,1854.55,1090.92,7
2024-02-16,East,Sensor Lite,154,2083.98,1199.55,10
2024-02-17,East,Sensor Lite,157,1937.85,1154.29,9
2024-02-18,East,Sensor Lite,140,1736.82,1043.51,6
2024-02-19,East,Sensor Lite,127,1599.64,1035.44,13
2024-02-20,East,Sensor Lite,85,1133.96,589.89,7
2024-02-21,East,Sensor Lite,188,2371.15,1427.18,10
2024-02-22,East,Sensor Lite,176,2175.11,1222.82,6
2024-02-23,East,Sensor Lite,230,2964.44,1835.03,8
2024-02-24,East,Sensor Lite,137,1761.88,1028.66,9
2024-02-25,East,Sensor Lite,148,1914.55,1057.59,4
2024-02-26,East,Sensor Lite,187,2308.27,1279.98,10
2024-02-27,East,Sensor Lite,201,2519.35,1461.36,5
2024-02-28,East,Sensor Lite,165,2174.79,1232.33,6
2024-02-29,East,Sensor Lite,154,1987.59,1205.61,6
2024-03-01,East,Sensor Lite,206,2690.22,1441.04,6
2024-03-02,East,Sensor Lite,163,2074.88,1156.47,6
2024-03-03,East,Sensor Lite,174,2288.81,1255.6,4
2024-03-04,East,Sensor Lite,187,2405.22,1330.16,8
2024-03-05,East,Sensor Lite,129,1618.92,930.04,7
2024-03-06,East,Sensor Lite,179,2333.29,1262.0,6
2024-03-07,East,Sensor Lite,175,2172.68,1322.01,9
2024-03-08,East,Sensor Lite,218,2908.21,1574.25,10
2024-03-09,East,Sensor Lite,169,2219.92,1251.28,3
2024-03-10,East,Sensor Lite,156,1971.53,1171.96,10
2024-03-11,East,Sensor Lite,121,1534.19,833.64,6
2024-03-12,East,Sensor Lite,151,1932.89,1150.57,4
2024-03-13,East,Sensor Lite,164,2080.16,1226.31,7
2024-03-14,East,Sensor Lite,165,2187.0,1233.85,6
2024-03-15,East,Sensor Lite,181,2270.45,1330.47,8
2024-03-16,East,Sensor Lite,184,2240.25,1343.25,6
2024-03-17,East,Sensor Lite,162,2049.47,1202.03,7
2024-03-18,East,Sensor Lite,149,1942.64,1107.88,5
2024-03-19,East,Sensor Lite,152,1996.99,1058.43,4
2024-03-20,East,Sensor Lite,150,1919.03,1197.43,7
2024-03-21,East,Sensor Lite,173,2163.81,1235.66,5
2024-03-22,East,Sensor Lite,205,2610.29,1522.06,6
2024-03-23,East,Sensor Lite,168,2099.9,1315.63,9
2024-03-24,East,Sensor Lite,132,1566.61,960.11,5
2024-03-25,East,Sensor Lite,176,2186.64,1317.83,7
2024-03-26,East,Sensor Lite,240,3106.85,1581.42,5
2024-03-27,East,Sensor Lite,136,1719.92,906.68,5
2024-03-28,East,Sensor Lite,199,2513.76,1470.72,2
2024-03-29,East,Sensor Lite,195,2568.81,1456.67,5
2024-03-30,East,Sensor Lite,135,1671.47,1054.25,5
2024-03-31,East,Sensor Lite,142,1763.45,1092.89,3
2024-04-01,East,Sensor Lite,192,2472.3,1307.7,1
2024-04-02,East,Sensor Lite,169,2108.73,1329.9,2
2024-04-03,East,Sensor Lite,159,1983.65,1106.56,8
2024-04-04,East,Sensor Lite,157,2094.79,1211.92,5
2024-04-05,East,Sensor Lite,249,3072.65,1800.98,2
2024-04-06,East,Sensor Lite,132,1646.02,1109.44,3
2024-04-07,East,Sensor Lite,148,1911.85,1062.87,5
2024-04-08,East,Sensor Lite,205,2609.92,1511.38,5
2024-04-09,East,Sensor Lite,171,2090.42,1275.42,4
2024-04-10,East,Sensor Lite,179,2404.4,1308.54,8
2024-04-11,East,Sensor Lite,195,2427.01,1371.05,8
2024-04-12,East,Sensor Lite,153,1936.38,1256.97,5
2024-04-13,East,Sensor Lite,108,1395.05,774.8,3
2024-04-14,East,Sensor Lite,125,1697.14,895.1,5
2024-04-15,East,Sensor Lite,243,3060.17,1788.36,1
2024-04-16,East,Sensor Lite,161,1996.13,1202.91,6
2024-04-17,East,Sensor Lite,182,2355.15,1300.68,4
2024-04-18,East,Sensor Lite,140,1896.82,1085.39,1
2024-04-19,East,Sensor Lite,226,2893.25,1685.17,3
2024-04-20,East,Sensor Lite,135,1706.51,1000.0,5
2024-04-21,East,Sensor Lite,131,1689.86,996.45,1
2024-04-22,East,Sensor Lite,173,2068.42,1225.88,2
2024-04-23,East,Sensor Lite,279,3491.62,2004.21,3
2024-04-24,East,Sensor Lite,192,2313.95,1419.23,5
2024-04-25,East,Sensor Lite,172,2169.32,1331.98,7
2024-04-26,East,Sensor Lite,106,1330.7,774.84,4
2024-04-27,East,Sensor Lite,181,2125.15,1318.16,1
2024-04-28,East,Sensor Lite,125,1602.32,827.49,1
2024-04-29,East,Sensor Lite,152,1973.94,1085.8,10
2024-04-30,East,Sensor Lite,154,1952.11,1045.55,4
2024-05-01,East,Sensor Lite,230,2798.04,1582.74,1
2024-05-02,East,Sensor Lite,175,2315.94,1318.68,8
2024-05-03,East,Sensor Lite,134,1805.74,1156.15,1
2024-05-04,East,Sensor Lite,136,1754.82,1016.17,4
2024-05-05,East,Sensor Lite,121,1526.36,910.3,1
2024-05-06,East,Sensor Lite,188,2372.47,1338.3,8
2024-05-07,East,Sensor Lite,164,2118.18,1149.98,1
2024-05-08,East,Sensor Lite,132,1687.54,1077.22,2
2024-05-09,East,Sensor Lite,173,2234.57,1228.65,5
2024-05-10,East,Sensor Lite,173,2235.52,1152.19,2
2024-05-11,East,Sensor Lite,112,1396.38,838.98,4
2024-05-12,East,Sensor Lite,98,1218.65,709.62,5
2024-05-13,East,Sensor Lite,184,2326.27,1402.17,3
2024-05-14,East,Sensor Lite,166,2146.19,1324.68,1
2024-05-15,East,Sensor Lite,168,2041.79,1266.14,1
2024-05-16,East,Sensor Lite,199,2519.84,1489.31,2
2024-05-17,East,Sensor Lite,123,1566.56,940.22,4
2024-05-18,East,Sensor Lite,140,1758.93,1176.1,5
2024-05-19,East,Sensor Lite,156,2072.7,1285.92,3
2024-05-20,East,Sensor Lite,167,2207.95,1216.28,4
2024-05-21,East,Sensor Lite,134,1729.8,1038.69,1
2024-05-22,East,Sensor Lite,153,2054.36,1233.31,4
2024-05-23,East,Sensor Lite,159,2080.67,1217.39,3
2024-05-24,East,Sensor Lite,129,1651.37,951.43,4
2024-05-25,East,Sensor Lite,147,1847.43,1060.72,5
2024-05-26,East,Sensor Lite,137,1726.04,1018.8,1
2024-05-27,East,Sensor Lite,152,1960.12,1060.7,3
2024-05-28,East,Sensor Lite,204,2571.99,1577.18,6
2024-05-29,East,Sensor Lite,155,1886.31,1226.77,4
2024-05-30,East,Sensor Lite,63,794.08,456.95,3
2024-05-31,East,Sensor Lite,162,2129.18,1171.79,1
2024-06-01,East,Sensor Lite,114,1341.26,799.05,4
2024-06-02,East,Sensor Lite,115,1527.97,870.87,1
2024-06-03,East,Sensor Lite,172,2230.77,1272.11,3
2024-06-04,East,Sensor Lite,139,1759.79,954.37,2
2024-06-05,East,Sensor Lite,173,2224.78,1466.78,4
2024-06-06,East,Sensor Lite,156,2046.35,1051.76,2
2024-06-07,East,Sensor Lite,156,1990.99,1071.3,3
2024-06-08,East,Sensor Lite,133,1744.01,1030.43,2
2024-06-09,East,Sensor Lite,160,2092.07,1222.9,3
2024-06-10,East,Sensor Lite,151,1935.37,1077.49,4
2024-06-11,East,Sensor Lite,172,2119.93,1223.24,3
2024-06-12,East,Sensor Lite,180,2288.27,1362.5,3
2024-06-13,East,Sensor Lite,133,1591.9,1002.81,4
2024-06-14,East,Sensor Lite,182,2351.53,1299.4,6
2024-06-15,East,Sensor Lite,153,1926.19,1188.46,6
2024-06-16,East,Sensor Lite,157,1964.8,1195.02,2
2024-06-17,East,Sensor Lite,135,1755.1,1065.76,6
2024-06-18,East,Sensor Lite,136,1667.91,1003.89,7
2024-06-19,East,Sensor Lite,162,2072.45,1247.36,6
2024-06-20,East,Sensor Lite,160,2019.2,1170.49,1
2024-06-21,East,Sensor Lite,164,2079.68,1246.43,5
2024-06-22,East,Sensor Lite,122,1568.77,918.95,7
2024-06-23,East,Sensor Lite,134,1801.96,1033.65,4
2024-06-24,East,Sensor Lite,102,1316.05,774.41,10
2024-06-25,East,Sensor Lite,182,2415.06,1219.61,1
2024-06-26,East,Sensor Lite,210,2789.59,1505.32,5
2024-06-27,East,Sensor Lite,146,1904.48,1084.89,6
2024-06-28,East,Sensor Lite,167,2011.47,1264.62,5
2024-06-29,East,Sensor Lite,174,2202.55,1340.7,5
2024-06-30,East,Sensor Lite,129,1590.94,980.79,3
2024-07-01,East,Sensor Lite,169,2339.86,1206.54,4
2024-07-02,East,Sensor Lite,222,2745.26,1718.21,6
2024-07-03,East,Sensor Lite,229,2788.6,1626.05,1
2024-07-04,East,Sensor Lite,131,1531.43,1030.63,7
2024-07-05,East,Sensor Lite,147,1815.98,1160.14,5
2024-07-06,East,Sensor Lite,148,1893.95,1094.65,7
2024-07-07,East,Sensor Lite,138,1816.89,988.11,7
2024-07-08,East,Sensor Lite,178,2196.64,1271.36,13
2024-07-09,East,Sensor Lite,98,1293.41,685.53,8
2024-07-10,East,Sensor Lite,32,407.22,225.88,3
2024-07-11,East,Sensor Lite,215,2701.33,1576.64,10
2024-07-12,East,Sensor Lite,179,2294.08,1287.55,1
2024-07-13,East,Sensor Lite,132,1754.57,898.17,5
2024-07-14,East,Sensor Lite,99,1264.19,714.89,6
2024-07-15,East,Sensor Lite,143,1762.63,1063.11,5
2024-07-16,East,Sensor Lite,171,2207.99,1243.94,7
2024-07-17,East,Sensor Lite,120,1548.73,848.27,6
2024-07-18,East,Sensor Lite,135,1711.42,879.56,9
2024-07-19,East,Sensor Lite,164,2155.08,1283.11,5
2024-07-20,East,Sensor Lite,136,1614.92,1004.41,6
2024-07-21,East,Sensor Lite,111,1430.41,834.57,10
2024-07-22,East,Sensor Lite,182,2375.1,1358.98,8
2024-07-23,East,Sensor Lite,180,2195.25,1365.12,6
2024-07-24,East,Sensor Lite,110,1340.09,823.79,7
2024-07-25,East,Sensor Lite,203,2665.75,1509.61,10
2024-07-26,East,Sensor Lite,186,2455.06,1428.93,4
2024-07-27,East,Sensor Lite,125,1658.76,970.23,4
2024-07-28,East,Sensor Lite,117,1460.74,925.68,6
2024-07-29,East,Sensor Lite,173,2219.06,1226.95,7
2024-07-30,East,Sensor Lite,165,2124.78,1236.23,9
2024-07-31,East,Sensor Lite,142,1717.77,966.45,5
2024-08-01,East,Sensor Lite,199,2549.22,1437.15,5
2024-08-02,East,Sensor Lite,102,1305.91,747.37,4
2024-08-03,East,Sensor Lite,105,1368.68,805.78,5
2024-08-04,East,Sensor Lite,128,1604.02,941.62,6
2024-08-05,East,Sensor Lite,146,1931.33,1116.75,3
2024-08-06,East,Sensor Lite,167,2134.38,1214.48,6
2024-08-07,East,Sensor Lite,114,1528.05,819.23,5
2024-08-08,East,Sensor Lite,140,1824.98,994.45,7
2024-08-09,East,Sensor Lite,180,2314.12,1378.0,10
2024-08-10,East,Sensor Lite,89,1094.52,646.14,4
2024-08-11,East,Sensor Lite,112,1371.45,728.25,9
2024-08-12,East,Sensor Lite,132,1763.83,1007.85,10
2024-08-13,East,Sensor Lite,155,2028.29,1093.71,9
2024-08-14,East,Sensor Lite,156,1971.99,1165.55,8
2024-08-15,East,Sensor Lite,147,1850.81,1026.39,10
2024-08-16,East,Sensor Lite,137,1758.38,1014.55,8
2024-08-17,East,Sensor Lite,117,1431.55,741.54,9
2024-08-18,East,Sensor Lite,112,1407.96,827.4,7
2024-08-19,East,Sensor Lite,143,1856.75,1011.89,5
2024-08-20,East,Sensor Lite,187,2437.63,1296.09,9
2024-08-21,East,Sensor Lite,116,1462.67,891.2,12
2024-08-22,East,Sensor Lite,152,2031.04,1118.13,6
2024-08-23,East,Sensor Lite,121,1591.11,884.47,7
2024-08-24,East,Sensor Lite,162,2017.86,1155.39,7
2024-08-25,East,Sensor Lite,116,1422.39,896.79,4
2024-08-26,East,Sensor Lite,113,1466.45,818.02,5
2024-08-27,East,Sensor Lite,39,490.54,310.07,7
2024-08-28,East,Sensor Lite,109,1363.07,856.19,7
2024-08-29,East,Sensor Lite,127,1630.08,1006.77,7
2024-08-30,East,Sensor Lite,158,2057.98,1225.79,7
2024-08-31,East,Sensor Lite,145,1892.67,1040.47,6
2024-09-01,East,Sensor Lite,137,1749.64,1016.46,5
2024-09-02,East,Sensor Lite,139,1650.29,1018.16,7
2024-09-03,East,Sensor Lite,156,2045.95,1202.78,7
2024-09-04,East,Sensor Lite,163,2027.99,1205.56,5
2024-09-05,East,Sensor Lite,211,2715.14,1542.41,7
2024-09-06,East,Sensor Lite,126,1600.61,1009.7,5
2024-09-07,East,Sensor Lite,147,2000.43,1069.99,8
2024-09-08,East,Sensor Lite,92,1245.42,659.54,6
2024-09-09,East,Sensor Lite,173,2175.35,1254.47,7
2024-09-10,East,Sensor Lite,125,1529.46,974.54,6
2024-09-11,East,Sensor Lite,124,1520.93,926.22,6
2024-09-12,East,Sensor Lite,133,1709.57,1006.76,7
2024-09-13,East,Sensor Lite,122,1530.31,913.45,8
2024-09-14,East,Sensor Lite,121,1491.32,797.22,6
2024-09-15,East,Sensor Lite,139,1744.41,973.63,6
2024-09-16,East,Sensor Lite,95,1227.65,693.2,5
2024-09-17,East,Sensor Lite,135,1717.21,1014.72,2
2024-09-18,East,Sensor Lite,115,1445.03,809.12,6
2024-09-19,East,Sensor Lite,164,2068.61,1152.0,3
2024-09-20,East,Sensor Lite,180,2283.85,1311.2,4
2024-09-21,East,Sensor Lite,108,1386.2,852.2,4
2024-09-22,East,Sensor Lite,98,1260.04,647.14,4
2024-09-23,East,Sensor Lite,104,1260.43,667.57,4
2024-09-24,East,Sensor Lite,198,2537.12,1592.33,6
2024-09-25,East,Sensor Lite,177,2232.24,1209.58,6
2024-09-26,East,Sensor Lite,98,1211.5,710.5,5
2024-09-27,East,Sensor Lite,157,1979.37,1074.62,7
2024-09-28,East,Sensor Lite,91,1200.49,663.21,11
2024-09-29,East,Sensor Lite,102,1332.05,749.66,6
2024-09-30,East,Sensor Lite,111,1419.38,887.55,7
2024-10-01,East,Sensor Lite,97,1203.47,743.67,5
2024-10-02,East,Sensor Lite,138,1687.73,955.68,6
2024-10-03,East,Sensor Lite,196,2428.39,1312.03,1
2024-10-04,East,Sensor Lite,35,446.41,265.47,1
2024-10-05,East,Sensor Lite,131,1671.92,944.21,1
2024-10-06,East,Sensor Lite,135,1687.62,962.88,3
2024-10-07,East,Sensor Lite,159,2080.64,1246.3,7
2024-10-08,East,Sensor Lite,200,2579.41,1350.02,5
2024-10-09,East,Sensor Lite,166,1948.16,1205.9,3
2024-10-10,East,Sensor Lite,194,2481.6,1480.88,5
2024-10-11,East,Sensor Lite,114,1486.44,793.81,5
2024-10-12,East,Sensor Lite,128,1641.91,1008.68,1
2024-10-13,East,Sensor Lite,148,1919.92,1039.8,5
2024-10-14,East,Sensor Lite,122,1543.2,899.62,6
2024-10-15,East,Sensor Lite,75,954.38,535.76,8
2024-10-16,East,Sensor Lite,15,191.0,95.79,4
2024-10-17,East,Sensor Lite,124,1589.73,898.3,7
2024-10-18,East,Sensor Lite,156,1954.44,1200.13,3
2024-10-19,East,Sensor Lite,102,1343.12,715.76,8
2024-10-20,East,Sensor Lite,113,1502.25,809.93,2
2024-10-21,East,Sensor Lite,127,1593.45,915.53,5
2024-10-22,East,Sensor Lite,139,1710.11,1056.17,4
2024-10-23,East,Sensor Lite,141,1725.2,1024.63,6
2024-10-24,East,Sensor Lite,127,1638.92,940.89,6
2024-10-25,East,Sensor Lite,165,2140.85,1223.21,1
2024-10-26,East,Sensor Lite,146,1884.35,1052.12,3
2024-10-27,East,Sensor Lite,93,1203.36,746.34,8
2024-10-28,East,Sensor Lite,149,1867.36,1046.08,3
2024-10-29,East,Sensor Lite,111,1330.75,850.27,5
2024-10-30,East,Sensor Lite,105,1318.78,826.56,1
2024-10-31,East,Sensor Lite,174,2328.57,1278.7,3
2024-11-01,East,Sensor Lite,207,2660.22,1536.46,2
2024-11-02,East,Sensor Lite,109,1407.45,827.99,5
2024-11-03,East,Sensor Lite,161,2108.47,1169.28,5
2024-11-04,East,Sensor Lite,129,1603.3,864.1,6
2024-11-05,East,Sensor Lite,139,1784.13,1015.77,1
2024-11-06,East,Sensor Lite,197,2550.35,1577.76,4
2024-11-07,East,Sensor Lite,124,1536.77,943.7,3
2024-11-08,East,Sensor Lite,173,2229.83,1285.14,1
2024-11-09,East,Sensor Lite,110,1457.0,844.78,4
2024-11-10,East,Sensor Lite,103,1297.46,756.7,6
2024-11-11,East,Sensor Lite,134,1620.22,993.06,6
2024-11-12,East,Sensor Lite,100,1281.6,724.04,3
2024-11-13,East,Sensor Lite,186,2324.79,1409.26,5
2024-11-14,East,Sensor Lite,154,1974.17,1109.05,4
2024-11-15,East,Sensor Lite,145,1802.04,1056.09,1
2024-11-16,East,Sensor Lite,105,1341.2,811.15,1
2024-11-17,East,Sensor Lite,126,1665.65,923.34,3
2024-11-18,East,Sensor Lite,175,2229.39,1331.6,3
2024-11-19,East,Sensor Lite,143,1733.05,1092.48,3
2024-11-20,East,Sensor Lite,179,2307.98,1319.52,2
2024-11-21,East,Sensor Lite,158,2015.7,1148.77,4
2024-11-22,East,Sensor Lite,149,1911.9,1029.84,1
2024-11-23,East,Sensor Lite,143,1876.48,1000.19,6
2024-11-24,East,Sensor Lite,111,1392.96,846.42,1
2024-11-25,East,Sensor Lite,122,1542.06,929.46,3
2024-11-26,East,Sensor Lite,151,1865.79,1062.1,3
2024-11-27,East,Sensor Lite,154,1974.89,1162.19,3
2024-11-28,East,Sensor Lite,147,1883.65,1099.57,2
2024-11-29,East,Sensor Lite,191,2416.28,1479.51,1
2024-11-30,East,Sensor Lite,135,1759.83,1107.17,4
2024-12-01,East,Sensor Lite,199,2458.34,1514.92,3
2024-12-02,East,Sensor Lite,155,1983.78,1107.38,4
2024-12-03,East,Sensor Lite,158,2050.83,1212.66,1
2024-12-04,East,Sensor Lite,172,2157.34,1206.49,7
2024-12-05,East,Sensor Lite,158,1931.49,1299.06,4
2024-12-06,East,Sensor Lite,153,1851.53,1062.77,1
2024-12-07,East,Sensor Lite,99,1268.13,748.66,4
2024-12-08,East,Sensor Lite,111,1487.17,821.48,3
2024-12-09,East,Sensor Lite,166,2077.79,1202.99,2
2024-12-10,East,Sensor Lite,164,2119.31,1184.68,6
2024-12-11,East,Sensor Lite,122,1442.32,964.27,6
2024-12-12,East,Sensor Lite,144,1856.56,1095.78,5
2024-12-13,East,Sensor Lite,135,1665.05,991.39,4
2024-12-14,East,Sensor Lite,164,2066.33,1318.71,5
2024-12-15,East,Sensor Lite,135,1725.32,993.07,1
2024-12-16,East,Sensor Lite,174,2107.97,1334.91,5
2024-12-17,East,Sensor Lite,160,2232.51,1104.65,7
2024-12-18,East,Sensor Lite,145,1815.18,1003.95,7
2024-12-19,East,Sensor Lite,150,1947.33,1149.39,2
2024-12-20,East,Sensor Lite,178,2371.13,1337.49,5
2024-12-21,East,Sensor Lite,25,321.55,204.86,2
2024-12-22,East,Sensor Lite,144,1768.38,1028.02,5
2024-12-23,East,Sensor Lite,334,4271.62,2555.11,3
2024-12-24,East,Sensor Lite,174,2096.2,1271.78,3
2024-12-25,East,Sensor Lite,176,2221.72,1357.64,6
2024-12-26,East,Sensor Lite,151,2022.1,1160.35,4
2024-12-27,East,Sensor Lite,158,1929.21,1167.59,3
2024-12-28,East,Sensor Lite,158,1964.69,1125.91,6
2024-12-29,East,Sensor Lite,186,2503.37,1353.06,2
2024-12-30,East,Sensor Lite,198,2511.3,1383.68,5
2024-12-31,East,Sensor Lite,102,1265.63,768.57,2
2025-01-01,East,Sensor Lite,148,1909.03,941.39,3
2025-01-02,East,Sensor Lite,173,2174.73,1243.0,8
2025-01-03,East,Sensor Lite,140,1639.56,1082.83,5
2025-01-04,East,Sensor Lite,111,1357.49,857.55,4
2025-01-05,East,Sensor Lite,127,1719.17,864.05,7
2025-01-06,East,Sensor Lite,183,2356.22,1393.67,9
2025-01-07,East,Sensor Lite,192,2555.49,1339.73,6
2025-01-08,East,Sensor Lite,161,1989.37,1168.86,8
2025-01-09,East,Sensor Lite,160,2036.63,1229.34,5
2025-01-10,East,Sensor Lite,149,1890.12,1048.84,6
2025-01-11,East,Sensor Lite,152,1906.18,1205.05,6
2025-01-12,East,Sensor Lite,151,1937.39,1131.75,7
2025-01-13,East,Sensor Lite,206,2538.66,1559.67,8
2025-01-14,East,Sensor Lite,180,2378.27,1403.74,3
2025-01-15,East,Sensor Lite,139,1797.09,1074.4,5
2025-01-16,East,Sensor Lite,166,2105.45,1277.73,5
2025-01-17,East,Sensor Lite,206,2637.0,1474.27,4
2025-01-18,East,Sensor Lite,104,1313.97,726.85,7
2025-01-19,East,Sensor Lite,140,1692.7,1021.38,7
2025-01-20,East,Sensor Lite,188,2325.76,1424.2,7
2025-01-21,East,Sensor Lite,256,3246.37,1772.63,6
2025-01-22,East,Sensor Lite,161,2031.02,1226.12,9
2025-01-23,East,Sensor Lite,176,2287.6,1326.79,7
2025-01-24,East,Sensor Lite,244,3163.3,1789.19,6
2025-01-25,East,Sensor Lite,130,1629.66,964.96,7
2025-01-26,East,Sensor Lite,176,2179.58,1306.64,8
2025-01-27,East,Sensor Lite,195,2542.55,1474.86,7
2025-01-28,East,Sensor Lite,175,2243.92,1343.33,5
2025-01-29,East,Sensor Lite,198,2477.42,1675.56,10
2025-01-30,East,Sensor Lite,178,2191.75,1328.34,8
2025-01-31,East,Sensor Lite,275,3435.16,1969.46,5
2025-02-01,East,Sensor Lite,101,1302.89,676.17,3
2025-02-02,East,Sensor Lite,140,1875.33,963.07,8
2025-02-03,East,Sensor Lite,176,2229.73,1253.08,10
2025-02-04,East,Sensor Lite,181,2250.08,1385.57,8
2025-02-05,East,Sensor Lite,225,3054.4,1632.13,8
2025-02-06,East,Sensor Lite,171,2155.93,1291.13,8
2025-02-07,East,Sensor Lite,203,2526.59,1447.22,7
2025-02-08,East,Sensor Lite,156,1964.7,1180.69,4
2025-02-09,East,Sensor Lite,174,2188.08,1343.77,6
2025-02-10,East,Sensor Lite,183,2422.19,1326.97,9
2025-02-11,East,Sensor Lite,27,326.96,204.15,8
2025-02-12,East,Sensor Lite,184,2387.84,1331.62,7
2025-02-13,East,Sensor Lite,158,2013.84,1097.18,6
2025-02-14,East,Sensor Lite,252,3159.34,1916.43,7
2025-02-15,East,Sensor Lite,132,1666.04,996.96,6
2025-02-16,East,Sensor Lite,139,1758.92,1059.12,7
2025-02-17,East,Sensor Lite,163,2083.74,1263.83,7
2025-02-18,East,Sensor Lite,205,2578.36,1498.13,5
2025-02-19,East,Sensor Lite,175,2226.87,1283.66,8
2025-02-20,East,Sensor Lite,251,3125.62,1830.94,7
2025-02-21,East,Sensor Lite,211,2866.35,1588.36,8
2025-02-22,East,Sensor Lite,25,328.4,183.72,7
2025-02-23,East,Sensor Lite,130,1681.79,968.06,10
2025-02-24,East,Sensor Lite,417,5245.96,2974.61,8
2025-02-25,East,Sensor Lite,212,2769.61,1488.2,8
2025-02-26,East,Sensor Lite,191,2457.12,1349.18,7
2025-02-27,East,Sensor Lite,188,2405.56,1420.18,11
2025-02-28,East,Sensor Lite,161,2019.93,1188.85,6
2025-03-01,East,Sensor Lite,232,2982.37,1674.43,7
2025-03-02,East,Sensor Lite,150,2009.09,1146.82,7
2025-03-03,East,Sensor Lite,152,1942.69,1206.79,3
2025-03-04,East,Sensor Lite,160,2023.86,1154.71,7
2025-03-05,East,Sensor Lite,183,2340.2,1280.8,8
2025-03-06,East,Sensor Lite,277,3536.39,2146.67,7
2025-03-07,East,Sensor Lite,190,2382.74,1407.08,9
2025-03-08,East,Sensor Lite,146,1820.11,1070.49,8
2025-03-09,East,Sensor Lite,183,2388.78,1423.11,7
2025-03-10,East,Sensor Lite,231,3051.75,1686.96,8
2025-03-11,East,Sensor Lite,221,3009.29,1667.87,7
2025-03-12,East,Sensor Lite,204,2636.76,1521.7,5
2025-03-13,East,Sensor Lite,161,2059.94,1384.67,6
2025-03-14,East,Sensor Lite,65,851.17,477.77,1
2025-03-15,East,Sensor Lite,119,1475.92,921.85,9
2025-03-16,East,Sensor Lite,152,1975.36,1110.7,5
2025-03-17,East,Sensor Lite,183,2405.96,1384.67,4
2025-03-18,East,Sensor Lite,180,2365.52,1318.95,5
2025-03-19,East,Sensor Lite,208,2784.65,1600.41,9
2025-03-20,East,Sensor Lite,176,2203.72,1296.17,6
2025-03-21,East,Sensor Lite,186,2336.47,1411.05,6
2025-03-22,East,Sensor Lite,145,1836.82,1032.44,9
2025-03-23,East,Sensor Lite,158,1947.08,1122.63,7
2025-03-24,East,Sensor Lite,212,2746.66,1421.17,5
2025-03-25,East,Sensor Lite,156,2029.29,1175.51,2
2025-03-26,East,Sensor Lite,216,2800.4,1546.53,6
2025-03-27,East,Sensor Lite,209,2676.69,1716.38,4
2025-03-28,East,Sensor Lite,215,2823.97,1553.43,6
2025-03-29,East,Sensor Lite,163,2114.11,1281.37,5
2025-03-30,East,Sensor Lite,170,2128.32,1329.98,6
2025-03-31,East,Sensor Lite,185,2150.0,1352.16,6
2025-04-01,East,Sensor Lite,216,2726.67,1539.52,1
2025-04-02,East,Sensor Lite,245,3127.41,1800.79,5
2025-04-03,East,Sensor Lite,183,2336.56,1431.04,4
2025-04-04,East,Sensor Lite,184,2333.39,1517.2,5
2025-04-05,East,Sensor Lite,179,2245.5,1242.82,5
2025-04-06,East,Sensor Lite,145,1801.78,1073.77,5
2025-04-07,East,Sensor Lite,45,555.97,322.93,3
2025-04-08,East,Sensor Lite,215,2777.02,1562.23,2
2025-04-09,East,Sensor Lite,185,2435.76,1485.83,1
2025-04-10,East,Sensor Lite,249,3055.58,1771.7,4
2025-04-11,East,Sensor Lite,184,2341.69,1252.17,5
2025-04-12,East,Sensor Lite,138,1801.13,1031.52,3
2025-04-13,East,Sensor Lite,160,2028.44,1206.47,5
2025-04-14,East,Sensor Lite,216,2813.16,1564.75,4
2025-04-15,East,Sensor Lite,211,2777.28,1508.21,4
2025-04-16,East,Sensor Lite,220,2838.19,1641.05,1
2025-04-17,East,Sensor Lite,181,2273.43,1249.0,3
2025-04-18,East,Sensor Lite,245,3246.99,1851.23,5
2025-04-19,East,Sensor Lite,118,1492.43,858.02,6
2025-04-20,East,Sensor Lite,139,1758.03,1099.93,3
2025-04-21,East,Sensor Lite,201,2602.34,1511.08,5
2025-04-22,East,Sensor Lite,176,2223.7,1292.41,6
2025-04-23,East,Sensor Lite,188,2380.91,1375.22,1
2025-04-24,East,Sensor Lite,167,2105.38,1116.32,4
2025-04-25,East,Sensor Lite,191,2422.05,1404.63,4
2025-04-26,East,Sensor Lite,173,2218.78,1267.19,5
2025-04-27,East,Sensor Lite,144,1727.34,1068.34,2
2025-04-28,East,Sensor Lite,169,2148.42,1238.7,4
2025-04-29,East,Sensor Lite,182,2197.63,1442.98,3
2025-04-30,East,Sensor Lite,242,3047.86,1766.72,4
2025-05-01,East,Sensor Lite,241,3103.92,1708.15,6
2025-05-02,East,Sensor Lite,181,2285.08,1227.91,6
2025-05-03,East,Sensor Lite,173,2252.27,1251.66,6
2025-05-04,East,Sensor Lite,157,2022.63,1100.98,1
2025-05-05,East,Sensor Lite,248,2957.47,1716.1,2
2025-05-06,East,Sensor Lite,204,2694.48,1486.07,5
2025-05-07,East,Sensor Lite,190,2440.65,1486.02,4
2025-05-08,East,Sensor Lite,262,3283.46,2029.44,2
2025-05-09,East,Sensor Lite,166,2086.67,1149.66,1
2025-05-10,East,Sensor Lite,166,1984.13,1230.65,1
2025-05-11,East,Sensor Lite,200,2566.66,1511.31,1
2025-05-12,East,Sensor Lite,221,2872.8,1683.21,2
2025-05-13,East,Sensor Lite,170,2123.28,1358.87,2
2025-05-14,East,Sensor Lite,169,2096.25,1177.46,4
2025-05-15,East,Sensor Lite,151,1933.37,1067.91,4
2025-05-16,East,Sensor Lite,254,3354.57,1817.33,8
2025-05-17,East,Sensor Lite,127,1672.24,957.02,2
2025-05-18,East,Sensor Lite,177,2312.87,1131.55,1
2025-05-19,East,Sensor Lite,150,2028.41,1097.31,1
2025-05-20,East,Sensor Lite,307,4022.79,2069.34,6
2025-05-21,East,Sensor Lite,152,2005.25,1124.67,3
2025-05-22,East,Sensor Lite,195,2492.75,1592.36,5
2025-05-23,East,Sensor Lite,240,3028.17,1856.01,2
2025-05-24,East,Sensor Lite,136,1793.03,944.7,2
2025-05-25,East,Sensor Lite,170,2103.71,1231.67,1
2025-05-26,East,Sensor Lite,182,2350.0,1286.88,3
2025-05-27,East,Sensor Lite,205,2566.08,1615.19,3
2025-05-28,East,Sensor Lite,232,2988.11,1527.8,5
2025-05-29,East,Sensor Lite,177,2274.89,1281.03,5
2025-05-30,East,Sensor Lite,250,3203.08,1785.57,7
2025-05-31,East,Sensor Lite,162,2064.4,1128.48,3
2025-06-01,East,Sensor Lite,216,2798.0,1730.95,4
2025-06-02,East,Sensor Lite,163,2121.44,1111.74,4
2025-06-03,East,Sensor Lite,169,2064.32,1175.92,2
2025-06-04,East,Sensor Lite,181,2304.61,1446.25,5
2025-06-05,East,Sensor Lite,152,1913.69,1119.2,3
2025-06-06,East,Sensor Lite,222,2846.98,1628.38,7
2025-06-07,East,Sensor Lite,148,1863.44,1060.96,2
2025-06-08,East,Sensor Lite,122,1615.0,902.7,3
2025-06-09,East,Sensor Lite,161,2048.55,1165.83,2
2025-06-10,East,Sensor Lite,160,2100.38,1140.51,5
2025-06-11,East,Sensor Lite,220,2724.87,1513.92,1
2025-06-12,East,Sensor Lite,202,2553.81,1497.81,4
2025-06-13,East,Sensor Lite,181,2265.19,1299.42,2
2025-06-14,East,Sensor Lite,139,1793.18,1004.47,2
2025-06-15,East,Sensor Lite,142,1746.14,1085.46,3
2025-06-16,East,Sensor Lite,254,3072.48,1832.07,6
2025-06-17,East,Sensor Lite,177,2214.4,1302.6,4
2025-06-18,East,Sensor Lite,214,2774.43,1716.12,4
2025-06-19,East,Sensor Lite,173,2152.17,1304.76,6
2025-06-20,East,Sensor Lite,248,3187.19,1785.67,3
2025-06-21,East,Sensor Lite,117,1462.78,818.3,1
2025-06-22,East,Sensor Lite,168,2029.36,1234.96,3
2025-06-23,East,Sensor Lite,159,2079.06,1222.94,4
2025-06-24,East,Sensor Lite,270,3509.56,1939.05,5
2025-06-25,East,Sensor Lite,205,2610.63,1513.71,6
2025-06-26,East,Sensor Lite,133,1697.93,953.91,5
2025-06-27,East,Sensor Lite,152,1925.93,1101.87,7
2025-06-28,East,Sensor Lite,163,2013.87,1129.16,6
2025-06-29,East,Sensor Lite,161,2133.18,1203.93,3
2025-06-30,East,Sensor Lite,199,2529.59,1478.76,1
2025-07-01,East,Sensor Lite,184,2371.45,1457.87,3
2025-07-02,East,Sensor Lite,347,4358.04,2573.36,6
2025-07-03,East,Sensor Lite,216,2790.59,1536.22,6
2025-07-04,East,Sensor Lite,152,2004.58,1202.8,5
2025-07-05,East,Sensor Lite,143,1832.36,1074.01,6
2025-07-06,East,Sensor Lite,126,1623.88,938.16,8
2025-07-07,East,Sensor Lite,155,2028.3,1142.41,6
2025-07-08,East,Sensor Lite,162,2109.33,1203.9,7
2025-07-09,East,Sensor Lite,154,2025.01,1086.5,9
2025-07-10,East,Sensor Lite,193,2484.44,1417.28,2
2025-07-11,East,Sensor Lite,134,1724.92,977.19,10
2025-07-12,East,Sensor Lite,291,3736.89,2184.14,1
2025-07-13,East,Sensor Lite,124,1622.02,965.56,5
2025-07-14,East,Sensor Lite,174,2189.76,1345.21,5
2025-07-15,East,Sensor Lite,168,2176.09,1270.55,3
2025-07-16,East,Sensor Lite,158,2153.35,1064.28,6
2025-07-17,East,Sensor Lite,214,2757.88,1543.53,6
2025-07-18,East,Sensor Lite,161,1979.03,1078.62,8
2025-07-19,East,Sensor Lite,155,1959.05,1204.98,8
2025-07-20,East,Sensor Lite,155,2013.06,1136.01,7
2025-07-21,East,Sensor Lite,162,2023.95,1185.71,9
2025-07-22,East,Sensor Lite,136,1683.13,968.32,8
2025-07-23,East,Sensor Lite,145,1772.25,1137.0,6
2025-07-24,East,Sensor Lite,213,2698.78,1578.61,7
2025-07-25,East,Sensor Lite,185,2472.8,1356.31,5
2025-07-26,East,Sensor Lite,138,1731.46,1023.97,4
2025-07-27,East,Sensor Lite,121,1583.29,901.27,8
2025-07-28,East,Sensor Lite,229,2895.31,1677.17,4
2025-07-29,East,Sensor Lite,16,201.63,125.45,7
2025-07-30,East,Sensor Lite,171,2214.06,1340.14,2
2025-07-31,East,Sensor Lite,182,2213.73,1348.35,7
2025-08-01,East,Sensor Lite,132,1767.29,935.35,5
2025-08-02,East,Sensor Lite,116,1502.84,869.39,8
2025-08-03,East,Sensor Lite,122,1604.56,872.73,7
2025-08-04,East,Sensor Lite,193,2441.71,1525.05,7
2025-08-05,East,Sensor Lite,152,1966.86,1209.16,7
2025-08-06,East,Sensor Lite,127,1664.56,970.34,6
2025-08-07,East,Sensor Lite,125,1589.41,868.07,6
2025-08-08,East,Sensor Lite,143,1775.49,1029.83,6
2025-08-09,East,Sensor Lite,100,1238.93,729.99,7
2025-08-10,East,Sensor Lite,254,3197.42,1794.01,6
2025-08-11,East,Sensor Lite,189,2426.16,1372.53,8
2025-08-12,East,Sensor Lite,163,2068.1,1216.03,3
2025-08-13,East,Sensor Lite,155,1947.23,1173.24,4
2025-08-14,East,Sensor Lite,185,2406.73,1452.4,11
2025-08-15,East,Sensor Lite,184,2313.55,1355.41,6
2025-08-16,East,Sensor Lite,108,1352.31,784.44,5
2025-08-17,East,Sensor Lite,111,1455.13,765.66,7
2025-08-18,East,Sensor Lite,183,2371.79,1373.05,8
2025-08-19,East,Sensor Lite,169,2075.56,1217.99,8
2025-08-20,East,Sensor Lite,179,2191.13,1306.25,5
2025-08-21,East,Sensor Lite,136,1676.38,974.49,6
2025-08-22,East,Sensor Lite,140,1783.36,1004.62,6
2025-08-23,East,Sensor Lite,139,1834.91,1062.02,7
2025-08-24,East,Sensor Lite,113,1503.31,830.99,7
2025-08-25,East,Sensor Lite,121,1577.48,962.3,5
2025-08-26,East,Sensor Lite,141,1900.92,981.54,6
2025-08-27,East,Sensor Lite,153,1962.55,1199.17,6
2025-08-28,East,Sensor Lite,215,2832.45,1546.4,9
2025-08-29,East,Sensor Lite,136,1704.29,1000.23,6
2025-08-30,East,Sensor Lite,125,1519.35,944.75,13
2025-08-31,East,Sensor Lite,182,2299.01,1411.39,6
2025-09-01,East,Sensor Lite,130,1651.28,1010.03,3
2025-09-02,East,Sensor Lite,177,2431.75,1373.93,7
2025-09-03,East,Sensor Lite,138,1759.48,1007.15,8
2025-09-04,East,Sensor Lite,169,2088.96,1359.76,7
2025-09-05,East,Sensor Lite,239,3135.44,1817.06,7
2025-09-06,East,Sensor Lite,145,1806.62,911.54,5
2025-09-07,East,Sensor Lite,129,1651.83,954.24,5
2025-09-08,East,Sensor Lite,132,1727.29,956.21,1
2025-09-09,East,Sensor Lite,152,1883.83,1104.91,8
2025-09-10,East,Sensor Lite,141,1879.59,1074.51,5
2025-09-11,East,Sensor Lite,120,1581.72,899.84,8
2025-09-12,East,Sensor Lite,106,1365.82,756.31,5
2025-09-13,East,Sensor Lite,107,1435.94,849.72,6
2025-09-14,East,Sensor Lite,124,1562.87,856.8,8
2025-09-15,East,Sensor Lite,191,2493.27,1314.98,8
2025-09-16,East,Sensor Lite,136,1748.5,949.74,7
2025-09-17,East,Sensor Lite,161,2013.47,1215.48,2
2025-09-18,East,Sensor Lite,115,1439.52,864.93,3
2025-09-19,East,Sensor Lite,135,1826.13,956.43,7
2025-09-20,East,Sensor Lite,80,1052.42,573.2,4
2025-09-21,East,Sensor Lite,186,2434.78,1373.37,5
2025-09-22,East,Sensor Lite,161,2014.24,1125.37,5
2025-09-23,East,Sensor Lite,160,2083.33,1228.91,5
2025-09-24,East,Sensor Lite,171,2156.18,1361.97,3
2025-09-25,East,Sensor Lite,245,3282.88,1793.28,7
2025-09-26,East,Sensor Lite,361,4770.23,2712.37,4
2025-09-27,East,Sensor Lite,104,1362.57,772.24,6
2025-09-28,East,Sensor Lite,178,2325.18,1404.64,4
2025-09-29,East,Sensor Lite,124,1576.84,1004.82,8
2025-09-30,East,Sensor Lite,196,2535.52,1421.58,7
2025-10-01,East,Sensor Lite,153,2040.95,1131.78,9
2025-10-02,East,Sensor Lite,168,2171.99,1294.08,8
2025-10-03,East,Sensor Lite,120,1491.41,901.55,4
2025-10-04,East,Sensor Lite,198,2619.54,1395.5,3
2025-10-05,East,Sensor Lite,116,1448.85,779.05,2
2025-10-06,East,Sensor Lite,137,1745.2,981.51,5
2025-10-07,East,Sensor Lite,172,2161.84,1291.14,4
2025-10-08,East,Sensor Lite,139,1633.54,1006.3,4
2025-10-09,East,Sensor Lite,168,2153.26,1175.17,2
2025-10-10,East,Sensor Lite,124,1684.05,889.16,5
2025-10-11,East,Sensor Lite,128,1647.67,1032.03,3
2025-10-12,East,Sensor Lite,112,1554.95,780.39,3
2025-10-13,East,Sensor Lite,136,1726.03,988.57,4
2025-10-14,East,Sensor Lite,132,1694.18,949.66,3
2025-10-15,East,Sensor Lite,184,2338.66,1492.09,1
2025-10-16,East,Sensor Lite,147,1877.64,1005.56,2
2025-10-17,East,Sensor Lite,152,1959.51,1078.41,5
2025-10-18,East,Sensor Lite,136,1812.57,1007.67,3
2025-10-19,East,Sensor Lite,155,1926.52,1154.43,1
2025-10-20,East,Sensor Lite,134,1708.95,1045.31,5
2025-10-21,East,Sensor Lite,320,4155.37,2484.03,3
2025-10-22,East,Sensor Lite,134,1774.11,954.8,1
2025-10-23,East,Sensor Lite,152,1812.55,1140.28,2
2025-10-24,East,Sensor Lite,192,2345.3,1405.79,4
2025-10-25,East,Sensor Lite,83,1059.54,598.97,1
2025-10-26,East,Sensor Lite,108,1423.24,838.28,4
2025-10-27,East,Sensor Lite,153,1922.62,1144.44,5
2025-10-28,East,Sensor Lite,171,2224.01,1363.87,5
2025-10-29,East,Sensor Lite,199,2687.8,1504.84,5
2025-10-30,East,Sensor Lite,118,1504.97,912.02,1
2025-10-31,East,Sensor Lite,207,2621.18,1321.01,5
2025-11-01,East,Sensor Lite,141,1823.2,1046.14,4
2025-11-02,East,Sensor Lite,123,1576.72,928.22,1
2025-11-03,East,Sensor Lite,124,1593.11,940.0,4
2025-11-04,East,Sensor Lite,146,1851.4,1162.0,4
2025-11-05,East,Sensor Lite,195,2467.07,1485.13,6
2025-11-06,East,Sensor Lite,163,2015.63,1131.04,5
2025-11-07,East,Sensor Lite,157,2038.58,1191.15,2
2025-11-08,East,Sensor Lite,109,1346.4,839.04,4
2025-11-09,East,Sensor Lite,149,1853.18,1067.17,4
2025-11-10,East,Sensor Lite,159,1954.4,1150.48,4
2025-11-11,East,Sensor Lite,157,1982.16,1205.68,2
2025-11-12,East,Sensor Lite,161,2054.35,1189.76,7
2025-11-13,East,Sensor Lite,146,1800.09,1137.88,2
2025-11-14,East,Sensor Lite,142,1796.03,1059.03,6
2025-11-15,East,Sensor Lite,101,1294.0,664.78,1
2025-11-16,East,Sensor Lite,119,1445.82,881.94,2
2025-11-17,East,Sensor Lite,120,1495.14,869.13,5
2025-11-18,East,Sensor Lite,182,2446.13,1386.47,1
2025-11-19,East,Sensor Lite,148,1846.88,1116.94,2
2025-11-20,East,Sensor Lite,156,2031.27,1098.5,4
2025-11-21,East,Sensor Lite,166,2084.28,1238.99,1
2025-11-22,East,Sensor Lite,116,1487.88,880.3,6
2025-11-23,East,Sensor Lite,109,1356.51,823.47,6
2025-11-24,East,Sensor Lite,176,2115.97,1364.36,6
2025-11-25,East,Sensor Lite,238,2994.35,1668.92,4
2025-11-26,East,Sensor Lite,200,2583.8,1466.56,3
2025-11-27,East,Sensor Lite,214,2784.02,1405.17,3
2025-11-28,East,Sensor Lite,135,1728.64,1056.67,4
2025-11-29,East,Sensor Lite,132,1643.75,981.52,4
2025-11-30,East,Sensor Lite,132,1729.46,971.34,3
2025-12-01,East,Sensor Lite,222,2769.19,1632.28,7
2025-12-02,East,Sensor Lite,203,2536.95,1538.27,3
2025-12-03,East,Sensor Lite,168,2079.01,1307.89,7
2025-12-04,East,Sensor Lite,115,1447.64,838.61,4
2025-12-05,East,Sensor Lite,141,1781.81,1064.76,4
2025-12-06,East,Sensor Lite,156,2006.5,1177.36,5
2025-12-07,East,Sensor Lite,132,1614.69,869.43,5
2025-12-08,East,Sensor Lite,172,2162.71,1227.74,4
2025-12-09,East,Sensor Lite,196,2438.98,1481.98,5
2025-12-10,East,Sensor Lite,216,2789.33,1697.01,6
2025-12-11,East,Sensor Lite,154,1981.32,1217.04,8
2025-12-12,East,Sensor Lite,197,2434.17,1368.53,5
2025-12-13,East,Sensor Lite,190,2458.27,1476.26,3
2025-12-14,East,Sensor Lite,184,2342.32,1431.94,3
2025-12-15,East,Sensor Lite,163,2127.7,1231.09,9
2025-12-16,East,Sensor Lite,189,2363.04,1257.35,1
2025-12-17,East,Sensor Lite,206,2673.02,1483.46,2
2025-12-18,East,Sensor Lite,181,2367.64,1346.65,5
2025-12-19,East,Sensor Lite,173,2210.31,1265.1,4
2025-12-20,East,Sensor Lite,106,1436.56,699.35,7
2025-12-21,East,Sensor Lite,125,1617.25,912.92,6
2025-12-22,East,Sensor Lite,161,2161.31,1135.96,4
2025-12-23,East,Sensor Lite,146,2002.33,1112.32,8
2025-12-24,East,Sensor Lite,187,2264.59,1417.01,3
2025-12-25,East,Sensor Lite,215,2835.96,1632.61,4
2025-12-26,East,Sensor Lite,171,2214.02,1242.03,8
2025-12-27,East,Sensor Lite,100,1284.31,740.75,3
2025-12-28,East,Sensor Lite,145,1812.1,1068.5,6
2025-12-29,East,Sensor Lite,196,2432.18,1516.66,9
2025-12-30,East,Sensor Lite,194,2395.35,1397.32,1
2024-01-01,West,Widget Pro,76,1861.22,1038.0,19
2024-01-02,West,Widget Pro,96,2383.39,1482.64,20
2024-01-03,West,Widget Pro,77,1940.85,1114.7,18
2024-01-04,West,Widget Pro,186,4620.52,2681.42,20
2024-01-05,West,Widget Pro,84,2114.21,1097.65,22
2024-01-06,West,Widget Pro,69,1719.5,978.34,17
2024-01-07,West,Widget Pro,57,1434.76,748.61,17
2024-01-08,West,Widget Pro,94,2328.31,1452.97,15
2024-01-09,West,Widget Pro,86,2131.1,1153.37,19
2024-01-10,West,Widget Pro,67,1678.03,909.54,19
2024-01-11,West,Widget Pro,76,1860.75,1029.46,21
2024-01-12,West,Widget Pro,64,1591.52,879.42,19
2024-01-13,West,Widget Pro,69,1647.83,998.38,19
2024-01-14,West,Widget Pro,73,1693.93,1022.15,19
2024-01-15,West,Widget Pro,87,2140.58,1220.58,18
2024-01-16,West,Widget Pro,93,2227.28,1348.81,20
2024-01-17,West,Widget Pro,86,2232.13,1112.65,20
2024-01-18,West,Widget Pro,97,2322.86,1408.8,20
2024-01-19,West,Widget Pro,83,2083.0,1169.82,19
2024-01-20,West,Widget Pro,77,1848.88,1040.12,20
2024-01-21,West,Widget Pro,54,1323.85,760.98,21
2024-01-22,West,Widget Pro,66,1564.98,929.23,19
2024-01-23,West,Widget Pro,87,2056.98,1058.21,19
2024-01-24,West,Widget Pro,97,2400.01,1451.35,19
2024-01-25,West,Widget Pro,82,1987.71,1217.38,17
2024-01-26,West,Widget Pro,97,2432.56,1269.32,19
2024-01-27,West,Widget Pro,73,1857.79,983.38,21
2024-01-28,West,Widget Pro,48,1121.29,717.48,21
2024-01-29,West,Widget Pro,132,3340.02,1909.4,20
2024-01-30,West,Widget Pro,69,1641.75,984.78,18
2024-01-31,West,Widget Pro,74,1794.88,1058.58,22
2024-02-01,West,Widget Pro,108,2534.72,1540.27,23
2024-02-02,West,Widget Pro,88,2067.26,1166.41,21
2024-02-03,West,Widget Pro,61,1407.29,829.89,20
2024-02-04,West,Widget Pro,65,1573.18,955.38,18
2024-02-05,West,Widget Pro,75,1840.88,1084.45,20
2024-02-06,West,Widget Pro,77,1865.48,1093.31,19
2024-02-07,West,Widget Pro,102,2364.76,1381.74,20
2024-02-08,West,Widget Pro,81,1867.99,1190.09,23
2024-02-09,West,Widget Pro,74,1813.55,985.93,22
2024-02-10,West,Widget Pro,62,1554.96,932.27,19
2024-02-11,West,Widget Pro,70,1727.75,944.46,20
2024-02-12,West,Widget Pro,78,2018.09,1044.41,20
2024-02-13,West,Widget Pro,85,2080.12,1191.8,19
2024-02-14,West,Widget Pro,96,2374.26,1358.29,17
2024-02-15,West,Widget Pro,83,2032.22,1167.64,22
2024-02-16,West,Widget Pro,78,1866.19,1019.78,22
2024-02-17,West,Widget Pro,64,1560.27,914.89,19
2024-02-18,West,Widget Pro,93,2335.82,1365.76,19
2024-02-19,West,Widget Pro,135,3394.58,1882.34,22
2024-02-20,West,Widget Pro,92,2278.18,1188.43,19
2024-02-21,West,Widget Pro,104,2668.95,1440.62,17
2024-02-22,West,Widget Pro,77,1912.39,1016.94,19
2024-02-23,West,Widget Pro,82,2028.69,1037.12,23
2024-02-24,West,Widget Pro,80,2048.33,1089.3,19
2024-02-25,West,Widget Pro,48,1150.77,726.57,19
2024-02-26,West,Widget Pro,271,6923.94,3778.34,19
2024-02-27,West,Widget Pro,83,1974.08,1146.14,18
2024-02-28,West,Widget Pro,76,1847.14,1101.77,17
2024-02-29,West,Widget Pro,99,2291.87,1428.35,19
2024-03-01,West,Widget Pro,120,2962.16,1556.87,17
2024-03-02,West,Widget Pro,70,1783.2,1071.58,19
2024-03-03,West,Widget Pro,78,1857.24,1102.8,20
2024-03-04,West,Widget Pro,101,2453.51,1478.1,20
2024-03-05,West,Widget Pro,97,2360.7,1317.6,19
2024-03-06,West,Widget Pro,78,1898.67,985.25,17
2024-03-07,West,Widget Pro,97,2301.79,1350.06,19
2024-03-08,West,Widget Pro,97,2379.17,1283.15,20
2024-03-09,West,Widget Pro,46,1180.08,681.71,21
2024-03-10,West,Widget Pro,88,2123.6,1144.71,19
2024-03-11,West,Widget Pro,72,1776.18,1009.34,18
2024-03-12,West,Widget Pro,96,2367.68,1384.28,19
2024-03-13,West,Widget Pro,124,3001.94,1772.9,18
2024-03-14,West,Widget Pro,90,2223.41,1228.44,17
2024-03-15,West,Widget Pro,78,1889.17,994.81,20
2024-03-16,West,Widget Pro,84,2083.78,1087.39,19
2024-03-17,West,Widget Pro,97,2371.47,1306.58,17
2024-03-18,West,Widget Pro,78,1830.41,1015.01,18
2024-03-19,West,Widget Pro,62,1437.02,864.73,18
2024-03-20,West,Widget Pro,117,2682.65,1575.55,16
2024-03-21,West,Widget Pro,111,2686.04,1453.55,17
2024-03-22,West,Widget Pro,102,2561.28,1326.42,20
2024-03-23,West,Widget Pro,55,1317.99,708.71,18
2024-03-24,West,Widget Pro,17,413.41,237.33,17
2024-03-25,West,Widget Pro,115,2762.23,1550.92,21
2024-03-26,West,Widget Pro,140,3344.08,1962.52,19
2024-03-27,West,Widget Pro,91,2376.82,1269.07,20
2024-03-28,West,Widget Pro,98,2343.52,1358.05,17
2024-03-29,West,Widget Pro,65,1527.9,939.45,18
2024-03-30,West,Widget Pro,91,2169.64,1180.15,18
2024-03-31,West,Widget Pro,90,2209.95,1301.12,18
2024-04-01,West,Widget Pro,103,2480.09,1470.3,23
2024-04-02,West,Widget Pro,118,2915.8,1635.66,18
2024-04-03,West,Widget Pro,83,1988.95,1115.06,20
2024-04-04,West,Widget Pro,92,2214.24,1290.55,22
2024-04-05,West,Widget Pro,93,2230.15,1331.2,21
2024-04-06,West,Widget Pro,93,2272.25,1210.85,18
2024-04-07,West,Widget Pro,94,2352.3,1356.13,20
2024-04-08,West,Widget Pro,101,2535.31,1536.93,18
2024-04-09,West,Widget Pro,100,2553.45,1395.45,17
2024-04-10,West,Widget Pro,106,2494.74,1580.7,19
2024-04-11,West,Widget Pro,90,2136.21,1289.92,19
2024-04-12,West,Widget Pro,122,2906.63,1730.5,18
2024-04-13,West,Widget Pro,70,1714.83,945.66,17
2024-04-14,West,Widget Pro,83,1967.79,1142.19,16
2024-04-15,West,Widget Pro,86,2063.44,1144.95,15
2024-04-16,West,Widget Pro,113,2825.35,1656.61,17
2024-04-17,West,Widget Pro,39,986.17,525.67,17
2024-04-18,West,Widget Pro,139,3476.3,2117.44,18
2024-04-19,West,Widget Pro,93,2300.41,1330.54,14
2024-04-20,West,Widget Pro,90,2161.17,1284.82,17
2024-04-21,West,Widget Pro,68,1667.06,889.0,16
2024-04-22,West,Widget Pro,90,2280.46,1301.93,16
2024-04-23,West,Widget Pro,95,2373.69,1315.35,19
2024-04-24,West,Widget Pro,101,2540.17,1374.12,19
2024-04-25,West,Widget Pro,83,2091.49,1123.89,18
2024-04-26,West,Widget Pro,86,2086.27,1129.28,17
2024-04-27,West,Widget Pro,77,1922.37,1078.53,16
2024-04-28,West,Widget Pro,82,1986.11,1138.42,19
2024-04-29,West,Widget Pro,94,2344.12,1229.56,20
2024-04-30,West,Widget Pro,92,2336.95,1321.15,19
2024-05-01,West,Widget Pro,75,1923.15,1161.75,17
2024-05-02,West,Widget Pro,104,2593.46,1352.33,16
2024-05-03,West,Widget Pro,110,2726.85,1531.28,18
2024-05-04,West,Widget Pro,90,2296.8,1364.47,18
2024-05-05,West,Widget Pro,78,1861.43,1049.56,15
2024-05-06,West,Widget Pro,85,2172.83,1216.16,16
2024-05-07,West,Widget Pro,89,2189.05,1270.45,22
2024-05-08,West,Widget Pro,97,2386.34,1402.7,15
2024-05-09,West,Widget Pro,94,2271.85,1436.59,18
2024-05-10,West,Widget Pro,81,1914.65,1032.52,15
2024-05-11,West,Widget Pro,55,1406.99,777.35,16
2024-05-12,West,Widget Pro,68,1686.19,928.15,14
2024-05-13,West,Widget Pro,89,2156.35,1243.52,14
2024-05-14,West,Widget Pro,240,5941.74,3367.57,17
2024-05-15,West,Widget Pro,87,2109.97,1200.09,17
2024-05-16,West,Widget Pro,89,2068.98,1178.26,20
2024-05-17,West,Widget Pro,95,2315.06,1262.22,16
2024-05-18,West,Widget Pro,198,4646.24,3066.61,16
2024-05-19,West,Widget Pro,72,1776.59,938.37,16
2024-05-20,West,Widget Pro,70,1796.59,1040.11,14
2024-05-21,West,Widget Pro,82,1970.35,1088.59,17
2024-05-22,West,Widget Pro,128,3210.41,1800.55,16
2024-05-23,West,Widget Pro,120,2883.56,1845.33,13
2024-05-24,West,Widget Pro,250,6121.25,3639.1,18
2024-05-25,West,Widget Pro,84,2003.79,1091.44,15
2024-05-26,West,Widget Pro,181,4516.89,2491.3,17
2024-05-27,West,Widget Pro,88,2243.09,1230.41,17
2024-05-28,West,Widget Pro,107,2636.63,1575.19,17
2024-05-29,West,Widget Pro,108,2688.51,1515.57,14
2024-05-30,West,Widget Pro,106,2638.58,1472.21,19
2024-05-31,West,Widget Pro,82,1994.02,1246.73,15
2024-06-01,West,Widget Pro,69,1756.8,1042.33,11
2024-06-02,West,Widget Pro,65,1567.77,941.79,18
2024-06-03,West,Widget Pro,109,2544.53,1478.23,18
2024-06-04,West,Widget Pro,96,2286.99,1165.84,14
2024-06-05,West,Widget Pro,97,2420.4,1271.15,17
2024-06-06,West,Widget Pro,100,2421.56,1291.93,19
2024-06-07,West,Widget Pro,70,1719.77,977.0,19
2024-06-08,West,Widget Pro,84,2043.27,1231.15,18
2024-06-09,West,Widget Pro,65,1601.14,999.9,18
2024-06-10,West,Widget Pro,83,2100.2,1236.0,18
2024-06-11,West,Widget Pro,77,1972.84,1039.75,17
2024-06-12,West,Widget Pro,91,2164.67,1290.18,15
2024-06-13,West,Widget Pro,88,2216.28,1256.78,16
2024-06-14,West,Widget Pro,69,1700.48,890.68,19
2024-06-15,West,Widget Pro,51,1203.65,682.81,19
2024-06-16,West,Widget Pro,68,1690.7,931.5,18
2024-06-17,West,Widget Pro,102,2637.58,1580.08,17
2024-06-18,West,Widget Pro,100,2395.75,1427.05,21
2024-06-19,West,Widget Pro,105,2554.85,1373.38,18
2024-06-20,West,Widget Pro,85,1982.17,1164.72,19
2024-06-21,West,Widget Pro,82,2001.96,1173.76,15
2024-06-22,West,Widget Pro,69,1698.62,953.87,17
2024-06-23,West,Widget Pro,81,2102.01,1113.81,20
2024-06-24,West,Widget Pro,116,2762.34,1683.44,15
2024-06-25,West,Widget Pro,80,2016.68,1198.48,18
2024-06-26,West,Widget Pro,83,2051.84,1232.66,19
2024-06-27,West,Widget Pro,87,2274.36,1199.72,21
2024-06-28,West,Widget Pro,82,2019.56,1138.53,20
2024-06-29,West,Widget Pro,62,1516.66,854.58,21
2024-06-30,West,Widget Pro,67,1683.19,987.53,20
2024-07-01,West,Widget Pro,74,1839.59,1015.85,20
2024-07-02,West,Widget Pro,97,2443.21,1227.4,16
2024-07-03,West,Widget Pro,111,2765.29,1591.49,16
2024-07-04,West,Widget Pro,81,1896.66,1164.01,22
2024-07-05,West,Widget Pro,115,2861.63,1577.37,18
2024-07-06,West,Widget Pro,66,1641.2,1009.62,17
2024-07-07,West,Widget Pro,143,3425.76,1947.72,14
2024-07-08,West,Widget Pro,95,2347.72,1424.28,21
2024-07-09,West,Widget Pro,71,1643.7,927.45,16
2024-07-10,West,Widget Pro,94,2320.64,1334.19,17
2024-07-11,West,Widget Pro,88,2200.29,1182.19,21
2024-07-12,West,Widget Pro,78,1966.01,1088.01,14
2024-07-13,West,Widget Pro,61,1525.92,886.52,22
2024-07-14,West,Widget Pro,134,3195.71,1822.56,17
2024-07-15,West,Widget Pro,100,2342.29,1351.15,19
2024-07-16,West,Widget Pro,80,2015.34,1107.54,18
2024-07-17,West,Widget Pro,87,2157.39,1446.96,17
2024-07-18,West,Widget Pro,82,2038.72,1159.61,18
2024-07-19,West,Widget Pro,166,4272.13,2340.63,18
2024-07-20,West,Widget Pro,70,1632.31,1001.31,17
2024-07-21,West,Widget Pro,72,1859.42,921.51,22
2024-07-22,West,Widget Pro,84,2023.29,1230.15,17
2024-07-23,West,Widget Pro,79,1983.4,1145.34,16
2024-07-24,West,Widget Pro,67,1640.85,854.34,15
2024-07-25,West,Widget Pro,73,1769.95,1144.87,20
2024-07-26,West,Widget Pro,77,1801.1,1078.16,16
2024-07-27,West,Widget Pro,65,1560.38,859.19,19
2024-07-28,West,Widget Pro,47,1167.63,668.32,24
2024-07-29,West,Widget Pro,90,2228.49,1202.74,20
2024-07-30,West,Widget Pro,85,2141.98,1094.18,20
2024-07-31,West,Widget Pro,124,2974.97,1712.34,19
2024-08-01,West,Widget Pro,68,1703.32,941.17,20
2024-08-02,West,Widget Pro,70,1718.4,902.85,19
2024-08-03,West,Widget Pro,50,1248.26,672.69,20
2024-08-04,West,Widget Pro,60,1492.63,796.61,23
2024-08-05,West,Widget Pro,77,1859.82,1058.74,19
2024-08-06,West,Widget Pro,93,2295.74,1344.16,18
2024-08-07,West,Widget Pro,86,2136.13,1212.51,20
2024-08-08,West,Widget Pro,99,2482.73,1383.74,22
2024-08-09,West,Widget Pro,80,2048.5,1017.79,19
2024-08-10,West,Widget Pro,53,1273.79,740.96,21
2024-08-11,West,Widget Pro,86,2033.27,1138.51,21
2024-08-12,West,Widget Pro,74,1882.98,947.01,24
2024-08-13,West,Widget Pro,59,1389.72,862.24,22
2024-08-14,West,Widget Pro,81,2046.03,1058.53,18
2024-08-15,West,Widget Pro,58,1382.24,815.82,16
2024-08-16,West,Widget Pro,76,1826.83,1038.08,20
2024-08-17,West,Widget Pro,57,1393.19,759.95,19
2024-08-18,West,Widget Pro,68,1593.46,1010.07,19
2024-08-19,West,Widget Pro,92,2188.41,1249.33,18
2024-08-20,West,Widget Pro,73,1698.72,994.79,19
2024-08-21,West,Widget Pro,72,1799.42,970.96,19
2024-08-22,West,Widget Pro,88,2155.25,1242.83,20
2024-08-23,West,Widget Pro,67,1642.21,930.52,19
2024-08-24,West,Widget Pro,62,1516.22,837.54,18
2024-08-25,West,Widget Pro,26,636.66,347.21,21
2024-08-26,West,Widget Pro,66,1593.62,922.09,20
2024-08-27,West,Widget Pro,72,1814.61,975.22,20
2024-08-28,West,Widget Pro,78,1809.92,1186.16,20
2024-08-29,West,Widget Pro,97,2273.65,1322.33,18
2024-08-30,West,Widget Pro,61,1555.4,868.27,23
2024-08-31,West,Widget Pro,59,1457.08,822.24,24
2024-09-01,West,Widget Pro,77,1771.91,1062.42,22
2024-09-02,West,Widget Pro,90,2226.13,1316.66,16
2024-09-03,West,Widget Pro,72,1679.88,1037.24,18
2024-09-04,West,Widget Pro,75,1909.18,1079.45,21
2024-09-05,West,Widget Pro,82,2064.45,1179.56,18
2024-09-06,West,Widget Pro,82,2135.4,1055.33,18
2024-09-07,West,Widget Pro,77,1869.58,1101.75,17
2024-09-08,West,Widget Pro,74,1746.81,1023.18,19
2024-09-09,West,Widget Pro,59,1422.06,804.82,18
2024-09-10,West,Widget Pro,56,1350.69,919.64,14
2024-09-11,West,Widget Pro,68,1685.27,881.85,21
2024-09-12,West,Widget Pro,54,1250.31,752.58,20
2024-09-13,West,Widget Pro,95,2327.13,1318.61,16
2024-09-14,West,Widget Pro,46,1092.7,641.36,21
2024-09-15,West,Widget Pro,57,1375.01,757.54,19
2024-09-16,West,Widget Pro,64,1633.06,906.08,21
2024-09-17,West,Widget Pro,56,1413.27,739.95,20
2024-09-18,West,Widget Pro,93,2328.38,1320.46,17
2024-09-19,West,Widget Pro,136,3395.62,1918.91,20
2024-09-20,West,Widget Pro,105,2552.09,1452.05,20
2024-09-21,West,Widget Pro,77,1883.76,1074.08,21
2024-09-22,West,Widget Pro,60,1400.65,906.53,20
2024-09-23,West,Widget Pro,51,1203.25,734.64,22
2024-09-24,West,Widget Pro,70,1721.52,988.48,20
2024-09-25,West,Widget Pro,113,2675.49,1615.58,17
2024-09-26,West,Widget Pro,81,2025.56,1136.28,18
2024-09-27,West,Widget Pro,73,1785.83,1050.22,16
2024-09-28,West,Widget Pro,54,1311.19,733.1,20
2024-09-29,West,Widget Pro,70,1683.78,1088.32,16
2024-09-30,West,Widget Pro,80,1986.51,1130.52,22
2024-10-01,West,Widget Pro,79,1974.86,1262.3,17
2024-10-02,West,Widget Pro,92,2194.48,1430.76,18
2024-10-03,West,Widget Pro,91,2194.43,1241.91,17
2024-10-04,West,Widget Pro,81,1973.29,1147.58,16
2024-10-05,West,Widget Pro,45,1113.12,641.52,16
2024-10-06,West,Widget Pro,50,1236.33,732.68,18
2024-10-07,West,Widget Pro,67,1636.47,944.16,17
2024-10-08,West,Widget Pro,75,1876.54,1113.36,16
2024-10-09,West,Widget Pro,98,2391.22,1251.32,18
2024-10-10,West,Widget Pro,109,2558.61,1479.46,16
2024-10-11,West,Widget Pro,81,2064.11,1123.18,17
2024-10-12,West,Widget Pro,67,1689.76,906.73,21
2024-10-13,West,Widget Pro,46,1080.44,588.23,16
2024-10-14,West,Widget Pro,70,1724.18,1023.31,16
2024-10-15,West,Widget Pro,68,1731.0,899.31,15
2024-10-16,West,Widget Pro,67,1626.52,906.37,16
2024-10-17,West,Widget Pro,84,2105.64,1220.39,17
2024-10-18,West,Widget Pro,70,1772.14,1039.99,16
2024-10-19,West,Widget Pro,43,1061.98,584.98,14
2024-10-20,West,Widget Pro,71,1851.33,942.47,17
2024-10-21,West,Widget Pro,95,2372.88,1275.92,17
2024-10-22,West,Widget Pro,80,1966.0,1182.42,18
2024-10-23,West,Widget Pro,74,1803.91,1096.67,14
2024-10-24,West,Widget Pro,65,1590.24,925.31,19
2024-10-25,West,Widget Pro,66,1589.62,935.41,15
2024-10-26,West,Widget Pro,74,1752.44,967.69,14
2024-10-27,West,Widget Pro,54,1287.31,773.58,18
2024-10-28,West,Widget Pro,110,2683.48,1600.5,19
2024-10-29,West,Widget Pro,91,2283.23,1284.54,16
2024-10-30,West,Widget Pro,82,2028.68,1159.59,15
2024-10-31,West,Widget Pro,126,3102.65,1673.0,17
2024-11-01,West,Widget Pro,97,2527.67,1437.34,13
2024-11-02,West,Widget Pro,57,1467.0,743.77,21
2024-11-03,West,Widget Pro,52,1239.12,727.4,14
2024-11-04,West,Widget Pro,72,1801.28,1031.06,17
2024-11-05,West,Widget Pro,77,1819.31,1139.5,16
2024-11-06,West,Widget Pro,68,1679.38,1002.15,14
2024-11-07,West,Widget Pro,64,1503.41,947.04,14
2024-11-08,West,Widget Pro,82,1972.42,1130.66,18
2024-11-09,West,Widget Pro,74,1846.93,1156.38,17
2024-11-10,West,Widget Pro,88,2126.61,1299.01,15
2024-11-11,West,Widget Pro,187,4433.21,2571.81,15
2024-11-12,West,Widget Pro,88,2111.53,1214.24,14
2024-11-13,West,Widget Pro,57,1356.96,828.34,18
2024-11-14,West,Widget Pro,93,2306.69,1271.57,18
2024-11-15,West,Widget Pro,66,1675.34,864.98,17
2024-11-16,West,Widget Pro,68,1656.15,955.93,17
2024-11-17,West,Widget Pro,64,1616.43,794.2,17
2024-11-18,West,Widget Pro,77,1854.06,1097.31,13
2024-11-19,West,Widget Pro,62,1514.39,895.69,17
2024-11-20,West,Widget Pro,70,1806.78,966.97,18
2024-11-21,West,Widget Pro,68,1657.11,1006.74,17
2024-11-22,West,Widget Pro,73,1845.91,1065.54,16
2024-11-23,West,Widget Pro,80,1917.66,1062.94,15
2024-11-24,West,Widget Pro,61,1493.6,855.89,15
2024-11-25,West,Widget Pro,72,1718.58,981.82,15
2024-11-26,West,Widget Pro,33,810.11,454.54,17
2024-11-27,West,Widget Pro,87,2146.81,1287.81,15
2024-11-28,West,Widget Pro,119,2981.68,1718.1,13
2024-11-29,West,Widget Pro,232,5585.24,3131.47,18
2024-11-30,West,Widget Pro,46,1121.35,651.22,17
2024-12-01,West,Widget Pro,77,1953.77,1037.27,17
2024-12-02,West,Widget Pro,94,2219.47,1284.1,15
2024-12-03,West,Widget Pro,113,2562.92,1703.75,16
2024-12-04,West,Widget Pro,81,1945.6,1278.41,18
2024-12-05,West,Widget Pro,102,2544.74,1555.02,17
2024-12-06,West,Widget Pro,79,1940.31,1121.34,15
2024-12-07,West,Widget Pro,71,1689.6,1003.14,19
2024-12-08,West,Widget Pro,56,1374.94,823.96,15
2024-12-09,West,Widget Pro,66,1599.21,928.69,11
2024-12-10,West,Widget Pro,100,2334.93,1300.19,17
2024-12-11,West,Widget Pro,85,2061.24,1298.23,17
2024-12-12,West,Widget Pro,68,1703.22,895.46,17
2024-12-13,West,Widget Pro,99,2405.28,1469.7,18
2024-12-14,West,Widget Pro,42,982.29,610.34,16
2024-12-15,West,Widget Pro,60,1546.11,918.11,19
2024-12-16,West,Widget Pro,64,1521.28,934.64,15
2024-12-17,West,Widget Pro,108,2675.6,1467.56,17
2024-12-18,West,Widget Pro,81,2034.22,1195.54,16
2024-12-19,West,Widget Pro,89,2208.09,1223.36,20
2024-12-20,West,Widget Pro,93,2262.62,1238.37,16
2024-12-21,West,Widget Pro,10,231.65,127.18,18
2024-12-22,West,Widget Pro,80,2028.94,1113.08,18
2024-12-23,West,Widget Pro,102,2411.54,1307.43,18
2024-12-24,West,Widget Pro,85,2143.23,1275.48,16
2024-12-25,West,Widget Pro,104,2632.92,1341.64,19
2024-12-26,West,Widget Pro,79,1864.58,1084.98,18
2024-12-27,West,Widget Pro,83,1958.07,1142.4,19
2024-12-28,West,Widget Pro,54,1307.4,762.49,21
2024-12-29,West,Widget Pro,97,2442.06,1299.11,18
2024-12-30,West,Widget Pro,75,1804.55,1109.58,16
2024-12-31,West,Widget Pro,117,2874.57,1651.36,22
2025-01-01,West,Widget Pro,100,2413.1,1398.76,20
2025-01-02,West,Widget Pro,94,2357.28,1273.21,20
2025-01-03,West,Widget Pro,98,2355.27,1409.71,18
2025-01-04,West,Widget Pro,60,1438.21,898.69,20
2025-01-05,West,Widget Pro,98,2326.63,1556.88,15
2025-01-06,West,Widget Pro,86,2039.79,1147.34,22
2025-01-07,West,Widget Pro,111,2806.31,1543.39,21
2025-01-08,West,Widget Pro,84,2035.91,1063.86,19
2025-01-09,West,Widget Pro,72,1713.67,1042.26,21
2025-01-10,West,Widget Pro,133,3095.15,1734.89,20
2025-01-11,West,Widget Pro,67,1628.18,950.92,17
2025-01-12,West,Widget Pro,81,1935.63,1204.02,19
2025-01-13,West,Widget Pro,54,1282.89,740.43,20
2025-01-14,West,Widget Pro,93,2225.58,1241.32,19
2025-01-15,West,Widget Pro,105,2581.9,1566.88,19
2025-01-16,West,Widget Pro,97,2293.73,1406.26,21
2025-01-17,West,Widget Pro,93,2257.57,1228.45,20
2025-01-18,West,Widget Pro,73,1836.02,1029.14,23
2025-01-19,West,Widget Pro,89,2144.3,1192.81,18
2025-01-20,West,Widget Pro,76,1802.56,1120.42,20
2025-01-21,West,Widget Pro,92,2325.36,1295.92,18
2025-01-22,West,Widget Pro,125,3054.4,1883.67,21
2025-01-23,West,Widget Pro,74,1803.5,987.75,17
2025-01-24,West,Widget Pro,95,2363.88,1345.1,20
2025-01-25,West,Widget Pro,64,1563.93,895.45,22
2025-01-26,West,Widget Pro,82,2013.21,1162.62,20
2025-01-27,West,Widget Pro,98,2287.84,1333.15,18
2025-01-28,West,Widget Pro,82,1958.4,1018.79,22
2025-01-29,West,Widget Pro,98,2535.15,1418.58,21
2025-01-30,West,Widget Pro,99,2349.8,1389.72,20
2025-01-31,West,Widget Pro,88,2160.44,1180.79,18
2025-02-01,West,Widget Pro,24,618.73,327.57,17
2025-02-02,West,Widget Pro,70,1750.34,922.71,24
2025-02-03,West,Widget Pro,66,1631.09,838.14,19
2025-02-04,West,Widget Pro,117,2797.56,1723.07,18
2025-02-05,West,Widget Pro,123,2957.15,1771.21,21
2025-02-06,West,Widget Pro,73,1771.91,952.95,18
2025-02-07,West,Widget Pro,124,3068.73,1955.15,21
2025-02-08,West,Widget Pro,86,2187.44,1136.17,23
2025-02-09,West,Widget Pro,66,1622.7,957.01,18
2025-02-10,West,Widget Pro,97,2335.8,1358.25,19
2025-02-11,West,Widget Pro,89,2174.18,1167.32,21
2025-02-12,West,Widget Pro,119,2961.04,1695.13,18
2025-02-13,West,Widget Pro,86,2128.29,1192.9,18
2025-02-14,West,Widget Pro,149,3623.26,2019.56,20
2025-02-15,West,Widget Pro,100,2367.66,1492.34,24
2025-02-16,West,Widget Pro,65,1643.96,938.39,18
2025-02-17,West,Widget Pro,137,3330.13,1986.97,19
2025-02-18,West,Widget Pro,117,2887.6,1620.37,25
2025-02-19,West,Widget Pro,100,2400.27,1424.65,21
2025-02-20,West,Widget Pro,116,2782.13,1621.82,16
2025-02-21,West,Widget Pro,121,3008.73,1736.28,19
2025-02-22,West,Widget Pro,72,1696.98,959.03,21
2025-02-23,West,Widget Pro,96,2269.9,1184.46,23
2025-02-24,West,Widget Pro,96,2458.45,1435.13,23
2025-02-25,West,Widget Pro,120,3012.87,1678.76,21
2025-02-26,West,Widget Pro,101,2505.44,1454.42,21
2025-02-27,West,Widget Pro,87,2062.92,1176.32,17
2025-02-28,West,Widget Pro,116,2860.81,1605.83,18
2025-03-01,West,Widget Pro,78,1906.78,1175.01,17
2025-03-02,West,Widget Pro,86,2079.04,1225.9,22
2025-03-03,West,Widget Pro,112,2736.62,1740.85,20
2025-03-04,West,Widget Pro,136,3188.97,1988.88,20
2025-03-05,West,Widget Pro,97,2228.97,1312.63,22
2025-03-06,West,Widget Pro,90,2224.64,1287.82,20
2025-03-07,West,Widget Pro,141,3471.25,2140.04,22
2025-03-08,West,Widget Pro,205,5060.45,2901.61,21
2025-03-09,West,Widget Pro,76,1904.99,1098.34,21
2025-03-10,West,Widget Pro,112,2786.11,1678.76,17
2025-03-11,West,Widget Pro,99,2533.54,1223.46,21
2025-03-12,West,Widget Pro,101,2562.06,1463.58,20
2025-03-13,West,Widget Pro,168,4123.22,2510.39,18
2025-03-14,West,Widget Pro,89,2190.85,1198.18,20
2025-03-15,West,Widget Pro,65,1603.23,957.56,21
2025-03-16,West,Widget Pro,106,2477.5,1483.61,18
2025-03-17,West,Widget Pro,99,2492.44,1268.74,17
2025-03-18,West,Widget Pro,112,2792.19,1629.98,17
2025-03-19,West,Widget Pro,119,2770.52,1665.2,16
2025-03-20,West,Widget Pro,78,1999.84,1087.94,18
2025-03-21,West,Widget Pro,131,3168.28,1893.25,20
2025-03-22,West,Widget Pro,77,1879.47,1026.84,22
2025-03-23,West,Widget Pro,120,2927.35,1744.83,17
2025-03-24,West,Widget Pro,92,2242.38,1229.25,19
2025-03-25,West,Widget Pro,141,3702.67,2123.32,18
2025-03-26,West,Widget Pro,146,3548.98,2160.41,18
2025-03-27,West,Widget Pro,98,2377.63,1477.49,15
2025-03-28,West,Widget Pro,103,2524.97,1475.47,16
2025-03-29,West,Widget Pro,81,1933.99,1109.98,21
2025-03-30,West,Widget Pro,112,2768.02,1511.48,20
2025-03-31,West,Widget Pro,111,2652.51,1493.35,18
2025-04-01,West,Widget Pro,118,2934.43,1637.74,19
2025-04-02,West,Widget Pro,104,2468.28,1406.04,19
2025-04-03,West,Widget Pro,117,2816.0,1664.61,17
2025-04-04,West,Widget Pro,118,2803.84,1585.48,17
2025-04-05,West,Widget Pro,77,1856.39,1044.46,16
2025-04-06,West,Widget Pro,118,2736.05,1620.54,18
2025-04-07,West,Widget Pro,103,2338.38,1386.04,15
2025-04-08,West,Widget Pro,129,3129.96,1775.1,16
2025-04-09,West,Widget Pro,85,1986.54,1224.74,18
2025-04-10,West,Widget Pro,121,3118.7,1619.13,16
2025-04-11,West,Widget Pro,130,3150.7,1710.46,13
2025-04-12,West,Widget Pro,90,2251.87,1248.77,16
2025-04-13,West,Widget Pro,104,2571.63,1373.07,18
2025-04-14,West,Widget Pro,94,2229.58,1403.95,17
2025-04-15,West,Widget Pro,117,2830.33,1580.78,13
2025-04-16,West,Widget Pro,81,2028.6,1136.73,19
2025-04-17,West,Widget Pro,110,2749.62,1574.96,16
2025-04-18,West,Widget Pro,93,2337.72,1219.84,17
2025-04-19,West,Widget Pro,85,2041.49,1139.74,19
2025-04-20,West,Widget Pro,110,2742.23,1491.49,16
2025-04-21,West,Widget Pro,146,3512.09,2123.97,13
2025-04-22,West,Widget Pro,85,2145.65,1298.98,20
2025-04-23,West,Widget Pro,134,3379.52,2050.09,12
2025-04-24,West,Widget Pro,137,3218.14,2040.11,16
2025-04-25,West,Widget Pro,113,2791.42,1483.92,19
2025-04-26,West,Widget Pro,109,2582.74,1459.13,15
2025-04-27,West,Widget Pro,27,677.93,404.22,15
2025-04-28,West,Widget Pro,97,2296.06,1461.59,16
2025-04-29,West,Widget Pro,97,2399.5,1412.03,16
2025-04-30,West,Widget Pro,121,3030.2,1762.25,14
2025-05-01,West,Widget Pro,104,2553.14,1424.76,15
2025-05-02,West,Widget Pro,93,2337.4,1413.72,18
2025-05-03,West,Widget Pro,75,1853.66,1011.62,15
2025-05-04,West,Widget Pro,85,2180.37,1094.17,17
2025-05-05,West,Widget Pro,91,2155.82,1325.04,14
2025-05-06,West,Widget Pro,119,2881.92,1617.45,19
2025-05-07,West,Widget Pro,131,3024.67,1714.92,18
2025-05-08,West,Widget Pro,126,3059.53,1841.44,16
2025-05-09,West,Widget Pro,178,4205.7,2264.2,17
2025-05-10,West,Widget Pro,91,2136.74,1302.94,19
2025-05-11,West,Widget Pro,114,2662.67,1560.36,14
2025-05-12,West,Widget Pro,109,2632.6,1648.18,14
2025-05-13,West,Widget Pro,100,2468.66,1432.01,17
2025-05-14,West,Widget Pro,107,2659.1,1578.43,13
2025-05-15,West,Widget Pro,108,2725.53,1430.02,13
2025-05-16,West,Widget Pro,102,2569.79,1307.04,13
2025-05-17,West,Widget Pro,69,1633.26,948.5,16
2025-05-18,West,Widget Pro,70,1676.79,1009.97,12
2025-05-19,West,Widget Pro,128,3154.14,1798.39,15
2025-05-20,West,Widget Pro,121,2983.04,1791.47,9
2025-05-21,West,Widget Pro,143,3648.55,2056.7,17
2025-05-22,West,Widget Pro,97,2355.97,1286.74,17
2025-05-23,West,Widget Pro,95,2381.1,1360.9,16
2025-05-24,West,Widget Pro,67,1634.46,946.06,19
2025-05-25,West,Widget Pro,246,6091.68,3662.84,18
2025-05-26,West,Widget Pro,88,2181.12,1174.96,15
2025-05-27,West,Widget Pro,102,2497.33,1380.64,15
2025-05-28,West,Widget Pro,252,5993.22,3598.01,18
2025-05-29,West,Widget Pro,77,1902.16,1154.2,18
2025-05-30,West,Widget Pro,118,2946.78,1635.53,16
2025-05-31,West,Widget Pro,98,2408.71,1412.92,13
2025-06-01,West,Widget Pro,86,1932.36,1206.12,18
2025-06-02,West,Widget Pro,100,2437.02,1397.03,17
2025-06-03,West,Widget Pro,101,2524.87,1495.44,17
2025-06-04,West,Widget Pro,130,3091.38,1830.0,11
2025-06-05,West,Widget Pro,102,2578.92,1396.4,18
2025-06-06,West,Widget Pro,101,2429.01,1378.53,17
2025-06-07,West,Widget Pro,71,1722.81,978.74,16
2025-06-08,West,Widget Pro,49,1207.93,662.26,15
2025-06-09,West,Widget Pro,122,2906.39,1687.68,17
2025-06-10,West,Widget Pro,100,2517.02,1404.12,18
2025-06-11,West,Widget Pro,85,2161.49,1207.06,16
2025-06-12,West,Widget Pro,146,3458.95,1943.31,18
2025-06-13,West,Widget Pro,108,2631.27,1480.21,15
2025-06-14,West,Widget Pro,77,1993.65,1057.97,16
2025-06-15,West,Widget Pro,95,2404.27,1279.24,19
2025-06-16,West,Widget Pro,106,2471.29,1441.01,17
2025-06-17,West,Widget Pro,105,2662.57,1536.2,21
2025-06-18,West,Widget Pro,88,1934.73,1316.02,18
2025-06-19,West,Widget Pro,112,2794.6,1543.46,15
2025-06-20,West,Widget Pro,116,2768.95,1566.27,15
2025-06-21,West,Widget Pro,70,1738.66,976.02,19
2025-06-22,West,Widget Pro,56,1382.16,787.3,17
2025-06-23,West,Widget Pro,116,2853.41,1680.2,20
2025-06-24,West,Widget Pro,109,2717.42,1495.76,17
2025-06-25,West,Widget Pro,113,2727.31,1539.13,19
2025-06-26,West,Widget Pro,98,2357.86,1540.18,17
2025-06-27,West,Widget Pro,35,881.44,458.31,19
2025-06-28,West,Widget Pro,69,1690.79,1009.52,20
2025-06-29,West,Widget Pro,74,1782.02,1113.17,18
2025-06-30,West,Widget Pro,80,1949.53,1105.79,20
2025-07-01,West,Widget Pro,118,2868.04,1688.34,15
2025-07-02,West,Widget Pro,95,2303.35,1218.49,19
2025-07-03,West,Widget Pro,99,2457.74,1387.72,19
2025-07-04,West,Widget Pro,103,2457.62,1525.6,18
2025-07-05,West,Widget Pro,73,1870.1,1028.16,14
2025-07-06,West,Widget Pro,88,2170.48,1234.35,15
2025-07-07,West,Widget Pro,127,2940.1,1932.17,19
2025-07-08,West,Widget Pro,112,2766.64,1632.22,20
2025-07-09,West,Widget Pro,69,1643.32,1000.21,20
2025-07-10,West,Widget Pro,234,5728.27,3143.23,19
2025-07-11,West,Widget Pro,96,2341.24,1179.7,17
2025-07-12,West,Widget Pro,93,2324.83,1326.29,17
2025-07-13,West,Widget Pro,174,4348.22,2436.67,15
2025-07-14,West,Widget Pro,77,1899.03,1119.1,20
2025-07-15,West,Widget Pro,108,2797.58,1521.43,23
2025-07-16,West,Widget Pro,92,2204.99,1290.86,19
2025-07-17,West,Widget Pro,83,2116.81,1163.78,18
2025-07-18,West,Widget Pro,88,2246.13,1163.64,20
2025-07-19,West,Widget Pro,57,1410.63,724.38,19
2025-07-20,West,Widget Pro,76,1887.63,1016.88,16
2025-07-21,West,Widget Pro,87,2192.29,1150.85,20
2025-07-22,West,Widget Pro,100,2426.79,1396.79,19
2025-07-23,West,Widget Pro,88,2123.26,1131.41,19
2025-07-24,West,Widget Pro,91,2199.13,1243.69,24
2025-07-25,West,Widget Pro,84,2076.05,1289.45,20
2025-07-26,West,Widget Pro,69,1666.71,962.4,23
2025-07-27,West,Widget Pro,59,1414.18,827.99,18
2025-07-28,West,Widget Pro,108,2563.78,1513.17,17
2025-07-29,West,Widget Pro,89,2116.14,1259.2,18
2025-07-30,West,Widget Pro,63,1513.88,858.78,22
2025-07-31,West,Widget Pro,67,1611.12,930.25,18
2025-08-01,West,Widget Pro,108,2654.52,1471.03,17
2025-08-02,West,Widget Pro,71,1698.99,919.8,21
2025-08-03,West,Widget Pro,71,1765.16,1052.3,19
2025-08-04,West,Widget Pro,89,2309.22,1191.04,21
2025-08-05,West,Widget Pro,97,2465.59,1466.68,19
2025-08-06,West,Widget Pro,116,2751.54,1561.9,18
2025-08-07,West,Widget Pro,96,2330.89,1252.7,23
2025-08-08,West,Widget Pro,93,2191.64,1428.03,18
2025-08-09,West,Widget Pro,63,1552.53,816.75,18
2025-08-10,West,Widget Pro,53,1308.36,657.98,21
2025-08-11,West,Widget Pro,95,2339.65,1233.82,14
2025-08-12,West,Widget Pro,96,2277.96,1334.73,21
2025-08-13,West,Widget Pro,106,2546.4,1384.74,24
2025-08-14,West,Widget Pro,118,2973.9,1605.53,22
2025-08-15,West,Widget Pro,70,1735.42,880.36,18
2025-08-16,West,Widget Pro,62,1479.44,915.2,18
2025-08-17,West,Widget Pro,78,1837.39,1114.92,20
2025-08-18,West,Widget Pro,86,2102.4,1127.8,21
2025-08-19,West,Widget Pro,112,2733.91,1386.46,23
2025-08-20,West,Widget Pro,144,3391.86,1924.9,23
2025-08-21,West,Widget Pro,123,2985.63,1777.98,19
2025-08-22,West,Widget Pro,87,2100.51,1283.57,19
2025-08-23,West,Widget Pro,92,2214.28,1272.83,18
2025-08-24,West,Widget Pro,44,1064.16,600.56,21
2025-08-25,West,Widget Pro,93,2297.25,1264.33,22
2025-08-26,West,Widget Pro,86,2112.66,1222.32,20
2025-08-27,West,Widget Pro,58,1474.51,847.79,20
2025-08-28,West,Widget Pro,85,2094.86,1181.48,24
2025-08-29,West,Widget Pro,68,1706.22,934.2,21
2025-08-30,West,Widget Pro,62,1458.69,901.88,15
2025-08-31,West,Widget Pro,72,1772.03,1083.32,19
2025-09-01,West,Widget Pro,83,2010.78,1145.35,20
2025-09-02,West,Widget Pro,90,2252.89,1265.35,19
2025-09-03,West,Widget Pro,87,2147.75,1172.24,22
2025-09-04,West,Widget Pro,129,3309.84,1813.25,19
2025-09-05,West,Widget Pro,88,2095.73,1174.93,17
2025-09-06,West,Widget Pro,69,1654.43,1034.68,18
2025-09-07,West,Widget Pro,73,1806.81,1067.28,20
2025-09-08,West,Widget Pro,84,2049.99,1278.14,16
2025-09-09,West,Widget Pro,63,1499.81,857.3,18
2025-09-10,West,Widget Pro,95,2353.56,1467.68,21
2025-09-11,West,Widget Pro,106,2558.41,1502.15,16
2025-09-12,West,Widget Pro,111,2756.26,1543.6,17
2025-09-13,West,Widget Pro,76,1767.04,1130.93,15
2025-09-14,West,Widget Pro,64,1554.2,850.28,17
2025-09-15,West,Widget Pro,88,2166.15,1234.06,17
2025-09-16,West,Widget Pro,115,2831.81,1597.41,18
2025-09-17,West,Widget Pro,80,2001.1,1143.38,17
2025-09-18,West,Widget Pro,67,1629.46,917.19,18
2025-09-19,West,Widget Pro,124,3078.8,1689.18,20
2025-09-20,West,Widget Pro,56,1369.14,769.08,19
2025-09-21,West,Widget Pro,50,1251.95,689.83,22
2025-09-22,West,Widget Pro,88,2056.54,1236.85,17
2025-09-23,West,Widget Pro,90,2032.72,1341.14,17
2025-09-24,West,Widget Pro,91,2313.35,1136.63,18
2025-09-25,West,Widget Pro,98,2360.05,1424.58,17
2025-09-26,West,Widget Pro,81,1883.09,1107.23,18
2025-09-27,West,Widget Pro,65,1584.82,901.86,14
2025-09-28,West,Widget Pro,60,1447.13,794.36,17
2025-09-29,West,Widget Pro,85,2105.56,1192.75,19
2025-09-30,West,Widget Pro,92,2287.29,1262.8,21
2025-10-01,West,Widget Pro,98,2370.93,1356.57,20
2025-10-02,West,Widget Pro,71,1787.98,1022.98,18
2025-10-03,West,Widget Pro,67,1581.87,967.8,18
2025-10-04,West,Widget Pro,78,1776.25,1169.53,18
2025-10-05,West,Widget Pro,61,1501.12,828.71,16
2025-10-06,West,Widget Pro,70,1701.73,1013.44,15
2025-10-07,West,Widget Pro,60,1386.45,866.61,17
2025-10-08,West,Widget Pro,108,2694.37,1518.64,17
2025-10-09,West,Widget Pro,88,2046.15,1335.82,19
2025-10-10,West,Widget Pro,92,2246.39,1246.89,12
2025-10-11,West,Widget Pro,73,1829.65,1029.71,16
2025-10-12,West,Widget Pro,70,1728.21,994.94,19
2025-10-13,West,Widget Pro,84,2070.38,1105.57,18
2025-10-14,West,Widget Pro,83,2004.57,1235.49,15
2025-10-15,West,Widget Pro,71,1748.29,988.7,14
2025-10-16,West,Widget Pro,61,1517.3,872.67,16
2025-10-17,West,Widget Pro,126,3027.3,1903.33,18
2025-10-18,West,Widget Pro,68,1609.48,962.23,17
2025-10-19,West,Widget Pro,62,1554.92,869.75,17
2025-10-20,West,Widget Pro,73,1887.85,1025.39,18
2025-10-21,West,Widget Pro,102,2611.06,1356.25,17
2025-10-22,West,Widget Pro,87,1963.55,1194.82,17
2025-10-23,West,Widget Pro,73,1855.64,1014.26,18
2025-10-24,West,Widget Pro,81,1946.74,1139.57,15
2025-10-25,West,Widget Pro,72,1859.29,1077.48,14
2025-10-26,West,Widget Pro,64,1519.15,937.63,18
2025-10-27,West,Widget Pro,99,2343.4,1345.28,15
2025-10-28,West,Widget Pro,125,3057.9,1747.95,12
2025-10-29,West,Widget Pro,79,1912.18,1183.46,19
2025-10-30,West,Widget Pro,82,1987.78,1049.04,17
2025-10-31,West,Widget Pro,74,1864.3,1024.22,16
2025-11-01,West,Widget Pro,67,1702.4,876.74,16
2025-11-02,West,Widget Pro,49,1166.51,769.81,18
2025-11-03,West,Widget Pro,105,2699.09,1526.76,13
2025-11-04,West,Widget Pro,68,1604.49,928.38,16
2025-11-05,West,Widget Pro,75,1804.18,1048.12,17
2025-11-06,West,Widget Pro,88,2319.86,1181.38,17
2025-11-07,West,Widget Pro,112,2774.43,1724.12,13
2025-11-08,West,Widget Pro,60,1441.02,743.68,17
2025-11-09,West,Widget Pro,68,1679.19,967.59,15
2025-11-10,West,Widget Pro,92,2301.71,1283.42,15
2025-11-11,West,Widget Pro,78,1930.34,1035.83,13
2025-11-12,West,Widget Pro,86,2187.94,1188.87,21
2025-11-13,West,Widget Pro,66,1575.03,849.12,16
2025-11-14,West,Widget Pro,80,1921.56,1207.91,17
2025-11-15,West,Widget Pro,89,2122.27,1247.6,14
2025-11-16,West,Widget Pro,82,1958.94,1200.52,13
2025-11-17,West,Widget Pro,82,2011.56,1120.18,18
2025-11-18,West,Widget Pro,74,1755.14,1105.65,13
2025-11-19,West,Widget Pro,86,2125.37,1206.09,19
2025-11-20,West,Widget Pro,69,1722.59,1017.82,20
2025-11-21,West,Widget Pro,87,2053.32,1252.56,15
2025-11-22,West,Widget Pro,67,1610.47,936.42,15
2025-11-23,West,Widget Pro,67,1616.36,984.89,11
2025-11-24,West,Widget Pro,88,2141.82,1489.82,13
2025-11-25,West,Widget Pro,100,2437.9,1320.82,18
2025-11-26,West,Widget Pro,76,1912.57,1057.57,19
2025-11-27,West,Widget Pro,109,2748.99,1427.29,15
2025-11-28,West,Widget Pro,112,2677.45,1600.51,15
2025-11-29,West,Widget Pro,109,2725.91,1543.23,13
2025-11-30,West,Widget Pro,78,1989.82,1198.07,14
2025-12-01,West,Widget Pro,120,3046.68,1658.44,19
2025-12-02,West,Widget Pro,110,2711.56,1613.29,17
2025-12-03,West,Widget Pro,96,2348.17,1204.25,13
2025-12-04,West,Widget Pro,75,1760.13,1057.97,18
2025-12-05,West,Widget Pro,110,2661.6,1473.02,22
2025-12-06,West,Widget Pro,78,1825.35,1124.34,16
2025-12-07,West,Widget Pro,104,2635.15,1539.82,16
2025-12-08,West,Widget Pro,108,2625.06,1466.64,18
2025-12-09,West,Widget Pro,114,2785.76,1639.14,19
2025-12-10,West,Widget Pro,85,2043.92,1168.76,19
2025-12-11,West,Widget Pro,99,2322.88,1389.28,17
2025-12-12,West,Widget Pro,67,1676.59,957.29,17
2025-12-13,West,Widget Pro,84,2088.99,1116.97,14
2025-12-14,West,Widget Pro,95,2392.69,1263.56,15
2025-12-15,West,Widget Pro,28,649.94,409.0,18
2025-12-16,West,Widget Pro,90,2292.24,1217.33,17
2025-12-17,West,Widget Pro,70,1708.54,1042.7,18
2025-12-18,West,Widget Pro,88,2206.28,1122.66,17
2025-12-19,West,Widget Pro,96,2166.03,1406.86,18
2025-12-20,West,Widget Pro,84,2083.33,1176.48,18
2025-12-21,West,Widget Pro,54,1320.08,752.46,19
2025-12-22,West,Widget Pro,96,2336.43,1353.9,20
2025-12-23,West,Widget Pro,81,1978.65,1052.02,18
2025-12-24,West,Widget Pro,128,3079.92,1892.54,18
2025-12-25,West,Widget Pro,65,1525.03,890.42,18
2025-12-26,West,Widget Pro,119,2804.91,1596.51,17
2025-12-27,West,Widget Pro,77,1888.02,1194.67,21
2025-12-28,West,Widget Pro,55,1400.51,756.57,17
2025-12-29,West,Widget Pro,135,3417.33,1808.39,18
2025-12-30,West,Widget Pro,128,3157.67,1864.84,19
2024-01-01,West,Gadget Plus,121,7276.26,3835.92,17
2024-01-02,West,Gadget Plus,63,3669.24,2262.11,17
2024-01-03,West,Gadget Plus,58,3351.01,1620.97,18
2024-01-04,West,Gadget Plus,81,4603.64,2660.95,19
2024-01-05,West,Gadget Plus,61,3715.78,1988.96,18
2024-01-06,West,Gadget Plus,46,2914.31,1586.8,18
2024-01-07,West,Gadget Plus,67,3953.2,2005.09,19
2024-01-08,West,Gadget Plus,131,7645.87,4220.98,18
2024-01-09,West,Gadget Plus,84,5214.02,2731.21,18
2024-01-10,West,Gadget Plus,43,2584.47,1469.69,17
2024-01-11,West,Gadget Plus,57,3542.78,1908.58,19
2024-01-12,West,Gadget Plus,45,2616.59,1382.68,19
2024-01-13,West,Gadget Plus,39,2381.83,1284.37,17
2024-01-14,West,Gadget Plus,54,3410.74,1738.68,20
2024-01-15,West,Gadget Plus,65,3770.86,2227.96,22
2024-01-16,West,Gadget Plus,56,3322.12,1852.91,19
2024-01-17,West,Gadget Plus,84,4977.02,3060.02,20
2024-01-18,West,Gadget Plus,77,4716.01,2493.87,21
2024-01-19,West,Gadget Plus,62,3854.25,2018.03,19
2024-01-20,West,Gadget Plus,36,2112.3,1173.92,21
2024-01-21,West,Gadget Plus,60,3863.34,1990.6,15
2024-01-22,West,Gadget Plus,58,3480.09,2024.78,18
2024-01-23,West,Gadget Plus,67,3944.96,2194.87,17
2024-01-24,West,Gadget Plus,73,4559.98,2397.14,23
2024-01-25,West,Gadget Plus,59,3548.95,2011.78,21
2024-01-26,West,Gadget Plus,22,1302.93,702.13,17
2024-01-27,West,Gadget Plus,48,2828.42,1658.71,18
2024-01-28,West,Gadget Plus,56,3565.95,1840.55,17
2024-01-29,West,Gadget Plus,74,4300.43,2367.1,21
2024-01-30,West,Gadget Plus,76,4706.16,2311.88,20
2024-01-31,West,Gadget Plus,88,5142.85,2785.55,19
2024-02-01,West,Gadget Plus,56,3291.73,1856.62,18
2024-02-02,West,Gadget Plus,53,3166.9,1767.3,20
2024-02-03,West,Gadget Plus,49,2976.08,1618.18,25
2024-02-04,West,Gadget Plus,90,5125.0,2791.91,19
2024-02-05,West,Gadget Plus,83,4890.5,2751.05,22
2024-02-06,West,Gadget Plus,59,3643.21,1823.02,20
2024-02-07,West,Gadget Plus,62,3827.95,1945.12,22
2024-02-08,West,Gadget Plus,66,3918.97,2330.96,21
2024-02-09,West,Gadget Plus,69,3987.37,2295.88,20
2024-02-10,West,Gadget Plus,59,3556.95,2018.2,21
2024-02-11,West,Gadget Plus,60,3683.87,2150.72,23
2024-02-12,West,Gadget Plus,133,8010.09,4435.58,20
2024-02-13,West,Gadget Plus,95,5930.42,3330.27,20
2024-02-14,West,Gadget Plus,65,3861.99,2216.17,22
2024-02-15,West,Gadget Plus,64,3682.02,2063.43,24
2024-02-16,West,Gadget Plus,63,3706.36,2091.83,17
2024-02-17,West,Gadget Plus,51,3055.04,1641.53,18
2024-02-18,West,Gadget Plus,57,3342.25,1964.75,23
2024-02-19,West,Gadget Plus,75,4422.47,2633.64,19
2024-02-20,West,Gadget Plus,92,5669.79,2866.24,23
2024-02-21,West,Gadget Plus,59,3447.97,1886.35,19
2024-02-22,West,Gadget Plus,72,4140.32,2364.87,19
2024-02-23,West,Gadget Plus,58,3558.62,1860.57,22
2024-02-24,West,Gadget Plus,58,3541.47,1917.0,22
2024-02-25,West,Gadget Plus,88,5107.18,2996.59,18
2024-02-26,West,Gadget Plus,66,4037.3,2349.49,21
2024-02-27,West,Gadget Plus,106,6134.04,3455.31,19
2024-02-28,West,Gadget Plus,59,3457.39,1918.63,21
2024-02-29,West,Gadget Plus,63,3648.67,2146.23,20
2024-03-01,West,Gadget Plus,64,3780.88,2134.85,20
2024-03-02,West,Gadget Plus,57,3472.08,1757.42,19
2024-03-03,West,Gadget Plus,53,3200.4,1695.89,17
2024-03-04,West,Gadget Plus,79,4616.58,2595.55,19
2024-03-05,West,Gadget Plus,42,2530.1,1459.17,21
2024-03-06,West,Gadget Plus,58,3514.02,2047.29,21
2024-03-07,West,Gadget Plus,97,5976.84,3071.08,18
2024-03-08,West,Gadget Plus,54,3269.46,1735.94,22
2024-03-09,West,Gadget Plus,52,3183.73,1813.84,20
2024-03-10,West,Gadget Plus,62,3721.02,2025.04,21
2024-03-11,West,Gadget Plus,69,4032.06,2348.31,17
2024-03-12,West,Gadget Plus,60,3611.45,1986.88,23
2024-03-13,West,Gadget Plus,194,12044.38,6496.49,20
2024-03-14,West,Gadget Plus,81,5036.44,2651.88,22
2024-03-15,West,Gadget Plus,63,3481.45,2224.1,18
2024-03-16,West,Gadget Plus,60,3661.81,1850.03,16
2024-03-17,West,Gadget Plus,65,3835.77,2129.93,17
2024-03-18,West,Gadget Plus,85,5152.69,2987.52,21
2024-03-19,West,Gadget Plus,8,459.56,264.6,17
2024-03-20,West,Gadget Plus,95,5617.07,3157.52,22
2024-03-21,West,Gadget Plus,71,4048.23,2486.91,18
2024-03-22,West,Gadget Plus,59,3488.23,2017.48,20
2024-03-23,West,Gadget Plus,54,3293.56,1880.99,19
2024-03-24,West,Gadget Plus,70,4248.98,2479.45,18
2024-03-25,West,Gadget Plus,60,3825.37,1859.83,18
2024-03-26,West,Gadget Plus,47,2771.8,1534.43,17
2024-03-27,West,Gadget Plus,76,4432.45,2434.45,22
2024-03-28,West,Gadget Plus,65,4055.38,2206.88,20
2024-03-29,West,Gadget Plus,106,6022.47,3725.76,15
2024-03-30,West,Gadget Plus,59,3554.58,1723.82,16
2024-03-31,West,Gadget Plus,70,4256.26,2152.69,19
2024-04-01,West,Gadget Plus,65,3623.66,1945.48,18
2024-04-02,West,Gadget Plus,79,4577.32,2524.24,15
2024-04-03,West,Gadget Plus,75,4308.5,2508.34,23
2024-04-04,West,Gadget Plus,91,5587.15,3283.15,12
2024-04-05,West,Gadget Plus,73,4288.42,2275.49,17
2024-04-06,West,Gadget Plus,51,3031.04,1905.73,18
2024-04-07,West,Gadget Plus,112,6384.05,3834.05,16
2024-04-08,West,Gadget Plus,62,3623.57,2126.21,19
2024-04-09,West,Gadget Plus,61,3567.29,2107.44,19
2024-04-10,West,Gadget Plus,23,1368.68,712.57,18
2024-04-11,West,Gadget Plus,67,3976.47,2167.93,17
2024-04-12,West,Gadget Plus,71,4440.48,2245.95,19
2024-04-13,West,Gadget Plus,50,3057.15,1721.16,17
2024-04-14,West,Gadget Plus,69,3912.84,2195.68,14
2024-04-15,West,Gadget Plus,86,5308.65,2836.01,19
2024-04-16,West,Gadget Plus,82,5041.48,2641.88,21
2024-04-17,West,Gadget Plus,81,4861.82,2893.8,17
2024-04-18,West,Gadget Plus,51,3145.24,1647.92,17
2024-04-19,West,Gadget Plus,72,4468.39,2267.14,17
2024-04-20,West,Gadget Plus,66,3895.78,2253.05,14
2024-04-21,West,Gadget Plus,72,4154.98,2392.27,16
2024-04-22,West,Gadget Plus,68,4142.22,2426.39,18
2024-04-23,West,Gadget Plus,89,5200.67,3012.26,17
2024-04-24,West,Gadget Plus,74,4467.75,2500.44,20
2024-04-25,West,Gadget Plus,44,2553.53,1531.34,18
2024-04-26,West,Gadget Plus,69,4253.87,2353.09,16
2024-04-27,West,Gadget Plus,48,2809.69,1663.63,18
2024-04-28,West,Gadget Plus,50,2976.05,1725.93,16
2024-04-29,West,Gadget Plus,85,5049.47,2786.58,13
2024-04-30,West,Gadget Plus,74,4244.27,2317.76,19
2024-05-01,West,Gadget Plus,64,3957.75,2114.32,18
2024-05-02,West,Gadget Plus,12,746.51,359.66,22
2024-05-03,West,Gadget Plus,76,4532.81,2439.47,15
2024-05-04,West,Gadget Plus,54,3160.89,1764.26,18
2024-05-05,West,Gadget Plus,63,3747.21,2236.95,15
2024-05-06,West,Gadget Plus,60,3539.44,1984.78,15
2024-05-07,West,Gadget Plus,65,3890.84,2357.65,21
2024-05-08,West,Gadget Plus,57,3382.37,1945.04,12
2024-05-09,West,Gadget Plus,63,3671.0,1928.06,16
2024-05-10,West,Gadget Plus,103,6379.11,3631.37,20
2024-05-11,West,Gadget Plus,49,2916.25,1719.02,13
2024-05-12,West,Gadget Plus,51,3231.93,1556.81,15
2024-05-13,West,Gadget Plus,60,3605.24,2073.09,18
2024-05-14,West,Gadget Plus,67,3964.56,2395.6,14
2024-05-15,West,Gadget Plus,68,4038.72,2022.77,17
2024-05-16,West,Gadget Plus,86,5094.64,2711.75,15
2024-05-17,West,Gadget Plus,64,3821.39,2235.45,19
2024-05-18,West,Gadget Plus,56,3376.94,1850.37,19
2024-05-19,West,Gadget Plus,39,2257.47,1397.13,15
2024-05-20,West,Gadget Plus,59,3425.81,2061.21,11
2024-05-21,West,Gadget Plus,83,5088.06,2884.1,17
2024-05-22,West,Gadget Plus,59,3588.45,2083.64,18
2024-05-23,West,Gadget Plus,78,4451.43,2495.12,17
2024-05-24,West,Gadget Plus,58,3528.67,1904.82,17
2024-05-25,West,Gadget Plus,53,3254.74,1940.89,17
2024-05-26,West,Gadget Plus,74,4466.17,2425.28,16
2024-05-27,West,Gadget Plus,78,4440.35,2745.13,15
2024-05-28,West,Gadget Plus,48,2759.87,1585.42,17
2024-05-29,West,Gadget Plus,121,7237.68,3881.41,16
2024-05-30,West,Gadget Plus,56,3543.82,1775.64,18
2024-05-31,West,Gadget Plus,94,5539.66,3223.04,15
2024-06-01,West,Gadget Plus,50,3049.4,1777.3,16
2024-06-02,West,Gadget Plus,104,6109.25,3554.85,17
2024-06-03,West,Gadget Plus,62,3903.2,2094.86,15
2024-06-04,West,Gadget Plus,60,3598.47,1886.32,14
2024-06-05,West,Gadget Plus,61,3520.97,2035.21,18
2024-06-06,West,Gadget Plus,67,3915.11,2255.55,14
2024-06-07,West,Gadget Plus,73,4255.12,2327.89,17
2024-06-08,West,Gadget Plus,69,4147.53,2352.22,18
2024-06-09,West,Gadget Plus,55,3225.68,1771.5,20
2024-06-10,West,Gadget Plus,67,3953.68,2191.29,22
2024-06-11,West,Gadget Plus,58,3677.06,2010.24,20
2024-06-12,West,Gadget Plus,63,3707.31,2270.67,16
2024-06-13,West,Gadget Plus,60,3613.03,2153.78,17
2024-06-14,West,Gadget Plus,86,5109.22,2849.02,18
2024-06-15,West,Gadget Plus,83,4964.36,2845.69,17
2024-06-16,West,Gadget Plus,55,3360.41,1893.67,18
2024-06-17,West,Gadget Plus,68,3804.59,2340.6,20
2024-06-18,West,Gadget Plus,81,4873.78,2720.18,18
2024-06-19,West,Gadget Plus,41,2428.19,1457.18,19
2024-06-20,West,Gadget Plus,97,5840.9,3137.37,15
2024-06-21,West,Gadget Plus,55,3274.4,1730.31,19
2024-06-22,West,Gadget Plus,44,2620.23,1494.45,14
2024-06-23,West,Gadget Plus,47,2840.26,1543.99,20
2024-06-24,West,Gadget Plus,77,4536.17,2816.95,17
2024-06-25,West,Gadget Plus,94,5962.88,3063.79,15
2024-06-26,West,Gadget Plus,86,5002.72,3019.05,17
2024-06-27,West,Gadget Plus,59,3686.68,2015.84,19
2024-06-28,West,Gadget Plus,46,2652.8,1427.39,16
2024-06-29,West,Gadget Plus,47,2793.04,1615.32,16
2024-06-30,West,Gadget Plus,45,2720.63,1452.73,17
2024-07-01,West,Gadget Plus,47,2736.52,1757.76,20
2024-07-02,West,Gadget Plus,70,4066.99,2243.71,14
2024-07-03,West,Gadget Plus,63,3741.9,2005.28,19
2024-07-04,West,Gadget Plus,69,4244.17,2050.69,18
2024-07-05,West,Gadget Plus,72,4323.4,2310.68,21
2024-07-06,West,Gadget Plus,57,3608.38,1971.76,19
2024-07-07,West,Gadget Plus,49,2984.82,1550.75,21
2024-07-08,West,Gadget Plus,84,4962.57,2876.01,20
2024-07-09,West,Gadget Plus,57,3138.35,1927.07,16
2024-07-10,West,Gadget Plus,55,3141.22,1745.8,20
2024-07-11,West,Gadget Plus,59,3505.97,1957.43,20
2024-07-12,West,Gadget Plus,68,3881.97,2162.33,18
2024-07-13,West,Gadget Plus,56,3335.02,1949.63,18
2024-07-14,West,Gadget Plus,46,2773.86,1394.92,14
2024-07-15,West,Gadget Plus,58,3443.7,2007.42,21
2024-07-16,West,Gadget Plus,77,4574.76,2476.85,19
2024-07-17,West,Gadget Plus,48,3044.06,1611.42,18
2024-07-18,West,Gadget Plus,100,6001.82,3415.64,17
2024-07-19,West,Gadget Plus,58,3459.84,1949.52,18
2024-07-20,West,Gadget Plus,8,464.91,294.64,20
2024-07-21,West,Gadget Plus,52,3114.5,1699.17,20
2024-07-22,West,Gadget Plus,66,3896.65,2051.52,19
2024-07-23,West,Gadget Plus,54,3409.43,1998.84,17
2024-07-24,West,Gadget Plus,64,3899.08,2175.88,19
2024-07-25,West,Gadget Plus,51,3185.07,1715.35,18
2024-07-26,West,Gadget Plus,54,3254.83,2005.23,19
2024-07-27,West,Gadget Plus,36,2237.0,1122.88,21
2024-07-28,West,Gadget Plus,49,2846.98,1629.0,19
2024-07-29,West,Gadget Plus,58,3500.22,1830.95,23
2024-07-30,West,Gadget Plus,41,2391.86,1361.4,19
2024-07-31,West,Gadget Plus,52,3073.72,1611.56,16
2024-08-01,West,Gadget Plus,59,3538.51,1979.0,19
2024-08-02,West,Gadget Plus,69,4014.42,2306.1,19
2024-08-03,West,Gadget Plus,37,2119.08,1233.46,27
2024-08-04,West,Gadget Plus,44,2713.38,1302.19,19
2024-08-05,West,Gadget Plus,48,2730.24,1664.79,17
2024-08-06,West,Gadget Plus,67,4216.78,2211.81,20
2024-08-07,West,Gadget Plus,52,3038.58,1965.7,20
2024-08-08,West,Gadget Plus,64,3898.75,2087.28,18
2024-08-09,West,Gadget Plus,54,3295.26,1746.24,21
2024-08-10,West,Gadget Plus,34,1969.05,1144.94,21
2024-08-11,West,Gadget Plus,46,2793.43,1441.58,20
2024-08-12,West,Gadget Plus,47,2829.8,1666.59,19
2024-08-13,West,Gadget Plus,71,4333.44,2260.88,19
2024-08-14,West,Gadget Plus,80,4965.89,2561.95,19
2024-08-15,West,Gadget Plus,64,3927.18,2228.63,17
2024-08-16,West,Gadget Plus,51,2975.32,1726.6,23
2024-08-17,West,Gadget Plus,46,2744.16,1555.85,25
2024-08-18,West,Gadget Plus,48,2804.12,1498.68,18
2024-08-19,West,Gadget Plus,69,4061.7,2423.76,19
2024-08-20,West,Gadget Plus,55,3342.73,1747.49,18
2024-08-21,West,Gadget Plus,61,3720.23,1867.24,22
2024-08-22,West,Gadget Plus,42,2559.73,1433.01,18
2024-08-23,West,Gadget Plus,140,8458.41,4639.61,21
2024-08-24,West,Gadget Plus,39,2366.98,1290.88,21
2024-08-25,West,Gadget Plus,46,2717.81,1592.56,20
2024-08-26,West,Gadget Plus,47,2929.42,1549.33,23
2024-08-27,West,Gadget Plus,61,3727.13,1864.78,19
2024-08-28,West,Gadget Plus,63,3771.32,2074.65,20
2024-08-29,West,Gadget Plus,54,3343.89,1835.04,17
2024-08-30,West,Gadget Plus,48,2830.76,1622.33,15
2024-08-31,West,Gadget Plus,50,3005.74,1660.0,22
2024-09-01,West,Gadget Plus,59,3628.98,2214.77,18
2024-09-02,West,Gadget Plus,79,4559.18,2866.11,22
2024-09-03,West,Gadget Plus,60,3833.65,1889.32,19
2024-09-04,West,Gadget Plus,59,3471.67,1841.17,19
2024-09-05,West,Gadget Plus,44,2599.82,1571.73,20
2024-09-06,West,Gadget Plus,71,4255.47,2505.2,18
2024-09-07,West,Gadget Plus,29,1775.67,1043.37,16
2024-09-08,West,Gadget Plus,55,3377.09,1801.58,17
2024-09-09,West,Gadget Plus,56,3505.26,1860.96,17
2024-09-10,West,Gadget Plus,36,2152.27,1098.77,19
2024-09-11,West,Gadget Plus,59,3569.09,1990.72,21
2024-09-12,West,Gadget Plus,54,3085.34,1751.23,18
2024-09-13,West,Gadget Plus,51,2956.77,1641.81,19
2024-09-14,West,Gadget Plus,42,2508.91,1471.99,19
2024-09-15,West,Gadget Plus,44,2663.9,1462.51,17
2024-09-16,West,Gadget Plus,55,3289.94,1918.49,20
2024-09-17,West,Gadget Plus,42,2555.37,1399.41,21
2024-09-18,West,Gadget Plus,59,3528.08,2030.67,19
2024-09-19,West,Gadget Plus,52,3092.94,1627.68,18
2024-09-20,West,Gadget Plus,74,4751.78,2356.66,17
2024-09-21,West,Gadget Plus,52,3090.21,1781.49,18
2024-09-22,West,Gadget Plus,53,3271.13,1925.75,17
2024-09-23,West,Gadget Plus,77,4431.63,2639.64,17
2024-09-24,West,Gadget Plus,63,3787.66,2112.13,18
2024-09-25,West,Gadget Plus,54,3169.15,1944.88,18
2024-09-26,West,Gadget Plus,35,2221.03,1159.71,20
2024-09-27,West,Gadget Plus,58,3416.08,1865.61,17
2024-09-28,West,Gadget Plus,60,3590.67,2010.69,19
2024-09-29,West,Gadget Plus,52,3037.85,1774.47,17
2024-09-30,West,Gadget Plus,50,2915.6,1568.95,16
2024-10-01,West,Gadget Plus,56,3346.73,1888.11,19
2024-10-02,West,Gadget Plus,50,3027.58,1530.59,18
2024-10-03,West,Gadget Plus,58,3584.43,1913.81,16
2024-10-04,West,Gadget Plus,51,3001.83,1695.12,11
2024-10-05,West,Gadget Plus,57,3353.27,1906.42,20
2024-10-06,West,Gadget Plus,45,2799.42,1359.91,19
2024-10-07,West,Gadget Plus,58,3640.33,1952.76,20
2024-10-08,West,Gadget Plus,48,2867.94,1678.26,20
2024-10-09,West,Gadget Plus,52,3158.32,1864.64,17
2024-10-10,West,Gadget Plus,45,2830.51,1617.02,16
2024-10-11,West,Gadget Plus,72,4655.52,2415.06,13
2024-10-12,West,Gadget Plus,41,2486.76,1543.71,17
2024-10-13,West,Gadget Plus,46,2817.67,1482.44,16
2024-10-14,West,Gadget Plus,42,2525.83,1355.76,15
2024-10-15,West,Gadget Plus,45,2575.81,1508.86,14
2024-10-16,West,Gadget Plus,53,3207.7,1848.93,15
2024-10-17,West,Gadget Plus,53,3305.29,1832.61,14
2024-10-18,West,Gadget Plus,59,3454.25,1742.45,19
2024-10-19,West,Gadget Plus,64,3620.32,2040.63,19
2024-10-20,West,Gadget Plus,31,1889.81,1078.34,15
2024-10-21,West,Gadget Plus,67,3801.85,2144.77,19
2024-10-22,West,Gadget Plus,62,3538.65,2063.63,17
2024-10-23,West,Gadget Plus,50,2848.13,1705.07,19
2024-10-24,West,Gadget Plus,52,2927.64,1784.13,18
2024-10-25,West,Gadget Plus,69,4264.21,2410.97,18
2024-10-26,West,Gadget Plus,45,2706.68,1603.31,17
2024-10-27,West,Gadget Plus,43,2734.62,1486.06,15
2024-10-28,West,Gadget Plus,47,2877.35,1477.87,14
2024-10-29,West,Gadget Plus,49,3116.62,1689.63,17
2024-10-30,West,Gadget Plus,46,2702.17,1624.35,16
2024-10-31,West,Gadget Plus,67,4056.93,2295.39,21
2024-11-01,West,Gadget Plus,50,2880.52,1783.01,18
2024-11-02,West,Gadget Plus,37,2197.86,1254.22,14
2024-11-03,West,Gadget Plus,47,2936.46,1564.5,16
2024-11-04,West,Gadget Plus,50,2991.36,1604.06,15
2024-11-05,West,Gadget Plus,158,9397.53,5831.39,16
2024-11-06,West,Gadget Plus,58,3471.89,1841.45,13
2024-11-07,West,Gadget Plus,60,3609.48,2009.52,18
2024-11-08,West,Gadget Plus,60,3609.62,1974.19,15
2024-11-09,West,Gadget Plus,52,3239.37,1625.79,17
2024-11-10,West,Gadget Plus,53,3106.03,1854.35,15
2024-11-11,West,Gadget Plus,59,3512.18,2025.81,15
2024-11-12,West,Gadget Plus,49,2943.72,1661.52,17
2024-11-13,West,Gadget Plus,57,3321.76,1849.6,12
2024-11-14,West,Gadget Plus,59,3486.74,2032.18,18
2024-11-15,West,Gadget Plus,44,2696.2,1454.76,19
2024-11-16,West,Gadget Plus,32,1869.41,1097.78,19
2024-11-17,West,Gadget Plus,38,2465.61,1364.41,15
2024-11-18,West,Gadget Plus,42,2639.32,1235.09,17
2024-11-19,West,Gadget Plus,55,3311.99,1934.82,15
2024-11-20,West,Gadget Plus,52,3168.59,1948.73,13
2024-11-21,West,Gadget Plus,112,6863.88,4074.83,16
2024-11-22,West,Gadget Plus,68,4141.63,2366.04,13
2024-11-23,West,Gadget Plus,51,3063.65,1813.01,17
2024-11-24,West,Gadget Plus,52,3371.94,1668.0,18
2024-11-25,West,Gadget Plus,25,1465.23,847.56,19
2024-11-26,West,Gadget Plus,57,3374.66,1895.18,17
2024-11-27,West,Gadget Plus,38,2281.16,1243.27,15
2024-11-28,West,Gadget Plus,44,2686.6,1546.84,16
2024-11-29,West,Gadget Plus,67,4255.52,2222.34,17
2024-11-30,West,Gadget Plus,51,3054.75,1550.1,19
2024-12-01,West,Gadget Plus,56,3412.62,1917.13,19
2024-12-02,West,Gadget Plus,103,6241.07,3445.71,16
2024-12-03,West,Gadget Plus,64,3824.09,2218.3,19
2024-12-04,West,Gadget Plus,61,3790.02,2001.64,16
2024-12-05,West,Gadget Plus,66,4004.21,2020.54,18
2024-12-06,West,Gadget Plus,50,3083.83,1593.4,16
2024-12-07,West,Gadget Plus,18,1068.72,575.4,17
2024-12-08,West,Gadget Plus,49,2887.49,1557.16,15
2024-12-09,West,Gadget Plus,85,5039.08,2767.39,14
2024-12-10,West,Gadget Plus,47,2840.55,1631.75,14
2024-12-11,West,Gadget Plus,63,3900.23,1964.74,18
2024-12-12,West,Gadget Plus,57,3629.06,1993.81,15
2024-12-13,West,Gadget Plus,52,3131.15,1631.41,16
2024-12-14,West,Gadget Plus,57,3605.15,1873.11,19
2024-12-15,West,Gadget Plus,48,2929.21,1605.13,19
2024-12-16,West,Gadget Plus,81,4754.61,2672.84,15
2024-12-17,West,Gadget Plus,58,3486.59,2003.42,13
2024-12-18,West,Gadget Plus,60,3676.94,1999.11,16
2024-12-19,West,Gadget Plus,93,5712.19,3091.06,18
2024-12-20,West,Gadget Plus,51,3010.94,1505.5,19
2024-12-21,West,Gadget Plus,45,2666.71,1537.71,15
2024-12-22,West,Gadget Plus,30,1778.93,1099.4,14
2024-12-23,West,Gadget Plus,16,952.72,522.82,16
2024-12-24,West,Gadget Plus,74,4473.21,2560.87,17
2024-12-25,West,Gadget Plus,71,4493.79,2280.53,22
2024-12-26,West,Gadget Plus,68,4021.74,2390.24,18
2024-12-27,West,Gadget Plus,56,3189.41,1924.68,19
2024-12-28,West,Gadget Plus,51,2898.74,1677.18,20
2024-12-29,West,Gadget Plus,50,3068.39,1638.78,17
2024-12-30,West,Gadget Plus,67,3947.67,2316.92,18
2024-12-31,West,Gadget Plus,69,4166.53,2316.23,19
2025-01-01,West,Gadget Plus,63,3693.6,1980.56,20
2025-01-02,West,Gadget Plus,68,4055.09,2103.95,18
2025-01-03,West,Gadget Plus,66,3914.85,2276.03,21
2025-01-04,West,Gadget Plus,48,2815.96,1546.65,21
2025-01-05,West,Gadget Plus,55,3416.7,1845.75,18
2025-01-06,West,Gadget Plus,93,5789.61,3207.11,20
2025-01-07,West,Gadget Plus,71,4334.53,2235.5,20
2025-01-08,West,Gadget Plus,56,3560.08,1780.87,24
2025-01-09,West,Gadget Plus,68,3912.44,2462.82,21
2025-01-10,West,Gadget Plus,75,4464.07,2460.71,20
2025-01-11,West,Gadget Plus,8,474.18,281.65,18
2025-01-12,West,Gadget Plus,67,4098.71,2525.88,17
2025-01-13,West,Gadget Plus,96,5532.93,3254.46,20
2025-01-14,West,Gadget Plus,62,3788.16,1987.48,16
2025-01-15,West,Gadget Plus,68,3896.88,2292.47,23
2025-01-16,West,Gadget Plus,87,5328.22,2886.99,15
2025-01-17,West,Gadget Plus,51,3160.74,1714.24,17
2025-01-18,West,Gadget Plus,57,3298.36,1977.96,21
2025-01-19,West,Gadget Plus,53,3139.73,1849.33,19
2025-01-20,West,Gadget Plus,83,5149.22,2501.79,20
2025-01-21,West,Gadget Plus,68,4243.28,2413.54,18
2025-01-22,West,Gadget Plus,77,4414.76,2614.79,19
2025-01-23,West,Gadget Plus,61,3695.18,1984.9,21
2025-01-24,West,Gadget Plus,85,5191.34,2952.02,18
2025-01-25,West,Gadget Plus,47,2814.52,1491.8,19
2025-01-26,West,Gadget Plus,67,4186.2,2131.84,20
2025-01-27,West,Gadget Plus,73,4300.95,2574.99,19
2025-01-28,West,Gadget Plus,47,2780.26,1579.78,21
2025-01-29,West,Gadget Plus,73,4286.23,2637.19,21
2025-01-30,West,Gadget Plus,81,4887.64,2620.41,20
2025-01-31,West,Gadget Plus,58,3446.2,1971.3,16
2025-02-01,West,Gadget Plus,50,3073.38,1707.45,22
2025-02-02,West,Gadget Plus,59,3497.25,2016.61,18
2025-02-03,West,Gadget Plus,67,3993.34,2314.16,24
2025-02-04,West,Gadget Plus,78,4707.64,2673.05,18
2025-02-05,West,Gadget Plus,71,4153.71,2380.78,20
2025-02-06,West,Gadget Plus,58,3585.67,1754.37,21
2025-02-07,West,Gadget Plus,112,6857.53,3914.12,20
2025-02-08,West,Gadget Plus,56,3425.48,1653.34,21
2025-02-09,West,Gadget Plus,61,3547.89,1917.45,19
2025-02-10,West,Gadget Plus,102,6402.92,3296.6,24
2025-02-11,West,Gadget Plus,87,4930.2,3046.12,20
2025-02-12,West,Gadget Plus,82,5028.83,2716.48,20
2025-02-13,West,Gadget Plus,90,5422.39,3297.65,20
2025-02-14,West,Gadget Plus,83,5079.39,2587.7,22
2025-02-15,West,Gadget Plus,66,3934.37,2089.43,21
2025-02-16,West,Gadget Plus,67,4030.12,1991.94,20
2025-02-17,West,Gadget Plus,73,4471.75,2305.28,17
2025-02-18,West,Gadget Plus,92,5519.82,2984.51,22
2025-02-19,West,Gadget Plus,85,5132.92,3056.07,21
2025-02-20,West,Gadget Plus,50,3022.29,1762.58,19
2025-02-21,West,Gadget Plus,88,5627.03,2983.15,20
2025-02-22,West,Gadget Plus,53,3027.89,1747.87,23
2025-02-23,West,Gadget Plus,64,3989.15,2225.98,21
2025-02-24,West,Gadget Plus,56,3405.61,1995.38,24
2025-02-25,West,Gadget Plus,69,4180.81,2236.75,21
2025-02-26,West,Gadget Plus,72,4155.51,2346.0,16
2025-02-27,West,Gadget Plus,84,5214.07,2753.29,22
2025-02-28,West,Gadget Plus,69,3999.52,2111.04,16
2025-03-01,West,Gadget Plus,42,2631.18,1492.19,22
2025-03-02,West,Gadget Plus,15,885.36,487.84,21
2025-03-03,West,Gadget Plus,72,4510.6,2377.1,23
2025-03-04,West,Gadget Plus,146,8573.96,5247.06,20
2025-03-05,West,Gadget Plus,79,4607.49,2575.1,20
2025-03-06,West,Gadget Plus,67,4008.19,2386.58,22
2025-03-07,West,Gadget Plus,82,4810.37,2506.89,17
2025-03-08,West,Gadget Plus,86,5123.18,2961.88,19
2025-03-09,West,Gadget Plus,77,4853.06,2522.05,19
2025-03-10,West,Gadget Plus,55,3245.08,1697.0,18
2025-03-11,West,Gadget Plus,122,7357.67,3854.96,18
2025-03-12,West,Gadget Plus,97,6097.04,3272.31,19
2025-03-13,West,Gadget Plus,104,6284.11,3316.77,20
2025-03-14,West,Gadget Plus,59,3659.11,2014.35,22
2025-03-15,West,Gadget Plus,58,3537.74,1870.59,18
2025-03-16,West,Gadget Plus,24,1482.98,738.9,18
2025-03-17,West,Gadget Plus,64,3831.97,2247.96,13
2025-03-18,West,Gadget Plus,86,5249.5,2923.41,21
2025-03-19,West,Gadget Plus,105,6640.64,3200.4,16
2025-03-20,West,Gadget Plus,74,4395.63,2559.94,19
2025-03-21,West,Gadget Plus,107,6499.88,3606.4,19
2025-03-22,West,Gadget Plus,71,4173.03,2327.17,20
2025-03-23,West,Gadget Plus,45,2783.59,1477.96,16
2025-03-24,West,Gadget Plus,67,3818.49,2394.93,19
2025-03-25,West,Gadget Plus,96,5708.29,3267.31,21
2025-03-26,West,Gadget Plus,66,4078.92,2364.57,18
2025-03-27,West,Gadget Plus,96,5733.03,3292.51,16
2025-03-28,West,Gadget Plus,88,4996.17,2982.62,15
2025-03-29,West,Gadget Plus,67,3926.73,2159.51,21
2025-03-30,West,Gadget Plus,57,3349.47,1924.57,17
2025-03-31,West,Gadget Plus,27,1696.13,950.67,17
2025-04-01,West,Gadget Plus,107,6571.05,3599.06,23
2025-04-02,West,Gadget Plus,74,4558.04,2719.02,19
2025-04-03,West,Gadget Plus,88,5084.42,3098.28,20
2025-04-04,West,Gadget Plus,114,6839.61,3590.2,21
2025-04-05,West,Gadget Plus,66,4143.84,2157.39,14
2025-04-06,West,Gadget Plus,58,3572.74,2008.41,20
2025-04-07,West,Gadget Plus,72,4253.47,2227.85,21
2025-04-08,West,Gadget Plus,54,3315.63,1798.47,16
2025-04-09,West,Gadget Plus,64,3691.55,2044.02,19
2025-04-10,West,Gadget Plus,84,4909.61,2819.73,19
2025-04-11,West,Gadget Plus,94,5320.78,3003.42,16
2025-04-12,West,Gadget Plus,59,3527.39,2080.6,19
2025-04-13,West,Gadget Plus,75,4584.47,2448.53,16
2025-04-14,West,Gadget Plus,93,5417.82,3219.03,22
2025-04-15,West,Gadget Plus,69,4127.78,2138.88,17
2025-04-16,West,Gadget Plus,71,4152.04,2342.27,18
2025-04-17,West,Gadget Plus,62,3653.36,1944.12,13
2025-04-18,West,Gadget Plus,90,5229.68,3194.9,17
2025-04-19,West,Gadget Plus,63,3919.74,2028.78,19
2025-04-20,West,Gadget Plus,74,4347.18,2468.18,15
2025-04-21,West,Gadget Plus,78,4644.09,2658.98,15
2025-04-22,West,Gadget Plus,67,3955.93,2160.73,15
2025-04-23,West,Gadget Plus,91,5510.41,2865.54,14
2025-04-24,West,Gadget Plus,55,3545.46,1859.6,14
2025-04-25,West,Gadget Plus,74,4809.59,2239.5,18
2025-04-26,West,Gadget Plus,55,3277.7,1966.11,14
2025-04-27,West,Gadget Plus,83,5041.34,2761.5,13
2025-04-28,West,Gadget Plus,108,6665.56,3351.33,15
2025-04-29,West,Gadget Plus,85,5290.99,2809.82,16
2025-04-30,West,Gadget Plus,71,4340.5,2447.21,17
2025-05-01,West,Gadget Plus,17,1053.65,546.23,14
2025-05-02,West,Gadget Plus,69,4190.59,2087.05,15
2025-05-03,West,Gadget Plus,49,2884.19,1631.37,17
2025-05-04,West,Gadget Plus,44,2726.59,1530.1,18
2025-05-05,West,Gadget Plus,80,4819.34,2711.23,19
2025-05-06,West,Gadget Plus,57,3453.88,1947.96,17
2025-05-07,West,Gadget Plus,101,5813.44,3545.35,13
2025-05-08,West,Gadget Plus,70,4102.83,2530.6,14
2025-05-09,West,Gadget Plus,62,3676.82,1797.29,19
2025-05-10,West,Gadget Plus,76,4631.61,2377.36,20
2025-05-11,West,Gadget Plus,73,4615.18,2466.03,16
2025-05-12,West,Gadget Plus,105,6446.44,3566.23,16
2025-05-13,West,Gadget Plus,57,3400.99,1761.62,14
2025-05-14,West,Gadget Plus,55,3202.03,1770.44,19
2025-05-15,West,Gadget Plus,102,6348.07,3711.21,14
2025-05-16,West,Gadget Plus,47,2846.65,1546.63,20
2025-05-17,West,Gadget Plus,50,2712.14,1692.61,16
2025-05-18,West,Gadget Plus,62,3835.75,2262.98,14
2025-05-19,West,Gadget Plus,61,3700.58,2053.12,13
2025-05-20,West,Gadget Plus,80,4490.48,2785.51,16
2025-05-21,West,Gadget Plus,62,3788.9,2136.3,16
2025-05-22,West,Gadget Plus,97,5834.09,3194.92,16
2025-05-23,West,Gadget Plus,87,5013.66,2857.22,16
2025-05-24,West,Gadget Plus,64,4074.02,2270.67,19
2025-05-25,West,Gadget Plus,57,3464.51,1908.73,18
2025-05-26,West,Gadget Plus,63,3724.65,2004.04,17
2025-05-27,West,Gadget Plus,74,4335.19,2613.15,19
2025-05-28,West,Gadget Plus,61,3638.44,1751.81,15
2025-05-29,West,Gadget Plus,107,6388.45,3867.37,18
2025-05-30,West,Gadget Plus,80,4882.04,2655.0,18
2025-05-31,West,Gadget Plus,52,3097.09,1742.7,20
2025-06-01,West,Gadget Plus,80,4739.7,2691.13,14
2025-06-02,West,Gadget Plus,75,4520.51,2679.67,15
2025-06-03,West,Gadget Plus,97,5742.82,3277.8,15
2025-06-04,West,Gadget Plus,96,5738.91,3212.35,18
2025-06-05,West,Gadget Plus,81,5060.17,2584.29,17
2025-06-06,West,Gadget Plus,59,3488.01,1905.98,18
2025-06-07,West,Gadget Plus,54,3222.34,1867.08,13
2025-06-08,West,Gadget Plus,114,6672.17,3861.52,20
2025-06-09,West,Gadget Plus,67,4146.36,2433.84,17
2025-06-10,West,Gadget Plus,71,4037.34,2281.6,18
2025-06-11,West,Gadget Plus,68,3971.71,2146.57,18
2025-06-12,West,Gadget Plus,62,3793.33,2108.13,16
2025-06-13,West,Gadget Plus,84,5008.9,2801.98,18
2025-06-14,West,Gadget Plus,46,2828.37,1448.65,17
2025-06-15,West,Gadget Plus,51,3037.2,1664.16,18
2025-06-16,West,Gadget Plus,77,4519.3,2670.4,18
2025-06-17,West,Gadget Plus,70,4177.61,2190.2,17
2025-06-18,West,Gadget Plus,75,4318.41,2369.59,15
2025-06-19,West,Gadget Plus,72,4205.96,2324.17,17
2025-06-20,West,Gadget Plus,59,3630.85,1906.56,21
2025-06-21,West,Gadget Plus,75,4457.62,2612.13,17
2025-06-22,West,Gadget Plus,71,4249.04,2312.47,18
2025-06-23,West,Gadget Plus,61,3667.56,2210.19,20
2025-06-24,West,Gadget Plus,78,4452.36,2476.73,22
2025-06-25,West,Gadget Plus,66,3768.53,2251.33,18
2025-06-26,West,Gadget Plus,87,5270.96,2908.65,16
2025-06-27,West,Gadget Plus,83,4910.49,2780.95,20
2025-06-28,West,Gadget Plus,72,4284.32,2115.1,17
2025-06-29,West,Gadget Plus,48,2928.27,1519.77,19
2025-06-30,West,Gadget Plus,56,3260.34,1860.3,20
2025-07-01,West,Gadget Plus,51,3002.96,1540.25,18
2025-07-02,West,Gadget Plus,114,6756.36,3260.83,18
2025-07-03,West,Gadget Plus,83,5021.9,2608.85,20
2025-07-04,West,Gadget Plus,88,5214.36,2997.72,21
2025-07-05,West,Gadget Plus,43,2526.8,1474.87,19
2025-07-06,West,Gadget Plus,63,3965.43,1981.38,19
2025-07-07,West,Gadget Plus,51,3058.56,1691.3,17
2025-07-08,West,Gadget Plus,76,4641.82,2599.94,19
2025-07-09,West,Gadget Plus,70,3965.41,2500.37,18
2025-07-10,West,Gadget Plus,66,3800.62,2353.19,19
2025-07-11,West,Gadget Plus,63,3840.01,2206.66,22
2025-07-12,West,Gadget Plus,68,4043.76,2216.58,17
2025-07-13,West,Gadget Plus,50,2960.29,1670.87,22
2025-07-14,West,Gadget Plus,88,5120.9,2958.51,20
2025-07-15,West,Gadget Plus,68,4192.25,2253.33,19
2025-07-16,West,Gadget Plus,73,4458.55,2277.18,18
2025-07-17,West,Gadget Plus,75,4483.71,2693.54,20
2025-07-18,West,Gadget Plus,74,4465.29,2532.64,24
2025-07-19,West,Gadget Plus,57,3383.06,1992.56,14
2025-07-20,West,Gadget Plus,80,4693.69,2768.51,16
2025-07-21,West,Gadget Plus,83,4894.32,2720.24,19
2025-07-22,West,Gadget Plus,43,2634.77,1332.53,20
2025-07-23,West,Gadget Plus,65,3847.41,2259.24,22
2025-07-24,West,Gadget Plus,88,5280.28,3049.18,21
2025-07-25,West,Gadget Plus,58,3429.43,1971.14,16
2025-07-26,West,Gadget Plus,54,3325.78,2003.69,21
2025-07-27,West,Gadget Plus,96,5638.24,3124.94,19
2025-07-28,West,Gadget Plus,89,5575.33,2934.59,22
2025-07-29,West,Gadget Plus,55,3237.82,1861.54,18
2025-07-30,West,Gadget Plus,56,3296.81,1829.36,17
2025-07-31,West,Gadget Plus,72,4572.01,2383.69,19
2025-08-01,West,Gadget Plus,70,4058.84,2466.07,21
2025-08-02,West,Gadget Plus,58,3470.31,1880.1,21
2025-08-03,West,Gadget Plus,56,3456.21,1821.66,20
2025-08-04,West,Gadget Plus,64,3656.09,2205.92,19
2025-08-05,West,Gadget Plus,72,4346.21,2252.84,20
2025-08-06,West,Gadget Plus,68,3885.14,2268.67,23
2025-08-07,West,Gadget Plus,62,3717.88,2063.05,25
2025-08-08,West,Gadget Plus,64,4067.75,2211.18,21
2025-08-09,West,Gadget Plus,47,2616.73,1637.74,22
2025-08-10,West,Gadget Plus,46,2749.16,1528.68,19
2025-08-11,West,Gadget Plus,71,4194.87,2368.28,23
2025-08-12,West,Gadget Plus,51,2962.58,1705.49,19
2025-08-13,West,Gadget Plus,73,4172.0,2407.84,17
2025-08-14,West,Gadget Plus,61,3774.37,2175.51,22
2025-08-15,West,Gadget Plus,63,3796.09,2163.45,20
2025-08-16,West,Gadget Plus,50,2827.98,1781.05,23
2025-08-17,West,Gadget Plus,56,3259.65,1793.76,22
2025-08-18,West,Gadget Plus,83,4889.84,2954.45,17
2025-08-19,West,Gadget Plus,88,5022.72,2965.62,20
2025-08-20,West,Gadget Plus,77,4624.43,2667.74,18
2025-08-21,West,Gadget Plus,64,3862.94,1939.35,22
2025-08-22,West,Gadget Plus,73,4404.3,2644.36,20
2025-08-23,West,Gadget Plus,35,2223.59,1198.32,18
2025-08-24,West,Gadget Plus,56,3259.72,2050.82,16
2025-08-25,West,Gadget Plus,68,4015.4,2404.64,22
2025-08-26,West,Gadget Plus,48,2829.74,1443.4,19
2025-08-27,West,Gadget Plus,57,3501.84,2054.77,19
2025-08-28,West,Gadget Plus,66,4041.78,2231.66,20
2025-08-29,West,Gadget Plus,67,3877.16,2316.54,18
2025-08-30,West,Gadget Plus,60,3749.82,2064.46,16
2025-08-31,West,Gadget Plus,68,3962.25,2266.76,20
2025-09-01,West,Gadget Plus,61,3747.5,2002.17,17
2025-09-02,West,Gadget Plus,51,3127.63,1768.78,19
2025-09-03,West,Gadget Plus,72,4364.29,2311.64,18
2025-09-04,West,Gadget Plus,79,4685.34,2650.24,16
2025-09-05,West,Gadget Plus,78,4628.62,2796.15,16
2025-09-06,West,Gadget Plus,54,3281.3,1698.7,19
2025-09-07,West,Gadget Plus,71,4320.05,2354.84,21
2025-09-08,West,Gadget Plus,59,3609.33,2091.94,21
2025-09-09,West,Gadget Plus,83,5077.59,2666.76,19
2025-09-10,West,Gadget Plus,50,3025.77,1515.2,22
2025-09-11,West,Gadget Plus,41,2560.03,1237.4,18
2025-09-12,West,Gadget Plus,50,2941.07,1635.62,20
2025-09-13,West,Gadget Plus,45,2698.93,1634.45,18
2025-09-14,West,Gadget Plus,49,2885.95,1578.9,17
2025-09-15,West,Gadget Plus,52,3343.14,1716.92,20
2025-09-16,West,Gadget Plus,63,3860.23,2116.1,19
2025-09-17,West,Gadget Plus,69,4258.75,2439.34,20
2025-09-18,West,Gadget Plus,66,4006.34,2305.74,15
2025-09-19,West,Gadget Plus,60,3587.91,1994.58,20
2025-09-20,West,Gadget Plus,61,3946.66,2104.75,19
2025-09-21,West,Gadget Plus,43,2669.62,1516.92,17
2025-09-22,West,Gadget Plus,59,3500.09,1813.89,19
2025-09-23,West,Gadget Plus,56,3327.03,1840.66,20
2025-09-24,West,Gadget Plus,69,4160.63,2172.73,16
2025-09-25,West,Gadget Plus,57,3358.9,1840.13,16
2025-09-26,West,Gadget Plus,66,3912.17,2282.87,17
2025-09-27,West,Gadget Plus,57,3258.64,1794.9,13
2025-09-28,West,Gadget Plus,45,2501.8,1681.57,18
2025-09-29,West,Gadget Plus,46,2918.82,1591.78,19
2025-09-30,West,Gadget Plus,59,3480.42,1918.73,19
2025-10-01,West,Gadget Plus,53,3145.75,1763.83,18
2025-10-02,West,Gadget Plus,55,3301.32,1723.82,19
2025-10-03,West,Gadget Plus,40,2446.03,1241.21,17
2025-10-04,West,Gadget Plus,37,2267.89,1215.61,14
2025-10-05,West,Gadget Plus,57,3519.71,2034.43,17
2025-10-06,West,Gadget Plus,52,3168.52,1619.46,20
2025-10-07,West,Gadget Plus,76,4515.8,2702.96,18
2025-10-08,West,Gadget Plus,54,3357.31,1792.2,16
2025-10-09,West,Gadget Plus,68,4051.38,2305.18,18
2025-10-10,West,Gadget Plus,59,3643.48,1983.72,18
2025-10-11,West,Gadget Plus,56,3199.44,1948.64,16
2025-10-12,West,Gadget Plus,47,2925.21,1660.91,17
2025-10-13,West,Gadget Plus,65,3789.36,2154.14,16
2025-10-14,West,Gadget Plus,78,4468.96,2679.61,18
2025-10-15,West,Gadget Plus,68,3914.46,2426.16,15
2025-10-16,West,Gadget Plus,55,3314.55,1917.5,17
2025-10-17,West,Gadget Plus,44,2816.34,1443.55,18
2025-10-18,West,Gadget Plus,49,2917.84,1625.49,17
2025-10-19,West,Gadget Plus,54,3223.7,1719.77,17
2025-10-20,West,Gadget Plus,64,3921.97,2338.86,16
2025-10-21,West,Gadget Plus,53,3119.86,1802.71,17
2025-10-22,West,Gadget Plus,64,3816.39,1993.55,16
2025-10-23,West,Gadget Plus,71,4208.43,2278.62,16
2025-10-24,West,Gadget Plus,81,5138.25,2692.66,14
2025-10-25,West,Gadget Plus,48,2881.72,1715.9,16
2025-10-26,West,Gadget Plus,79,4838.38,2621.23,12
2025-10-27,West,Gadget Plus,82,4806.85,2829.95,16
2025-10-28,West,Gadget Plus,65,3760.46,2099.7,17
2025-10-29,West,Gadget Plus,66,4032.14,2282.23,16
2025-10-30,West,Gadget Plus,81,4888.7,2890.04,18
2025-10-31,West,Gadget Plus,53,3272.81,1845.61,19
2025-11-01,West,Gadget Plus,44,2565.48,1292.92,16
2025-11-02,West,Gadget Plus,40,2389.36,1329.78,14
2025-11-03,West,Gadget Plus,61,3512.68,1935.43,18
2025-11-04,West,Gadget Plus,55,3245.63,1904.34,18
2025-11-05,West,Gadget Plus,60,3438.16,2017.06,17
2025-11-06,West,Gadget Plus,64,3800.9,2327.49,15
2025-11-07,West,Gadget Plus,50,3112.51,1647.16,17
2025-11-08,West,Gadget Plus,66,3851.62,2219.05,15
2025-11-09,West,Gadget Plus,64,3733.46,2130.79,15
2025-11-10,West,Gadget Plus,60,3576.0,2082.23,17
2025-11-11,West,Gadget Plus,85,5063.38,2709.17,14
2025-11-12,West,Gadget Plus,70,4289.87,2227.74,18
2025-11-13,West,Gadget Plus,80,4605.25,2604.52,17
2025-11-14,West,Gadget Plus,51,2825.43,1758.45,16
2025-11-15,West,Gadget Plus,49,2940.69,1726.79,16
2025-11-16,West,Gadget Plus,59,3713.35,1967.31,14
2025-11-17,West,Gadget Plus,64,3811.3,2207.41,14
2025-11-18,West,Gadget Plus,64,3879.14,2198.45,20
2025-11-19,West,Gadget Plus,65,3884.21,2171.24,16
2025-11-20,West,Gadget Plus,71,4348.02,2368.83,13
2025-11-21,West,Gadget Plus,68,4037.23,2364.85,18
2025-11-22,West,Gadget Plus,71,4243.5,2606.31,14
2025-11-23,West,Gadget Plus,45,2827.97,1581.97,17
2025-11-24,West,Gadget Plus,68,4213.0,2415.01,19
2025-11-25,West,Gadget Plus,76,4457.93,2805.58,16
2025-11-26,West,Gadget Plus,54,3170.01,1745.86,19
2025-11-27,West,Gadget Plus,63,3706.22,2184.52,18
2025-11-28,West,Gadget Plus,30,1736.41,1078.18,20
2025-11-29,West,Gadget Plus,71,4182.43,2490.19,18
2025-11-30,West,Gadget Plus,56,3342.17,1819.81,16
2025-12-01,West,Gadget Plus,78,4563.79,2508.9,13
2025-12-02,West,Gadget Plus,79,4804.71,2862.59,15
2025-12-03,West,Gadget Plus,42,2389.49,1436.24,16
2025-12-04,West,Gadget Plus,70,4044.58,2380.83,19
2025-12-05,West,Gadget Plus,64,3909.4,2146.09,19
2025-12-06,West,Gadget Plus,73,4622.06,2630.14,15
2025-12-07,West,Gadget Plus,28,1689.92,983.69,20
2025-12-08,West,Gadget Plus,81,4730.47,2688.26,16
2025-12-09,West,Gadget Plus,77,4458.28,2697.05,16
2025-12-10,West,Gadget Plus,71,4205.02,2399.69,14
2025-12-11,West,Gadget Plus,82,5098.43,2866.75,18
2025-12-12,West,Gadget Plus,70,4257.68,2504.02,16
2025-12-13,West,Gadget Plus,71,4095.07,2525.54,20
2025-12-14,West,Gadget Plus,47,2845.9,1438.64,16
2025-12-15,West,Gadget Plus,201,12558.12,6906.44,19
2025-12-16,West,Gadget Plus,67,4155.47,2410.38,15
2025-12-17,West,Gadget Plus,81,5045.57,2615.97,20
2025-12-18,West,Gadget Plus,54,3312.26,1988.93,18
2025-12-19,West,Gadget Plus,75,4319.69,2590.47,18
2025-12-20,West,Gadget Plus,56,3273.15,1965.91,17
2025-12-21,West,Gadget Plus,57,3592.48,2000.92,17
2025-12-22,West,Gadget Plus,53,3142.31,1656.15,19
2025-12-23,West,Gadget Plus,73,4123.91,2567.21,22
2025-12-24,West,Gadget Plus,75,4574.22,2574.46,16
2025-12-25,West,Gadget Plus,53,3275.85,1735.73,18
2025-12-26,West,Gadget Plus,60,3585.33,2173.16,17
2025-12-27,West,Gadget Plus,60,3653.28,1819.57,15
2025-12-28,West,Gadget Plus,63,3679.94,2045.86,15
2025-12-29,West,Gadget Plus,73,4311.79,2623.22,17
2025-12-30,West,Gadget Plus,75,4248.71,2639.26,18
2024-01-01,West,Sensor Lite,90,1157.47,639.09,18
2024-01-02,West,Sensor Lite,84,1087.31,607.51,19
2024-01-03,West,Sensor Lite,61,752.85,435.93,19
2024-01-04,West,Sensor Lite,81,1034.03,571.01,16
2024-01-05,West,Sensor Lite,61,772.83,499.42,19
2024-01-06,West,Sensor Lite,56,713.68,410.75,15
2024-01-07,West,Sensor Lite,60,728.19,462.43,19
2024-01-08,West,Sensor Lite,104,1270.02,820.08,14
2024-01-09,West,Sensor Lite,75,991.25,587.77,17
2024-01-10,West,Sensor Lite,55,717.16,432.57,20
2024-01-11,West,Sensor Lite,82,1052.4,570.97,20
2024-01-12,West,Sensor Lite,89,1165.44,693.11,19
2024-01-13,West,Sensor Lite,68,832.51,496.88,18
2024-01-14,West,Sensor Lite,49,620.5,394.84,17
2024-01-15,West,Sensor Lite,75,947.04,534.25,18
2024-01-16,West,Sensor Lite,73,909.24,511.57,20
2024-01-17,West,Sensor Lite,101,1243.95,750.45,19
2024-01-18,West,Sensor Lite,82,1086.78,628.75,15
2024-01-19,West,Sensor Lite,100,1250.93,676.61,17
2024-01-20,West,Sensor Lite,52,671.96,378.46,18
2024-01-21,West,Sensor Lite,57,733.99,400.26,19
2024-01-22,West,Sensor Lite,67,881.04,520.57,19
2024-01-23,West,Sensor Lite,89,1159.74,642.45,17
2024-01-24,West,Sensor Lite,92,1162.18,721.7,21
2024-01-25,West,Sensor Lite,80,981.29,573.02,16
2024-01-26,West,Sensor Lite,76,994.94,573.05,18
2024-01-27,West,Sensor Lite,65,859.13,449.59,21
2024-01-28,West,Sensor Lite,47,643.53,347.2,21
2024-01-29,West,Sensor Lite,70,918.69,491.56,19
2024-01-30,West,Sensor Lite,71,887.9,567.51,22
2024-01-31,West,Sensor Lite,76,954.2,594.69,20
2024-02-01,West,Sensor Lite,68,812.99,510.52,20
2024-02-02,West,Sensor Lite,66,821.01,515.23,21
2024-02-03,West,Sensor Lite,46,564.17,333.16,21
2024-02-04,West,Sensor Lite,66,856.35,505.16,23
2024-02-05,West,Sensor Lite,60,786.98,443.89,19
2024-02-06,West,Sensor Lite,92,1252.46,700.88,19
2024-02-07,West,Sensor Lite,82,1142.34,612.8,20
2024-02-08,West,Sensor Lite,91,1168.91,674.03,20
2024-02-09,West,Sensor Lite,66,826.79,446.03,24
2024-02-10,West,Sensor Lite,87,1096.24,625.43,21
2024-02-11,West,Sensor Lite,93,1161.12,753.22,19
2024-02-12,West,Sensor Lite,78,1064.42,576.04,17
2024-02-13,West,Sensor Lite,84,981.99,601.77,23
2024-02-14,West,Sensor Lite,78,1042.84,580.81,19
2024-02-15,West,Sensor Lite,94,1164.94,645.3,21
2024-02-16,West,Sensor Lite,91,1146.63,660.08,20
2024-02-17,West,Sensor Lite,46,541.1,344.91,22
2024-02-18,West,Sensor Lite,54,710.29,411.03,19
2024-02-19,West,Sensor Lite,85,1109.54,642.37,20
2024-02-20,West,Sensor Lite,91,1122.19,727.02,19
2024-02-21,West,Sensor Lite,82,1080.24,588.77,26
2024-02-22,West,Sensor Lite,59,772.9,405.52,18
2024-02-23,West,Sensor Lite,16,200.76,116.74,21
2024-02-24,West,Sensor Lite,89,1064.88,642.58,26
2024-02-25,West,Sensor Lite,42,531.98,314.9,22
2024-02-26,West,Sensor Lite,95,1249.1,695.59,20
2024-02-27,West,Sensor Lite,112,1388.8,837.95,20
2024-02-28,West,Sensor Lite,95,1250.54,709.34,18
2024-02-29,West,Sensor Lite,79,981.24,612.73,23
2024-03-01,West,Sensor Lite,95,1207.96,705.22,19
2024-03-02,West,Sensor Lite,64,797.97,480.26,20
2024-03-03,West,Sensor Lite,71,909.5,574.2,18
2024-03-04,West,Sensor Lite,82,1071.26,559.43,19
2024-03-05,West,Sensor Lite,83,1110.02,622.14,20
2024-03-06,West,Sensor Lite,71,910.91,524.35,22
2024-03-07,West,Sensor Lite,75,911.53,558.42,20
2024-03-08,West,Sensor Lite,109,1416.1,833.03,22
2024-03-09,West,Sensor Lite,58,732.89,412.92,15
2024-03-10,West,Sensor Lite,46,580.88,331.97,22
2024-03-11,West,Sensor Lite,154,1969.73,1185.7,17
2024-03-12,West,Sensor Lite,76,985.26,560.13,21
2024-03-13,West,Sensor Lite,78,982.16,551.66,13
2024-03-14,West,Sensor Lite,76,985.89,586.62,19
2024-03-15,West,Sensor Lite,82,1058.19,628.26,21
2024-03-16,West,Sensor Lite,57,739.43,426.67,17
2024-03-17,West,Sensor Lite,205,2682.74,1553.55,19
2024-03-18,West,Sensor Lite,79,940.58,603.15,21
2024-03-19,West,Sensor Lite,68,856.78,502.64,20
2024-03-20,West,Sensor Lite,49,621.89,369.44,16
2024-03-21,West,Sensor Lite,100,1265.47,698.38,21
2024-03-22,West,Sensor Lite,76,943.82,558.46,22
2024-03-23,West,Sensor Lite,71,887.53,552.49,21
2024-03-24,West,Sensor Lite,56,725.16,461.32,16
2024-03-25,West,Sensor Lite,84,1085.81,627.5,16
2024-03-26,West,Sensor Lite,82,1046.52,581.4,18
2024-03-27,West,Sensor Lite,98,1211.86,714.76,19
2024-03-28,West,Sensor Lite,85,1111.7,585.44,20
2024-03-29,West,Sensor Lite,68,887.48,521.76,17
2024-03-30,West,Sensor Lite,102,1343.9,759.05,18
2024-03-31,West,Sensor Lite,72,896.47,509.12,16
2024-04-01,West,Sensor Lite,70,989.61,514.78,16
2024-04-02,West,Sensor Lite,86,1103.74,660.97,19
2024-04-03,West,Sensor Lite,89,1108.97,662.47,18
2024-04-04,West,Sensor Lite,91,1243.06,652.47,19
2024-04-05,West,Sensor Lite,89,1160.2,694.48,17
2024-04-06,West,Sensor Lite,69,885.1,521.07,19
2024-04-07,West,Sensor Lite,157,2021.18,1121.24,15
2024-04-08,West,Sensor Lite,95,1257.85,706.24,17
2024-04-09,West,Sensor Lite,95,1220.42,631.03,15
2024-04-10,West,Sensor Lite,60,725.42,451.26,18
2024-04-11,West,Sensor Lite,61,777.33,515.99,21
2024-04-12,West,Sensor Lite,72,942.77,563.65,18
2024-04-13,West,Sensor Lite,128,1629.66,942.24,17
2024-04-14,West,Sensor Lite,58,717.64,435.9,17
2024-04-15,West,Sensor Lite,69,878.79,526.1,16
2024-04-16,West,Sensor Lite,87,1138.01,665.44,19
2024-04-17,West,Sensor Lite,71,939.9,523.97,18
2024-04-18,West,Sensor Lite,54,665.59,357.28,13
2024-04-19,West,Sensor Lite,65,799.48,474.06,19
2024-04-20,West,Sensor Lite,59,750.92,424.87,15
2024-04-21,West,Sensor Lite,63,786.55,465.28,15
2024-04-22,West,Sensor Lite,97,1215.3,693.04,17
2024-04-23,West,Sensor Lite,90,1138.25,688.19,15
2024-04-24,West,Sensor Lite,58,756.5,473.99,21
2024-04-25,West,Sensor Lite,108,1342.14,840.55,16
2024-04-26,West,Sensor Lite,80,984.31,591.7,18
2024-04-27,West,Sensor Lite,67,835.31,534.8,13
2024-04-28,West,Sensor Lite,11,133.88,85.48,15
2024-04-29,West,Sensor Lite,71,906.68,546.09,16
2024-04-30,West,Sensor Lite,91,1164.05,656.07,18
2024-05-01,West,Sensor Lite,58,761.91,427.33,14
2024-05-02,West,Sensor Lite,105,1296.23,801.96,19
2024-05-03,West,Sensor Lite,85,1087.74,698.64,16
2024-05-04,West,Sensor Lite,70,901.47,556.72,17
2024-05-05,West,Sensor Lite,173,2103.32,1321.79,15
2024-05-06,West,Sensor Lite,76,975.37,568.54,14
2024-05-07,West,Sensor Lite,103,1323.35,793.46,12
2024-05-08,West,Sensor Lite,72,914.48,548.57,17
2024-05-09,West,Sensor Lite,68,833.67,543.2,17
2024-05-10,West,Sensor Lite,84,1068.55,589.38,15
2024-05-11,West,Sensor Lite,51,612.09,379.14,13
2024-05-12,West,Sensor Lite,59,759.59,454.43,15
2024-05-13,West,Sensor Lite,85,1107.86,675.66,17
2024-05-14,West,Sensor Lite,93,1177.96,757.42,16
2024-05-15,West,Sensor Lite,81,1072.39,557.49,17
2024-05-16,West,Sensor Lite,69,861.35,493.8,13
2024-05-17,West,Sensor Lite,76,947.84,562.15,15
2024-05-18,West,Sensor Lite,57,720.68,396.94,16
2024-05-19,West,Sensor Lite,64,871.41,514.49,17
2024-05-20,West,Sensor Lite,72,910.17,537.74,15
2024-05-21,West,Sensor Lite,68,922.75,534.27,17
2024-05-22,West,Sensor Lite,66,840.53,485.58,14
2024-05-23,West,Sensor Lite,58,721.59,439.29,17
2024-05-24,West,Sensor Lite,97,1309.21,671.07,16
2024-05-25,West,Sensor Lite,73,935.91,513.27,15
2024-05-26,West,Sensor Lite,51,644.51,358.94,21
2024-05-27,West,Sensor Lite,90,1177.14,611.03,16
2024-05-28,West,Sensor Lite,80,1058.17,624.21,15
2024-05-29,West,Sensor Lite,63,789.24,467.3,13
2024-05-30,West,Sensor Lite,66,864.27,515.73,18
2024-05-31,West,Sensor Lite,77,975.08,568.25,15
2024-06-01,West,Sensor Lite,72,890.98,564.45,16
2024-06-02,West,Sensor Lite,70,873.56,544.28,15
2024-06-03,West,Sensor Lite,72,885.72,531.18,17
2024-06-04,West,Sensor Lite,86,1099.37,644.66,18
2024-06-05,West,Sensor Lite,76,971.64,574.03,19
2024-06-06,West,Sensor Lite,69,909.9,540.64,16
2024-06-07,West,Sensor Lite,93,1216.64,689.18,15
2024-06-08,West,Sensor Lite,64,806.11,483.5,15
2024-06-09,West,Sensor Lite,68,861.98,467.6,17
2024-06-10,West,Sensor Lite,64,800.11,454.17,17
2024-06-11,West,Sensor Lite,71,908.23,507.71,18
2024-06-12,West,Sensor Lite,90,1139.9,685.22,15
2024-06-13,West,Sensor Lite,74,944.9,529.98,17
2024-06-14,West,Sensor Lite,74,984.89,552.37,15
2024-06-15,West,Sensor Lite,51,679.78,375.44,17
2024-06-16,West,Sensor Lite,64,800.71,475.09,20
2024-06-17,West,Sensor Lite,63,821.97,487.83,17
2024-06-18,West,Sensor Lite,82,1065.99,613.59,15
2024-06-19,West,Sensor Lite,64,802.55,469.09,18
2024-06-20,West,Sensor Lite,31,411.99,234.71,19
2024-06-21,West,Sensor Lite,101,1230.63,810.0,16
2024-06-22,West,Sensor Lite,65,855.49,483.69,15
2024-06-23,West,Sensor Lite,57,724.2,395.99,16
2024-06-24,West,Sensor Lite,88,1085.94,608.37,17
2024-06-25,West,Sensor Lite,66,836.85,481.55,21
2024-06-26,West,Sensor Lite,63,848.5,439.62,15
2024-06-27,West,Sensor Lite,70,959.73,456.04,14
2024-06-28,West,Sensor Lite,91,1133.15,663.55,18
2024-06-29,West,Sensor Lite,72,916.93,542.94,17
2024-06-30,West,Sensor Lite,55,697.34,435.16,16
2024-07-01,West,Sensor Lite,71,904.73,524.94,19
2024-07-02,West,Sensor Lite,80,1069.72,601.17,18
2024-07-03,West,Sensor Lite,115,1449.06,872.94,20
2024-07-04,West,Sensor Lite,71,884.01,527.58,20
2024-07-05,West,Sensor Lite,95,1195.1,679.54,16
2024-07-06,West,Sensor Lite,62,786.06,508.61,15
2024-07-07,West,Sensor Lite,69,900.07,485.37,21
2024-07-08,West,Sensor Lite,88,1126.23,664.76,18
2024-07-09,West,Sensor Lite,75,975.34,533.36,25
2024-07-10,West,Sensor Lite,73,960.31,543.25,21
2024-07-11,West,Sensor Lite,70,884.97,528.61,22
2024-07-12,West,Sensor Lite,77,979.69,564.04,17
2024-07-13,West,Sensor Lite,72,931.52,500.47,19
2024-07-14,West,Sensor Lite,73,913.54,530.82,21
2024-07-15,West,Sensor Lite,90,1149.03,703.43,19
2024-07-16,West,Sensor Lite,66,868.22,451.72,19
2024-07-17,West,Sensor Lite,65,831.79,520.22,20
2024-07-18,West,Sensor Lite,62,820.75,460.98,18
2024-07-19,West,Sensor Lite,74,917.71,567.17,18
2024-07-20,West,Sensor Lite,67,862.92,469.67,19
2024-07-21,West,Sensor Lite,51,661.53,374.59,19
2024-07-22,West,Sensor Lite,173,2226.7,1237.57,18
2024-07-23,West,Sensor Lite,80,1011.19,600.74,19
2024-07-24,West,Sensor Lite,67,816.86,468.73,17
2024-07-25,West,Sensor Lite,68,896.09,487.59,21
2024-07-26,West,Sensor Lite,86,1050.09,702.19,21
2024-07-27,West,Sensor Lite,56,685.39,427.8,21
2024-07-28,West,Sensor Lite,49,635.64,369.49,18
2024-07-29,West,Sensor Lite,71,895.22,534.95,18
2024-07-30,West,Sensor Lite,75,960.37,595.48,22
2024-07-31,West,Sensor Lite,109,1336.26,801.5,19
2024-08-01,West,Sensor Lite,91,1170.4,704.93,21
2024-08-02,West,Sensor Lite,123,1607.59,802.79,18
2024-08-03,West,Sensor Lite,46,559.03,338.36,19
2024-08-04,West,Sensor Lite,71,912.1,517.28,22
2024-08-05,West,Sensor Lite,91,1191.66,655.75,20
2024-08-06,West,Sensor Lite,69,844.54,529.48,19
2024-08-07,West,Sensor Lite,12,153.66,88.2,21
2024-08-08,West,Sensor Lite,78,996.03,572.56,21
2024-08-09,West,Sensor Lite,64,824.73,455.03,24
2024-08-10,West,Sensor Lite,44,556.41,319.19,20
2024-08-11,West,Sensor Lite,42,512.1,279.61,21
2024-08-12,West,Sensor Lite,52,655.1,378.73,20
2024-08-13,West,Sensor Lite,71,890.16,488.22,18
2024-08-14,West,Sensor Lite,76,967.03,605.84,21
2024-08-15,West,Sensor Lite,57,753.02,437.27,17
2024-08-16,West,Sensor Lite,74,901.43,572.6,22
2024-08-17,West,Sensor Lite,59,773.93,407.77,17
2024-08-18,West,Sensor Lite,57,765.3,439.48,18
2024-08-19,West,Sensor Lite,76,1018.62,543.64,18
2024-08-20,West,Sensor Lite,70,940.44,525.17,21
2024-08-21,West,Sensor Lite,85,1090.01,623.13,18
2024-08-22,West,Sensor Lite,75,958.32,516.74,21
2024-08-23,West,Sensor Lite,53,639.09,371.85,19
2024-08-24,West,Sensor Lite,74,937.35,565.65,20
2024-08-25,West,Sensor Lite,45,593.25,343.45,19
2024-08-26,West,Sensor Lite,66,805.62,454.89,24
2024-08-27,West,Sensor Lite,105,1304.21,821.16,16
2024-08-28,West,Sensor Lite,72,921.02,522.63,21
2024-08-29,West,Sensor Lite,57,690.69,394.76,20
2024-08-30,West,Sensor Lite,70,941.32,503.78,18
2024-08-31,West,Sensor Lite,58,752.45,400.11,20
2024-09-01,West,Sensor Lite,55,708.47,392.24,18
2024-09-02,West,Sensor Lite,60,783.57,433.38,17
2024-09-03,West,Sensor Lite,52,656.26,394.73,17
2024-09-04,West,Sensor Lite,53,681.43,408.14,20
2024-09-05,West,Sensor Lite,57,705.45,444.22,18
2024-09-06,West,Sensor Lite,83,984.7,638.34,18
2024-09-07,West,Sensor Lite,42,534.98,281.22,20
2024-09-08,West,Sensor Lite,54,721.18,370.73,21
2024-09-09,West,Sensor Lite,84,1124.81,655.72,16
2024-09-10,West,Sensor Lite,74,938.16,534.84,20
2024-09-11,West,Sensor Lite,84,1062.11,617.29,20
2024-09-12,West,Sensor Lite,59,717.15,450.41,22
2024-09-13,West,Sensor Lite,73,960.41,575.05,18
2024-09-14,West,Sensor Lite,64,826.36,484.73,22
2024-09-15,West,Sensor Lite,62,786.02,439.07,20
2024-09-16,West,Sensor Lite,76,911.66,528.08,15
2024-09-17,West,Sensor Lite,53,639.2,371.21,19
2024-09-18,West,Sensor Lite,73,934.36,573.28,19
2024-09-19,West,Sensor Lite,71,863.36,548.01,21
2024-09-20,West,Sensor Lite,19,246.16,140.92,21
2024-09-21,West,Sensor Lite,47,609.8,323.02,16
2024-09-22,West,Sensor Lite,56,685.84,432.88,20
2024-09-23,West,Sensor Lite,54,689.5,403.38,18
2024-09-24,West,Sensor Lite,25,309.77,177.91,17
2024-09-25,West,Sensor Lite,77,1009.48,568.26,21
2024-09-26,West,Sensor Lite,78,1092.68,591.83,17
2024-09-27,West,Sensor Lite,71,902.02,513.7,18
2024-09-28,West,Sensor Lite,48,639.13,336.8,18
2024-09-29,West,Sensor Lite,43,565.16,321.2,19
2024-09-30,West,Sensor Lite,57,725.06,427.11,20
2024-10-01,West,Sensor Lite,82,1062.19,549.35,21
2024-10-02,West,Sensor Lite,67,821.82,494.01,19
2024-10-03,West,Sensor Lite,64,819.37,453.65,14
2024-10-04,West,Sensor Lite,67,846.56,507.62,20
2024-10-05,West,Sensor Lite,59,782.93,399.41,19
2024-10-06,West,Sensor Lite,43,537.95,297.93,20
2024-10-07,West,Sensor Lite,60,740.8,391.98,17
2024-10-08,West,Sensor Lite,73,902.39,551.41,17
2024-10-09,West,Sensor Lite,153,2000.83,1047.35,19
2024-10-10,West,Sensor Lite,80,1014.37,552.74,21
2024-10-11,West,Sensor Lite,75,907.94,552.47,17
2024-10-12,West,Sensor Lite,46,604.35,337.69,15
2024-10-13,West,Sensor Lite,29,352.99,221.43,18
2024-10-14,West,Sensor Lite,68,852.73,521.76,17
2024-10-15,West,Sensor Lite,54,684.15,422.18,15
2024-10-16,West,Sensor Lite,72,887.82,575.81,17
2024-10-17,West,Sensor Lite,88,1064.88,685.15,18
2024-10-18,West,Sensor Lite,55,718.36,413.77,19
2024-10-19,West,Sensor Lite,59,766.96,441.35,16
2024-10-20,West,Sensor Lite,62,791.78,472.95,16
2024-10-21,West,Sensor Lite,70,902.28,465.66,16
2024-10-22,West,Sensor Lite,70,846.95,513.99,20
2024-10-23,West,Sensor Lite,46,595.68,309.3,19
2024-10-24,West,Sensor Lite,67,864.85,477.58,18
2024-10-25,West,Sensor Lite,66,852.67,452.36,17
2024-10-26,West,Sensor Lite,64,826.74,482.81,16
2024-10-27,West,Sensor Lite,63,827.21,480.21,18
2024-10-28,West,Sensor Lite,61,775.04,478.85,14
2024-10-29,West,Sensor Lite,48,613.16,338.02,17
2024-10-30,West,Sensor Lite,50,611.97,357.83,12
2024-10-31,West,Sensor Lite,87,1132.07,678.65,13
2024-11-01,West,Sensor Lite,66,824.62,475.9,12
2024-11-02,West,Sensor Lite,42,525.91,299.63,20
2024-11-03,West,Sensor Lite,43,541.52,329.54,16
2024-11-04,West,Sensor Lite,71,876.13,539.02,13
2024-11-05,West,Sensor Lite,69,876.94,535.04,21
2024-11-06,West,Sensor Lite,92,1202.0,697.22,14
2024-11-07,West,Sensor Lite,67,825.76,486.03,17
2024-11-08,West,Sensor Lite,73,930.29,577.32,14
2024-11-09,West,Sensor Lite,54,702.26,417.25,18
2024-11-10,West,Sensor Lite,64,755.29,473.19,16
2024-11-11,West,Sensor Lite,94,1265.17,726.42,15
2024-11-12,West,Sensor Lite,82,1031.01,606.39,13
2024-11-13,West,Sensor Lite,98,1214.45,691.57,15
2024-11-14,West,Sensor Lite,76,971.37,565.51,14
2024-11-15,West,Sensor Lite,52,649.58,421.86,12
2024-11-16,West,Sensor Lite,48,610.7,373.7,17
2024-11-17,West,Sensor Lite,65,810.13,491.0,18
2024-11-18,West,Sensor Lite,67,883.13,473.57,15
2024-11-19,West,Sensor Lite,70,964.36,487.37,12
2024-11-20,West,Sensor Lite,61,794.62,445.88,17
2024-11-21,West,Sensor Lite,91,1167.2,652.95,16
2024-11-22,West,Sensor Lite,93,1166.11,688.81,14
2024-11-23,West,Sensor Lite,54,710.42,402.61,16
2024-11-24,West,Sensor Lite,55,685.09,378.05,11
2024-11-25,West,Sensor Lite,89,1145.6,631.01,16
2024-11-26,West,Sensor Lite,86,1079.39,625.12,16
2024-11-27,West,Sensor Lite,53,650.28,400.76,19
2024-11-28,West,Sensor Lite,81,1026.15,613.6,17
2024-11-29,West,Sensor Lite,79,977.48,554.39,17
2024-11-30,West,Sensor Lite,60,798.86,416.81,20
2024-12-01,West,Sensor Lite,49,610.62,345.44,15
2024-12-02,West,Sensor Lite,62,787.41,477.07,14
2024-12-03,West,Sensor Lite,42,525.07,303.44,18
2024-12-04,West,Sensor Lite,65,798.04,483.56,19
2024-12-05,West,Sensor Lite,51,663.6,385.27,19
2024-12-06,West,Sensor Lite,66,839.11,518.38,16
2024-12-07,West,Sensor Lite,63,859.72,437.75,15
2024-12-08,West,Sensor Lite,48,631.23,376.74,14
2024-12-09,West,Sensor Lite,94,1201.02,715.7,15
2024-12-10,West,Sensor Lite,16,206.25,128.27,14
2024-12-11,West,Sensor Lite,77,979.1,609.83,16
2024-12-12,West,Sensor Lite,83,1025.64,617.57,20
2024-12-13,West,Sensor Lite,56,683.22,398.89,16
2024-12-14,West,Sensor Lite,62,765.47,473.96,17
2024-12-15,West,Sensor Lite,47,623.29,328.33,18
2024-12-16,West,Sensor Lite,55,706.66,411.4,17
2024-12-17,West,Sensor Lite,60,777.33,427.49,17
2024-12-18,West,Sensor Lite,74,965.78,541.0,20
2024-12-19,West,Sensor Lite,75,950.51,494.46,18
2024-12-20,West,Sensor Lite,75,938.88,552.67,20
2024-12-21,West,Sensor Lite,50,676.13,372.22,22
2024-12-22,West,Sensor Lite,63,816.04,453.78,16
2024-12-23,West,Sensor Lite,68,823.71,501.08,17
2024-12-24,West,Sensor Lite,79,954.21,552.92,18
2024-12-25,West,Sensor Lite,74,964.73,568.94,17
2024-12-26,West,Sensor Lite,56,695.08,414.92,17
2024-12-27,West,Sensor Lite,69,876.31,567.75,21
2024-12-28,West,Sensor Lite,69,822.01,518.06,18
2024-12-29,West,Sensor Lite,73,917.82,550.53,23
2024-12-30,West,Sensor Lite,63,825.23,455.26,17
2024-12-31,West,Sensor Lite,69,865.62,541.04,21
2025-01-01,West,Sensor Lite,73,898.08,528.63,22
2025-01-02,West,Sensor Lite,98,1240.34,787.88,18
2025-01-03,West,Sensor Lite,86,1097.64,690.49,19
2025-01-04,West,Sensor Lite,51,643.38,367.73,20
2025-01-05,West,Sensor Lite,70,850.24,510.83,18
2025-01-06,West,Sensor Lite,101,1302.95,720.29,22
2025-01-07,West,Sensor Lite,83,1040.03,573.15,17
2025-01-08,West,Sensor Lite,70,897.17,525.61,18
2025-01-09,West,Sensor Lite,94,1163.39,695.76,18
2025-01-10,West,Sensor Lite,84,1111.03,642.15,19
2025-01-11,West,Sensor Lite,62,807.4,457.65,20
2025-01-12,West,Sensor Lite,76,958.54,586.93,18
2025-01-13,West,Sensor Lite,82,1055.04,605.35,19
2025-01-14,West,Sensor Lite,83,1110.18,608.21,17
2025-01-15,West,Sensor Lite,96,1267.15,713.5,22
2025-01-16,West,Sensor Lite,75,999.55,576.09,21
2025-01-17,West,Sensor Lite,67,869.76,486.64,19
2025-01-18,West,Sensor Lite,70,877.99,541.52,19
2025-01-19,West,Sensor Lite,88,1141.81,627.2,18
2025-01-20,West,Sensor Lite,55,737.0,400.61,18
2025-01-21,West,Sensor Lite,95,1233.26,637.44,17
2025-01-22,West,Sensor Lite,84,1044.43,610.99,18
2025-01-23,West,Sensor Lite,76,970.93,530.85,22
2025-01-24,West,Sensor Lite,75,978.06,570.38,22
2025-01-25,West,Sensor Lite,79,1012.45,599.48,17
2025-01-26,West,Sensor Lite,76,991.19,596.61,21
2025-01-27,West,Sensor Lite,70,875.91,561.04,17
2025-01-28,West,Sensor Lite,156,1976.17,1145.0,21
2025-01-29,West,Sensor Lite,109,1403.98,776.84,20
2025-01-30,West,Sensor Lite,97,1251.17,734.64,19
2025-01-31,West,Sensor Lite,63,788.0,457.15,21
2025-02-01,West,Sensor Lite,77,909.6,552.57,23
2025-02-02,West,Sensor Lite,55,640.64,406.65,16
2025-02-03,West,Sensor Lite,90,1145.89,646.4,22
2025-02-04,West,Sensor Lite,75,961.5,612.15,18
2025-02-05,West,Sensor Lite,93,1178.39,679.12,23
2025-02-06,West,Sensor Lite,77,982.79,568.93,22
2025-02-07,West,Sensor Lite,72,962.09,554.36,18
2025-02-08,West,Sensor Lite,74,929.45,607.56,19
2025-02-09,West,Sensor Lite,71,915.16,519.48,21
2025-02-10,West,Sensor Lite,101,1352.8,677.44,22
2025-02-11,West,Sensor Lite,80,988.29,589.73,21
2025-02-12,West,Sensor Lite,67,899.62,453.51,21
2025-02-13,West,Sensor Lite,99,1299.02,713.69,19
2025-02-14,West,Sensor Lite,114,1439.97,906.77,20
2025-02-15,West,Sensor Lite,64,753.94,454.62,20
2025-02-16,West,Sensor Lite,77,1022.71,540.0,17
2025-02-17,West,Sensor Lite,84,1127.88,648.27,21
2025-02-18,West,Sensor Lite,126,1573.02,922.23,19
2025-02-19,West,Sensor Lite,81,1089.54,635.66,23
2025-02-20,West,Sensor Lite,88,1065.1,642.11,22
2025-02-21,West,Sensor Lite,62,797.42,473.6,20
2025-02-22,West,Sensor Lite,95,1204.8,648.78,22
2025-02-23,West,Sensor Lite,65,795.5,458.52,21
2025-02-24,West,Sensor Lite,113,1429.95,828.47,20
2025-02-25,West,Sensor Lite,80,1019.06,580.05,17
2025-02-26,West,Sensor Lite,89,1094.25,740.86,19
2025-02-27,West,Sensor Lite,78,1014.64,606.52,19
2025-02-28,West,Sensor Lite,76,949.18,590.22,19
2025-03-01,West,Sensor Lite,69,870.27,506.24,19
2025-03-02,West,Sensor Lite,71,944.54,488.81,22
2025-03-03,West,Sensor Lite,85,1062.47,681.62,22
2025-03-04,West,Sensor Lite,69,820.06,469.22,18
2025-03-05,West,Sensor Lite,96,1214.76,690.86,17
2025-03-06,West,Sensor Lite,64,818.67,487.18,17
2025-03-07,West,Sensor Lite,86,1088.56,719.4,22
2025-03-08,West,Sensor Lite,55,719.35,442.42,21
2025-03-09,West,Sensor Lite,86,1109.66,656.22,17
2025-03-10,West,Sensor Lite,114,1427.36,934.25,16
2025-03-11,West,Sensor Lite,102,1327.67,736.16,18
2025-03-12,West,Sensor Lite,84,1085.89,635.61,23
2025-03-13,West,Sensor Lite,80,1033.26,635.19,20
2025-03-14,West,Sensor Lite,88,1116.62,605.53,18
2025-03-15,West,Sensor Lite,73,938.72,550.36,18
2025-03-16,West,Sensor Lite,22,281.42,166.4,15
2025-03-17,West,Sensor Lite,99,1250.88,747.65,18
2025-03-18,West,Sensor Lite,64,827.73,448.89,21
2025-03-19,West,Sensor Lite,104,1348.14,786.38,18
2025-03-20,West,Sensor Lite,99,1283.35,743.39,18
2025-03-21,West,Sensor Lite,80,1038.88,575.73,19
2025-03-22,West,Sensor Lite,62,737.15,476.7,16
2025-03-23,West,Sensor Lite,75,982.19,592.48,19
2025-03-24,West,Sensor Lite,218,2699.11,1556.48,16
2025-03-25,West,Sensor Lite,76,1001.56,576.32,17
2025-03-26,West,Sensor Lite,94,1149.58,743.62,17
2025-03-27,West,Sensor Lite,96,1282.09,760.1,17
2025-03-28,West,Sensor Lite,108,1286.79,793.01,18
2025-03-29,West,Sensor Lite,73,939.78,569.16,18
2025-03-30,West,Sensor Lite,52,655.73,380.13,17
2025-03-31,West,Sensor Lite,97,1253.94,747.14,18
2025-04-01,West,Sensor Lite,69,925.29,491.73,16
2025-04-02,West,Sensor Lite,80,1027.24,546.96,13
2025-04-03,West,Sensor Lite,73,956.99,554.59,17
2025-04-04,West,Sensor Lite,102,1360.37,788.0,16
2025-04-05,West,Sensor Lite,61,763.31,467.34,18
2025-04-06,West,Sensor Lite,89,1147.07,631.69,16
2025-04-07,West,Sensor Lite,76,1008.77,492.86,13
2025-04-08,West,Sensor Lite,65,837.52,502.01,17
2025-04-09,West,Sensor Lite,88,1102.26,698.7,19
2025-04-10,West,Sensor Lite,73,945.13,489.02,18
2025-04-11,West,Sensor Lite,118,1509.68,859.86,14
2025-04-12,West,Sensor Lite,66,854.36,465.53,16
2025-04-13,West,Sensor Lite,92,1154.4,689.18,16
2025-04-14,West,Sensor Lite,88,1130.15,694.72,16
2025-04-15,West,Sensor Lite,99,1256.97,724.07,16
2025-04-16,West,Sensor Lite,85,1067.66,613.08,13
2025-04-17,West,Sensor Lite,143,1894.89,1078.89,16
2025-04-18,West,Sensor Lite,76,954.07,502.67,19
2025-04-19,West,Sensor Lite,43,535.83,331.53,15
2025-04-20,West,Sensor Lite,78,959.1,607.73,14
2025-04-21,West,Sensor Lite,77,979.84,569.93,19
2025-04-22,West,Sensor Lite,192,2436.82,1389.56,20
2025-04-23,West,Sensor Lite,92,1198.41,671.22,16
2025-04-24,West,Sensor Lite,180,2210.22,1313.53,17
2025-04-25,West,Sensor Lite,86,1041.09,634.57,17
2025-04-26,West,Sensor Lite,80,963.24,545.81,18
2025-04-27,West,Sensor Lite,69,891.79,521.17,14
2025-04-28,West,Sensor Lite,90,1183.12,653.77,16
2025-04-29,West,Sensor Lite,85,1114.74,629.65,14
2025-04-30,West,Sensor Lite,124,1557.21,891.08,17
2025-05-01,West,Sensor Lite,117,1497.57,882.29,19
2025-05-02,West,Sensor Lite,71,844.23,560.32,17
2025-05-03,West,Sensor Lite,74,989.29,553.31,14
2025-05-04,West,Sensor Lite,64,844.32,434.84,18
2025-05-05,West,Sensor Lite,74,969.09,547.72,15
2025-05-06,West,Sensor Lite,52,645.15,388.84,17
2025-05-07,West,Sensor Lite,87,1097.15,642.04,14
2025-05-08,West,Sensor Lite,88,1115.6,626.26,13
2025-05-09,West,Sensor Lite,117,1567.84,863.82,14
2025-05-10,West,Sensor Lite,88,1155.66,678.6,11
2025-05-11,West,Sensor Lite,80,1014.28,583.24,14
2025-05-12,West,Sensor Lite,104,1349.26,822.7,20
2025-05-13,West,Sensor Lite,106,1314.54,758.9,10
2025-05-14,West,Sensor Lite,99,1209.81,694.83,13
2025-05-15,West,Sensor Lite,117,1488.67,855.77,20
2025-05-16,West,Sensor Lite,72,886.68,478.64,14
2025-05-17,West,Sensor Lite,67,810.89,495.59,15
2025-05-18,West,Sensor Lite,65,829.58,473.02,16
2025-05-19,West,Sensor Lite,82,1037.2,627.65,13
2025-05-20,West,Sensor Lite,88,1088.05,595.55,18
2025-05-21,West,Sensor Lite,121,1524.22,929.66,16
2025-05-22,West,Sensor Lite,106,1366.86,790.46,15
2025-05-23,West,Sensor Lite,112,1418.33,894.49,18
2025-05-24,West,Sensor Lite,71,909.05,520.94,14
2025-05-25,West,Sensor Lite,70,887.95,526.84,16
2025-05-26,West,Sensor Lite,99,1327.76,755.84,14
2025-05-27,West,Sensor Lite,97,1286.07,644.81,14
2025-05-28,West,Sensor Lite,96,1228.27,749.86,20
2025-05-29,West,Sensor Lite,135,1678.94,992.55,17
2025-05-30,West,Sensor Lite,99,1241.03,686.04,18
2025-05-31,West,Sensor Lite,62,759.87,457.07,15
2025-06-01,West,Sensor Lite,62,771.59,485.67,15
2025-06-02,West,Sensor Lite,103,1339.57,749.15,10
2025-06-03,West,Sensor Lite,101,1264.82,751.29,16
2025-06-04,West,Sensor Lite,105,1331.72,699.25,13
2025-06-05,West,Sensor Lite,97,1280.58,687.09,17
2025-06-06,West,Sensor Lite,73,946.19,559.32,14
2025-06-07,West,Sensor Lite,92,1175.42,716.83,18
2025-06-08,West,Sensor Lite,29,368.48,216.86,21
2025-06-09,West,Sensor Lite,81,1026.61,616.9,23
2025-06-10,West,Sensor Lite,93,1218.87,674.42,18
2025-06-11,West,Sensor Lite,90,1157.76,666.68,17
2025-06-12,West,Sensor Lite,26,328.95,182.2,16
2025-06-13,West,Sensor Lite,70,858.39,505.29,16
2025-06-14,West,Sensor Lite,77,995.97,568.99,15
2025-06-15,West,Sensor Lite,53,682.69,361.54,20
2025-06-16,West,Sensor Lite,77,935.15,638.01,17
2025-06-17,West,Sensor Lite,117,1484.83,835.3,22
2025-06-18,West,Sensor Lite,92,1184.79,687.96,16
2025-06-19,West,Sensor Lite,92,1163.8,638.23,17
2025-06-20,West,Sensor Lite,81,1088.96,508.79,15
2025-06-21,West,Sensor Lite,51,680.04,409.71,19
2025-06-22,West,Sensor Lite,73,895.51,541.72,17
2025-06-23,West,Sensor Lite,93,1176.92,613.39,18
2025-06-24,West,Sensor Lite,98,1285.82,687.99,17
2025-06-25,West,Sensor Lite,79,1004.73,645.06,19
2025-06-26,West,Sensor Lite,78,1016.48,591.12,19
2025-06-27,West,Sensor Lite,93,1162.7,599.41,20
2025-06-28,West,Sensor Lite,54,656.07,389.37,16
2025-06-29,West,Sensor Lite,77,1002.17,564.59,19
2025-06-30,West,Sensor Lite,81,1022.46,615.14,17
2025-07-01,West,Sensor Lite,88,1208.78,650.9,21
2025-07-02,West,Sensor Lite,126,1651.81,851.54,19
2025-07-03,West,Sensor Lite,79,975.22,566.07,19
2025-07-04,West,Sensor Lite,85,1105.65,600.47,18
2025-07-05,West,Sensor Lite,66,839.72,506.68,17
2025-07-06,West,Sensor Lite,46,595.75,331.16,19
2025-07-07,West,Sensor Lite,92,1147.54,661.91,21
2025-07-08,West,Sensor Lite,17,218.78,124.16,17
2025-07-09,West,Sensor Lite,94,1236.59,665.62,22
2025-07-10,West,Sensor Lite,72,940.65,572.99,20
2025-07-11,West,Sensor Lite,71,934.97,554.89,15
2025-07-12,West,Sensor Lite,65,906.21,509.12,17
2025-07-13,West,Sensor Lite,51,641.14,354.12,24
2025-07-14,West,Sensor Lite,79,1061.81,594.89,19
2025-07-15,West,Sensor Lite,66,848.96,507.65,18
2025-07-16,West,Sensor Lite,64,806.52,449.3,18
2025-07-17,West,Sensor Lite,77,981.53,536.37,19
2025-07-18,West,Sensor Lite,100,1309.53,703.29,21
2025-07-19,West,Sensor Lite,73,920.47,500.72,19
2025-07-20,West,Sensor Lite,58,696.02,451.68,18
2025-07-21,West,Sensor Lite,77,1006.48,596.99,15
2025-07-22,West,Sensor Lite,72,924.26,524.18,18
2025-07-23,West,Sensor Lite,64,803.29,472.09,18
2025-07-24,West,Sensor Lite,65,797.4,464.62,20
2025-07-25,West,Sensor Lite,83,1071.17,685.27,21
2025-07-26,West,Sensor Lite,55,728.41,398.13,23
2025-07-27,West,Sensor Lite,62,769.24,446.66,17
2025-07-28,West,Sensor Lite,65,835.76,477.92,20
2025-07-29,West,Sensor Lite,90,1223.7,622.22,20
2025-07-30,West,Sensor Lite,87,1140.82,652.41,18
2025-07-31,West,Sensor Lite,103,1313.44,816.55,22
2025-08-01,West,Sensor Lite,99,1258.62,726.22,23
2025-08-02,West,Sensor Lite,52,653.7,400.21,20
2025-08-03,West,Sensor Lite,53,677.42,353.76,19
2025-08-04,West,Sensor Lite,82,1032.81,577.89,23
2025-08-05,West,Sensor Lite,66,835.0,490.76,21
2025-08-06,West,Sensor Lite,80,1016.78,537.3,18
2025-08-07,West,Sensor Lite,72,874.11,541.54,20
2025-08-08,West,Sensor Lite,90,1143.1,655.74,19
2025-08-09,West,Sensor Lite,72,993.27,540.69,18
2025-08-10,West,Sensor Lite,10,122.34,73.14,18
2025-08-11,West,Sensor Lite,55,734.4,403.66,19
2025-08-12,West,Sensor Lite,91,1198.46,585.68,22
2025-08-13,West,Sensor Lite,68,885.14,475.73,19
2025-08-14,West,Sensor Lite,75,942.61,569.08,20
2025-08-15,West,Sensor Lite,74,971.31,508.83,22
2025-08-16,West,Sensor Lite,65,876.12,457.4,19
2025-08-17,West,Sensor Lite,54,712.5,390.87,17
2025-08-18,West,Sensor Lite,61,785.58,443.62,22
2025-08-19,West,Sensor Lite,77,984.94,590.2,19
2025-08-20,West,Sensor Lite,87,1091.01,651.19,23
2025-08-21,West,Sensor Lite,73,936.32,522.34,22
2025-08-22,West,Sensor Lite,73,948.64,493.9,21
2025-08-23,West,Sensor Lite,48,614.58,409.49,20
2025-08-24,West,Sensor Lite,65,829.32,481.91,22
2025-08-25,West,Sensor Lite,83,1059.41,642.26,20
2025-08-26,West,Sensor Lite,73,984.82,475.82,15
2025-08-27,West,Sensor Lite,62,797.12,450.28,19
2025-08-28,West,Sensor Lite,75,965.33,543.64,21
2025-08-29,West,Sensor Lite,76,902.29,549.34,17
2025-08-30,West,Sensor Lite,59,776.39,453.59,25
2025-08-31,West,Sensor Lite,48,624.68,350.5,19
2025-09-01,West,Sensor Lite,77,1000.7,557.56,20
2025-09-02,West,Sensor Lite,76,989.67,562.02,22
2025-09-03,West,Sensor Lite,79,981.7,585.34,20
2025-09-04,West,Sensor Lite,72,912.85,500.55,19
2025-09-05,West,Sensor Lite,92,1238.64,714.5,20
2025-09-06,West,Sensor Lite,59,722.96,423.98,19
2025-09-07,West,Sensor Lite,154,1890.64,1133.72,19
2025-09-08,West,Sensor Lite,76,929.29,604.49,17
2025-09-09,West,Sensor Lite,59,750.42,500.04,18
2025-09-10,West,Sensor Lite,85,1138.95,643.72,16
2025-09-11,West,Sensor Lite,68,876.91,459.38,19
2025-09-12,West,Sensor Lite,67,884.75,488.69,18
2025-09-13,West,Sensor Lite,70,841.74,562.43,20
2025-09-14,West,Sensor Lite,46,573.51,336.48,16
2025-09-15,West,Sensor Lite,53,664.01,408.53,17
2025-09-16,West,Sensor Lite,70,938.14,539.2,17
2025-09-17,West,Sensor Lite,77,989.0,549.75,18
2025-09-18,West,Sensor Lite,85,1085.49,688.53,18
2025-09-19,West,Sensor Lite,74,951.95,559.35,20
2025-09-20,West,Sensor Lite,39,495.25,288.22,18
2025-09-21,West,Sensor Lite,49,663.97,359.63,18
2025-09-22,West,Sensor Lite,58,785.04,404.05,16
2025-09-23,West,Sensor Lite,52,687.34,369.61,17
2025-09-24,West,Sensor Lite,70,922.25,491.51,15
2025-09-25,West,Sensor Lite,79,994.95,651.07,19
2025-09-26,West,Sensor Lite,86,1115.33,669.4,19
2025-09-27,West,Sensor Lite,63,757.47,442.67,15
2025-09-28,West,Sensor Lite,52,656.52,420.27,18
2025-09-29,West,Sensor Lite,88,1073.21,695.64,17
2025-09-30,West,Sensor Lite,70,908.68,501.35,20
2025-10-01,West,Sensor Lite,73,930.82,554.55,15
2025-10-02,West,Sensor Lite,64,837.33,457.46,16
2025-10-03,West,Sensor Lite,69,899.78,536.77,18
2025-10-04,West,Sensor Lite,54,713.88,409.43,16
2025-10-05,West,Sensor Lite,45,562.36,325.95,16
2025-10-06,West,Sensor Lite,81,980.29,562.31,16
2025-10-07,West,Sensor Lite,75,1014.95,553.2,18
2025-10-08,West,Sensor Lite,84,1056.89,636.88,19
2025-10-09,West,Sensor Lite,64,817.45,504.39,17
2025-10-10,West,Sensor Lite,83,1095.6,633.52,16
2025-10-11,West,Sensor Lite,44,557.83,340.68,18
2025-10-12,West,Sensor Lite,64,790.56,455.8,17
2025-10-13,West,Sensor Lite,82,1115.17,546.78,17
2025-10-14,West,Sensor Lite,61,767.39,413.21,19
2025-10-15,West,Sensor Lite,89,1201.25,649.0,14
2025-10-16,West,Sensor Lite,97,1254.41,690.06,16
2025-10-17,West,Sensor Lite,66,869.68,485.39,15
2025-10-18,West,Sensor Lite,76,1000.88,583.04,15
2025-10-19,West,Sensor Lite,43,543.31,328.18,14
2025-10-20,West,Sensor Lite,72,937.62,470.32,16
2025-10-21,West,Sensor Lite,46,623.21,384.31,17
2025-10-22,West,Sensor Lite,87,1156.97,656.4,11
2025-10-23,West,Sensor Lite,56,741.22,420.4,16
2025-10-24,West,Sensor Lite,52,678.98,381.94,16
2025-10-25,West,Sensor Lite,62,790.88,452.38,16
2025-10-26,West,Sensor Lite,72,897.64,562.11,13
2025-10-27,West,Sensor Lite,155,2077.73,1091.17,18
2025-10-28,West,Sensor Lite,76,955.88,571.02,18
2025-10-29,West,Sensor Lite,102,1286.06,812.01,18
2025-10-30,West,Sensor Lite,63,806.52,470.63,15
2025-10-31,West,Sensor Lite,63,770.81,478.16,16
2025-11-01,West,Sensor Lite,73,923.65,502.26,15
2025-11-02,West,Sensor Lite,63,787.92,485.47,14
2025-11-03,West,Sensor Lite,97,1187.86,731.06,14
2025-11-04,West,Sensor Lite,60,738.9,441.77,16
2025-11-05,West,Sensor Lite,55,703.0,421.69,18
2025-11-06,West,Sensor Lite,58,764.65,404.66,19
2025-11-07,West,Sensor Lite,86,1097.09,693.72,16
2025-11-08,West,Sensor Lite,75,927.98,635.26,15
2025-11-09,West,Sensor Lite,74,927.92,531.14,16
2025-11-10,West,Sensor Lite,84,1085.48,658.14,18
2025-11-11,West,Sensor Lite,96,1270.09,705.29,19
2025-11-12,West,Sensor Lite,69,907.93,479.19,18
2025-11-13,West,Sensor Lite,54,695.71,425.52,18
2025-11-14,West,Sensor Lite,58,775.54,423.11,19
2025-11-15,West,Sensor Lite,47,591.69,358.44,16
2025-11-16,West,Sensor Lite,44,543.05,356.7,17
2025-11-17,West,Sensor Lite,61,773.63,463.31,18
2025-11-18,West,Sensor Lite,66,876.1,493.5,17
2025-11-19,West,Sensor Lite,87,1136.18,612.9,18
2025-11-20,West,Sensor Lite,82,1083.15,577.78,15
2025-11-21,West,Sensor Lite,103,1314.09,757.01,19
2025-11-22,West,Sensor Lite,50,642.41,362.99,15
2025-11-23,West,Sensor Lite,67,851.7,512.66,19
2025-11-24,West,Sensor Lite,100,1246.44,699.71,16
2025-11-25,West,Sensor Lite,72,922.16,512.15,15
2025-11-26,West,Sensor Lite,73,927.79,536.1,12
2025-11-27,West,Sensor Lite,102,1286.23,758.44,16
2025-11-28,West,Sensor Lite,75,977.01,556.62,14
2025-11-29,West,Sensor Lite,83,1066.08,608.2,15
2025-11-30,West,Sensor Lite,49,652.3,348.38,18
2025-12-01,West,Sensor Lite,107,1333.65,814.74,14
2025-12-02,West,Sensor Lite,175,2211.97,1371.58,19
2025-12-03,West,Sensor Lite,68,824.04,511.01,22
2025-12-04,West,Sensor Lite,77,956.04,553.27,16
2025-12-05,West,Sensor Lite,65,847.34,434.93,19
2025-12-06,West,Sensor Lite,60,786.39,480.85,14
2025-12-07,West,Sensor Lite,49,639.96,359.43,18
2025-12-08,West,Sensor Lite,59,784.22,465.46,18
2025-12-09,West,Sensor Lite,65,845.24,520.49,23
2025-12-10,West,Sensor Lite,99,1269.24,762.04,17
2025-12-11,West,Sensor Lite,59,770.1,457.44,18
2025-12-12,West,Sensor Lite,106,1325.77,818.72,17
2025-12-13,West,Sensor Lite,78,949.24,570.82,17
2025-12-14,West,Sensor Lite,84,1062.44,585.91,17
2025-12-15,West,Sensor Lite,89,1129.73,684.88,17
2025-12-16,West,Sensor Lite,113,1451.09,772.25,16
2025-12-17,West,Sensor Lite,65,812.1,471.55,18
2025-12-18,West,Sensor Lite,108,1357.47,773.64,16
2025-12-19,West,Sensor Lite,146,1912.75,1111.36,17
2025-12-20,West,Sensor Lite,65,801.69,486.6,22
2025-12-21,West,Sensor Lite,67,855.13,479.89,18
2025-12-22,West,Sensor Lite,72,904.58,521.57,20
2025-12-23,West,Sensor Lite,86,1045.34,698.71,18
2025-12-24,West,Sensor Lite,89,1125.44,632.76,20
2025-12-25,West,Sensor Lite,56,697.67,410.6,18
2025-12-26,West,Sensor Lite,96,1213.54,730.97,13
2025-12-27,West,Sensor Lite,84,1077.93,623.79,18
2025-12-28,West,Sensor Lite,59,706.22,449.9,16
2025-12-29,West,Sensor Lite,80,1055.72,624.52,18
2025-12-30,West,Sensor Lite,102,1423.08,809.12,20
