order_date,sales_amount,profit,quantity,product_category,city,channel
2025-02-21,451.95,48.37,11,Office Supplies,Chicago,Online
2025-07-15,3358.93,981.63,3,Software,Denver,Direct
2025-05-25,693.02,352.33,4,Electronics,San Francisco,Direct
2025-08-10,872.55,109.87,34,Software,Austin,Wholesale
2025-12-06,1616.32,484.63,11,Software,New York,Retail
2025-05-29,262.9,31.9,7,Furniture,New York,Direct
2025-01-07,1417.92,516.11,15,Software,Portland,Online
2025-11-26,783.16,371.15,1,Electronics,Portland,Direct
2025-01-22,1597.12,165.05,9,Furniture,Seattle,Wholesale
2025-09-01,1725.7,245.86,40,Software,Boston,Wholesale
2025-01-04,571.49,135.11,10,Software,New York,Online
2025-11-30,995.24,136.81,22,Software,Denver,Wholesale
2025-01-30,1486.2,490.92,10,Electronics,Portland,Direct
2025-06-21,1001.89,103.24,1,Furniture,Boston,Direct
2025-12-25,1962.65,487.53,12,Software,Seattle,Retail
2025-03-05,1288.24,178.14,3,Office Supplies,Chicago,Retail
2025-06-13,2844.63,596.77,3,Furniture,Seattle,Direct
2025-12-08,1268.95,199.72,8,Office Supplies,Seattle,Wholesale
2025-04-24,626.74,123.18,3,Furniture,New York,Direct
2025-07-24,2406.88,289.98,2,Furniture,Seattle,Wholesale
2025-08-09,1153.6,241.52,16,Electronics,Chicago,Online
2025-07-08,800.21,168.46,10,Office Supplies,San Francisco,Retail
2025-01-06,379.64,165.57,2,Software,Chicago,Direct
2025-05-19,2119.15,450.97,10,Furniture,San Francisco,Direct
2025-11-15,1855.84,346.93,1,Furniture,Denver,Online
2025-01-22,484.72,117.06,11,Furniture,New York,Online
2025-01-21,1160.26,229.71,3,Software,New York,Online
2025-05-30,1450.79,510.24,1,Software,Denver,Online
2025-03-02,533.25,87.44,31,Furniture,Portland,Wholesale
2025-07-13,3768.4,473.54,2,Furniture,San Francisco,Retail
2025-03-11,1607.68,176.29,5,Office Supplies,Portland,Online
2025-09-05,1720.26,370.94,2,Furniture,Boston,Direct
2025-09-23,645.37,180.37,2,Software,Chicago,Direct
2025-12-29,675.64,73.0,15,Furniture,Chicago,Retail
2025-09-11,1109.66,323.99,13,Electronics,New York,Retail
2025-11-07,1448.33,243.93,22,Furniture,New York,Wholesale
2025-01-21,1956.51,245.89,3,Office Supplies,Chicago,Direct
2025-09-20,516.36,20.09,34,Furniture,Portland,Wholesale
2025-11-07,996.14,228.01,4,Office Supplies,Austin,Retail
2025-04-22,697.38,93.95,22,Electronics,Portland,Wholesale
2025-03-13,908.79,49.96,6,Software,Portland,Wholesale
2025-07-24,835.74,166.52,11,Furniture,Austin,Direct
2025-09-02,1857.37,307.85,2,Furniture,Boston,Retail
2025-05-21,1461.92,67.42,17,Furniture,Portland,Wholesale
2025-01-12,859.4,300.61,5,Electronics,Portland,Direct
2025-05-04,808.37,291.3,15,Software,Seattle,Retail
2025-10-03,818.27,-22.69,3,Software,San Francisco,Direct
2025-01-31,467.36,50.14,2,Office Supplies,Austin,Retail
2025-10-15,602.77,6.01,17,Furniture,Denver,Retail
2025-06-18,513.66,72.99,7,Furniture,Seattle,Retail
2025-12-07,2059.97,593.35,1,Software,Chicago,Direct
2025-10-16,812.3,-48.76,9,Office Supplies,San Francisco,Direct
2025-12-24,2572.39,918.77,2,Electronics,New York,Retail
2025-11-30,1335.93,459.51,8,Software,Denver,Direct
2025-10-19,1132.66,76.79,8,Office Supplies,Portland,Direct
2025-09-19,1383.56,32.85,26,Office Supplies,Denver,Wholesale
2025-07-06,4106.26,416.93,4,Furniture,San Francisco,Wholesale
2025-09-06,876.34,116.35,5,Furniture,Chicago,Online
2025-07-31,1557.14,270.64,3,Electronics,Chicago,Wholesale
2025-11-24,104.17,-4.64,29,Software,Denver,Wholesale
2025-09-15,737.76,138.5,30,Electronics,Chicago,Wholesale
2025-06-05,2177.22,614.54,2,Electronics,Chicago,Online
2025-06-07,1355.56,321.8,1,Office Supplies,Denver,Online
2025-11-29,1662.7,201.95,6,Furniture,New York,Wholesale
2025-11-28,1578.99,198.1,17,Electronics,Denver,Wholesale
2025-09-09,542.08,179.96,6,Electronics,Chicago,Direct
2025-05-15,2287.59,173.22,38,Furniture,San Francisco,Wholesale
2025-06-21,2565.16,697.39,8,Electronics,San Francisco,Direct
2025-09-09,2089.14,453.25,1,Office Supplies,San Francisco,Retail
2025-05-18,1315.77,435.34,10,Electronics,San Francisco,Direct
2025-01-18,501.89,-3.71,14,Furniture,Denver,Wholesale
2025-01-09,1331.12,530.35,11,Software,Denver,Direct
2025-02-24,1695.7,531.49,9,Software,San Francisco,Online
2025-05-03,649.63,241.82,5,Electronics,San Francisco,Direct
2025-01-17,1899.53,278.0,16,Office Supplies,San Francisco,Online
2025-10-27,1884.45,-84.01,15,Electronics,Portland,Retail
2025-05-10,836.5,101.71,2,Furniture,New York,Wholesale
2025-09-01,1136.25,339.63,1,Electronics,San Francisco,Direct
2025-08-20,256.9,19.24,1,Furniture,Denver,Retail
2025-05-27,258.99,55.72,13,Furniture,Denver,Online
2025-03-01,2072.8,262.68,2,Software,Chicago,Online
2025-12-16,2033.75,245.13,17,Electronics,Boston,Wholesale
2025-12-01,895.58,224.02,2,Office Supplies,Chicago,Online
2025-08-18,1524.12,305.24,2,Office Supplies,Boston,Online
2025-10-01,2499.06,116.63,8,Electronics,New York,Direct
2025-03-14,865.07,150.23,25,Office Supplies,San Francisco,Wholesale
2025-12-18,145.94,65.51,2,Software,Chicago,Wholesale
2025-06-01,147.46,0.31,5,Furniture,Austin,Direct
2025-06-10,282.19,79.43,13,Electronics,Denver,Online
2025-08-11,793.13,114.16,5,Furniture,New York,Direct
2025-07-07,4500.0,736.36,11,Furniture,Seattle,Retail
2025-01-22,1952.48,439.14,7,Office Supplies,Boston,Online
2025-01-14,1235.37,417.32,16,Electronics,Boston,Online
2025-10-15,3421.72,270.54,1,Electronics,Seattle,Direct
2025-06-15,162.71,28.78,19,Office Supplies,Seattle,Retail
2025-03-06,1406.93,320.84,1,Office Supplies,Seattle,Direct
2025-09-08,930.04,97.56,13,Office Supplies,Chicago,Online
2025-03-21,1190.89,288.9,2,Office Supplies,San Francisco,Direct
2025-05-21,984.98,324.73,7,Electronics,Austin,Online
2025-03-24,410.03,89.84,3,Furniture,Austin,Online
2025-01-28,1091.91,174.12,1,Furniture,Austin,Online
2025-08-14,1725.24,369.5,1,Furniture,Chicago,Direct
2025-08-22,442.96,92.8,2,Furniture,Denver,Retail
2025-08-26,1172.32,90.02,36,Furniture,Boston,Wholesale
2025-10-01,1151.11,111.78,11,Electronics,Portland,Direct
2025-09-29,2081.53,315.32,10,Office Supplies,Boston,Online
2025-05-21,514.15,65.69,3,Furniture,New York,Direct
2025-02-23,2131.5,420.73,9,Software,Boston,Retail
2025-02-13,1348.57,159.04,9,Office Supplies,Boston,Direct
2025-08-10,1207.31,112.39,37,Office Supplies,New York,Wholesale
2025-11-20,3880.06,549.02,7,Software,Chicago,Wholesale
2025-09-11,1750.86,486.11,3,Electronics,Seattle,Retail
2025-06-12,891.85,211.51,4,Furniture,New York,Direct
2025-01-20,1230.26,359.59,1,Electronics,Portland,Direct
2025-11-12,2304.44,417.54,1,Electronics,New York,Wholesale
2025-07-20,4500.0,512.2,26,Electronics,San Francisco,Wholesale
2025-04-01,1893.65,342.16,7,Furniture,Seattle,Online
2025-01-11,444.49,67.46,10,Electronics,Austin,Retail
2025-10-19,1356.28,50.81,1,Office Supplies,Denver,Retail
2025-06-07,406.79,95.04,15,Office Supplies,Chicago,Retail
2025-05-08,530.71,-1.55,41,Software,New York,Wholesale
2025-05-22,1943.26,406.51,15,Furniture,New York,Retail
2025-07-26,184.92,11.41,4,Furniture,Austin,Direct
2025-10-04,590.45,-60.86,6,Software,San Francisco,Retail
2025-10-04,2439.69,-79.65,1,Office Supplies,Seattle,Retail
2025-07-01,2436.55,754.68,2,Electronics,Chicago,Direct
2025-06-12,1294.84,484.11,4,Electronics,San Francisco,Direct
2025-01-05,606.63,143.81,12,Electronics,San Francisco,Retail
2025-05-02,1686.69,142.36,1,Office Supplies,New York,Wholesale
2025-01-26,2007.26,233.77,22,Office Supplies,Chicago,Wholesale
2025-04-26,244.73,1.39,37,Office Supplies,Boston,Wholesale
2025-07-03,3643.2,805.36,16,Electronics,Boston,Online
2025-08-19,1802.61,594.01,13,Software,Seattle,Online
2025-06-13,1192.92,200.71,2,Electronics,Chicago,Wholesale
2025-08-02,1847.54,324.27,4,Furniture,Austin,Online
2025-12-10,1376.44,410.25,6,Software,New York,Direct
2025-01-24,1421.6,79.84,2,Furniture,Denver,Direct
2025-09-17,1398.2,236.75,14,Furniture,Austin,Online
2025-07-19,495.77,43.95,21,Electronics,San Francisco,Wholesale
2025-12-16,2145.46,477.9,6,Office Supplies,San Francisco,Direct
2025-04-12,344.46,39.65,4,Software,Austin,Online
2025-01-01,1416.3,373.31,7,Furniture,Chicago,Direct
2025-09-13,777.3,298.9,1,Electronics,Austin,Direct
2025-04-17,638.09,137.18,3,Software,Denver,Direct
2025-12-11,1371.22,300.78,10,Furniture,Austin,Online
2025-04-13,1758.2,138.46,8,Furniture,Chicago,Online
2025-07-24,3770.95,1363.0,5,Electronics,New York,Retail
2025-01-18,1419.06,209.54,14,Office Supplies,Portland,Online
2025-06-24,1328.46,333.12,6,Office Supplies,New York,Direct
2025-04-11,130.67,24.84,28,Electronics,Denver,Wholesale
2025-01-05,1370.56,464.92,10,Electronics,Portland,Retail
2025-12-14,137.05,0.91,13,Software,Portland,Online
2025-06-06,690.74,214.8,1,Electronics,Austin,Retail
2025-10-06,434.02,21.05,9,Electronics,Austin,Direct
2025-12-09,666.44,113.8,12,Office Supplies,New York,Retail
2025-06-19,1529.45,446.29,3,Software,Denver,Direct
2025-06-17,850.05,351.17,5,Electronics,Portland,Direct
2025-11-29,1204.28,336.72,3,Electronics,Austin,Direct
2025-12-19,2193.93,291.27,1,Office Supplies,Boston,Retail
2025-10-04,2067.48,30.44,1,Furniture,New York,Direct
2025-04-15,1575.9,387.45,11,Electronics,Seattle,Direct
2025-11-29,497.8,138.43,15,Software,Austin,Online
2025-01-23,338.49,69.28,16,Electronics,New York,Wholesale
2025-12-24,655.9,126.02,20,Furniture,Chicago,Retail
2025-01-10,568.59,94.84,43,Office Supplies,Boston,Wholesale
2025-08-26,85.42,-18.38,10,Furniture,Denver,Retail
2025-04-13,568.91,256.49,12,Electronics,Boston,Retail
2025-10-14,2898.62,30.04,1,Office Supplies,Seattle,Direct
2025-01-06,2180.54,328.34,30,Software,New York,Wholesale
2025-11-21,354.62,17.5,9,Office Supplies,Denver,Direct
2025-08-30,1235.73,274.54,4,Electronics,Chicago,Retail
2025-09-08,817.02,175.1,2,Office Supplies,Boston,Direct
2025-08-15,559.24,87.74,11,Software,Boston,Direct
2025-02-06,1857.68,272.6,8,Furniture,Seattle,Direct
2025-11-10,877.92,154.22,7,Office Supplies,New York,Retail
2025-03-24,203.26,27.76,35,Office Supplies,Portland,Wholesale
2025-07-02,3759.05,280.99,39,Furniture,Denver,Wholesale
2025-10-09,1683.11,60.29,1,Furniture,San Francisco,Direct
2025-04-05,2021.25,414.33,3,Furniture,New York,Online
2025-09-30,1289.97,210.84,12,Office Supplies,Austin,Retail
2025-04-10,1513.84,232.8,30,Furniture,San Francisco,Wholesale
2025-07-01,3460.61,728.85,1,Software,New York,Direct
2025-06-16,1536.9,306.44,5,Electronics,New York,Direct
2025-03-07,466.26,88.58,3,Furniture,Portland,Direct
2025-10-28,821.46,-37.98,1,Office Supplies,Portland,Retail
2025-07-01,504.26,-7.26,10,Office Supplies,Austin,Wholesale
2025-09-04,527.96,162.78,20,Office Supplies,Chicago,Retail
2025-07-29,1032.54,89.42,34,Software,Seattle,Wholesale
2025-07-24,1991.51,268.45,12,Furniture,Boston,Online
2025-05-10,576.62,78.51,24,Office Supplies,Denver,Wholesale
2025-08-25,1532.74,472.72,5,Software,Boston,Online
2025-08-03,3637.49,1321.34,10,Electronics,Seattle,Direct
2025-09-30,773.26,121.97,11,Furniture,New York,Direct
2025-11-16,1485.27,404.75,5,Software,New York,Retail
2025-01-05,727.6,171.41,35,Electronics,Denver,Wholesale
2025-11-25,1444.51,240.0,14,Software,Seattle,Online
2025-08-01,1357.09,497.57,14,Electronics,Denver,Online
2025-09-05,2276.35,331.64,4,Furniture,Boston,Direct
2025-11-18,2056.9,627.08,18,Electronics,Chicago,Retail
2025-04-18,240.98,1.0,30,Furniture,Portland,Wholesale
2025-11-17,744.39,43.74,21,Furniture,Boston,Wholesale
2025-06-16,1304.53,444.12,10,Software,New York,Retail
2025-09-26,925.69,223.04,6,Software,New York,Retail
2025-07-25,878.83,222.2,7,Software,Denver,Direct
2025-12-02,458.85,7.54,32,Furniture,Denver,Wholesale
2025-05-15,820.41,198.51,37,Electronics,Chicago,Wholesale
2025-09-26,778.02,180.84,10,Software,Chicago,Direct
2025-06-19,1930.33,634.28,1,Electronics,New York,Retail
2025-08-30,1773.46,260.21,22,Office Supplies,Portland,Retail
2025-05-09,1043.66,198.12,5,Electronics,Chicago,Wholesale
2025-11-24,1864.33,420.93,7,Furniture,Austin,Online
2025-10-01,1497.57,10.83,19,Software,San Francisco,Wholesale
2025-01-15,205.62,15.34,3,Office Supplies,Seattle,Retail
2025-09-14,2164.67,830.17,10,Software,San Francisco,Direct
2025-05-04,906.58,49.58,46,Office Supplies,Boston,Wholesale
2025-12-23,1228.12,454.89,14,Electronics,Seattle,Online
2025-08-10,712.11,180.12,1,Electronics,Austin,Retail
2025-06-08,1497.75,332.2,13,Office Supplies,Portland,Online
2025-12-31,294.42,79.44,12,Office Supplies,Chicago,Retail
2025-06-04,360.34,177.94,12,Software,Denver,Online
2025-03-02,883.49,170.51,16,Office Supplies,San Francisco,Online
2025-01-31,1328.42,320.37,11,Electronics,Portland,Direct
2025-01-10,2474.69,494.6,1,Furniture,San Francisco,Direct
2025-05-12,1394.66,216.52,5,Furniture,Boston,Retail
2025-01-22,1155.53,139.24,19,Furniture,New York,Wholesale
2025-05-03,999.44,164.23,5,Furniture,Boston,Online
2025-12-16,1161.44,149.84,18,Software,Austin,Retail
2025-09-27,1630.86,303.99,5,Office Supplies,San Francisco,Direct
2025-12-08,565.95,88.77,29,Software,Portland,Wholesale
2025-04-25,1597.15,235.76,8,Furniture,Portland,Direct
2025-08-12,1525.99,237.89,8,Furniture,Chicago,Direct
2025-09-28,1423.09,232.71,5,Furniture,Denver,Online
2025-02-11,1720.95,422.09,3,Software,New York,Direct
2025-01-29,688.32,189.93,1,Furniture,Boston,Online
2025-06-05,1291.02,302.65,6,Electronics,Austin,Retail
2025-04-25,1441.17,156.26,20,Office Supplies,Portland,Retail
2025-01-18,2190.3,352.95,11,Office Supplies,Seattle,Retail
2025-12-09,1130.61,405.37,3,Software,Seattle,Direct
2025-12-28,880.33,102.26,32,Office Supplies,New York,Wholesale
2025-01-31,1823.27,322.0,17,Office Supplies,Denver,Online
2025-08-17,784.02,59.83,5,Software,Portland,Wholesale
2025-02-10,1680.31,312.9,10,Software,Austin,Online
2025-10-08,505.73,-23.27,6,Office Supplies,Portland,Wholesale
2025-09-01,1938.7,146.98,35,Furniture,San Francisco,Wholesale
2025-01-13,2151.85,632.6,2,Electronics,Austin,Direct
2025-10-09,912.35,1.69,15,Office Supplies,Austin,Retail
2025-04-18,2035.86,326.61,2,Office Supplies,New York,Online
2025-11-04,1833.95,147.93,12,Office Supplies,New York,Wholesale
2025-02-16,572.72,109.58,13,Software,Boston,Online
2025-05-26,1021.8,319.89,14,Electronics,Austin,Online
2025-07-23,961.84,62.53,17,Furniture,Denver,Wholesale
2025-12-14,1500.07,580.17,11,Electronics,Chicago,Direct
2025-08-27,206.5,70.99,5,Office Supplies,Portland,Direct
2025-09-05,1786.98,232.23,8,Furniture,Austin,Retail
2025-07-25,1139.59,192.6,12,Software,Seattle,Direct
2025-03-25,826.66,262.27,9,Electronics,Chicago,Online
2025-01-14,859.76,85.26,1,Furniture,New York,Direct
2025-04-15,1009.2,316.63,2,Software,San Francisco,Direct
2025-11-19,2551.45,217.03,3,Software,Seattle,Wholesale
2025-02-15,515.09,37.37,7,Furniture,Denver,Wholesale
2025-02-01,1822.96,362.06,14,Software,Denver,Online
2025-01-09,903.65,78.93,44,Furniture,Austin,Wholesale
2025-03-30,1649.46,102.5,30,Office Supplies,San Francisco,Wholesale
2025-03-02,1066.93,128.6,9,Furniture,Portland,Online
2025-04-04,1248.28,319.92,6,Office Supplies,New York,Direct
2025-07-29,3793.7,831.31,13,Office Supplies,Seattle,Retail
2025-02-18,743.03,227.08,8,Software,New York,Online
2025-01-23,567.4,136.88,2,Software,New York,Retail
2025-10-09,295.76,70.29,5,Furniture,Denver,Online
2025-02-15,2654.69,479.49,17,Electronics,New York,Wholesale
2025-12-08,2872.93,639.36,8,Electronics,Boston,Retail
2025-10-22,512.56,44.83,33,Software,Denver,Wholesale
2025-02-10,1297.43,283.3,18,Software,San Francisco,Retail
2025-02-11,1790.8,261.12,3,Furniture,San Francisco,Retail
2025-03-21,1902.02,804.83,2,Electronics,Portland,Direct
2025-11-24,966.97,158.65,3,Furniture,Portland,Direct
2025-02-24,521.55,62.38,5,Furniture,New York,Online
2025-11-05,356.63,83.37,14,Office Supplies,San Francisco,Online
2025-01-30,134.61,24.7,2,Office Supplies,Portland,Online
2025-06-26,165.78,25.03,14,Software,Chicago,Wholesale
2025-06-23,848.24,69.99,4,Furniture,Denver,Direct
2025-12-08,1169.63,441.08,12,Electronics,Chicago,Retail
2025-08-02,2330.34,279.49,18,Office Supplies,San Francisco,Retail
2025-01-14,554.0,92.83,12,Electronics,Portland,Retail
2025-06-24,1862.87,226.06,8,Furniture,Denver,Online
2025-08-23,946.35,251.2,16,Software,Boston,Retail
2025-12-21,823.64,64.38,19,Software,Portland,Wholesale
2025-03-14,886.5,168.35,6,Software,New York,Retail
2025-09-26,2199.62,740.03,8,Electronics,Chicago,Online
2025-08-06,468.35,89.92,8,Furniture,Austin,Online
2025-09-08,841.91,249.49,7,Software,Austin,Direct
2025-09-14,363.27,116.55,3,Software,Chicago,Direct
2025-09-10,1170.9,147.0,7,Software,Austin,Wholesale
2025-08-27,982.43,270.67,10,Electronics,Boston,Online
2025-10-26,776.75,-1.01,4,Electronics,Austin,Direct
2025-03-29,790.73,295.43,9,Electronics,New York,Direct
2025-05-16,1498.07,297.2,6,Office Supplies,Boston,Direct
2025-02-28,830.27,334.34,5,Software,New York,Direct
2025-06-02,599.88,177.11,1,Software,New York,Direct
2025-08-06,1621.55,303.0,7,Furniture,Austin,Online
2025-03-02,913.55,322.86,11,Software,Seattle,Direct
2025-07-17,4500.0,1268.52,1,Office Supplies,Seattle,Direct
2025-12-26,1432.61,157.45,12,Furniture,Denver,Online
2025-09-13,2013.35,163.38,12,Furniture,Portland,Wholesale
2025-10-29,2990.74,76.89,16,Office Supplies,Seattle,Retail
2025-10-11,1520.38,-22.59,4,Office Supplies,Seattle,Direct
2025-07-06,1878.28,399.77,6,Electronics,San Francisco,Online
2025-07-21,2944.72,250.23,3,Office Supplies,Denver,Wholesale
2025-03-09,2368.82,400.8,26,Electronics,Seattle,Wholesale
2025-01-22,1676.45,164.99,40,Furniture,San Francisco,Wholesale
2025-01-24,1115.2,245.37,5,Furniture,Austin,Online
2025-03-31,1655.66,216.21,3,Furniture,Portland,Online
2025-03-24,672.3,110.56,19,Electronics,New York,Wholesale
2025-09-16,399.49,107.96,14,Electronics,Boston,Wholesale
2025-08-18,2113.41,152.28,34,Office Supplies,New York,Wholesale
2025-09-15,908.06,145.13,3,Furniture,New York,Retail
2025-07-25,2948.23,815.94,6,Office Supplies,Boston,Direct
2025-12-31,1531.88,340.92,3,Office Supplies,Austin,Online
2025-09-22,3940.52,919.69,7,Electronics,Seattle,Online
2025-02-06,192.24,70.6,2,Software,San Francisco,Direct
2025-03-03,1525.11,587.87,19,Electronics,Portland,Retail
2025-12-24,2132.59,468.01,38,Electronics,Boston,Wholesale
2025-05-14,1136.84,236.36,1,Software,Chicago,Retail
2025-02-12,546.23,255.19,9,Electronics,Boston,Direct
2025-09-16,1464.18,444.42,5,Software,San Francisco,Retail
2025-12-25,686.21,200.25,10,Software,Austin,Direct
2025-06-29,2236.86,587.32,3,Office Supplies,San Francisco,Direct
2025-07-02,1976.86,501.34,15,Office Supplies,San Francisco,Online
2025-06-30,2241.04,529.04,14,Office Supplies,Boston,Retail
2025-11-21,2031.99,497.91,3,Electronics,Seattle,Direct
2025-08-23,1529.07,86.82,31,Office Supplies,Denver,Wholesale
2025-03-09,588.9,170.89,3,Software,Portland,Direct
2025-10-13,1804.49,10.11,2,Software,Boston,Retail
2025-04-08,808.19,143.47,7,Furniture,Chicago,Online
2025-07-02,3545.21,970.56,5,Software,San Francisco,Retail
2025-01-03,800.9,59.3,34,Software,San Francisco,Wholesale
2025-02-01,792.64,99.35,6,Furniture,Chicago,Retail
2025-05-24,2056.39,257.4,15,Office Supplies,Chicago,Retail
2025-04-04,2009.03,158.43,21,Software,San Francisco,Wholesale
2025-07-15,2383.54,406.03,8,Furniture,Chicago,Direct
2025-02-06,319.89,53.45,14,Office Supplies,Denver,Online
2025-02-24,539.82,113.41,5,Software,Chicago,Direct
2025-11-03,1625.76,384.74,11,Office Supplies,San Francisco,Online
2025-05-16,620.39,147.84,1,Software,Austin,Retail
2025-01-17,124.42,45.7,8,Electronics,Portland,Online
2025-05-24,1310.43,487.79,11,Electronics,Boston,Direct
2025-09-07,1333.82,536.67,11,Electronics,Chicago,Direct
2025-04-17,2430.35,590.3,1,Electronics,Chicago,Retail
2025-09-11,393.87,65.94,6,Furniture,Austin,Online
2025-03-24,1008.36,396.28,3,Software,Austin,Direct
2025-11-12,1809.76,114.51,14,Office Supplies,Austin,Wholesale
2025-10-01,1987.83,91.06,1,Electronics,Portland,Direct
2025-12-02,701.76,58.59,43,Office Supplies,Denver,Wholesale
2025-11-13,1339.71,188.4,6,Software,New York,Online
2025-02-22,1408.92,136.07,3,Office Supplies,Portland,Online
2025-01-25,478.36,83.1,1,Office Supplies,Denver,Direct
2025-12-14,1390.52,245.9,2,Electronics,Seattle,Online
2025-07-26,2279.76,396.16,7,Office Supplies,Denver,Online
2025-04-22,1374.21,198.16,2,Furniture,San Francisco,Online
2025-07-21,1051.1,218.39,2,Software,Boston,Retail
2025-02-13,2082.87,369.96,9,Office Supplies,New York,Online
2025-07-19,4118.49,569.9,21,Software,New York,Wholesale
2025-08-18,1568.42,423.12,1,Software,Portland,Direct
2025-05-14,1162.46,205.22,9,Furniture,San Francisco,Online
2025-07-26,4500.0,886.13,8,Software,Seattle,Online
2025-05-15,2360.26,552.88,1,Software,Seattle,Online
2025-06-15,4500.0,408.36,27,Office Supplies,Seattle,Wholesale
2025-10-08,1828.78,57.21,14,Software,Chicago,Online
2025-04-08,488.93,54.94,26,Office Supplies,Chicago,Wholesale
2025-07-16,4500.0,650.32,1,Furniture,Chicago,Retail
2025-11-28,1091.24,66.38,28,Furniture,Portland,Wholesale
2025-02-09,1278.83,240.28,16,Furniture,Austin,Online
2025-09-13,1457.92,465.99,18,Electronics,Denver,Retail
2025-05-02,1222.9,274.67,7,Office Supplies,Portland,Retail
2025-11-14,2088.34,382.33,16,Office Supplies,New York,Retail
2025-09-20,1762.55,494.55,8,Electronics,Denver,Online
2025-08-05,1740.63,472.74,5,Electronics,Portland,Retail
2025-10-07,1250.23,-28.2,14,Furniture,San Francisco,Retail
2025-05-19,346.74,16.66,10,Furniture,Portland,Wholesale
2025-05-01,384.21,224.56,8,Electronics,Seattle,Online
2025-06-14,257.27,60.14,4,Furniture,Seattle,Online
2025-04-06,1039.61,128.07,18,Office Supplies,San Francisco,Retail
2025-06-07,1732.95,189.31,6,Furniture,Portland,Direct
2025-12-20,1430.16,322.42,9,Furniture,Boston,Direct
2025-10-16,364.15,-10.41,8,Electronics,Boston,Online
2025-09-10,739.43,106.89,34,Software,Austin,Wholesale
2025-09-10,1865.95,411.07,9,Office Supplies,Austin,Online
2025-02-05,2305.6,313.25,7,Software,Boston,Wholesale
2025-11-29,1558.03,287.12,3,Software,Denver,Online
2025-09-23,2251.55,441.8,19,Office Supplies,Boston,Retail
2025-08-29,283.81,54.93,19,Electronics,Denver,Wholesale
2025-09-17,652.58,151.54,15,Office Supplies,Boston,Retail
2025-09-09,2092.09,191.12,17,Furniture,Boston,Retail
2025-02-16,1332.95,397.11,8,Electronics,Denver,Online
2025-10-09,2481.88,54.0,33,Electronics,San Francisco,Wholesale
2025-12-20,2033.95,352.26,1,Furniture,New York,Direct
2025-06-20,1108.82,178.74,3,Furniture,Portland,Retail
2025-11-21,2680.4,490.63,6,Electronics,Seattle,Retail
2025-06-07,1310.66,515.31,3,Electronics,Seattle,Direct
2025-05-03,1501.45,308.95,3,Electronics,Denver,Online
2025-09-08,1848.9,332.69,13,Furniture,San Francisco,Direct
2025-01-23,1613.58,435.36,9,Electronics,New York,Direct
2025-10-23,2942.86,-25.57,10,Office Supplies,Seattle,Online
2025-02-22,959.88,226.94,5,Software,Portland,Online
2025-09-15,2580.05,81.86,42,Furniture,San Francisco,Wholesale
2025-01-09,361.93,44.5,1,Furniture,Chicago,Online
2025-01-26,626.87,58.6,8,Software,Portland,Wholesale
2025-10-23,2343.61,14.8,12,Furniture,San Francisco,Wholesale
2025-02-28,1989.17,193.28,6,Furniture,Portland,Online
2025-12-14,612.81,224.67,14,Software,New York,Online
2025-09-11,1921.75,380.31,13,Software,New York,Online
2025-11-11,1902.3,385.06,42,Electronics,Austin,Wholesale
2025-02-05,4078.41,1579.49,12,Electronics,San Francisco,Retail
2025-01-29,4325.42,612.49,8,Furniture,Boston,Direct
2025-05-13,369.56,95.73,5,Software,Boston,Direct
2025-10-30,2163.31,66.39,11,Electronics,Denver,Direct
2025-05-25,462.68,96.32,15,Electronics,Denver,Retail
2025-10-04,781.35,5.08,9,Software,Denver,Online
2025-06-17,283.08,57.84,1,Office Supplies,Boston,Online
2025-06-05,1202.94,235.77,3,Software,Seattle,Direct
2025-04-22,837.97,165.34,12,Electronics,Denver,Retail
2025-11-28,2454.0,511.26,11,Software,Seattle,Retail
2025-06-12,2204.12,390.42,16,Furniture,Boston,Retail
2025-12-22,1514.44,177.13,1,Office Supplies,New York,Retail
2025-02-05,1498.3,149.05,22,Furniture,New York,Wholesale
2025-11-08,1737.19,87.08,27,Furniture,New York,Wholesale
2025-02-21,1176.9,487.1,9,Electronics,Boston,Direct
2025-12-21,499.13,133.95,8,Office Supplies,Portland,Wholesale
2025-04-23,1266.84,138.68,4,Furniture,Chicago,Direct
2025-08-30,171.39,23.37,13,Office Supplies,Boston,Direct
2025-12-25,3149.54,566.21,22,Electronics,Seattle,Wholesale
2025-06-18,1149.61,183.52,10,Software,Portland,Wholesale
2025-12-15,709.53,113.68,4,Electronics,San Francisco,Retail
2025-08-01,417.98,82.37,14,Furniture,Boston,Online
2025-11-23,2394.51,180.53,10,Furniture,Seattle,Wholesale
2025-05-22,1677.37,379.38,7,Electronics,Austin,Retail
2025-06-23,871.38,112.78,8,Furniture,Portland,Direct
2025-12-07,746.76,302.94,11,Electronics,Portland,Retail
2025-05-29,1700.76,401.66,8,Furniture,San Francisco,Online
2025-09-21,720.1,210.96,2,Office Supplies,San Francisco,Direct
2025-11-08,1493.18,209.74,43,Electronics,Denver,Wholesale
2025-09-21,735.88,102.42,37,Software,San Francisco,Wholesale
2025-09-25,1793.09,286.95,2,Software,Denver,Online
2025-04-01,459.28,112.43,3,Office Supplies,Portland,Direct
2025-03-28,693.78,116.37,1,Electronics,Chicago,Online
2025-08-09,925.76,75.28,18,Furniture,New York,Retail
2025-12-07,1241.04,93.36,15,Furniture,New York,Online
2025-10-15,943.88,-48.61,10,Office Supplies,New York,Online
2025-03-31,938.44,205.59,10,Office Supplies,Portland,Online
2025-02-24,1798.82,230.48,1,Furniture,Seattle,Retail
2025-08-05,513.09,122.11,1,Software,New York,Retail
2025-01-24,672.88,98.42,5,Office Supplies,Seattle,Retail
2025-02-10,684.22,185.85,7,Furniture,Denver,Online
2025-04-12,1792.79,351.69,8,Furniture,Boston,Direct
2025-01-19,467.71,54.02,11,Furniture,Austin,Direct
2025-06-24,437.11,113.88,11,Electronics,Chicago,Direct
2025-07-05,2186.35,307.24,17,Furniture,Portland,Retail
2025-06-04,1058.09,258.3,8,Electronics,Seattle,Retail
2025-08-24,1267.26,328.16,18,Office Supplies,Chicago,Retail
2025-01-09,831.32,288.87,8,Software,Portland,Retail
2025-08-01,1653.48,504.52,13,Electronics,New York,Retail
2025-09-01,1330.45,445.23,10,Software,Boston,Retail
2025-02-01,1543.73,196.69,29,Furniture,Portland,Wholesale
2025-04-07,1419.89,333.09,9,Electronics,Seattle,Direct
2025-12-18,1081.57,294.05,12,Office Supplies,New York,Direct
2025-02-18,2152.78,761.21,6,Software,Seattle,Online
2025-04-01,2767.26,1074.11,3,Electronics,Chicago,Direct
2025-02-02,313.37,102.96,17,Electronics,Chicago,Retail
2025-05-26,607.62,243.31,11,Office Supplies,Chicago,Direct
2025-08-29,1817.79,479.64,19,Software,Austin,Retail
2025-12-10,2037.08,188.25,2,Furniture,Chicago,Online
2025-04-19,1487.28,489.99,1,Software,San Francisco,Direct
2025-04-14,922.93,137.38,34,Furniture,Denver,Wholesale
2025-04-29,1173.36,141.36,20,Office Supplies,Austin,Wholesale
2025-02-03,2243.1,742.03,18,Software,Seattle,Retail
2025-09-01,1471.94,268.39,1,Furniture,Seattle,Direct
2025-07-05,323.57,10.3,17,Office Supplies,San Francisco,Retail
2025-10-19,338.87,20.45,6,Furniture,New York,Direct
2025-12-30,1367.28,229.75,7,Furniture,Seattle,Online
2025-07-30,1960.61,210.99,15,Office Supplies,Portland,Wholesale
2025-09-22,2114.74,818.73,16,Electronics,Portland,Retail
2025-08-03,273.88,83.67,3,Software,Boston,Direct
2025-07-09,3159.47,1077.06,12,Software,Boston,Direct
2025-06-23,1419.41,387.44,13,Electronics,Austin,Online
2025-08-19,558.23,214.68,3,Electronics,San Francisco,Online
2025-10-07,1881.25,230.99,2,Electronics,Denver,Direct
2025-11-29,105.42,50.73,8,Electronics,Portland,Direct
2025-01-29,309.42,92.69,9,Software,San Francisco,Retail
2025-02-09,883.53,266.49,7,Electronics,Chicago,Retail
2025-03-14,1949.02,243.61,25,Electronics,Boston,Wholesale
2025-01-21,288.24,49.41,22,Furniture,New York,Wholesale
2025-09-19,1646.36,539.45,5,Software,New York,Online
2025-05-04,1644.27,319.43,35,Software,New York,Wholesale
2025-01-21,1280.16,147.87,7,Furniture,San Francisco,Direct
2025-01-29,573.55,104.09,11,Office Supplies,Austin,Retail
2025-01-19,612.48,115.62,16,Office Supplies,Portland,Retail
2025-03-30,1545.84,200.68,15,Office Supplies,New York,Retail
2025-04-19,929.7,237.16,1,Software,Seattle,Direct
2025-10-09,632.62,51.35,19,Furniture,Austin,Wholesale
2025-10-10,835.01,-21.9,1,Software,San Francisco,Online
2025-08-28,1220.68,137.52,37,Office Supplies,Chicago,Wholesale
2025-03-02,684.13,109.29,14,Office Supplies,New York,Retail
2025-02-18,1337.3,226.74,31,Software,Boston,Wholesale
2025-08-25,2436.22,404.34,18,Furniture,San Francisco,Retail
2025-05-25,1108.19,227.51,9,Furniture,San Francisco,Online
2025-05-16,1853.35,572.57,13,Software,New York,Online
2025-10-02,1106.87,39.27,4,Software,Chicago,Online
2025-12-05,1230.6,240.67,4,Office Supplies,New York,Direct
2025-03-19,1004.78,241.64,21,Electronics,Denver,Retail
2025-03-30,259.68,50.14,8,Electronics,New York,Wholesale
2025-10-27,172.88,2.05,3,Software,Chicago,Online
2025-05-08,2118.1,261.09,17,Office Supplies,New York,Wholesale
2025-11-11,862.64,159.32,6,Software,Boston,Direct
2025-03-11,2411.3,644.85,2,Software,San Francisco,Retail
2025-02-02,1138.61,112.64,12,Software,San Francisco,Wholesale
2025-06-22,322.31,83.42,20,Electronics,Denver,Retail
2025-09-06,1525.02,267.99,7,Furniture,New York,Retail
2025-02-15,490.99,61.07,13,Office Supplies,Boston,Wholesale
2025-07-03,2365.32,343.94,8,Office Supplies,New York,Online
2025-07-12,3278.32,902.67,11,Office Supplies,New York,Direct
2025-11-17,1296.0,220.34,3,Furniture,Chicago,Online
2025-01-28,1715.09,141.76,16,Furniture,Denver,Wholesale
2025-12-26,1681.52,285.56,8,Software,Boston,Online
2025-12-13,1418.08,273.4,11,Furniture,Portland,Online
2025-08-24,396.69,108.44,9,Electronics,San Francisco,Retail
2025-07-06,2503.11,860.2,6,Software,Denver,Online
2025-10-05,702.88,5.44,9,Software,Chicago,Direct
2025-03-29,828.12,225.21,5,Electronics,Boston,Direct
2025-08-27,1403.61,536.15,13,Electronics,Denver,Online
2025-06-09,646.38,96.63,14,Furniture,Austin,Retail
2025-06-11,1527.25,395.02,3,Electronics,Seattle,Retail
2025-07-26,1837.54,506.16,6,Electronics,Portland,Retail
2025-03-30,1772.93,311.37,18,Furniture,Portland,Retail
2025-10-30,624.09,20.98,17,Electronics,Portland,Wholesale
2025-03-01,1061.3,356.07,8,Software,New York,Direct
2025-10-28,713.73,34.1,35,Software,San Francisco,Wholesale
2025-12-06,1668.28,455.0,2,Electronics,Austin,Direct
2025-11-01,1553.26,415.9,4,Software,Chicago,Online
2025-09-08,627.95,260.7,1,Software,Seattle,Direct
2025-09-02,1821.53,338.75,14,Software,Chicago,Wholesale
2025-08-22,570.46,105.71,11,Furniture,Chicago,Direct
2025-10-12,1070.96,-9.63,37,Office Supplies,Boston,Wholesale
2025-06-09,415.59,61.22,10,Office Supplies,San Francisco,Online
2025-01-22,1495.45,435.36,2,Software,Boston,Online
2025-06-25,319.81,54.56,4,Office Supplies,Portland,Online
2025-08-02,1492.52,181.68,25,Electronics,Boston,Wholesale
2025-09-18,1866.41,381.9,15,Electronics,Seattle,Retail
2025-08-26,719.81,38.14,27,Office Supplies,Portland,Wholesale
2025-07-12,1758.83,556.35,5,Electronics,Chicago,Direct
2025-10-04,415.34,-32.16,39,Furniture,New York,Wholesale
2025-10-30,354.19,-5.04,2,Furniture,Denver,Online
2025-04-10,434.94,161.46,1,Software,Austin,Direct
2025-05-15,2116.44,245.2,29,Furniture,Boston,Wholesale
2025-03-23,742.28,148.23,1,Electronics,Boston,Online
2025-10-19,1600.16,-33.48,2,Software,Chicago,Wholesale
2025-06-16,1219.42,164.03,14,Electronics,Denver,Wholesale
2025-10-21,746.5,20.46,8,Software,Chicago,Retail
2025-05-05,2245.54,242.05,34,Office Supplies,Boston,Wholesale
2025-07-22,901.33,269.61,4,Office Supplies,San Francisco,Direct
2025-05-16,1780.84,389.84,10,Office Supplies,Denver,Retail
2025-02-24,1487.05,310.62,3,Office Supplies,San Francisco,Retail
2025-04-03,885.09,293.46,6,Software,San Francisco,Retail
2025-05-04,425.38,60.99,9,Software,New York,Online
2025-03-21,1981.39,221.52,34,Electronics,Seattle,Wholesale
2025-01-29,234.22,15.48,1,Office Supplies,Austin,Retail
2025-12-29,929.63,242.99,16,Office Supplies,Seattle,Retail
2025-11-20,1642.46,585.03,7,Electronics,Denver,Retail
2025-07-10,2717.84,554.54,7,Furniture,Denver,Direct
2025-06-14,220.99,96.86,6,Electronics,Austin,Online
2025-04-01,1812.91,394.69,5,Office Supplies,Portland,Retail
2025-06-06,1348.71,505.32,9,Software,New York,Direct
2025-07-06,684.76,47.39,40,Furniture,Austin,Wholesale
2025-12-22,387.32,68.6,3,Software,Portland,Retail
2025-11-23,2914.38,921.23,10,Electronics,Denver,Online
2025-07-16,2365.23,384.42,7,Software,Chicago,Retail
2025-01-28,1088.56,152.83,22,Electronics,Denver,Wholesale
2025-12-23,542.82,142.14,1,Software,Boston,Direct
2025-01-25,430.34,13.43,34,Furniture,Boston,Wholesale
2025-03-25,1812.3,574.86,11,Electronics,Chicago,Retail
2025-05-05,455.38,96.08,13,Electronics,New York,Retail
2025-04-10,4500.0,1344.68,9,Electronics,Austin,Retail
2025-07-16,947.2,119.77,38,Office Supplies,Seattle,Wholesale
2025-10-01,359.28,-6.17,4,Electronics,San Francisco,Retail
2025-08-26,943.71,73.25,12,Furniture,Chicago,Direct
2025-09-17,1500.88,466.52,10,Electronics,Boston,Online
2025-06-14,1239.37,416.1,13,Software,Denver,Retail
2025-08-21,1006.39,351.66,5,Software,New York,Retail
2025-03-19,957.04,311.58,13,Software,Austin,Retail
2025-03-20,1974.12,812.89,6,Software,Chicago,Direct
2025-07-05,513.96,37.53,10,Office Supplies,Portland,Direct
2025-11-03,1087.62,240.45,15,Furniture,Boston,Online
2025-06-09,1599.16,365.6,13,Office Supplies,Seattle,Online
2025-04-01,1322.12,293.24,12,Electronics,New York,Wholesale
2025-07-03,459.76,109.9,3,Office Supplies,Seattle,Online
2025-07-11,3007.12,508.7,9,Furniture,New York,Online
2025-03-16,657.84,88.87,8,Furniture,Boston,Wholesale
2025-05-19,524.84,67.42,9,Software,Austin,Retail
2025-05-06,280.89,65.08,15,Electronics,New York,Online
2025-09-28,218.1,3.38,3,Software,New York,Direct
2025-04-23,1749.24,320.7,39,Software,Seattle,Wholesale
2025-08-16,1134.14,83.21,23,Office Supplies,Chicago,Wholesale
2025-11-11,142.72,51.69,8,Electronics,San Francisco,Direct
2025-12-12,1467.36,396.71,15,Software,New York,Online
2025-09-28,2142.79,648.39,4,Electronics,Portland,Direct
2025-09-10,281.14,9.95,17,Electronics,Denver,Wholesale
2025-08-27,2730.35,607.44,7,Electronics,Boston,Online
2025-07-24,2857.3,575.42,32,Electronics,Denver,Wholesale
2025-02-02,2690.1,827.99,17,Electronics,San Francisco,Retail
2025-05-10,980.7,259.3,8,Office Supplies,Seattle,Online
2025-11-18,131.56,10.76,15,Office Supplies,Austin,Online
2025-03-24,968.74,227.61,6,Furniture,Austin,Online
2025-11-18,1174.63,239.8,7,Office Supplies,Chicago,Direct
2025-01-14,826.97,74.59,17,Office Supplies,Denver,Retail
2025-03-06,1621.1,233.21,4,Software,Austin,Retail
2025-01-27,926.11,76.48,38,Software,New York,Wholesale
2025-03-30,443.16,44.95,12,Furniture,Austin,Retail
2025-10-04,179.72,23.34,14,Office Supplies,Denver,Online
2025-11-20,1317.65,140.08,9,Furniture,San Francisco,Direct
2025-01-24,950.91,109.7,3,Electronics,Austin,Wholesale
2025-08-28,2503.0,232.59,9,Furniture,Seattle,Wholesale
2025-09-04,754.18,104.73,38,Electronics,San Francisco,Wholesale
2025-04-08,697.4,148.36,1,Furniture,Chicago,Retail
2025-08-31,1859.47,430.98,3,Software,Denver,Online
2025-02-13,1434.39,111.19,19,Office Supplies,San Francisco,Wholesale
2025-07-12,425.59,41.07,7,Office Supplies,Denver,Direct
2025-05-27,1189.06,98.27,39,Furniture,Austin,Wholesale
2025-03-18,181.95,29.3,31,Electronics,Portland,Wholesale
2025-12-06,356.84,83.65,1,Office Supplies,San Francisco,Direct
2025-10-02,577.44,-0.27,2,Electronics,New York,Retail
2025-06-01,1452.98,97.28,31,Furniture,Seattle,Wholesale
2025-11-23,1779.44,173.25,16,Office Supplies,San Francisco,Online
2025-12-24,1967.73,211.64,10,Office Supplies,Portland,Online
2025-08-04,703.26,139.07,11,Office Supplies,Denver,Direct
2025-02-14,1600.48,557.08,11,Electronics,Chicago,Retail
2025-01-26,1385.2,202.08,3,Software,Boston,Online
2025-09-16,129.42,7.64,14,Software,New York,Wholesale
2025-10-06,1312.36,-15.0,3,Furniture,New York,Retail
2025-03-24,586.01,103.95,13,Office Supplies,Denver,Online
2025-06-10,2891.15,442.39,42,Software,Seattle,Wholesale
2025-04-18,923.71,139.0,9,Office Supplies,Austin,Retail
2025-07-25,3403.87,544.47,13,Furniture,New York,Online
2025-06-25,286.67,121.12,8,Electronics,Chicago,Online
2025-12-01,1419.04,172.78,30,Electronics,Austin,Wholesale
2025-01-18,1710.3,412.24,4,Office Supplies,Portland,Direct
2025-07-24,620.32,200.94,3,Office Supplies,San Francisco,Direct
2025-03-20,409.19,5.31,23,Electronics,Austin,Wholesale
2025-04-28,1719.25,191.21,14,Office Supplies,Portland,Retail
2025-11-22,415.11,124.73,2,Software,Chicago,Retail
2025-10-21,3100.52,45.11,19,Office Supplies,Austin,Wholesale
2025-12-05,1840.95,263.64,16,Furniture,New York,Retail
2025-01-28,2312.58,484.98,18,Software,San Francisco,Retail
2025-07-05,1897.19,399.18,7,Furniture,Denver,Online
2025-05-27,465.15,30.53,14,Furniture,Austin,Retail
2025-09-26,2284.23,875.43,5,Electronics,San Francisco,Direct
2025-02-15,549.32,129.01,8,Furniture,Austin,Online
2025-04-29,2100.84,167.41,24,Furniture,Seattle,Wholesale
2025-08-08,2776.32,353.7,14,Electronics,San Francisco,Wholesale
2025-03-24,918.11,269.94,1,Software,Seattle,Retail
2025-06-14,643.69,120.04,25,Software,Austin,Wholesale
2025-04-03,1140.46,295.06,7,Software,New York,Online
2025-12-12,1826.26,99.34,39,Software,New York,Wholesale
2025-09-11,2144.46,866.84,5,Electronics,Chicago,Retail
2025-11-23,442.59,73.74,13,Software,Chicago,Wholesale
2025-04-07,693.93,221.23,7,Electronics,New York,Retail
2025-04-08,1369.83,497.86,6,Electronics,Denver,Online
2025-06-10,2131.2,651.12,6,Electronics,Boston,Online
2025-12-22,1620.51,310.87,10,Office Supplies,Boston,Retail
2025-08-26,870.4,198.58,9,Software,Seattle,Retail
2025-06-17,2851.86,1237.14,8,Electronics,San Francisco,Direct
2025-10-30,499.73,66.23,5,Electronics,San Francisco,Retail
2025-08-22,1665.38,508.1,10,Electronics,Portland,Online
2025-11-04,1225.74,259.37,11,Furniture,Chicago,Retail
2025-09-03,687.18,99.68,8,Software,Austin,Online
2025-12-29,707.2,257.9,4,Electronics,Seattle,Retail
2025-04-05,221.27,40.72,12,Furniture,Seattle,Direct
2025-10-22,2059.69,50.0,2,Software,Boston,Direct
2025-10-30,1315.69,61.78,11,Office Supplies,Denver,Online
2025-05-11,2640.22,307.35,31,Office Supplies,Seattle,Wholesale
2025-03-30,409.52,-43.63,2,Office Supplies,Boston,Wholesale
2025-06-01,1190.54,242.42,12,Furniture,San Francisco,Online
2025-04-19,1458.72,270.81,12,Software,Chicago,Wholesale
2025-06-02,1301.48,160.63,1,Furniture,Chicago,Wholesale
2025-12-07,1303.36,307.5,8,Furniture,Portland,Direct
2025-12-12,782.67,276.02,10,Electronics,Chicago,Online
2025-03-21,1035.04,193.46,9,Electronics,Chicago,Direct
2025-04-10,653.55,52.63,7,Office Supplies,Austin,Direct
2025-02-08,317.04,136.37,2,Electronics,Boston,Retail
2025-06-15,679.84,105.69,8,Office Supplies,Boston,Direct
2025-10-28,442.21,-6.12,5,Software,Chicago,Online
2025-06-29,659.14,78.83,24,Office Supplies,Portland,Wholesale
2025-11-24,935.45,165.76,17,Furniture,Austin,Retail
2025-05-09,1574.54,138.48,31,Electronics,Boston,Wholesale
2025-10-12,798.1,-4.47,3,Electronics,Austin,Online
2025-07-23,3677.77,871.79,1,Electronics,Portland,Direct
2025-02-03,4500.0,1287.33,1,Software,Seattle,Retail
2025-08-19,936.7,212.96,2,Office Supplies,Boston,Direct
2025-10-21,1819.11,-66.4,4,Furniture,Portland,Retail
2025-06-08,1499.88,313.07,7,Furniture,Denver,Direct
2025-02-15,419.79,27.78,9,Furniture,Austin,Online
2025-07-23,2379.21,253.0,1,Furniture,Chicago,Retail
2025-11-23,2257.21,396.06,9,Software,Boston,Wholesale
2025-07-19,3316.79,391.12,1,Furniture,Portland,Online
2025-01-19,819.47,83.65,12,Furniture,Boston,Wholesale
2025-11-19,3709.3,222.64,37,Furniture,Austin,Wholesale
2025-04-13,582.24,87.98,1,Electronics,Denver,Wholesale
2025-09-15,826.54,191.89,6,Software,Chicago,Online
2025-01-09,238.57,95.16,12,Electronics,Austin,Direct
2025-07-29,2954.28,432.86,16,Office Supplies,Denver,Retail
2025-07-19,966.78,162.5,5,Furniture,Denver,Retail
2025-02-08,645.42,35.46,3,Office Supplies,Denver,Wholesale
2025-03-15,1446.72,417.04,16,Office Supplies,Portland,Retail
2025-03-17,2738.88,591.85,5,Furniture,Seattle,Retail
2025-12-29,3397.97,1147.75,9,Electronics,Seattle,Direct
2025-02-06,1676.65,145.31,17,Furniture,Boston,Wholesale
2025-07-24,3876.12,505.78,11,Office Supplies,Denver,Online
2025-03-23,492.95,65.55,18,Furniture,Austin,Retail
2025-09-22,705.32,204.91,3,Software,Austin,Direct
2025-09-26,593.5,106.79,17,Office Supplies,New York,Retail
2025-05-18,1680.81,458.6,5,Electronics,New York,Direct
2025-12-13,891.38,226.6,16,Software,Austin,Retail
2025-03-03,1403.09,230.83,7,Furniture,Denver,Direct
2025-02-21,1301.0,284.76,1,Furniture,San Francisco,Direct
2025-09-01,1492.04,117.23,11,Furniture,San Francisco,Direct
2025-09-24,1184.81,229.85,10,Furniture,San Francisco,Direct
2025-02-21,671.43,226.76,16,Software,Denver,Online
2025-05-01,1816.96,113.09,33,Furniture,Austin,Wholesale
2025-10-29,470.87,-53.88,11,Software,Boston,Online
2025-01-02,1539.48,288.77,8,Electronics,Portland,Wholesale
2025-06-25,1360.78,96.92,10,Software,Boston,Wholesale
2025-05-05,995.84,297.67,10,Electronics,Denver,Online
2025-09-28,383.6,107.57,15,Electronics,Seattle,Retail
2025-06-09,165.87,18.59,24,Software,Seattle,Wholesale
2025-12-04,1074.95,275.44,3,Software,Austin,Online
2025-08-26,373.17,133.08,12,Software,Chicago,Retail
2025-03-19,1214.9,147.19,4,Office Supplies,New York,Retail
2025-10-11,1172.98,-32.16,1,Electronics,Boston,Online
2025-06-01,1559.8,388.09,1,Office Supplies,Boston,Online
2025-10-06,4500.0,142.87,39,Electronics,Denver,Wholesale
2025-11-12,2179.13,854.45,16,Electronics,New York,Online
2025-07-13,335.55,16.91,1,Software,New York,Online
2025-07-18,289.54,8.1,1,Office Supplies,New York,Online
2025-12-21,1440.48,402.3,3,Software,Denver,Direct
2025-10-17,503.97,-1.15,6,Software,Denver,Online
2025-11-05,1026.83,212.29,6,Office Supplies,San Francisco,Direct
2025-01-11,676.46,148.47,15,Office Supplies,Austin,Retail
2025-04-09,1348.16,214.04,1,Furniture,New York,Direct
2025-07-20,3506.07,228.17,38,Furniture,New York,Wholesale
2025-04-06,1886.35,330.53,11,Furniture,Portland,Direct
2025-11-27,529.92,65.21,7,Software,Seattle,Retail
2025-07-28,4008.66,341.42,22,Office Supplies,Seattle,Wholesale
2025-12-10,822.36,47.68,5,Office Supplies,Austin,Wholesale
2025-10-21,1343.76,48.97,2,Software,Boston,Direct
2025-07-20,824.1,111.11,20,Furniture,Chicago,Wholesale
2025-04-24,484.45,161.15,9,Furniture,Boston,Direct
2025-09-05,2194.61,392.59,13,Software,New York,Retail
2025-01-16,997.58,278.81,15,Software,Chicago,Online
2025-09-02,1091.84,238.53,1,Software,Seattle,Wholesale
2025-10-05,1175.96,74.56,10,Software,Portland,Online
2025-02-23,2821.91,1041.41,9,Electronics,Seattle,Online
2025-04-12,998.57,262.43,6,Software,New York,Direct
2025-09-15,646.92,60.57,40,Office Supplies,New York,Wholesale
2025-04-05,2438.28,921.96,14,Electronics,San Francisco,Retail
2025-07-18,572.84,138.47,9,Software,New York,Direct
2025-01-04,1000.82,104.63,27,Office Supplies,San Francisco,Wholesale
2025-03-31,795.15,69.33,33,Software,Chicago,Wholesale
2025-03-28,876.22,234.18,13,Software,Portland,Retail
2025-02-09,1799.25,329.87,32,Electronics,Chicago,Wholesale
2025-02-23,641.0,133.02,41,Electronics,Portland,Wholesale
2025-11-20,1503.14,409.3,7,Software,Denver,Retail
2025-01-20,1533.9,355.8,4,Furniture,San Francisco,Retail
2025-10-29,552.51,37.0,10,Software,Portland,Direct
2025-03-11,2134.12,217.03,1,Furniture,Seattle,Online
2025-11-09,1984.27,664.09,11,Software,Chicago,Retail
2025-01-15,1141.84,20.68,33,Software,San Francisco,Wholesale
2025-04-01,1007.49,270.03,17,Software,Seattle,Retail
2025-10-29,1380.71,10.14,13,Software,Denver,Online
2025-07-31,3478.27,799.48,2,Electronics,Boston,Online
2025-05-13,339.02,106.83,6,Office Supplies,San Francisco,Direct
2025-08-30,239.2,37.07,4,Office Supplies,New York,Wholesale
2025-11-23,1365.3,395.53,6,Electronics,Portland,Direct
2025-05-31,1814.18,398.44,13,Software,Portland,Online
2025-04-28,955.01,171.66,6,Software,Portland,Retail
2025-05-07,929.11,168.67,5,Furniture,Denver,Retail
2025-08-29,178.0,3.42,15,Furniture,Portland,Retail
2025-12-18,1008.21,211.07,4,Furniture,New York,Direct
2025-04-20,917.55,100.82,3,Furniture,Chicago,Retail
2025-03-17,317.07,127.15,8,Software,New York,Direct
2025-02-27,2275.29,847.47,4,Electronics,Boston,Direct
2025-04-18,1569.22,337.26,1,Office Supplies,Boston,Online
2025-04-29,1211.79,434.16,7,Electronics,San Francisco,Direct
2025-09-07,1609.28,445.37,6,Software,Austin,Online
2025-04-04,2263.66,515.52,14,Software,San Francisco,Retail
2025-08-05,941.67,231.34,6,Office Supplies,Portland,Direct
2025-02-24,912.69,141.26,14,Furniture,San Francisco,Retail
2025-04-09,2601.2,1097.8,6,Electronics,San Francisco,Direct
2025-10-05,1906.93,92.37,7,Office Supplies,New York,Online
2025-07-08,771.6,210.34,14,Electronics,Seattle,Retail
2025-06-19,3544.73,1307.21,14,Electronics,Seattle,Online
2025-08-06,685.82,169.98,5,Electronics,Chicago,Online
2025-08-15,2075.38,186.8,14,Furniture,Chicago,Wholesale
2025-07-15,3271.0,654.0,12,Office Supplies,Boston,Online
2025-05-13,2145.79,540.92,8,Software,Seattle,Direct
2025-10-18,99.76,-8.01,17,Furniture,Austin,Wholesale
2025-10-19,1199.01,-50.83,10,Furniture,Austin,Online
2025-06-21,1830.74,434.19,14,Software,Seattle,Retail
2025-11-04,1083.97,80.38,5,Furniture,Austin,Online
2025-03-06,3727.99,206.61,42,Furniture,Denver,Wholesale
2025-08-30,2034.72,193.56,32,Furniture,New York,Wholesale
2025-03-02,642.41,129.02,4,Office Supplies,Seattle,Online
2025-11-28,2071.44,350.47,6,Software,Boston,Wholesale
2025-03-19,827.02,85.75,16,Furniture,Austin,Online
2025-04-08,2099.01,344.44,11,Electronics,Boston,Online
2025-01-04,1123.25,22.99,30,Furniture,San Francisco,Wholesale
2025-05-09,2201.39,88.25,14,Furniture,San Francisco,Wholesale
2025-09-15,761.99,205.21,2,Software,Chicago,Retail
2025-10-21,1316.8,71.64,34,Furniture,New York,Wholesale
2025-11-14,1986.05,545.02,12,Software,New York,Online
2025-07-31,4500.0,968.87,38,Electronics,Seattle,Wholesale
2025-08-10,1629.06,326.16,8,Furniture,Chicago,Retail
2025-01-05,1415.14,147.68,5,Office Supplies,Chicago,Retail
2025-03-14,1840.79,247.54,13,Furniture,Boston,Online
2025-12-02,841.66,190.79,1,Software,Denver,Retail
2025-08-06,1482.42,176.12,8,Furniture,Austin,Online
2025-08-28,1412.7,349.27,1,Software,Austin,Retail
2025-07-09,4302.73,257.29,10,Furniture,Austin,Wholesale
2025-10-20,756.37,71.22,5,Electronics,New York,Online
2025-09-01,163.14,74.83,11,Software,Portland,Direct
2025-10-28,877.87,-27.31,9,Office Supplies,Portland,Retail
2025-11-02,1880.4,274.9,12,Software,Seattle,Wholesale
2025-05-07,1982.25,457.4,12,Office Supplies,Boston,Online
2025-06-10,1850.68,219.48,1,Office Supplies,Austin,Retail
2025-08-13,1563.8,346.44,9,Office Supplies,San Francisco,Retail
2025-01-14,1473.45,491.28,11,Software,San Francisco,Direct
2025-11-02,670.22,157.24,4,Office Supplies,Denver,Online
2025-10-11,1477.31,124.89,11,Software,Boston,Online
2025-02-16,442.62,24.49,15,Furniture,Austin,Wholesale
2025-05-06,989.58,100.12,27,Furniture,San Francisco,Wholesale
2025-10-15,866.53,-10.8,1,Software,Boston,Wholesale
2025-07-27,1909.26,331.77,1,Furniture,Denver,Direct
2025-12-20,1660.76,537.03,9,Electronics,Seattle,Retail
2025-04-08,1831.98,124.74,9,Furniture,Portland,Online
2025-02-08,2201.76,724.2,12,Software,Seattle,Retail
2025-11-12,1894.19,237.88,1,Office Supplies,San Francisco,Direct
2025-03-09,2090.14,659.31,8,Software,San Francisco,Online
2025-04-16,396.29,58.48,27,Software,Portland,Wholesale
2025-08-30,175.23,37.06,28,Electronics,San Francisco,Wholesale
2025-06-04,1562.01,180.68,11,Office Supplies,Austin,Online
2025-10-02,672.43,-16.99,1,Office Supplies,New York,Direct
2025-04-23,555.02,102.26,9,Software,Denver,Online
2025-12-15,747.38,163.69,8,Office Supplies,New York,Online
2025-04-25,1173.79,246.09,18,Furniture,Boston,Retail
2025-01-31,598.39,71.84,18,Office Supplies,San Francisco,Wholesale
2025-02-03,1206.83,169.75,7,Office Supplies,Boston,Direct
2025-12-12,1807.77,128.9,14,Office Supplies,Portland,Wholesale
2025-07-12,3746.79,1376.28,14,Electronics,Boston,Retail
2025-09-12,1903.95,386.13,9,Software,Portland,Retail
2025-01-26,926.69,67.08,20,Office Supplies,Austin,Wholesale
2025-08-18,1244.05,219.92,8,Electronics,Seattle,Retail
2025-11-15,976.86,238.87,1,Office Supplies,Portland,Direct
2025-08-10,971.26,110.94,10,Office Supplies,New York,Online
2025-05-17,931.06,159.08,4,Furniture,Chicago,Online
2025-03-30,392.63,65.59,21,Electronics,Denver,Wholesale
2025-05-09,1557.16,357.3,2,Office Supplies,Chicago,Online
2025-07-29,4500.0,490.98,36,Electronics,Denver,Wholesale
2025-03-29,294.09,63.18,8,Furniture,Austin,Direct
2025-10-26,609.88,57.49,8,Office Supplies,San Francisco,Wholesale
2025-08-09,1497.46,434.36,10,Software,Portland,Online
2025-09-03,1864.04,643.53,8,Software,Austin,Retail
2025-11-07,2235.89,480.18,7,Software,Seattle,Direct
2025-10-28,2863.98,-99.73,8,Electronics,Chicago,Retail
2025-11-20,1890.56,314.28,33,Software,Portland,Wholesale
2025-08-27,2159.63,211.9,35,Furniture,New York,Wholesale
2025-12-27,2292.12,522.63,8,Office Supplies,Boston,Retail
2025-06-18,1449.46,275.9,12,Furniture,New York,Direct
2025-03-23,1981.65,547.65,1,Electronics,New York,Direct
2025-01-19,1807.34,394.31,10,Software,Denver,Direct
2025-05-08,1023.7,168.96,5,Office Supplies,Austin,Online
2025-04-06,400.14,78.03,10,Software,Boston,Wholesale
2025-05-02,262.58,36.08,40,Furniture,Boston,Wholesale
2025-12-03,129.04,40.17,11,Office Supplies,Boston,Retail
2025-01-16,1435.07,562.98,20,Electronics,Boston,Retail
2025-11-17,941.88,397.37,6,Software,Austin,Direct
2025-04-05,1220.5,82.84,15,Office Supplies,New York,Wholesale
2025-05-30,419.18,110.84,5,Software,Chicago,Direct
2025-07-12,4500.0,1069.19,16,Software,San Francisco,Retail
2025-06-05,845.9,110.02,6,Office Supplies,Denver,Wholesale
2025-03-15,1607.35,353.41,9,Software,Portland,Online
2025-02-23,285.65,78.11,8,Electronics,Denver,Direct
2025-01-30,166.42,48.24,10,Office Supplies,San Francisco,Retail
2025-05-12,580.94,40.17,1,Furniture,Denver,Online
2025-12-01,681.37,56.25,20,Electronics,Austin,Wholesale
2025-11-29,796.47,127.25,11,Furniture,Chicago,Direct
2025-09-28,311.09,19.43,27,Office Supplies,Austin,Wholesale
2025-09-10,1521.27,229.29,12,Furniture,Austin,Direct
2025-08-06,1583.3,390.67,11,Electronics,Boston,Direct
2025-04-29,986.58,190.6,1,Office Supplies,Denver,Retail
2025-11-27,2596.41,483.12,43,Software,Seattle,Wholesale
2025-10-20,1143.07,-38.61,2,Software,Chicago,Retail
2025-07-11,2512.73,313.72,7,Furniture,Portland,Retail
2025-09-26,1958.85,666.3,4,Electronics,Portland,Direct
2025-02-11,906.73,127.19,10,Furniture,San Francisco,Retail
2025-07-22,1773.48,496.76,1,Office Supplies,Portland,Direct
2025-07-28,2020.41,531.17,13,Software,Boston,Online
2025-02-19,2168.49,867.63,8,Electronics,Chicago,Direct
2025-06-26,1537.93,172.78,22,Electronics,Austin,Wholesale
2025-08-01,2351.45,799.59,11,Software,Seattle,Online
2025-06-04,2034.66,378.35,7,Office Supplies,San Francisco,Direct
2025-01-17,1851.88,352.7,44,Electronics,San Francisco,Wholesale
2025-12-13,1622.33,258.2,9,Software,Seattle,Direct
2025-04-23,1391.47,483.67,10,Software,Boston,Online
2025-06-07,1251.82,181.42,16,Software,San Francisco,Online
2025-11-19,1609.64,248.34,3,Furniture,New York,Online
2025-10-12,749.73,36.75,11,Furniture,Chicago,Direct
2025-12-31,1115.89,350.0,10,Software,Chicago,Direct
2025-04-13,1293.65,413.15,10,Electronics,Portland,Online
2025-05-18,799.27,121.48,8,Office Supplies,Chicago,Direct
2025-08-13,405.38,65.52,27,Office Supplies,Denver,Wholesale
2025-06-23,473.09,99.11,16,Furniture,New York,Wholesale
2025-05-20,917.23,313.02,10,Office Supplies,Boston,Direct
2025-07-31,2722.59,456.39,12,Software,New York,Wholesale
2025-04-23,823.8,72.83,25,Office Supplies,Boston,Wholesale
2025-05-07,1045.03,142.53,7,Software,Boston,Online
2025-10-12,1881.13,63.08,4,Furniture,Denver,Online
2025-05-31,1604.14,133.25,29,Furniture,Seattle,Wholesale
2025-02-17,1034.73,283.34,10,Software,Chicago,Online
2025-10-12,1496.76,48.24,1,Office Supplies,New York,Retail
2025-10-29,1140.02,47.37,5,Office Supplies,San Francisco,Retail
2025-07-24,1935.25,181.39,6,Furniture,Seattle,Retail
2025-09-04,1381.11,318.02,5,Electronics,Denver,Online
2025-02-24,3556.27,488.15,4,Furniture,Austin,Online
2025-12-03,2347.48,862.64,15,Electronics,Boston,Retail
2025-08-10,1013.76,92.88,3,Furniture,Seattle,Direct
2025-03-05,554.64,104.03,11,Electronics,Chicago,Retail
2025-09-05,1673.31,305.88,1,Software,Denver,Retail
2025-10-18,882.46,18.53,9,Furniture,Boston,Wholesale
2025-06-10,2563.77,451.92,11,Electronics,New York,Online
2025-12-30,975.01,209.72,15,Office Supplies,Chicago,Online
2025-07-13,3073.39,344.61,31,Office Supplies,Portland,Wholesale
2025-05-13,1807.9,217.46,35,Furniture,Denver,Wholesale
2025-08-08,2487.11,255.81,29,Electronics,San Francisco,Wholesale
2025-04-16,1557.14,472.61,11,Software,Chicago,Online
2025-11-11,1500.94,310.39,1,Office Supplies,Chicago,Online
2025-02-13,1063.0,291.1,7,Office Supplies,San Francisco,Online
2025-02-01,1976.61,232.71,18,Office Supplies,New York,Wholesale
2025-10-22,437.97,46.62,11,Office Supplies,Seattle,Online
2025-07-15,464.18,1.88,8,Office Supplies,Chicago,Wholesale
2025-07-16,2193.97,801.15,10,Electronics,San Francisco,Online
2025-11-30,382.12,132.43,17,Electronics,Seattle,Retail
2025-02-04,1142.33,243.01,2,Furniture,Austin,Online
2025-10-26,626.86,14.53,14,Office Supplies,New York,Retail
2025-08-06,969.74,119.62,2,Furniture,Austin,Direct
2025-06-09,1446.11,256.02,10,Electronics,Austin,Online
2025-09-09,233.05,84.43,1,Software,San Francisco,Online
2025-05-04,915.56,233.93,21,Electronics,Denver,Retail
2025-10-28,1913.91,39.45,3,Furniture,Chicago,Wholesale
2025-12-24,2006.31,246.64,13,Furniture,New York,Online
2025-09-06,1938.62,542.17,4,Software,Boston,Retail
2025-01-21,1811.84,322.0,4,Software,Chicago,Wholesale
2025-07-16,4500.0,601.96,3,Furniture,Seattle,Retail
2025-02-08,1141.35,245.66,12,Furniture,Chicago,Online
2025-01-09,1769.07,513.72,1,Software,Denver,Retail
2025-10-19,1239.24,-33.04,5,Office Supplies,Denver,Online
2025-07-23,4500.0,1170.24,5,Electronics,Chicago,Retail
2025-08-20,1049.16,139.25,6,Furniture,Boston,Direct
2025-01-24,994.53,96.94,8,Office Supplies,Seattle,Wholesale
2025-01-13,441.17,64.35,18,Software,San Francisco,Retail
2025-02-26,1305.61,261.42,5,Furniture,Chicago,Direct
2025-09-09,711.45,130.07,34,Electronics,Seattle,Wholesale
2025-11-01,1110.53,339.23,4,Electronics,Austin,Direct
2025-05-04,1955.63,255.41,8,Furniture,New York,Direct
2025-10-01,1304.29,42.94,6,Software,Chicago,Retail
2025-04-03,1460.85,368.81,13,Electronics,Denver,Online
2025-07-25,2183.2,579.33,1,Electronics,Austin,Retail
2025-03-22,336.07,99.75,8,Electronics,San Francisco,Direct
2025-03-01,491.16,27.96,15,Furniture,Boston,Retail
2025-04-19,1929.26,362.98,44,Software,San Francisco,Wholesale
2025-01-14,475.76,146.85,6,Software,San Francisco,Direct
2025-02-08,608.07,81.29,9,Furniture,Seattle,Direct
2025-10-09,723.67,-43.8,10,Electronics,New York,Wholesale
2025-07-11,185.81,-26.52,31,Software,New York,Wholesale
2025-07-24,3729.44,502.47,6,Furniture,Austin,Retail
2025-02-04,1008.29,283.0,1,Software,Denver,Direct
2025-12-28,807.61,178.43,3,Software,Seattle,Retail
2025-02-22,1340.64,128.64,38,Software,San Francisco,Wholesale
2025-10-30,1289.38,-11.7,11,Software,Seattle,Online
2025-03-14,1789.12,293.61,3,Furniture,Chicago,Online
2025-07-20,1994.62,384.93,7,Furniture,Portland,Online
2025-11-22,1080.39,165.76,19,Office Supplies,Boston,Retail
2025-10-30,1724.74,69.44,2,Furniture,New York,Direct
2025-10-12,782.27,2.1,20,Furniture,Austin,Wholesale
2025-11-30,205.75,66.98,28,Electronics,Austin,Wholesale
2025-02-06,1916.46,157.36,40,Furniture,New York,Wholesale
2025-04-12,1478.2,201.05,33,Furniture,Denver,Wholesale
2025-10-18,720.98,37.56,7,Software,San Francisco,Wholesale
2025-10-20,1643.39,-21.82,4,Electronics,San Francisco,Direct
2025-11-19,1065.37,147.85,4,Furniture,Denver,Direct
2025-05-09,2388.66,1036.2,1,Electronics,San Francisco,Direct
2025-09-26,2275.03,355.57,7,Office Supplies,San Francisco,Retail
2025-12-11,1264.26,144.8,4,Office Supplies,Chicago,Retail
2025-09-01,1129.43,124.7,11,Furniture,Chicago,Wholesale
2025-12-30,1723.31,252.99,20,Furniture,Denver,Retail
2025-07-25,1814.47,138.73,32,Office Supplies,Portland,Wholesale
2025-04-17,1633.57,427.27,15,Office Supplies,Portland,Retail
2025-06-15,786.67,88.83,3,Furniture,Austin,Direct
2025-12-21,2241.48,613.6,10,Electronics,Seattle,Direct
2025-12-07,1806.74,137.9,29,Furniture,Chicago,Wholesale
2025-03-15,907.82,196.91,14,Furniture,San Francisco,Online
2025-04-01,435.1,41.4,10,Furniture,Portland,Retail
2025-05-11,759.98,99.15,3,Furniture,San Francisco,Retail
2025-07-11,3746.24,557.04,14,Furniture,Boston,Retail
2025-10-17,1432.19,61.73,38,Software,New York,Wholesale
2025-01-20,1324.58,294.56,12,Electronics,Boston,Retail
2025-08-05,969.87,108.59,16,Office Supplies,Boston,Retail
2025-03-10,4500.0,1958.65,6,Electronics,New York,Direct
2025-02-26,321.64,71.16,31,Electronics,Boston,Wholesale
2025-05-11,1306.25,131.17,4,Office Supplies,San Francisco,Wholesale
2025-10-22,1468.55,64.45,33,Electronics,Chicago,Wholesale
2025-11-05,1085.9,128.06,8,Office Supplies,San Francisco,Wholesale
2025-11-25,431.13,38.01,3,Furniture,Denver,Retail
2025-01-21,843.53,199.06,11,Office Supplies,Portland,Direct
2025-04-15,639.08,169.44,13,Software,Boston,Online
2025-11-03,1072.15,396.27,12,Electronics,Portland,Direct
2025-10-01,3208.07,2.46,9,Electronics,Seattle,Online
2025-01-18,659.4,215.09,2,Software,Boston,Online
2025-05-15,1751.45,197.95,17,Office Supplies,Austin,Retail
2025-05-20,1237.28,247.61,3,Software,Chicago,Direct
2025-06-15,1769.72,716.74,7,Electronics,Portland,Direct
2025-09-25,1511.24,393.32,19,Software,New York,Retail
2025-02-17,364.54,98.09,3,Office Supplies,Austin,Online
2025-11-11,391.56,109.11,11,Electronics,Portland,Direct
2025-02-12,2400.96,120.41,38,Furniture,Boston,Wholesale
2025-05-02,787.99,246.11,8,Electronics,Chicago,Direct
2025-08-01,567.94,100.26,7,Software,San Francisco,Online
2025-11-13,571.48,225.81,6,Software,Seattle,Direct
2025-03-07,459.35,57.6,36,Software,Austin,Wholesale
2025-12-27,1984.73,372.36,43,Electronics,San Francisco,Wholesale
2025-07-23,674.35,55.56,4,Furniture,Austin,Online
2025-08-30,1736.2,282.98,1,Office Supplies,Seattle,Direct
2025-08-25,489.83,172.06,1,Electronics,New York,Retail
2025-07-15,2445.79,270.47,28,Office Supplies,New York,Wholesale
2025-05-09,2285.44,180.4,40,Electronics,San Francisco,Wholesale
2025-07-09,3181.22,485.7,3,Furniture,New York,Direct
2025-12-20,111.13,24.3,14,Office Supplies,San Francisco,Retail
2025-08-02,790.8,68.09,36,Office Supplies,Austin,Wholesale
2025-08-30,344.56,119.4,11,Electronics,Seattle,Retail
2025-05-19,1407.04,441.55,3,Software,New York,Online
2025-01-24,580.28,134.05,10,Software,San Francisco,Retail
2025-04-16,1070.14,126.47,26,Electronics,New York,Wholesale
2025-06-25,1795.85,252.82,21,Furniture,Seattle,Retail
2025-11-12,684.61,138.99,39,Electronics,Chicago,Wholesale
2025-06-27,539.3,85.72,11,Software,New York,Wholesale
2025-01-30,917.51,149.82,3,Furniture,New York,Retail
2025-06-01,133.1,74.31,6,Electronics,Denver,Retail
2025-01-26,2793.17,648.14,13,Office Supplies,Seattle,Retail
2025-08-14,2130.55,754.53,4,Electronics,Portland,Direct
2025-09-21,1735.05,454.63,5,Office Supplies,Austin,Direct
2025-01-09,2343.93,730.09,2,Electronics,Austin,Direct
2025-12-30,3042.41,565.48,3,Furniture,Seattle,Online
2025-07-22,264.85,36.1,9,Software,Seattle,Direct
2025-12-02,1167.51,301.37,2,Electronics,Austin,Online
2025-12-13,1773.3,207.75,24,Office Supplies,Boston,Wholesale
2025-03-29,2315.9,945.57,10,Electronics,Boston,Online
2025-03-16,1958.17,467.02,10,Furniture,Chicago,Online
2025-08-03,1623.63,46.98,35,Furniture,Boston,Wholesale
2025-02-02,1762.22,197.94,29,Electronics,Chicago,Wholesale
2025-12-04,417.47,76.85,14,Office Supplies,Boston,Retail
2025-12-23,760.01,106.12,5,Furniture,New York,Retail
2025-10-30,2214.16,154.09,1,Electronics,Seattle,Online
2025-12-22,1292.94,357.97,7,Software,Boston,Retail
2025-09-11,260.91,96.28,25,Office Supplies,Denver,Wholesale
2025-08-01,2918.77,764.24,3,Electronics,Boston,Direct
2025-12-17,903.34,251.28,15,Electronics,Denver,Online
2025-01-17,535.62,147.96,11,Electronics,Denver,Retail
2025-09-21,2639.87,921.35,6,Electronics,San Francisco,Online
2025-01-20,1649.09,342.51,9,Office Supplies,Portland,Direct
2025-07-14,3098.52,1057.95,4,Software,Portland,Online
2025-03-19,1716.37,326.83,7,Furniture,San Francisco,Retail
2025-04-25,1110.51,151.74,29,Furniture,Seattle,Wholesale
2025-02-18,1462.69,231.63,1,Office Supplies,Denver,Retail
2025-02-11,1130.93,154.19,19,Furniture,Boston,Retail
2025-06-16,1446.11,110.6,19,Furniture,Portland,Wholesale
2025-05-28,1141.5,504.45,2,Electronics,Austin,Direct
2025-01-11,327.86,31.3,43,Electronics,Chicago,Wholesale
2025-09-05,702.97,0.09,7,Furniture,Denver,Wholesale
2025-07-27,971.76,151.92,6,Software,Denver,Online
2025-06-20,977.69,174.98,11,Office Supplies,Austin,Retail
2025-04-21,556.18,32.75,1,Software,Portland,Wholesale
2025-09-19,1015.27,127.71,5,Software,Austin,Wholesale
2025-10-29,2139.32,-65.12,16,Electronics,New York,Online
2025-11-17,2931.6,862.42,11,Software,Seattle,Direct
2025-07-05,2611.07,467.2,13,Software,Chicago,Online
2025-02-23,3175.49,193.31,42,Furniture,Seattle,Wholesale
2025-05-31,797.47,163.61,3,Software,Chicago,Direct
2025-05-10,1468.2,387.85,9,Software,Seattle,Online
2025-01-01,2216.84,875.22,19,Electronics,Chicago,Retail
2025-12-13,836.53,99.9,4,Furniture,Seattle,Online
2025-05-12,1617.28,264.27,18,Software,Austin,Wholesale
2025-07-16,3963.92,1477.16,1,Electronics,Portland,Online
2025-01-05,985.34,205.24,1,Electronics,New York,Direct
2025-10-05,1525.46,-75.61,11,Furniture,Denver,Retail
2025-02-27,1900.74,615.98,10,Software,New York,Online
2025-02-24,593.22,48.2,18,Office Supplies,Austin,Retail
2025-05-11,1911.49,266.9,33,Office Supplies,Chicago,Wholesale
2025-12-16,1243.59,329.89,2,Electronics,Portland,Retail
2025-03-19,902.7,223.22,15,Office Supplies,Austin,Retail
2025-12-04,738.76,93.44,27,Office Supplies,Portland,Wholesale
2025-12-27,1228.41,165.81,32,Office Supplies,Denver,Wholesale
2025-11-24,1024.62,222.51,9,Furniture,Portland,Retail
2025-07-31,1412.21,322.28,5,Software,San Francisco,Online
2025-10-29,507.93,59.51,2,Electronics,Denver,Online
2025-07-02,2352.86,718.7,3,Software,Boston,Direct
2025-05-10,1902.37,295.7,1,Furniture,Austin,Online
2025-09-09,867.05,45.14,10,Furniture,Portland,Wholesale
2025-06-13,1236.82,184.3,3,Furniture,Denver,Direct
2025-11-06,2146.82,835.26,10,Electronics,Boston,Direct
2025-02-21,1199.06,206.51,10,Furniture,Portland,Online
2025-10-30,328.18,-14.58,31,Electronics,Boston,Wholesale
2025-10-20,1441.53,-4.37,40,Furniture,New York,Wholesale
2025-09-25,594.92,136.41,4,Software,San Francisco,Online
2025-09-26,1917.14,148.1,9,Office Supplies,Chicago,Online
2025-10-28,1702.42,72.41,1,Software,San Francisco,Online
2025-07-23,433.63,81.47,43,Office Supplies,Chicago,Wholesale
2025-08-16,2082.48,232.3,35,Furniture,Seattle,Wholesale
2025-04-28,2853.82,743.27,1,Office Supplies,Seattle,Direct
2025-10-23,913.55,155.81,4,Electronics,San Francisco,Direct
2025-10-10,1707.31,33.87,7,Furniture,Seattle,Retail
2025-12-01,288.93,32.03,22,Office Supplies,Austin,Wholesale
2025-04-15,1173.21,255.62,17,Office Supplies,Portland,Retail
2025-07-28,2549.8,300.41,8,Office Supplies,Portland,Retail
2025-08-05,1841.21,384.59,10,Software,Boston,Retail
2025-05-08,1530.83,244.59,14,Office Supplies,Chicago,Retail
2025-02-07,714.95,182.46,8,Software,Portland,Retail
2025-06-28,1730.16,265.27,20,Software,Denver,Wholesale
2025-08-08,974.37,135.88,3,Furniture,Boston,Direct
2025-07-11,3254.85,920.9,5,Software,Chicago,Direct
2025-11-20,599.14,-7.98,24,Office Supplies,Denver,Wholesale
2025-03-16,1286.54,246.73,9,Furniture,Chicago,Online
2025-02-10,1653.55,161.68,12,Furniture,San Francisco,Wholesale
2025-04-19,2114.99,962.88,9,Electronics,Boston,Direct
2025-06-01,1402.21,254.18,2,Furniture,Portland,Direct
2025-06-26,224.96,61.56,1,Office Supplies,Denver,Retail
2025-02-10,1380.62,351.86,12,Software,Chicago,Online
2025-03-08,839.86,205.59,1,Furniture,Denver,Direct
2025-11-01,1721.96,389.41,7,Electronics,Denver,Retail
2025-10-11,2588.42,-145.82,5,Software,Seattle,Direct
2025-05-25,2166.07,585.73,8,Furniture,San Francisco,Direct
2025-12-16,1201.77,232.46,8,Furniture,Seattle,Online
2025-07-04,1314.58,389.74,4,Electronics,Seattle,Online
2025-11-14,1357.83,373.97,6,Software,Denver,Direct
2025-10-04,1071.35,72.73,6,Software,Boston,Direct
2025-10-14,573.72,-8.87,26,Software,Seattle,Wholesale
2025-08-12,616.33,87.04,9,Software,Denver,Online
2025-08-05,2012.06,636.27,1,Software,Seattle,Online
2025-08-13,924.73,233.34,11,Electronics,Denver,Direct
2025-01-03,535.55,106.3,8,Office Supplies,Austin,Direct
2025-07-22,3080.24,682.36,4,Office Supplies,New York,Direct
2025-07-24,2247.93,733.45,16,Electronics,San Francisco,Online
2025-12-05,1257.93,194.97,8,Office Supplies,Chicago,Wholesale
2025-12-31,200.63,31.83,6,Software,Boston,Online
2025-07-23,2796.39,308.62,14,Furniture,Seattle,Wholesale
2025-08-13,508.63,99.14,3,Furniture,Boston,Online
2025-10-31,722.99,-33.35,5,Furniture,New York,Direct
2025-08-19,3132.32,547.99,38,Electronics,Seattle,Wholesale
2025-12-18,474.15,43.99,13,Furniture,San Francisco,Online
2025-05-12,676.44,186.02,18,Furniture,New York,Retail
2025-02-10,1313.81,81.51,22,Furniture,New York,Wholesale
2025-07-24,2312.76,390.38,3,Software,Boston,Online
2025-10-02,1862.43,139.45,21,Electronics,San Francisco,Retail
2025-03-29,1240.67,309.5,1,Furniture,Boston,Direct
2025-10-10,4500.0,205.09,11,Furniture,Seattle,Direct
2025-06-14,2246.29,793.65,4,Electronics,Portland,Direct
2025-05-08,1743.27,506.8,2,Software,New York,Direct
2025-05-24,1322.33,93.32,9,Software,Seattle,Wholesale
2025-10-05,1477.47,88.61,1,Software,Chicago,Retail
2025-12-31,1400.28,175.9,15,Furniture,Seattle,Online
2025-04-01,1710.27,283.81,2,Furniture,San Francisco,Retail
2025-04-04,2048.09,178.81,4,Furniture,Boston,Direct
2025-01-06,1807.88,701.23,7,Electronics,New York,Online
2025-03-28,3183.73,1106.78,7,Electronics,Seattle,Online
2025-05-31,1955.52,263.84,18,Office Supplies,New York,Retail
2025-03-08,1495.41,222.19,1,Office Supplies,Denver,Online
2025-07-07,1803.6,175.03,15,Office Supplies,Seattle,Online
2025-03-20,863.96,330.94,9,Software,Seattle,Online
2025-08-02,1728.96,403.79,7,Office Supplies,San Francisco,Online
2025-12-20,2072.56,455.98,8,Office Supplies,Boston,Online
2025-02-24,1492.12,221.22,2,Office Supplies,Denver,Retail
2025-10-10,934.52,-35.39,18,Furniture,Portland,Wholesale
2025-11-07,2294.85,252.88,3,Furniture,New York,Retail
2025-05-01,470.47,65.16,35,Electronics,San Francisco,Wholesale
2025-02-28,1871.66,282.67,11,Office Supplies,Portland,Online
2025-05-15,3640.51,483.56,1,Electronics,Seattle,Wholesale
2025-07-07,2668.76,339.31,6,Furniture,New York,Retail
2025-12-02,2342.1,288.66,1,Office Supplies,San Francisco,Wholesale
2025-05-11,1346.4,127.96,5,Software,Denver,Retail
2025-08-08,2441.46,265.4,9,Furniture,Seattle,Direct
2025-08-15,4500.0,975.97,16,Software,Seattle,Retail
2025-03-08,1201.77,343.27,1,Software,Austin,Direct
2025-07-31,863.93,134.72,6,Office Supplies,Portland,Direct
2025-08-18,986.24,106.83,2,Electronics,Boston,Wholesale
2025-02-18,2376.27,516.66,9,Office Supplies,Seattle,Direct
2025-06-28,1181.08,145.96,13,Furniture,Austin,Online
2025-01-05,333.7,-6.72,8,Furniture,Seattle,Direct
2025-05-28,2452.13,509.43,27,Electronics,Austin,Wholesale
2025-12-16,181.43,21.23,9,Office Supplies,Boston,Direct
2025-07-01,975.36,95.49,8,Furniture,Seattle,Wholesale
2025-03-17,587.78,198.99,15,Software,Austin,Retail
2025-06-15,659.4,88.82,44,Software,Chicago,Wholesale
2025-04-08,2034.23,805.03,8,Electronics,New York,Online
2025-12-31,1681.02,297.21,3,Office Supplies,Denver,Direct
2025-06-28,864.76,100.87,10,Electronics,Portland,Wholesale
2025-11-10,196.35,39.39,12,Furniture,New York,Retail
2025-06-23,653.83,243.3,5,Electronics,Austin,Retail
2025-08-31,1088.42,316.59,4,Software,Denver,Direct
2025-11-28,313.12,101.15,8,Furniture,San Francisco,Retail
2025-09-23,365.37,15.27,8,Furniture,Austin,Wholesale
2025-05-16,2129.07,364.99,8,Electronics,Denver,Online
2025-11-24,2785.93,628.01,1,Furniture,Seattle,Online
2025-10-20,1801.75,-31.37,6,Furniture,Austin,Wholesale
2025-08-15,137.58,15.18,4,Office Supplies,Denver,Online
2025-02-01,1308.79,93.74,5,Office Supplies,Chicago,Wholesale
2025-12-17,514.43,105.31,2,Electronics,Denver,Retail
2025-12-11,1235.35,310.22,9,Furniture,Austin,Direct
2025-08-03,1886.34,519.14,15,Electronics,Chicago,Online
2025-09-23,2571.59,814.07,10,Software,Seattle,Direct
2025-11-03,1166.97,266.61,1,Electronics,Chicago,Direct
2025-03-27,1922.5,231.53,8,Office Supplies,New York,Online
2025-04-17,1569.11,161.11,13,Office Supplies,Seattle,Online
2025-02-22,633.62,111.65,3,Office Supplies,San Francisco,Direct
2025-06-06,947.13,170.57,14,Furniture,Boston,Online
2025-11-22,187.98,49.5,9,Furniture,Chicago,Online
2025-07-22,3558.51,815.83,16,Electronics,Seattle,Retail
2025-05-09,2353.47,576.62,4,Office Supplies,San Francisco,Direct
2025-07-17,3435.98,990.41,1,Electronics,Austin,Retail
2025-09-11,1116.3,161.63,14,Software,Denver,Retail
2025-07-12,2372.3,169.88,28,Furniture,Chicago,Wholesale
2025-06-06,499.31,39.63,8,Office Supplies,Seattle,Online
2025-08-22,1822.56,470.25,7,Office Supplies,New York,Online
2025-02-12,192.31,67.81,5,Electronics,Seattle,Online
2025-10-29,1321.89,-3.17,1,Electronics,San Francisco,Online
2025-03-07,819.78,299.61,16,Electronics,Portland,Retail
2025-08-09,1509.62,430.66,1,Electronics,New York,Direct
2025-10-14,1485.87,74.66,10,Software,San Francisco,Retail
2025-09-12,1188.64,347.79,5,Software,Denver,Direct
2025-06-26,2335.7,785.57,12,Electronics,Seattle,Retail
2025-03-26,803.29,86.9,4,Furniture,Austin,Online
2025-01-09,1446.7,167.33,11,Office Supplies,Austin,Wholesale
2025-03-09,762.64,127.31,6,Office Supplies,New York,Direct
2025-01-14,287.97,86.21,14,Office Supplies,Boston,Retail
2025-03-25,1882.29,115.41,14,Office Supplies,Seattle,Wholesale
2025-02-04,1999.19,243.82,12,Office Supplies,Seattle,Online
2025-03-31,1214.29,151.2,19,Software,Austin,Wholesale
2025-08-03,1359.62,337.93,12,Office Supplies,Denver,Online
2025-12-12,88.8,10.04,31,Software,Denver,Wholesale
2025-11-02,222.97,104.78,5,Software,Chicago,Direct
2025-08-30,596.94,104.22,4,Software,Chicago,Direct
2025-01-25,616.56,107.63,1,Office Supplies,Austin,Retail
2025-04-30,1072.24,78.0,10,Office Supplies,Denver,Wholesale
2025-08-05,505.69,200.11,9,Electronics,Denver,Direct
2025-04-06,2233.04,266.57,11,Furniture,New York,Online
2025-04-16,1876.37,303.36,6,Office Supplies,New York,Direct
2025-05-13,332.13,29.91,5,Furniture,Chicago,Direct
2025-09-09,2096.7,646.9,1,Software,New York,Direct
2025-07-08,4500.0,1392.24,20,Electronics,Seattle,Retail
2025-10-20,1448.0,-48.09,40,Furniture,San Francisco,Wholesale
2025-02-07,1446.47,274.23,8,Electronics,Chicago,Retail
2025-03-07,1616.93,628.49,9,Software,Chicago,Direct
2025-02-17,2027.5,468.02,16,Software,Chicago,Retail
2025-05-28,328.61,-0.99,5,Office Supplies,Austin,Wholesale
2025-02-05,533.26,39.58,23,Electronics,Chicago,Wholesale
2025-12-17,1245.57,42.22,5,Furniture,Denver,Wholesale
2025-01-20,418.3,150.35,13,Software,Boston,Online
2025-11-05,2674.17,824.04,2,Electronics,Boston,Direct
2025-12-07,387.92,43.21,7,Furniture,New York,Direct
2025-09-11,4500.0,927.86,10,Furniture,New York,Online
2025-08-11,242.21,71.41,5,Office Supplies,New York,Retail
2025-09-11,838.83,197.37,1,Software,Boston,Direct
2025-05-29,270.37,99.54,4,Electronics,New York,Online
2025-08-01,788.57,165.71,1,Software,Denver,Online
2025-07-11,4246.49,1154.12,17,Electronics,New York,Retail
2025-07-23,2128.83,434.03,7,Software,Austin,Direct
2025-09-13,1257.65,160.51,16,Furniture,Austin,Wholesale
2025-08-13,2081.81,724.34,2,Software,Seattle,Direct
2025-05-30,1905.66,470.16,9,Electronics,Chicago,Online
2025-06-10,1976.44,275.94,9,Furniture,San Francisco,Online
2025-12-23,249.86,61.42,9,Furniture,Boston,Direct
2025-09-04,1066.81,114.51,45,Furniture,New York,Wholesale
2025-05-30,412.39,15.13,2,Furniture,Seattle,Retail
2025-03-15,2287.26,667.96,1,Software,Boston,Direct
2025-09-19,252.24,59.26,13,Electronics,Portland,Online
2025-12-08,528.9,175.39,3,Electronics,San Francisco,Direct
2025-05-14,1343.86,128.55,37,Furniture,Denver,Wholesale
2025-06-14,2128.51,561.03,7,Software,New York,Direct
2025-03-01,488.09,183.21,13,Electronics,Portland,Online
2025-10-24,1175.52,3.04,5,Electronics,Boston,Wholesale
2025-06-17,817.73,242.12,7,Software,Austin,Online
2025-10-04,399.33,-2.82,36,Electronics,Denver,Wholesale
2025-08-09,1333.22,358.34,6,Office Supplies,Austin,Direct
2025-10-17,843.43,2.04,2,Software,San Francisco,Online
2025-01-07,610.75,117.73,14,Furniture,Seattle,Retail
2025-02-10,314.09,43.87,14,Software,Seattle,Wholesale
2025-06-22,1889.11,204.07,6,Furniture,Austin,Online
2025-09-06,1500.22,557.0,13,Electronics,Portland,Online
2025-09-21,1510.23,518.71,11,Electronics,Austin,Direct
2025-08-04,1682.19,704.48,1,Electronics,Chicago,Direct
2025-07-27,973.71,418.23,9,Electronics,San Francisco,Direct
2025-01-12,723.24,105.02,10,Software,Seattle,Direct
2025-04-20,1132.86,321.98,3,Software,Portland,Retail
2025-01-18,1281.68,158.97,9,Office Supplies,Boston,Retail
2025-03-07,485.87,75.77,1,Office Supplies,Portland,Online
2025-02-01,789.74,66.58,45,Office Supplies,Boston,Wholesale
2025-08-18,278.18,82.95,42,Furniture,Portland,Wholesale
2025-08-04,868.54,219.45,5,Software,New York,Retail
2025-09-18,891.33,221.6,9,Software,New York,Retail
2025-03-14,1795.23,339.11,6,Furniture,Portland,Direct
2025-05-10,2799.12,534.97,9,Furniture,Austin,Direct
2025-08-16,1784.92,469.29,1,Office Supplies,New York,Retail
2025-08-15,292.18,19.6,10,Office Supplies,Portland,Direct
2025-11-01,962.7,273.5,9,Electronics,San Francisco,Online
2025-12-20,2004.39,603.0,16,Electronics,New York,Retail
2025-02-21,1279.87,186.05,15,Office Supplies,Chicago,Online
2025-10-10,1088.66,48.87,31,Furniture,Boston,Wholesale
2025-07-29,4058.92,714.82,29,Electronics,Portland,Wholesale
2025-10-12,475.87,-5.21,12,Furniture,Chicago,Retail
2025-02-05,917.75,230.78,4,Furniture,Portland,Direct
2025-09-28,1714.29,363.56,7,Software,Denver,Online
2025-06-27,877.0,165.6,8,Office Supplies,Portland,Online
2025-01-07,1519.64,595.57,11,Electronics,Denver,Direct
2025-12-28,2250.46,360.67,40,Software,San Francisco,Wholesale
2025-05-31,1912.16,359.43,4,Furniture,Boston,Retail
2025-06-01,707.48,246.63,8,Software,New York,Retail
2025-12-24,1403.8,453.48,2,Software,Chicago,Online
2025-08-26,2157.02,862.1,1,Software,San Francisco,Direct
2025-02-25,1290.02,322.14,7,Software,Boston,Retail
2025-10-12,805.41,9.67,14,Electronics,Seattle,Retail
2025-11-12,999.47,203.95,11,Furniture,Seattle,Retail
2025-01-13,3169.23,482.78,9,Furniture,Seattle,Online
2025-10-15,999.65,52.47,16,Software,New York,Wholesale
2025-02-05,1775.78,155.23,7,Office Supplies,Denver,Wholesale
2025-11-05,2291.85,865.06,2,Electronics,Austin,Direct
2025-06-23,840.66,41.16,5,Furniture,San Francisco,Wholesale
2025-01-13,2151.36,364.29,39,Software,Boston,Wholesale
2025-04-06,680.73,144.87,24,Software,Chicago,Wholesale
2025-05-27,1946.14,397.61,13,Electronics,Austin,Wholesale
2025-07-02,2256.92,439.71,5,Office Supplies,Denver,Direct
2025-01-03,1840.58,819.77,6,Electronics,Austin,Direct
2025-12-15,880.79,90.74,2,Software,New York,Wholesale
2025-08-29,544.64,51.27,4,Furniture,San Francisco,Direct
2025-08-06,597.71,83.32,36,Electronics,Denver,Wholesale
2025-05-08,3459.1,491.16,38,Electronics,Seattle,Wholesale
2025-09-27,519.76,116.4,14,Office Supplies,New York,Online
2025-11-21,356.68,113.08,1,Electronics,Austin,Direct
2025-10-02,1806.4,35.71,1,Electronics,Portland,Direct
2025-01-18,156.55,1.25,7,Software,Seattle,Online
2025-11-09,616.82,186.02,12,Office Supplies,Austin,Direct
2025-07-22,946.37,107.22,4,Furniture,Chicago,Wholesale
2025-09-26,881.59,123.52,7,Office Supplies,Portland,Online
2025-09-12,1124.21,153.29,22,Electronics,Austin,Wholesale
2025-10-28,1614.22,22.85,10,Office Supplies,Portland,Direct
2025-04-16,1501.29,663.2,6,Electronics,Austin,Direct
2025-01-13,2680.02,489.43,1,Office Supplies,Seattle,Retail
2025-12-02,4500.0,1083.8,3,Software,Seattle,Direct
2025-02-12,1154.86,73.45,22,Furniture,Boston,Wholesale
2025-03-02,1762.27,422.08,14,Software,Portland,Online
2025-10-25,332.35,-15.48,3,Software,Denver,Direct
2025-10-20,1869.64,124.91,5,Furniture,Portland,Online
2025-11-03,227.57,36.31,4,Software,Austin,Online
2025-11-04,916.63,223.25,1,Software,New York,Retail
2025-05-20,761.42,178.42,10,Office Supplies,Chicago,Direct
2025-07-17,2213.07,356.46,9,Furniture,Portland,Online
2025-03-15,1368.71,480.41,1,Electronics,Chicago,Direct
2025-03-10,1307.19,612.1,11,Electronics,San Francisco,Direct
2025-05-01,1469.08,261.02,8,Furniture,Portland,Direct
2025-01-11,1070.33,182.24,8,Electronics,Portland,Wholesale
2025-08-10,655.07,29.92,10,Software,Austin,Wholesale
2025-10-02,527.33,-3.93,7,Software,San Francisco,Online
2025-04-22,1000.53,140.91,4,Furniture,Chicago,Direct
2025-04-28,2035.78,648.98,18,Software,Seattle,Retail
2025-02-27,379.97,79.01,1,Office Supplies,Portland,Online
2025-04-04,1021.85,293.26,18,Electronics,Boston,Retail
2025-05-12,1410.57,337.39,1,Software,Seattle,Direct
2025-09-09,852.68,259.77,7,Electronics,Portland,Direct
2025-10-04,3185.62,227.52,3,Electronics,Seattle,Online
2025-05-17,1349.91,144.41,5,Furniture,Boston,Wholesale
2025-10-29,121.52,-9.17,14,Office Supplies,Portland,Online
2025-12-03,1178.2,275.92,1,Office Supplies,New York,Retail
2025-09-02,1603.86,195.64,44,Electronics,Boston,Wholesale
2025-08-19,771.1,33.3,42,Furniture,Austin,Wholesale
2025-04-10,1643.9,148.34,20,Furniture,Boston,Wholesale
2025-08-16,2162.73,740.03,5,Electronics,Chicago,Direct
2025-04-28,354.98,63.9,1,Office Supplies,Denver,Online
2025-10-29,2395.2,55.52,3,Software,San Francisco,Online
2025-02-12,1883.31,218.59,26,Software,Boston,Wholesale
2025-08-18,1156.69,225.74,2,Furniture,Denver,Direct
2025-11-17,1834.11,440.59,13,Office Supplies,San Francisco,Online
2025-10-09,1242.67,137.52,10,Electronics,Boston,Direct
2025-09-15,1593.39,292.44,6,Furniture,Portland,Direct
2025-10-16,1789.69,-61.41,4,Software,Chicago,Retail
2025-11-18,1809.78,322.64,16,Furniture,Austin,Retail
2025-03-18,1511.89,219.14,28,Software,Denver,Wholesale
2025-12-01,480.6,48.97,24,Software,Seattle,Wholesale
2025-11-15,1072.44,250.82,7,Electronics,San Francisco,Online
2025-01-28,311.39,-31.05,23,Furniture,Austin,Wholesale
2025-05-26,725.42,227.71,14,Software,Portland,Online
2025-08-30,3598.7,994.4,6,Electronics,Seattle,Direct
2025-10-16,920.03,-55.9,7,Electronics,Boston,Direct
2025-07-11,4500.0,656.01,8,Electronics,Chicago,Wholesale
2025-01-14,1652.48,315.63,9,Software,Portland,Direct
2025-01-15,375.08,27.01,5,Office Supplies,Austin,Wholesale
2025-05-01,580.51,108.53,7,Furniture,Boston,Retail
2025-11-13,1014.32,126.47,7,Furniture,Portland,Online
2025-08-07,490.3,197.08,11,Software,Chicago,Direct
2025-11-25,1592.55,333.13,13,Office Supplies,Chicago,Retail
2025-01-28,2119.99,552.41,6,Office Supplies,San Francisco,Direct
2025-01-02,1577.67,552.64,7,Electronics,Boston,Direct
2025-03-29,291.89,77.14,8,Electronics,Portland,Online
2025-02-20,891.44,369.95,4,Electronics,New York,Retail
2025-04-16,653.97,156.83,7,Software,Denver,Direct
2025-11-10,187.66,-17.38,6,Software,Austin,Wholesale
2025-10-30,1133.26,62.54,20,Software,Chicago,Wholesale
2025-07-06,947.21,211.31,1,Furniture,Denver,Direct
2025-07-21,1224.08,226.31,30,Electronics,Denver,Wholesale
2025-07-01,2127.95,145.35,2,Furniture,Portland,Wholesale
2025-02-04,1757.6,440.12,3,Electronics,Portland,Online
2025-09-03,678.02,64.36,3,Software,Portland,Wholesale
2025-07-05,2639.97,283.69,16,Office Supplies,Portland,Retail
2025-09-11,1750.12,218.22,1,Furniture,Chicago,Online
2025-09-21,1482.17,202.14,44,Furniture,Seattle,Wholesale
2025-09-04,2704.88,369.03,7,Office Supplies,Seattle,Direct
2025-10-24,1023.14,55.8,12,Electronics,Denver,Online
2025-02-03,2413.07,494.62,43,Electronics,San Francisco,Wholesale
2025-04-21,765.74,240.2,9,Software,Austin,Direct
2025-01-24,993.61,271.63,1,Furniture,Chicago,Retail
2025-02-24,791.65,33.2,16,Furniture,Austin,Wholesale
2025-09-21,337.79,73.37,8,Office Supplies,New York,Direct
2025-06-11,1731.09,703.94,9,Electronics,Austin,Online
2025-04-26,1059.33,331.81,4,Electronics,Boston,Retail
2025-01-26,794.36,216.07,11,Software,Portland,Retail
2025-03-12,161.64,33.4,15,Office Supplies,Portland,Wholesale
2025-03-24,402.89,43.13,21,Furniture,Boston,Retail
2025-04-17,746.32,116.94,25,Office Supplies,San Francisco,Wholesale
2025-03-02,1288.68,448.87,1,Software,Denver,Direct
2025-10-28,4065.81,92.88,1,Electronics,Boston,Direct
2025-05-06,113.09,5.49,8,Office Supplies,Portland,Direct
2025-05-18,272.0,67.48,5,Furniture,San Francisco,Direct
2025-06-13,2827.59,523.78,1,Furniture,Seattle,Direct
2025-11-17,373.13,110.33,17,Office Supplies,Denver,Retail
2025-10-15,414.84,57.59,1,Electronics,San Francisco,Direct
2025-08-01,841.94,61.67,8,Software,Seattle,Wholesale
2025-06-25,234.83,105.55,8,Electronics,Austin,Online
2025-12-09,344.64,33.33,1,Office Supplies,Portland,Retail
2025-09-18,1239.81,294.99,15,Office Supplies,Denver,Retail
2025-01-01,687.2,68.16,8,Office Supplies,Boston,Wholesale
2025-01-23,1526.99,487.59,3,Electronics,New York,Direct
2025-08-16,2516.16,524.17,12,Electronics,Seattle,Online
2025-01-11,1029.17,410.22,13,Electronics,Austin,Retail
2025-05-28,1463.03,371.12,1,Office Supplies,Austin,Retail
2025-03-01,1552.8,271.14,4,Furniture,Portland,Online
2025-05-07,427.86,17.82,40,Furniture,Denver,Wholesale
2025-07-21,2780.33,453.1,6,Furniture,New York,Retail
2025-08-25,641.43,128.78,15,Electronics,San Francisco,Online
2025-07-03,1551.96,267.59,12,Furniture,Denver,Direct
2025-01-27,741.5,116.38,11,Furniture,Portland,Online
2025-06-10,542.67,93.51,4,Electronics,Seattle,Retail
2025-01-11,280.43,62.44,3,Software,Austin,Online
2025-11-10,552.13,118.2,8,Electronics,New York,Retail
2025-12-20,1451.84,193.79,31,Office Supplies,Portland,Wholesale
2025-05-17,4228.12,331.27,18,Office Supplies,Denver,Wholesale
2025-05-02,2817.19,476.17,37,Electronics,Boston,Wholesale
2025-04-04,1427.26,221.0,5,Software,Seattle,Online
2025-11-28,2867.45,1146.14,2,Electronics,Seattle,Online
2025-08-07,2813.64,395.57,11,Office Supplies,Seattle,Direct
2025-03-04,1004.11,237.97,12,Software,Austin,Retail
2025-05-02,116.63,34.79,4,Electronics,Denver,Online
2025-10-05,481.44,37.03,44,Office Supplies,Boston,Wholesale
2025-12-09,1063.01,181.39,5,Furniture,Boston,Online
2025-07-19,1211.39,330.41,11,Software,Austin,Retail
2025-02-26,1859.71,347.51,13,Office Supplies,San Francisco,Retail
2025-09-05,996.72,262.19,2,Furniture,Denver,Direct
2025-11-26,584.83,216.09,4,Electronics,Denver,Direct
2025-07-17,3849.09,1351.27,1,Electronics,Portland,Online
2025-10-17,1094.61,-16.6,8,Office Supplies,Denver,Online
2025-07-01,2652.54,273.74,35,Furniture,San Francisco,Wholesale
2025-05-08,482.27,120.81,4,Software,Denver,Online
2025-11-24,2019.16,193.33,3,Office Supplies,San Francisco,Retail
2025-08-22,265.87,57.59,8,Software,New York,Online
2025-11-08,2142.41,205.06,36,Electronics,Chicago,Wholesale
2025-12-18,1795.22,502.93,3,Electronics,San Francisco,Direct
2025-06-28,773.87,153.6,3,Furniture,Denver,Online
2025-08-21,607.97,29.68,15,Furniture,Chicago,Wholesale
2025-06-10,1422.82,579.97,19,Electronics,New York,Retail
2025-10-31,1865.61,33.86,7,Furniture,Boston,Wholesale
2025-11-19,1025.07,204.44,14,Software,Denver,Online
2025-11-19,1232.78,367.26,1,Office Supplies,New York,Direct
2025-06-28,552.18,177.08,4,Office Supplies,Denver,Direct
2025-02-04,622.91,212.76,5,Electronics,Denver,Direct
2025-05-26,1038.25,248.7,10,Office Supplies,Boston,Direct
2025-11-01,1682.21,282.5,14,Software,Denver,Online
2025-01-11,2322.97,432.73,33,Electronics,New York,Wholesale
2025-11-15,637.4,126.35,2,Electronics,San Francisco,Online
2025-01-26,441.0,92.41,13,Office Supplies,Portland,Retail
2025-03-19,2027.37,282.5,29,Electronics,Portland,Wholesale
2025-03-30,672.78,101.77,7,Furniture,Boston,Retail
2025-10-01,1833.71,-47.62,17,Furniture,New York,Wholesale
2025-03-10,1220.38,227.75,7,Software,Portland,Direct
2025-10-16,610.14,-18.28,3,Office Supplies,San Francisco,Online
2025-07-23,232.63,22.22,17,Software,Boston,Retail
2025-01-27,1209.62,220.99,8,Furniture,Denver,Retail
2025-08-09,986.93,283.93,10,Software,Portland,Direct
2025-11-24,307.92,60.22,26,Software,Austin,Wholesale
2025-04-25,1057.85,196.84,1,Software,Austin,Direct
2025-05-08,1104.91,55.72,2,Office Supplies,Denver,Wholesale
2025-02-25,733.3,207.05,2,Software,Chicago,Retail
2025-08-13,957.44,46.39,4,Furniture,New York,Retail
2025-01-29,1380.23,151.2,5,Furniture,Denver,Direct
2025-09-06,291.99,119.26,6,Software,Denver,Online
2025-09-20,1097.27,297.48,3,Office Supplies,Portland,Retail
2025-03-26,4500.0,500.43,31,Software,New York,Wholesale
2025-06-05,4500.0,711.0,5,Office Supplies,Boston,Retail
2025-09-09,1015.37,148.54,2,Furniture,Boston,Retail
2025-09-22,280.76,94.75,10,Furniture,Austin,Online
2025-07-04,4500.0,816.47,9,Software,Seattle,Direct
2025-02-18,533.76,15.03,26,Office Supplies,Denver,Wholesale
2025-10-16,581.03,1.95,5,Electronics,Chicago,Online
2025-06-29,561.28,183.76,1,Electronics,Austin,Direct
2025-06-28,2470.77,499.79,26,Electronics,Chicago,Wholesale
2025-06-28,1878.44,296.2,10,Office Supplies,Portland,Online
2025-04-27,668.06,14.75,14,Software,Boston,Wholesale
2025-10-10,917.14,72.09,15,Electronics,Denver,Online
2025-04-05,252.24,-12.23,7,Office Supplies,Seattle,Direct
2025-01-19,659.46,91.37,29,Electronics,Denver,Wholesale
2025-04-13,2390.16,185.28,11,Furniture,Seattle,Wholesale
2025-09-27,1908.73,564.31,2,Electronics,Denver,Retail
2025-12-22,1928.88,381.7,15,Furniture,San Francisco,Retail
2025-01-17,2349.04,964.59,11,Electronics,New York,Retail
2025-10-24,180.14,37.49,41,Furniture,Portland,Wholesale
2025-07-28,3008.4,280.41,15,Furniture,Denver,Retail
2025-05-20,378.85,37.15,4,Furniture,Chicago,Retail
2025-01-08,2857.75,388.49,13,Furniture,Seattle,Online
2025-05-21,949.72,147.41,16,Software,Boston,Retail
2025-12-28,2031.83,610.12,2,Office Supplies,New York,Direct
2025-07-10,2484.13,516.75,39,Electronics,Boston,Wholesale
2025-01-12,2069.93,212.31,1,Furniture,Seattle,Online
2025-02-20,1195.45,351.98,5,Office Supplies,Chicago,Direct
2025-03-21,1213.28,142.24,30,Software,San Francisco,Wholesale
2025-06-09,684.94,143.92,2,Furniture,New York,Online
2025-01-12,1873.76,406.47,1,Software,Chicago,Direct
2025-11-07,452.29,53.82,3,Office Supplies,Austin,Retail
2025-10-15,1837.41,66.47,9,Electronics,Boston,Retail
2025-03-08,125.01,51.75,8,Software,Boston,Direct
2025-04-23,2098.67,322.11,5,Office Supplies,San Francisco,Online
2025-03-25,1254.52,442.7,7,Software,Austin,Direct
2025-08-17,1676.67,377.24,17,Office Supplies,Portland,Retail
2025-10-28,992.46,-2.99,33,Furniture,Boston,Wholesale
2025-10-23,940.93,24.04,13,Electronics,Denver,Online
2025-07-21,4259.19,1184.75,5,Office Supplies,Seattle,Direct
2025-08-20,400.22,83.87,7,Furniture,Boston,Retail
2025-05-29,1654.7,428.19,8,Office Supplies,New York,Direct
2025-05-02,382.14,88.59,15,Software,Austin,Online
2025-06-02,1939.52,455.2,5,Office Supplies,Portland,Direct
2025-02-16,1574.71,127.05,11,Furniture,Denver,Online
2025-10-30,2366.1,127.53,8,Software,San Francisco,Online
2025-01-09,888.22,226.24,8,Software,Chicago,Online
2025-05-31,2224.4,502.07,12,Furniture,Boston,Retail
2025-12-17,2084.08,545.7,1,Software,Chicago,Direct
2025-06-01,1686.75,214.65,1,Office Supplies,Boston,Direct
2025-09-13,323.45,58.97,5,Office Supplies,Seattle,Direct
2025-05-19,204.57,-2.43,13,Software,Austin,Retail
2025-05-28,2118.25,423.19,24,Electronics,Austin,Wholesale
2025-06-13,263.27,94.67,9,Furniture,Austin,Retail
2025-01-19,1647.15,292.17,1,Office Supplies,Chicago,Direct
2025-02-11,741.3,211.82,8,Software,Portland,Direct
2025-06-22,221.8,-0.81,3,Office Supplies,San Francisco,Retail
2025-03-27,1771.17,560.5,1,Electronics,Denver,Online
2025-02-02,1010.3,72.15,1,Furniture,New York,Wholesale
2025-02-25,933.76,236.88,9,Furniture,New York,Retail
2025-08-23,239.81,45.41,7,Furniture,New York,Retail
2025-09-01,1204.78,227.56,10,Electronics,Boston,Online
2025-01-13,2044.4,568.88,8,Electronics,Portland,Direct
2025-09-29,3999.58,920.06,1,Furniture,Austin,Online
2025-12-17,906.81,188.41,11,Furniture,San Francisco,Online
2025-07-18,1593.8,144.8,36,Software,New York,Wholesale
2025-11-24,2205.22,499.43,9,Office Supplies,Seattle,Retail
2025-01-09,1152.06,143.71,14,Software,Denver,Wholesale
2025-09-29,1056.4,139.94,9,Software,Boston,Wholesale
2025-01-23,128.41,27.8,10,Electronics,Austin,Direct
2025-04-03,402.34,70.27,2,Furniture,Denver,Direct
2025-05-13,1053.12,161.24,19,Furniture,Seattle,Retail
2025-04-07,2317.48,770.98,19,Electronics,Chicago,Retail
2025-08-23,1390.11,405.0,10,Electronics,Portland,Online
2025-06-01,619.24,63.72,4,Furniture,Boston,Direct
2025-08-15,1886.21,275.52,9,Furniture,Chicago,Online
2025-07-15,548.14,99.1,33,Electronics,Seattle,Wholesale
2025-03-19,3165.2,1150.12,4,Software,Seattle,Direct
2025-09-10,2196.2,472.66,4,Office Supplies,Seattle,Online
2025-05-08,1529.14,575.05,1,Software,Chicago,Online
2025-03-19,1536.93,225.29,12,Furniture,Austin,Direct
2025-07-07,677.43,119.23,1,Furniture,Chicago,Retail
2025-12-28,898.5,41.49,42,Furniture,Portland,Wholesale
2025-09-04,620.31,50.12,9,Furniture,Boston,Online
2025-10-17,1712.96,95.78,10,Electronics,Chicago,Online
2025-01-24,1251.61,231.66,3,Office Supplies,San Francisco,Retail
2025-10-28,1702.28,85.8,8,Furniture,New York,Direct
2025-05-13,453.63,77.24,8,Office Supplies,Portland,Online
2025-07-24,617.04,66.83,2,Furniture,New York,Wholesale
2025-11-20,1852.82,134.65,1,Furniture,Denver,Wholesale
2025-09-16,356.17,110.83,18,Electronics,Seattle,Retail
2025-09-19,3032.39,962.78,11,Electronics,Seattle,Retail
2025-11-01,124.1,40.67,12,Furniture,New York,Retail
2025-09-06,819.73,61.11,8,Furniture,Austin,Online
2025-08-16,870.46,199.61,8,Office Supplies,Denver,Retail
2025-12-10,1555.53,174.4,16,Furniture,Denver,Retail
2025-04-10,820.85,267.03,6,Software,Chicago,Direct
2025-08-10,984.79,134.66,16,Software,Chicago,Wholesale
2025-06-26,1417.49,290.96,20,Office Supplies,Boston,Retail
2025-05-18,220.28,71.45,4,Office Supplies,Chicago,Wholesale
2025-10-26,1710.88,104.21,13,Software,San Francisco,Online
2025-01-25,1828.86,515.04,19,Software,Boston,Retail
2025-04-30,1464.76,314.22,1,Electronics,Chicago,Retail
2025-01-16,559.56,193.01,5,Office Supplies,Austin,Direct
2025-08-15,2462.81,138.58,20,Furniture,Seattle,Wholesale
2025-01-01,1242.79,433.74,7,Software,San Francisco,Online
2025-08-10,1526.95,504.04,1,Software,New York,Direct
2025-12-04,217.68,-41.78,7,Software,New York,Wholesale
2025-05-29,739.95,245.6,2,Software,San Francisco,Direct
2025-05-26,279.26,98.07,12,Software,Boston,Retail
2025-12-20,1049.33,328.01,5,Software,New York,Retail
2025-10-16,1945.81,-13.9,8,Electronics,Boston,Retail
2025-09-18,1152.77,365.95,13,Electronics,Chicago,Online
2025-11-29,434.87,72.06,8,Furniture,San Francisco,Online
2025-06-18,772.61,46.47,9,Office Supplies,Seattle,Wholesale
2025-07-08,2174.47,603.62,11,Office Supplies,Denver,Direct
2025-02-04,897.34,116.37,17,Furniture,Austin,Online
2025-05-31,1664.73,212.74,4,Furniture,Denver,Online
2025-01-06,2157.69,415.44,10,Software,San Francisco,Online
2025-05-29,2537.95,769.4,5,Electronics,San Francisco,Direct
2025-06-13,2516.61,487.44,19,Electronics,New York,Wholesale
2025-07-21,1157.02,90.87,18,Furniture,Boston,Wholesale
2025-04-09,489.02,85.54,24,Software,Portland,Wholesale
2025-02-03,808.77,62.07,34,Office Supplies,San Francisco,Wholesale
2025-07-28,1520.92,242.25,16,Electronics,Chicago,Wholesale
2025-11-14,1189.8,429.93,10,Electronics,Boston,Online
2025-02-05,1068.72,141.58,9,Furniture,Portland,Online
2025-06-08,1550.42,647.14,2,Electronics,Seattle,Direct
2025-10-06,1781.98,102.46,27,Software,Portland,Wholesale
2025-10-12,1824.83,22.5,8,Office Supplies,Portland,Retail
2025-12-31,295.0,17.16,10,Furniture,Austin,Online
2025-07-15,2904.4,747.29,5,Software,San Francisco,Direct
2025-07-05,251.55,90.54,7,Software,Boston,Online
2025-09-07,986.89,79.93,7,Office Supplies,Seattle,Wholesale
2025-09-02,2590.86,1049.04,10,Electronics,San Francisco,Direct
2025-04-10,2963.56,563.94,3,Furniture,Seattle,Retail
2025-05-26,684.6,291.64,12,Electronics,Portland,Online
2025-06-19,1269.44,302.98,4,Office Supplies,Chicago,Direct
2025-02-23,1712.45,487.7,9,Electronics,Portland,Online
2025-03-25,1658.94,236.98,6,Furniture,Portland,Direct
2025-08-16,1533.82,269.31,8,Furniture,New York,Direct
2025-02-27,1848.74,704.9,6,Software,Chicago,Direct
2025-11-10,1647.76,269.08,15,Furniture,San Francisco,Online
2025-07-23,3010.83,546.64,9,Software,New York,Retail
2025-10-04,2787.59,122.23,35,Electronics,Seattle,Wholesale
2025-05-30,1832.24,398.56,2,Furniture,Denver,Direct
2025-10-19,467.28,30.15,13,Software,Seattle,Retail
2025-11-27,1726.69,226.61,23,Software,Denver,Wholesale
2025-07-02,2028.64,317.88,9,Furniture,Seattle,Direct
2025-03-07,662.73,174.08,8,Electronics,Austin,Online
2025-10-25,2199.26,84.23,6,Electronics,Chicago,Online
2025-05-07,1693.45,443.12,6,Electronics,Austin,Direct
2025-12-04,1028.53,177.16,26,Electronics,New York,Wholesale
2025-10-30,811.71,-30.77,2,Office Supplies,Seattle,Online
2025-03-10,410.99,65.82,11,Furniture,Austin,Direct
2025-04-06,2045.79,345.55,4,Software,New York,Direct
2025-12-27,800.76,198.54,12,Software,New York,Retail
2025-05-05,457.21,58.0,8,Software,New York,Retail
2025-09-17,959.78,146.28,13,Software,Austin,Online
2025-11-12,1256.17,212.15,35,Software,San Francisco,Wholesale
2025-09-25,1425.32,116.47,27,Furniture,Portland,Wholesale
2025-03-30,3409.28,566.18,15,Electronics,Seattle,Retail
2025-11-06,1588.47,244.43,14,Office Supplies,Chicago,Retail
2025-01-03,1031.12,84.7,32,Software,Seattle,Wholesale
2025-03-15,1685.48,296.47,16,Electronics,Portland,Wholesale
2025-07-03,2934.96,1032.26,3,Software,Portland,Direct
2025-12-03,1779.06,390.64,10,Office Supplies,Chicago,Direct
2025-09-27,1034.24,378.72,12,Electronics,New York,Direct
2025-12-14,1419.6,115.27,2,Furniture,Chicago,Direct
2025-09-18,1492.37,208.54,10,Furniture,Seattle,Online
2025-10-04,402.64,0.09,9,Furniture,Portland,Retail
2025-08-05,1904.89,382.14,10,Software,Seattle,Online
2025-11-05,1430.78,446.58,5,Software,Seattle,Direct
2025-03-31,399.78,97.18,1,Furniture,Seattle,Direct
2025-04-20,1035.96,279.0,1,Furniture,Boston,Online
2025-02-09,492.0,112.71,4,Electronics,Austin,Online
2025-05-13,2080.49,501.47,17,Software,Boston,Retail
2025-03-15,1030.89,122.04,8,Furniture,San Francisco,Online
2025-09-01,1196.5,411.49,6,Electronics,Boston,Online
2025-06-15,2050.66,503.0,7,Software,Boston,Retail
2025-07-25,1909.27,135.04,5,Furniture,Austin,Wholesale
2025-12-06,131.64,56.6,4,Office Supplies,New York,Retail
2025-12-04,565.11,111.14,1,Software,Boston,Online
2025-09-11,318.73,51.26,14,Electronics,San Francisco,Retail
2025-06-03,842.2,242.23,4,Software,Chicago,Online
2025-11-22,1087.52,271.15,5,Software,New York,Retail
2025-09-18,2553.55,549.74,18,Electronics,Seattle,Wholesale
2025-06-20,1297.04,231.61,11,Office Supplies,San Francisco,Retail
2025-05-23,1847.73,60.46,33,Office Supplies,Denver,Wholesale
2025-04-07,756.88,95.79,7,Office Supplies,Austin,Wholesale
2025-09-13,1365.76,346.96,1,Furniture,New York,Retail
2025-04-14,640.08,129.86,3,Office Supplies,Austin,Retail
2025-03-24,2762.73,486.15,20,Software,Seattle,Wholesale
2025-07-20,1370.8,341.57,18,Office Supplies,Boston,Retail
2025-01-27,342.04,73.34,34,Software,Boston,Wholesale
2025-01-04,1298.63,369.35,1,Electronics,Seattle,Retail
2025-07-21,2316.64,550.41,3,Electronics,Denver,Direct
2025-02-23,2067.53,473.06,1,Software,Boston,Direct
2025-06-19,932.48,330.82,13,Software,Denver,Retail
2025-06-30,1750.31,266.43,3,Furniture,New York,Retail
2025-04-21,405.46,150.18,2,Software,Boston,Retail
2025-03-28,445.61,142.07,7,Electronics,Seattle,Online
2025-01-07,1373.94,82.31,26,Furniture,Boston,Wholesale
2025-04-14,1424.18,287.11,7,Furniture,Austin,Retail
2025-08-09,1405.01,339.08,9,Software,Portland,Online
2025-08-16,2288.25,466.15,7,Office Supplies,San Francisco,Direct
2025-12-07,1368.28,469.66,3,Software,Denver,Online
2025-11-16,1671.86,442.4,6,Electronics,Austin,Retail
2025-06-19,826.69,183.16,9,Software,Denver,Online
2025-10-19,1449.24,-56.11,5,Furniture,Chicago,Wholesale
2025-11-23,1040.26,201.38,44,Electronics,Boston,Wholesale
2025-08-18,885.89,203.67,1,Office Supplies,Denver,Direct
2025-09-08,1812.43,540.68,7,Electronics,Seattle,Retail
2025-02-21,380.96,93.85,12,Office Supplies,San Francisco,Online
2025-06-22,1038.22,90.18,12,Office Supplies,New York,Wholesale
2025-08-23,1662.33,361.86,11,Electronics,New York,Online
2025-12-01,1563.74,217.14,5,Software,Denver,Retail
2025-11-01,862.16,139.43,4,Office Supplies,Portland,Online
2025-11-06,1964.01,370.54,11,Furniture,Chicago,Online
2025-03-26,426.12,70.55,12,Office Supplies,Austin,Online
2025-09-14,1957.4,401.91,10,Office Supplies,Portland,Direct
2025-07-25,2728.68,294.07,27,Furniture,Chicago,Wholesale
2025-09-19,923.93,193.47,2,Software,San Francisco,Retail
2025-07-20,1802.71,316.01,8,Office Supplies,New York,Direct
2025-11-01,1542.64,304.96,7,Electronics,Chicago,Online
2025-06-02,1405.92,46.3,6,Furniture,San Francisco,Wholesale
2025-11-09,1335.76,250.12,12,Furniture,San Francisco,Retail
2025-05-23,2497.44,307.54,1,Office Supplies,Seattle,Retail
2025-04-19,1226.03,101.6,23,Furniture,Chicago,Wholesale
2025-01-28,1623.06,170.19,1,Furniture,Portland,Direct
2025-06-17,602.34,109.66,6,Office Supplies,Austin,Retail
2025-01-03,2209.17,177.86,25,Office Supplies,San Francisco,Wholesale
2025-12-09,135.01,-27.78,18,Electronics,Chicago,Wholesale
2025-04-17,1244.6,309.86,5,Office Supplies,Chicago,Online
2025-09-18,3144.03,1006.32,8,Software,Seattle,Direct
2025-06-26,438.21,55.55,12,Software,Portland,Retail
2025-09-09,2441.2,444.31,13,Furniture,Seattle,Online
2025-08-20,1350.88,439.54,13,Electronics,Denver,Retail
2025-12-08,1762.08,200.93,8,Office Supplies,New York,Online
2025-04-21,1393.04,174.69,9,Office Supplies,New York,Retail
2025-02-17,2126.72,336.19,7,Software,San Francisco,Online
2025-01-23,592.25,51.78,36,Furniture,Portland,Wholesale
2025-10-15,889.29,-1.63,8,Software,Portland,Wholesale
2025-06-02,1810.01,273.38,3,Furniture,Portland,Retail
2025-07-28,2392.15,416.03,9,Furniture,Boston,Retail
2025-04-18,1688.05,115.1,15,Furniture,New York,Retail
2025-05-21,972.71,188.66,9,Software,Austin,Online
2025-09-15,1004.45,231.13,8,Furniture,Austin,Online
2025-04-12,359.08,74.32,4,Electronics,San Francisco,Direct
2025-03-11,2028.26,615.27,5,Electronics,Chicago,Retail
2025-11-08,1235.27,225.05,1,Furniture,New York,Online
2025-01-17,1415.2,373.9,12,Software,Chicago,Online
2025-12-25,2471.17,888.63,8,Electronics,Boston,Direct
2025-03-08,709.99,156.54,1,Furniture,Denver,Retail
2025-08-15,559.61,-32.46,26,Software,San Francisco,Wholesale
2025-07-16,1789.55,587.89,7,Software,New York,Direct
2025-08-23,1547.37,279.28,7,Furniture,Boston,Direct
2025-07-01,1768.95,552.92,11,Electronics,Boston,Direct
2025-03-31,852.04,191.39,13,Furniture,New York,Online
2025-07-09,1303.83,421.73,19,Software,Boston,Retail
2025-07-30,3928.96,390.18,24,Office Supplies,Chicago,Wholesale
2025-05-13,1589.94,250.65,1,Furniture,New York,Direct
2025-07-13,3004.4,890.59,11,Electronics,Seattle,Direct
2025-05-19,709.86,79.17,2,Office Supplies,Portland,Direct
2025-12-22,322.71,17.32,13,Furniture,Seattle,Online
2025-02-10,1008.53,199.34,15,Electronics,San Francisco,Wholesale
2025-07-02,3909.28,876.42,9,Electronics,New York,Retail
2025-05-10,820.55,139.87,17,Office Supplies,Boston,Wholesale
2025-10-23,1574.31,-55.71,5,Office Supplies,Denver,Online
2025-10-24,463.86,39.23,24,Electronics,Seattle,Wholesale
2025-10-06,1892.39,-139.67,10,Software,New York,Online
2025-02-14,336.31,80.81,7,Software,Boston,Online
2025-10-30,1497.89,102.34,5,Electronics,Denver,Retail
2025-07-26,3587.1,188.55,14,Furniture,New York,Wholesale
2025-11-17,1812.33,525.55,2,Software,Boston,Direct
2025-08-30,1859.71,233.34,32,Office Supplies,Chicago,Wholesale
2025-12-17,1532.57,259.26,4,Electronics,Austin,Wholesale
2025-02-18,1354.56,108.11,19,Office Supplies,Portland,Wholesale
2025-05-29,1686.7,244.57,1,Furniture,New York,Online
2025-05-11,150.07,1.22,13,Software,San Francisco,Wholesale
2025-05-06,1154.35,121.03,13,Electronics,Boston,Wholesale
2025-02-21,409.64,12.72,1,Furniture,New York,Direct
2025-05-06,571.43,61.94,40,Software,Portland,Wholesale
2025-01-06,1376.56,98.67,31,Office Supplies,Denver,Wholesale
2025-02-28,1533.54,323.16,10,Furniture,Portland,Direct
2025-05-16,1199.76,267.45,13,Furniture,Boston,Retail
2025-08-14,1567.19,188.63,41,Furniture,Seattle,Wholesale
2025-11-01,519.06,83.49,4,Software,San Francisco,Direct
2025-01-16,1830.5,215.36,41,Office Supplies,Austin,Wholesale
2025-03-13,416.06,56.58,13,Furniture,Seattle,Retail
2025-05-31,1141.85,72.15,2,Furniture,Chicago,Online
2025-03-22,1980.16,239.61,24,Software,San Francisco,Wholesale
2025-05-09,1523.69,152.93,26,Office Supplies,Denver,Wholesale
2025-03-11,494.63,41.3,8,Office Supplies,Portland,Retail
2025-03-03,1471.97,545.36,3,Electronics,New York,Retail
2025-05-28,783.26,48.09,16,Furniture,Boston,Wholesale
2025-01-20,1973.3,636.46,16,Software,Portland,Retail
2025-07-21,3132.52,404.64,6,Office Supplies,Seattle,Retail
2025-02-12,521.9,79.43,19,Office Supplies,San Francisco,Wholesale
2025-12-21,2788.09,1129.7,9,Electronics,Seattle,Direct
2025-07-31,908.99,88.58,2,Electronics,Austin,Wholesale
2025-06-08,1323.36,406.42,7,Electronics,Denver,Online
2025-11-09,972.55,294.18,19,Software,Denver,Retail
2025-08-23,1703.37,345.38,7,Software,Chicago,Retail
2025-12-09,2466.17,283.85,14,Furniture,San Francisco,Retail
2025-01-05,432.36,151.05,8,Electronics,New York,Direct
2025-07-21,2287.81,374.39,10,Furniture,San Francisco,Direct
2025-07-28,3869.57,1219.19,2,Electronics,Boston,Retail
2025-07-12,4093.95,871.59,6,Furniture,Chicago,Online
2025-12-15,1363.43,479.72,2,Electronics,Portland,Online
2025-05-28,1989.39,284.55,14,Furniture,New York,Retail
2025-04-02,717.78,143.89,9,Furniture,Chicago,Online
2025-08-05,1486.87,170.31,4,Software,Chicago,Wholesale
2025-05-05,371.81,174.61,3,Software,Austin,Retail
2025-05-23,2066.44,270.63,15,Furniture,New York,Online
2025-11-12,695.19,145.0,5,Furniture,New York,Direct
2025-11-16,1640.16,178.86,10,Furniture,Portland,Retail
2025-11-11,1352.8,274.71,2,Office Supplies,Austin,Online
2025-06-19,1913.82,617.47,10,Software,New York,Direct
2025-08-21,425.19,32.91,40,Software,Austin,Wholesale
2025-04-01,332.97,94.82,6,Electronics,New York,Retail
2025-10-25,704.78,-30.42,1,Office Supplies,New York,Direct
2025-09-22,1667.27,81.37,33,Furniture,Boston,Wholesale
2025-10-18,1271.63,-1.73,44,Furniture,San Francisco,Wholesale
2025-08-17,1740.03,244.55,23,Furniture,Denver,Wholesale
2025-09-20,2336.35,708.16,9,Electronics,Austin,Online
2025-12-11,1493.89,436.96,7,Electronics,New York,Online
2025-05-30,1328.3,214.89,8,Furniture,Boston,Retail
2025-10-20,1435.32,45.88,15,Office Supplies,Denver,Wholesale
2025-02-17,252.2,49.22,11,Office Supplies,Portland,Direct
2025-07-22,1402.17,156.83,22,Software,Denver,Wholesale
2025-10-17,1420.68,117.27,4,Furniture,Portland,Direct
2025-10-02,1894.64,-22.0,4,Office Supplies,Seattle,Online
2025-01-04,1084.0,175.55,6,Furniture,Denver,Online
2025-08-10,420.22,21.7,9,Software,Portland,Online
2025-02-23,1097.7,160.64,16,Furniture,Denver,Online
2025-10-25,1636.35,-6.32,16,Furniture,Seattle,Retail
2025-02-15,2227.67,983.59,8,Electronics,Chicago,Direct
2025-06-11,2465.97,994.12,10,Software,Seattle,Direct
2025-03-23,202.89,4.76,11,Electronics,Boston,Direct
2025-03-12,815.89,159.53,5,Software,Austin,Online
2025-04-08,445.77,90.44,13,Software,Portland,Online
2025-11-04,363.2,75.39,12,Furniture,Denver,Online
2025-03-09,1496.71,604.07,11,Software,Boston,Direct
2025-06-27,1607.44,380.9,13,Office Supplies,Portland,Retail
2025-08-19,647.38,246.24,16,Software,Austin,Retail
2025-03-13,1688.71,474.13,2,Electronics,Chicago,Direct
2025-08-19,1430.29,346.55,10,Office Supplies,Denver,Direct
2025-12-18,473.0,98.06,1,Furniture,Austin,Online
2025-08-07,131.24,51.42,3,Software,Chicago,Online
2025-08-20,271.51,49.09,11,Office Supplies,Austin,Online
2025-07-19,303.34,62.13,1,Furniture,San Francisco,Online
2025-07-24,2792.23,701.8,12,Electronics,Chicago,Retail
2025-03-01,2293.17,503.97,43,Electronics,Denver,Wholesale
2025-01-08,415.64,58.98,8,Office Supplies,San Francisco,Retail
2025-04-07,1177.82,16.04,8,Furniture,New York,Wholesale
2025-06-29,699.52,277.87,15,Electronics,San Francisco,Online
2025-06-14,514.0,156.91,10,Furniture,Portland,Retail
2025-02-07,485.93,130.83,3,Office Supplies,Boston,Direct
2025-07-03,435.27,159.68,1,Electronics,Chicago,Retail
2025-11-28,1586.32,198.85,3,Electronics,New York,Wholesale
2025-07-02,1859.67,212.52,37,Electronics,Seattle,Wholesale
2025-08-30,1962.92,366.35,8,Office Supplies,Boston,Online
2025-02-06,711.41,76.21,8,Furniture,Portland,Retail
2025-01-12,1736.54,161.68,16,Office Supplies,New York,Wholesale
2025-09-11,678.4,179.82,7,Electronics,San Francisco,Online
2025-12-16,1214.28,337.49,11,Software,Portland,Online
2025-10-26,726.76,-2.31,9,Office Supplies,New York,Direct
2025-03-29,1786.39,193.97,39,Electronics,Seattle,Wholesale
2025-05-03,860.52,177.67,3,Software,New York,Retail
2025-06-02,513.39,85.92,10,Software,Portland,Online
2025-10-21,1969.73,-68.26,2,Furniture,Austin,Direct
2025-11-11,1315.16,426.97,2,Electronics,San Francisco,Direct
2025-08-24,298.18,59.54,14,Office Supplies,Boston,Retail
2025-01-03,247.03,51.76,11,Electronics,Seattle,Direct
2025-11-11,235.02,13.35,2,Software,New York,Direct
2025-09-25,783.73,230.4,9,Software,New York,Online
2025-12-22,139.37,44.0,9,Electronics,Portland,Online
2025-12-10,294.46,-1.12,2,Office Supplies,Portland,Online
2025-08-13,424.48,63.1,1,Furniture,Austin,Direct
2025-03-04,450.25,159.45,4,Software,Portland,Direct
2025-08-09,1110.59,215.02,14,Office Supplies,San Francisco,Online
2025-01-07,1165.7,417.92,14,Electronics,Portland,Online
2025-02-22,2259.5,323.71,16,Software,San Francisco,Wholesale
2025-02-27,401.0,68.48,13,Office Supplies,Denver,Online
2025-08-28,1017.81,217.77,18,Office Supplies,Denver,Retail
2025-09-22,1837.39,235.9,10,Furniture,Denver,Online
2025-02-26,1603.89,165.21,46,Office Supplies,Denver,Wholesale
2025-05-03,2021.43,274.01,21,Software,New York,Wholesale
2025-05-09,871.68,164.67,9,Software,Denver,Retail
2025-12-12,855.19,194.76,6,Software,Austin,Direct
2025-04-23,1889.31,767.55,3,Software,Chicago,Direct
2025-09-05,1451.24,437.26,10,Electronics,Austin,Direct
2025-07-03,681.41,165.93,7,Electronics,Seattle,Online
2025-02-27,1326.46,225.29,12,Software,Chicago,Retail
2025-03-28,2979.19,950.98,12,Electronics,New York,Online
2025-06-02,802.25,98.14,28,Furniture,Seattle,Wholesale
2025-01-03,3029.26,771.61,13,Office Supplies,Seattle,Direct
2025-07-12,2553.54,383.91,13,Furniture,New York,Online
2025-05-22,1380.26,561.86,20,Electronics,Denver,Retail
2025-08-23,1730.46,139.62,40,Furniture,Portland,Wholesale
2025-12-05,1558.33,251.84,1,Software,Austin,Online
2025-02-18,314.77,35.17,7,Software,Denver,Retail
2025-03-19,650.38,104.58,6,Software,Austin,Wholesale
2025-06-16,2001.03,188.98,18,Furniture,San Francisco,Wholesale
2025-07-30,504.55,81.02,2,Software,Chicago,Online
2025-01-15,1068.16,144.37,5,Furniture,Boston,Direct
2025-12-04,1770.47,371.61,10,Furniture,Boston,Direct
2025-02-04,1842.36,575.0,2,Software,New York,Online
2025-05-20,1729.94,403.45,7,Office Supplies,New York,Direct
2025-01-10,275.05,15.82,12,Software,Austin,Online
2025-09-03,2224.83,310.81,5,Furniture,Chicago,Online
2025-12-13,3240.09,1198.35,7,Electronics,Boston,Direct
2025-03-01,599.47,51.21,6,Office Supplies,Portland,Wholesale
2025-07-29,809.23,118.22,41,Electronics,San Francisco,Wholesale
2025-09-30,1663.73,258.26,21,Office Supplies,Portland,Retail
2025-03-07,957.14,303.44,10,Electronics,Boston,Online
2025-12-23,386.33,-1.87,10,Furniture,Boston,Online
2025-03-07,508.0,3.24,7,Office Supplies,Chicago,Direct
2025-07-27,3840.22,558.32,30,Electronics,New York,Wholesale
2025-07-09,3605.31,746.98,9,Software,San Francisco,Wholesale
2025-10-01,286.2,76.28,29,Electronics,New York,Wholesale
2025-06-08,1114.87,172.37,37,Electronics,Denver,Wholesale
2025-01-05,4500.0,1245.59,7,Electronics,Boston,Online
2025-05-23,1445.29,599.4,10,Electronics,Boston,Online
2025-10-17,312.32,-7.12,5,Electronics,New York,Direct
2025-01-06,1775.41,354.29,19,Electronics,Denver,Wholesale
2025-11-16,2027.31,256.74,43,Software,Chicago,Wholesale
2025-06-21,1491.3,384.98,4,Office Supplies,Boston,Direct
2025-06-22,1190.06,98.56,24,Office Supplies,Chicago,Wholesale
2025-12-30,913.39,244.87,10,Electronics,New York,Online
2025-10-18,2342.75,49.9,8,Furniture,New York,Retail
2025-01-31,1263.69,489.53,15,Electronics,San Francisco,Retail
2025-11-04,2629.07,542.11,16,Office Supplies,Seattle,Online
2025-04-17,271.37,87.8,9,Software,New York,Direct
2025-01-07,1433.53,326.88,15,Office Supplies,Portland,Retail
2025-09-07,2822.27,579.63,18,Electronics,New York,Wholesale
2025-01-28,532.59,162.1,5,Office Supplies,Seattle,Direct
2025-02-17,2246.19,454.11,13,Furniture,New York,Online
2025-07-26,4500.0,1761.9,4,Electronics,Seattle,Direct
2025-01-23,1834.44,457.74,10,Electronics,Austin,Retail
2025-08-04,872.27,38.52,40,Office Supplies,Austin,Wholesale
2025-06-10,1174.1,211.14,17,Furniture,Austin,Retail
2025-05-06,1258.35,270.63,11,Office Supplies,Chicago,Direct
2025-01-06,1010.07,159.03,1,Office Supplies,Chicago,Online
2025-12-11,252.03,57.98,7,Office Supplies,Boston,Direct
2025-09-11,1033.57,290.49,8,Electronics,Chicago,Direct
2025-06-10,703.37,310.91,16,Electronics,San Francisco,Online
2025-06-02,870.07,169.9,1,Office Supplies,Chicago,Direct
2025-08-12,2513.59,347.04,15,Furniture,Seattle,Online
2025-01-19,1587.76,305.07,11,Electronics,Austin,Online
2025-08-04,1280.9,445.47,7,Electronics,San Francisco,Retail
2025-07-16,1174.87,151.07,34,Office Supplies,Austin,Wholesale
2025-08-12,1341.5,359.2,7,Software,Chicago,Direct
2025-06-21,2230.13,370.41,14,Furniture,Boston,Retail
2025-12-05,1561.4,310.19,9,Software,Portland,Online
2025-02-26,116.18,32.49,8,Office Supplies,San Francisco,Retail
2025-09-21,793.01,165.3,13,Office Supplies,Denver,Retail
2025-08-11,1023.61,156.65,5,Electronics,Portland,Wholesale
2025-03-12,1584.49,282.04,5,Software,Boston,Retail
2025-07-30,564.38,12.56,20,Furniture,Denver,Wholesale
2025-06-10,241.06,113.74,2,Electronics,Chicago,Retail
2025-05-20,2489.44,773.91,15,Electronics,Seattle,Retail
2025-06-17,296.53,-6.58,2,Office Supplies,Denver,Online
2025-03-17,2271.47,299.6,4,Office Supplies,Seattle,Retail
2025-07-05,2756.04,670.07,8,Office Supplies,Portland,Online
2025-11-24,703.87,152.44,11,Office Supplies,New York,Direct
2025-08-17,1734.91,485.24,10,Electronics,Austin,Direct
2025-07-27,2779.53,621.27,13,Furniture,New York,Retail
2025-02-06,224.59,21.15,15,Office Supplies,Chicago,Wholesale
2025-11-21,1443.48,233.7,1,Office Supplies,Portland,Online
2025-08-24,1851.64,436.19,1,Furniture,New York,Direct
2025-04-05,2998.35,882.02,2,Software,Seattle,Online
2025-05-22,1022.31,169.44,10,Office Supplies,New York,Online
2025-02-07,1287.24,201.21,16,Office Supplies,San Francisco,Retail
2025-10-25,429.29,7.04,12,Office Supplies,Seattle,Retail
2025-05-03,2291.88,337.96,4,Office Supplies,Boston,Online
2025-08-24,2137.16,668.91,9,Electronics,Seattle,Online
2025-02-14,1738.92,298.92,5,Office Supplies,Chicago,Online
2025-06-01,1624.06,411.96,4,Software,New York,Direct
2025-02-23,824.62,103.59,34,Furniture,Boston,Wholesale
2025-11-08,612.67,103.61,7,Furniture,Denver,Online
2025-03-08,3643.22,812.01,1,Office Supplies,Austin,Direct
2025-01-07,2560.28,218.45,15,Furniture,Seattle,Online
2025-08-16,1619.52,512.78,10,Software,Seattle,Retail
2025-10-07,1824.79,20.19,8,Electronics,Denver,Retail
2025-12-17,2930.7,878.44,16,Electronics,Seattle,Retail
2025-12-04,1674.71,241.89,13,Furniture,Portland,Online
2025-01-14,310.55,37.04,17,Furniture,San Francisco,Retail
2025-01-09,179.51,17.69,3,Office Supplies,New York,Retail
2025-10-13,2121.96,-70.53,2,Office Supplies,New York,Direct
2025-12-17,4026.48,1144.86,13,Electronics,Seattle,Online
2025-02-09,1702.85,170.55,6,Furniture,Portland,Direct
2025-11-10,496.27,100.63,4,Furniture,New York,Online
2025-01-28,2852.86,543.03,2,Electronics,San Francisco,Online
2025-12-29,1415.42,400.33,3,Electronics,Boston,Online
2025-09-29,1354.84,97.87,19,Furniture,Portland,Retail
2025-11-06,1729.66,565.29,7,Electronics,Portland,Direct
2025-05-16,1425.72,266.37,6,Software,Chicago,Wholesale
2025-02-04,1402.12,260.64,4,Office Supplies,Portland,Direct
2025-02-20,349.47,114.75,19,Software,San Francisco,Retail
2025-09-10,1314.73,407.88,6,Electronics,San Francisco,Direct
2025-05-15,2210.74,298.6,11,Furniture,Boston,Retail
2025-11-02,301.88,34.14,2,Software,Denver,Direct
2025-11-13,1241.48,225.94,7,Furniture,New York,Direct
2025-04-16,2455.46,412.76,8,Furniture,Seattle,Direct
2025-07-25,3126.6,407.67,12,Furniture,Boston,Retail
2025-01-18,1353.27,213.79,5,Office Supplies,San Francisco,Direct
2025-12-23,2017.02,308.66,9,Software,New York,Online
2025-01-27,204.32,21.0,17,Furniture,San Francisco,Online
2025-04-16,564.45,171.44,1,Electronics,Boston,Direct
2025-06-08,2083.28,287.29,8,Furniture,Boston,Online
2025-10-22,2175.64,44.13,6,Office Supplies,San Francisco,Retail
2025-07-07,2156.78,535.06,2,Office Supplies,Austin,Direct
2025-10-06,1643.98,20.49,15,Electronics,Seattle,Online
2025-07-20,1842.75,349.2,14,Software,New York,Retail
2025-04-25,2137.21,521.18,18,Electronics,Portland,Retail
2025-08-01,2031.15,214.85,1,Furniture,New York,Direct
2025-10-08,1831.37,38.04,28,Software,Portland,Wholesale
2025-06-08,296.76,111.99,15,Software,Denver,Online
2025-11-20,1155.45,313.31,6,Electronics,Denver,Online
2025-01-14,1716.46,198.47,24,Software,Portland,Wholesale
2025-12-13,366.66,20.99,1,Furniture,Chicago,Retail
2025-07-26,1892.14,86.83,45,Furniture,Austin,Wholesale
2025-01-05,1855.3,404.89,2,Software,San Francisco,Direct
2025-06-27,804.89,257.53,1,Electronics,Denver,Direct
2025-12-18,650.4,89.19,9,Office Supplies,Boston,Online
2025-07-27,381.36,69.68,11,Furniture,Chicago,Wholesale
2025-04-24,102.03,16.32,5,Software,Portland,Direct
2025-05-13,834.43,36.6,39,Office Supplies,New York,Wholesale
2025-01-29,1251.9,233.68,8,Office Supplies,Austin,Online
2025-12-27,294.93,37.11,6,Software,New York,Online
2025-02-02,2547.52,341.27,2,Furniture,Seattle,Retail
2025-09-17,627.13,185.51,11,Software,Boston,Retail
2025-09-24,1211.09,194.48,2,Office Supplies,Austin,Online
2025-01-27,411.1,153.06,2,Software,Chicago,Direct
2025-04-11,123.33,-15.52,13,Office Supplies,New York,Retail
2025-09-13,2144.27,666.63,19,Electronics,Denver,Retail
2025-07-20,513.06,107.94,17,Software,Portland,Retail
2025-05-31,1741.02,601.03,2,Electronics,Austin,Online
2025-11-17,278.98,46.4,7,Office Supplies,Boston,Online
2025-02-16,1245.7,215.19,12,Software,Denver,Online
2025-12-18,1315.33,392.2,14,Electronics,Boston,Online
2025-05-28,2164.29,531.61,7,Office Supplies,New York,Online
2025-12-24,1670.76,534.58,14,Software,Denver,Online
2025-06-12,1254.36,115.87,12,Office Supplies,Boston,Retail
2025-10-16,820.9,3.08,11,Furniture,Chicago,Retail
2025-10-03,974.04,29.49,15,Furniture,Austin,Online
2025-10-26,755.72,18.69,1,Software,Denver,Direct
2025-12-31,149.86,41.75,3,Furniture,Boston,Direct
2025-05-19,402.62,32.02,1,Furniture,Boston,Retail
2025-05-16,2220.27,179.77,34,Software,Boston,Wholesale
2025-11-18,1334.48,86.72,21,Furniture,Boston,Wholesale
2025-07-09,2725.36,284.77,35,Electronics,New York,Wholesale
2025-04-14,1271.57,304.17,4,Furniture,Boston,Online
2025-03-16,1711.31,202.21,17,Office Supplies,Austin,Wholesale
2025-04-01,1822.27,153.27,21,Office Supplies,New York,Retail
2025-01-25,819.75,288.52,18,Software,Austin,Retail
2025-08-25,641.52,148.3,4,Office Supplies,Portland,Retail
2025-01-29,901.76,311.09,12,Software,New York,Retail
2025-03-06,561.61,83.21,18,Furniture,Austin,Retail
2025-01-08,178.87,10.65,15,Furniture,Portland,Online
2025-08-11,2919.81,310.06,25,Electronics,New York,Wholesale
2025-09-07,1036.7,141.76,16,Electronics,Chicago,Wholesale
2025-12-12,1675.79,461.91,11,Electronics,San Francisco,Direct
2025-07-28,2426.89,937.44,8,Electronics,Chicago,Direct
2025-08-31,1715.14,354.89,18,Software,New York,Retail
2025-01-22,1287.23,415.93,13,Software,Boston,Direct
2025-05-26,1133.63,247.57,9,Furniture,Austin,Direct
2025-01-24,1842.31,855.1,2,Electronics,San Francisco,Direct
2025-09-29,1917.15,288.31,2,Office Supplies,Boston,Online
2025-07-20,995.75,186.4,6,Electronics,Chicago,Direct
2025-07-19,251.77,67.81,10,Electronics,Portland,Direct
2025-10-30,4500.0,472.48,1,Electronics,Seattle,Direct
2025-04-02,565.29,122.18,3,Office Supplies,New York,Retail
2025-08-21,469.71,51.1,33,Electronics,San Francisco,Wholesale
2025-01-10,573.7,131.68,6,Electronics,New York,Direct
2025-09-25,572.01,92.18,4,Software,Boston,Retail
2025-07-21,527.63,69.07,4,Software,New York,Direct
2025-03-29,1405.29,288.91,2,Office Supplies,Denver,Direct
2025-09-11,1570.77,281.67,3,Furniture,Chicago,Online
2025-03-12,2662.99,260.89,6,Electronics,Austin,Wholesale
2025-05-09,230.77,8.35,15,Electronics,Boston,Online
2025-09-04,206.32,31.49,5,Furniture,Denver,Retail
2025-09-28,1585.52,171.99,4,Software,Portland,Wholesale
2025-08-03,820.19,148.17,4,Furniture,Seattle,Direct
2025-03-15,1287.58,245.44,2,Furniture,Austin,Direct
2025-08-28,2294.96,762.1,1,Electronics,Boston,Direct
2025-01-07,1167.97,340.25,12,Software,Denver,Direct
2025-07-31,2524.47,487.27,10,Furniture,Denver,Direct
2025-01-17,804.01,83.91,5,Office Supplies,Austin,Retail
2025-10-14,1039.68,66.98,8,Software,Denver,Direct
2025-12-26,2752.02,468.4,15,Electronics,San Francisco,Wholesale
2025-12-16,527.21,77.08,1,Software,San Francisco,Wholesale
2025-07-02,561.7,101.32,1,Furniture,Chicago,Online
2025-03-30,1580.4,311.45,16,Office Supplies,Chicago,Online
2025-05-27,1252.1,279.07,12,Software,Seattle,Online
2025-03-07,1713.03,262.6,2,Furniture,Portland,Online
2025-09-22,1927.16,425.15,12,Software,New York,Retail
2025-01-01,1655.75,100.03,14,Furniture,Boston,Wholesale
2025-12-05,1160.39,199.37,10,Software,Boston,Direct
2025-02-02,1068.68,44.47,21,Furniture,Denver,Wholesale
2025-12-05,1998.27,323.31,10,Electronics,Chicago,Wholesale
2025-03-14,980.79,103.36,3,Office Supplies,Seattle,Wholesale
2025-05-11,1708.73,522.34,10,Software,Austin,Direct
2025-10-31,2040.79,-37.81,10,Furniture,New York,Online
2025-08-21,2058.12,813.38,12,Electronics,New York,Direct
2025-04-28,1995.7,501.32,5,Office Supplies,San Francisco,Direct
2025-08-20,143.96,53.46,10,Office Supplies,New York,Online
2025-11-18,1038.73,34.11,39,Office Supplies,Boston,Wholesale
2025-07-17,2962.43,353.51,18,Electronics,Chicago,Wholesale
2025-03-05,555.32,242.54,9,Software,Seattle,Direct
2025-02-21,2606.99,984.4,10,Electronics,Boston,Direct
2025-01-16,114.0,-6.6,3,Furniture,Denver,Retail
2025-02-24,1048.65,107.95,9,Office Supplies,San Francisco,Wholesale
2025-01-12,188.02,-24.62,9,Office Supplies,Portland,Online
2025-12-29,1568.31,213.04,1,Furniture,Boston,Direct
2025-10-27,1799.03,55.43,13,Furniture,Austin,Online
2025-08-07,388.65,82.88,14,Office Supplies,San Francisco,Online
2025-09-07,1358.01,456.59,10,Software,Portland,Online
2025-05-25,1697.23,225.87,40,Office Supplies,New York,Wholesale
2025-08-20,1343.8,246.93,11,Office Supplies,Chicago,Direct
2025-10-27,3466.38,87.08,9,Office Supplies,Chicago,Retail
2025-06-11,1405.15,501.54,12,Electronics,Denver,Online
2025-05-13,344.85,62.6,15,Furniture,San Francisco,Retail
2025-02-19,92.0,34.94,15,Office Supplies,Portland,Retail
2025-04-02,1380.88,134.52,12,Furniture,Chicago,Retail
2025-12-10,193.44,35.1,6,Electronics,Denver,Direct
2025-08-31,457.96,77.65,21,Software,Boston,Wholesale
2025-01-08,726.52,161.46,18,Office Supplies,Portland,Retail
2025-05-16,646.13,76.01,37,Office Supplies,Boston,Wholesale
2025-01-10,2944.93,413.44,6,Furniture,Seattle,Direct
2025-04-21,1389.9,269.63,11,Software,Chicago,Direct
2025-07-29,3262.32,1140.26,15,Electronics,Seattle,Retail
2025-01-09,2409.3,692.82,6,Electronics,San Francisco,Online
2025-12-01,2156.53,432.01,30,Electronics,New York,Wholesale
2025-04-04,1333.14,361.05,11,Software,New York,Online
2025-04-20,553.45,81.97,43,Furniture,Chicago,Wholesale
2025-06-13,370.4,99.42,8,Software,Boston,Retail
2025-01-03,1536.35,439.92,8,Electronics,San Francisco,Direct
2025-08-21,103.02,8.26,9,Furniture,Denver,Online
2025-04-10,1600.51,406.14,7,Office Supplies,Portland,Online
2025-08-04,1564.65,228.85,1,Electronics,Boston,Retail
2025-03-03,192.61,-4.3,10,Software,Denver,Direct
2025-01-06,1636.99,291.46,2,Software,Chicago,Retail
2025-11-21,1667.65,73.99,29,Furniture,Chicago,Wholesale
2025-01-27,1576.87,353.11,10,Office Supplies,New York,Retail
2025-08-06,627.14,45.74,11,Software,Denver,Retail
2025-11-11,2418.9,691.36,9,Office Supplies,Seattle,Direct
2025-03-15,959.39,246.54,13,Electronics,Denver,Retail
2025-10-04,1470.78,24.92,2,Office Supplies,Chicago,Direct
2025-01-29,2427.01,691.77,8,Electronics,Chicago,Retail
2025-02-09,1210.36,432.62,10,Software,New York,Online
2025-02-18,772.21,126.24,22,Electronics,Denver,Wholesale
2025-07-06,666.26,103.53,2,Software,Chicago,Retail
2025-02-22,670.27,122.73,10,Office Supplies,Denver,Retail
2025-07-04,2702.33,459.29,21,Electronics,Chicago,Wholesale
2025-10-23,528.98,45.19,5,Office Supplies,Seattle,Online
2025-01-24,1592.55,343.94,1,Office Supplies,Denver,Retail
2025-11-03,1423.24,497.82,1,Electronics,Denver,Direct
2025-07-02,3010.18,174.6,40,Furniture,New York,Wholesale
2025-05-27,484.17,212.25,11,Electronics,Portland,Direct
2025-09-18,782.08,73.03,24,Furniture,San Francisco,Wholesale
2025-09-27,123.58,4.67,10,Software,Portland,Wholesale
2025-06-18,531.58,177.38,8,Electronics,Denver,Retail
2025-04-15,850.25,112.99,6,Office Supplies,Austin,Retail
2025-03-27,929.2,313.46,4,Software,Seattle,Online
2025-09-09,1772.22,186.98,8,Furniture,Austin,Retail
2025-01-12,803.75,195.66,1,Software,Denver,Direct
2025-08-27,735.93,197.91,3,Electronics,New York,Online
2025-11-25,3080.89,573.32,28,Electronics,Boston,Wholesale
2025-04-27,2242.1,323.65,2,Office Supplies,San Francisco,Direct
2025-05-06,617.33,82.17,16,Furniture,Denver,Online
2025-07-17,4281.52,922.14,15,Furniture,Portland,Online
2025-11-02,340.6,70.31,2,Software,Austin,Online
2025-11-25,193.99,78.82,8,Office Supplies,Chicago,Direct
2025-08-11,1422.01,297.35,1,Software,Boston,Online
2025-12-17,1288.58,238.65,18,Furniture,Portland,Retail
2025-08-20,1115.98,140.95,24,Office Supplies,Portland,Wholesale
2025-06-05,3128.18,339.65,3,Office Supplies,Seattle,Wholesale
2025-11-11,316.38,77.21,1,Office Supplies,Seattle,Online
2025-07-21,4500.0,1398.99,1,Electronics,Seattle,Direct
2025-03-10,1775.79,404.67,21,Office Supplies,Seattle,Retail
2025-03-09,373.63,1.61,12,Software,Seattle,Wholesale
2025-01-02,2136.13,161.45,22,Office Supplies,New York,Wholesale
2025-10-08,1699.22,-4.55,3,Furniture,New York,Direct
2025-01-24,372.44,49.26,4,Furniture,Denver,Online
2025-10-02,320.82,14.97,10,Furniture,Denver,Direct
2025-07-17,3106.9,1195.11,2,Software,Denver,Direct
2025-11-28,4042.71,1243.43,8,Electronics,Seattle,Retail
2025-09-22,368.63,78.79,5,Furniture,New York,Direct
2025-02-09,1984.6,390.53,1,Furniture,Boston,Direct
2025-03-23,1804.59,582.96,8,Software,Denver,Retail
2025-07-08,3504.57,788.73,6,Software,Portland,Retail
2025-06-08,1293.8,250.77,9,Office Supplies,Austin,Direct
2025-07-09,4500.0,1972.14,2,Electronics,New York,Direct
2025-12-11,2000.6,408.47,15,Electronics,Denver,Retail
2025-09-07,2579.96,449.98,13,Office Supplies,Seattle,Direct
2025-06-30,440.31,174.27,10,Software,New York,Online
2025-06-04,217.46,64.57,5,Office Supplies,Chicago,Online
2025-09-25,847.41,148.05,10,Furniture,Boston,Online
2025-07-26,3329.79,730.15,12,Software,New York,Direct
2025-08-31,4500.0,530.02,20,Office Supplies,Austin,Wholesale
2025-11-29,1375.56,440.24,17,Software,San Francisco,Retail
2025-07-04,218.13,57.61,4,Furniture,San Francisco,Direct
2025-11-22,146.73,8.63,8,Software,Chicago,Direct
2025-08-22,421.28,106.48,14,Software,San Francisco,Online
2025-03-16,213.25,64.64,24,Office Supplies,San Francisco,Wholesale
2025-06-18,1324.69,84.69,25,Furniture,New York,Wholesale
2025-09-08,1612.26,242.31,17,Office Supplies,Austin,Retail
2025-09-05,963.82,125.35,9,Furniture,San Francisco,Retail
2025-03-12,863.89,161.24,3,Electronics,Boston,Wholesale
2025-05-23,941.03,394.64,2,Software,Portland,Direct
2025-09-04,1341.59,109.77,39,Furniture,New York,Wholesale
2025-01-07,985.1,260.29,34,Software,Boston,Wholesale
2025-01-01,1387.59,263.02,7,Furniture,Denver,Direct
2025-08-18,1207.84,298.18,16,Furniture,San Francisco,Retail
2025-04-07,917.55,122.3,27,Furniture,Portland,Wholesale
2025-04-17,278.44,71.27,1,Software,Portland,Direct
2025-12-07,1194.12,89.76,34,Software,Portland,Wholesale
2025-03-25,1259.62,380.82,9,Electronics,Denver,Online
2025-03-01,218.46,26.47,28,Office Supplies,Chicago,Wholesale
2025-07-11,284.28,52.92,4,Office Supplies,Portland,Online
2025-06-14,1492.23,222.45,10,Furniture,Boston,Online
2025-02-20,1532.96,328.51,7,Office Supplies,Boston,Retail
2025-07-20,2095.79,611.65,4,Software,San Francisco,Online
2025-04-22,869.5,174.56,10,Office Supplies,Denver,Retail
2025-06-20,1586.74,70.33,12,Furniture,Austin,Wholesale
2025-09-17,1884.66,170.34,42,Furniture,San Francisco,Wholesale
2025-05-22,2287.99,708.23,7,Electronics,Chicago,Online
2025-09-05,1463.55,171.75,10,Furniture,Austin,Retail
2025-08-15,2054.39,239.23,9,Office Supplies,Chicago,Retail
2025-02-28,1801.39,545.15,4,Software,Austin,Retail
2025-11-30,1218.34,120.6,2,Software,Portland,Wholesale
2025-03-13,1233.64,415.44,9,Software,Austin,Online
2025-01-29,2431.27,732.88,1,Electronics,Austin,Direct
2025-02-13,346.68,75.57,3,Office Supplies,Austin,Retail
2025-04-06,1414.76,71.06,16,Furniture,New York,Wholesale
2025-01-28,539.46,76.33,13,Software,San Francisco,Wholesale
2025-01-14,1657.5,511.86,16,Software,Denver,Retail
2025-10-14,2225.79,-70.79,26,Electronics,New York,Wholesale
2025-10-19,1308.9,15.42,6,Furniture,Austin,Online
2025-08-28,782.55,229.06,4,Office Supplies,New York,Direct
2025-12-31,514.74,87.7,4,Office Supplies,San Francisco,Online
2025-07-31,580.11,113.38,6,Software,San Francisco,Direct
2025-02-03,2380.9,743.13,4,Electronics,Denver,Online
2025-12-10,1815.18,153.0,13,Furniture,Denver,Online
2025-08-31,1158.78,420.6,4,Software,Portland,Direct
2025-12-20,1684.99,242.53,31,Electronics,Seattle,Wholesale
2025-03-08,218.07,66.22,29,Office Supplies,New York,Wholesale
2025-01-29,494.91,101.27,11,Office Supplies,Austin,Direct
2025-06-23,718.3,190.96,2,Electronics,Denver,Online
2025-10-12,1544.68,51.41,29,Office Supplies,Boston,Wholesale
2025-07-19,4500.0,944.63,1,Office Supplies,Chicago,Retail
2025-09-23,1410.12,202.19,12,Furniture,Chicago,Direct
2025-11-24,1943.35,234.2,7,Office Supplies,Austin,Direct
2025-01-20,407.02,5.16,7,Furniture,Seattle,Direct
2025-01-02,1714.29,284.98,8,Office Supplies,New York,Online
2025-04-18,1483.66,360.33,1,Office Supplies,Chicago,Retail
2025-06-17,699.59,88.73,13,Furniture,San Francisco,Online
2025-02-12,1130.53,405.38,15,Electronics,Chicago,Retail
2025-10-31,1606.53,31.07,9,Furniture,Denver,Wholesale
2025-01-17,943.12,102.56,8,Furniture,San Francisco,Direct
2025-06-05,2095.87,575.86,16,Software,Boston,Online
2025-07-19,498.13,92.36,7,Software,Portland,Online
2025-12-16,199.18,65.37,17,Office Supplies,San Francisco,Retail
2025-04-23,792.74,86.58,4,Furniture,Boston,Retail
2025-04-08,1128.64,171.33,34,Electronics,New York,Wholesale
2025-10-05,1955.47,85.05,14,Software,Boston,Online
2025-10-18,303.86,-7.42,5,Office Supplies,New York,Direct
2025-06-03,2500.23,372.69,24,Electronics,Chicago,Wholesale
2025-12-01,370.98,21.38,33,Furniture,Chicago,Wholesale
2025-08-29,122.44,-30.47,21,Furniture,Portland,Wholesale
2025-07-26,1557.71,332.72,1,Furniture,San Francisco,Direct
2025-11-22,774.83,61.04,23,Furniture,Boston,Wholesale
2025-06-19,3208.37,1025.08,4,Electronics,San Francisco,Online
2025-06-04,1031.41,174.07,14,Office Supplies,Denver,Online
2025-11-12,1677.0,343.43,13,Furniture,San Francisco,Retail
2025-02-24,555.16,96.41,10,Office Supplies,Austin,Retail
2025-03-11,710.11,187.73,17,Office Supplies,Portland,Retail
2025-08-29,609.79,24.35,20,Furniture,Chicago,Retail
2025-04-13,1232.54,184.34,12,Office Supplies,Boston,Online
2025-10-31,1083.45,4.55,21,Furniture,New York,Wholesale
2025-01-28,249.53,-32.24,44,Software,Boston,Wholesale
2025-10-26,610.37,36.51,6,Electronics,Austin,Retail
2025-03-23,332.97,132.41,7,Office Supplies,Portland,Direct
2025-12-07,345.75,74.78,28,Software,Austin,Wholesale
2025-09-29,2387.47,928.11,4,Electronics,San Francisco,Online
2025-07-22,1823.79,472.55,1,Software,Seattle,Retail
2025-04-18,1248.51,326.93,3,Office Supplies,Boston,Direct
2025-09-29,2088.79,504.84,10,Electronics,Portland,Retail
2025-05-24,1088.0,384.45,17,Electronics,New York,Retail
2025-08-07,870.78,181.42,5,Office Supplies,Denver,Online
2025-10-20,888.66,-29.31,8,Office Supplies,Boston,Online
2025-09-14,1842.36,561.28,8,Electronics,Seattle,Direct
2025-12-14,1511.77,392.25,1,Electronics,San Francisco,Retail
2025-09-13,997.12,344.9,6,Electronics,Chicago,Direct
2025-04-12,263.56,75.36,15,Electronics,Denver,Wholesale
2025-03-26,745.29,186.57,8,Software,San Francisco,Online
2025-04-23,449.72,68.93,31,Office Supplies,New York,Wholesale
2025-05-18,1469.86,390.76,6,Electronics,Austin,Direct
2025-09-25,351.98,102.13,3,Software,Portland,Direct
2025-11-18,1242.97,432.39,6,Software,Austin,Direct
2025-01-08,2243.78,343.53,26,Electronics,Chicago,Wholesale
2025-04-27,1560.15,206.0,2,Office Supplies,Boston,Direct
2025-08-20,1141.61,289.75,8,Electronics,Portland,Retail
2025-02-24,897.03,213.3,14,Software,San Francisco,Online
2025-11-18,2033.52,766.11,8,Software,New York,Direct
2025-05-21,1931.53,242.47,3,Office Supplies,Portland,Online
2025-02-19,580.2,124.79,7,Software,Austin,Retail
2025-11-16,2631.54,863.43,3,Software,Seattle,Online
2025-12-18,716.51,98.3,11,Office Supplies,San Francisco,Direct
2025-02-10,2627.72,471.01,4,Office Supplies,San Francisco,Retail
2025-09-06,1021.68,311.49,7,Electronics,Denver,Retail
2025-02-13,1646.37,346.83,15,Furniture,Austin,Retail
2025-10-26,1602.12,4.18,43,Software,Boston,Wholesale
2025-04-17,1722.32,619.16,8,Software,Chicago,Direct
2025-05-09,319.72,40.63,10,Furniture,Chicago,Direct
2025-09-09,145.72,8.47,5,Office Supplies,Seattle,Direct
2025-07-18,332.13,52.14,1,Office Supplies,Chicago,Wholesale
2025-03-25,1572.14,314.74,15,Software,Chicago,Online
2025-10-26,3084.77,6.01,7,Office Supplies,New York,Direct
2025-06-09,3571.95,1026.78,2,Electronics,Seattle,Retail
2025-03-07,207.86,125.45,10,Electronics,Boston,Direct
2025-12-16,306.41,81.04,25,Electronics,Austin,Wholesale
2025-10-04,1653.48,59.3,5,Office Supplies,Austin,Direct
2025-11-02,782.07,205.74,1,Software,Chicago,Direct
2025-06-26,1097.47,194.12,2,Furniture,New York,Direct
2025-06-28,1958.5,250.57,15,Furniture,New York,Retail
2025-08-26,1602.83,562.03,18,Electronics,Chicago,Retail
2025-08-03,236.87,33.19,29,Software,New York,Wholesale
2025-08-20,1816.96,498.04,3,Electronics,Seattle,Online
2025-08-26,764.59,185.9,8,Office Supplies,Portland,Direct
2025-12-26,416.0,70.25,6,Software,Portland,Online
2025-08-31,1595.26,360.79,10,Office Supplies,Chicago,Retail
2025-09-01,597.89,151.01,8,Software,Portland,Retail
2025-08-15,797.54,273.9,6,Software,Portland,Retail
2025-09-18,1672.47,344.27,11,Software,Chicago,Online
2025-05-24,416.16,159.31,14,Electronics,Chicago,Retail
2025-11-25,763.76,213.68,19,Software,Austin,Retail
2025-01-17,1171.81,378.95,8,Software,San Francisco,Direct
2025-02-20,875.64,251.61,1,Software,Portland,Direct
2025-07-26,2127.9,228.55,7,Electronics,Chicago,Wholesale
2025-05-05,2815.69,640.41,6,Office Supplies,Seattle,Direct
2025-09-05,92.96,15.46,13,Office Supplies,Denver,Wholesale
2025-06-18,800.69,98.28,13,Office Supplies,Chicago,Online
2025-12-30,832.75,105.22,5,Furniture,Chicago,Online
2025-12-14,627.64,199.39,19,Software,Boston,Retail
2025-06-26,1389.75,485.47,7,Software,Seattle,Direct
2025-01-27,2354.03,485.54,1,Furniture,Boston,Retail
2025-01-06,780.74,188.96,7,Furniture,Chicago,Direct
2025-02-15,2829.57,366.92,17,Software,Seattle,Wholesale
2025-05-24,2416.72,396.53,34,Electronics,Austin,Wholesale
2025-02-08,712.71,158.36,16,Electronics,Portland,Online
2025-01-25,1305.82,348.41,14,Office Supplies,Boston,Online
2025-12-03,1434.94,246.86,5,Furniture,New York,Direct
2025-09-26,2008.81,464.1,1,Electronics,Austin,Retail
2025-03-05,106.19,-33.27,2,Furniture,Austin,Direct
2025-09-11,1729.78,608.23,12,Software,Boston,Direct
2025-07-14,3737.0,299.45,10,Furniture,New York,Wholesale
2025-10-04,1129.83,28.88,1,Software,Boston,Online
2025-03-18,809.73,183.66,7,Office Supplies,New York,Direct
2025-05-23,1063.5,213.55,16,Furniture,Chicago,Online
2025-02-17,1410.87,263.24,22,Electronics,New York,Wholesale
2025-06-30,632.33,147.23,4,Furniture,Seattle,Direct
2025-11-12,390.98,56.65,7,Furniture,Denver,Online
2025-10-29,672.46,-24.33,10,Electronics,Portland,Direct
2025-08-01,1936.45,360.78,6,Office Supplies,Portland,Online
2025-05-14,271.17,6.59,17,Furniture,Portland,Retail
2025-05-28,195.8,22.45,5,Office Supplies,Portland,Retail
2025-07-05,2152.08,318.58,1,Furniture,Seattle,Direct
2025-02-15,1275.24,341.15,12,Software,Austin,Retail
2025-07-13,3790.88,1497.05,4,Electronics,Denver,Direct
2025-04-30,902.61,274.77,5,Software,San Francisco,Online
2025-04-09,541.0,38.96,8,Furniture,Austin,Online
2025-01-25,334.8,27.36,12,Office Supplies,Chicago,Online
2025-02-09,182.76,16.17,1,Software,Boston,Online
2025-08-20,1084.37,179.44,1,Office Supplies,Boston,Direct
2025-07-08,2328.05,340.57,19,Furniture,Seattle,Retail
2025-08-07,1619.27,387.84,14,Furniture,Austin,Online
2025-02-16,1393.97,132.92,7,Office Supplies,Denver,Online
2025-06-07,316.21,67.58,6,Electronics,New York,Direct
2025-01-27,541.02,214.7,13,Electronics,Chicago,Online
2025-06-28,1255.3,150.33,21,Software,San Francisco,Wholesale
2025-07-13,4500.0,655.83,7,Software,Chicago,Wholesale
2025-01-17,2456.63,505.73,14,Furniture,Seattle,Online
2025-06-15,1349.23,34.24,21,Furniture,Portland,Wholesale
2025-07-26,3782.5,682.15,7,Office Supplies,Boston,Online
2025-08-13,1275.51,474.96,4,Software,Austin,Direct
2025-12-07,1009.38,253.76,13,Electronics,San Francisco,Retail
2025-02-05,1167.15,228.07,1,Furniture,Chicago,Retail
2025-02-22,468.65,79.8,16,Software,New York,Retail
2025-04-23,1954.37,141.58,9,Furniture,Portland,Wholesale
2025-12-09,1857.65,417.23,3,Software,Portland,Retail
2025-06-09,1140.73,211.95,16,Electronics,Boston,Online
2025-10-18,641.63,5.14,7,Electronics,Portland,Online
2025-12-18,666.82,197.34,7,Software,Boston,Retail
2025-07-22,1096.35,351.81,9,Software,Denver,Retail
2025-07-14,1329.45,277.08,9,Furniture,Boston,Direct
2025-05-16,380.38,13.98,13,Furniture,Denver,Online
2025-04-01,1345.26,342.39,1,Office Supplies,New York,Direct
2025-07-27,2080.82,301.66,9,Software,Chicago,Wholesale
2025-01-29,1951.83,288.93,16,Furniture,Boston,Retail
2025-01-07,2968.04,270.47,10,Furniture,Austin,Online
2025-10-03,868.53,112.01,1,Software,Portland,Direct
2025-08-08,3425.74,256.22,5,Furniture,Denver,Wholesale
2025-02-22,1099.17,223.72,43,Software,Seattle,Wholesale
2025-11-21,1419.54,137.97,3,Office Supplies,Portland,Retail
2025-04-21,1475.93,240.42,3,Office Supplies,Seattle,Retail
2025-11-14,1179.9,280.33,16,Office Supplies,Portland,Retail
2025-03-14,1867.45,253.47,9,Office Supplies,Chicago,Retail
2025-02-16,1333.36,281.45,5,Software,New York,Direct
2025-02-13,1746.19,395.17,9,Furniture,New York,Direct
2025-11-21,2330.93,123.26,23,Furniture,Seattle,Wholesale
2025-09-02,1772.4,481.02,1,Electronics,Austin,Retail
2025-12-16,2740.87,667.59,13,Electronics,New York,Online
2025-08-10,177.26,65.99,10,Furniture,Boston,Retail
2025-11-10,188.71,45.75,1,Furniture,Chicago,Retail
2025-07-01,3591.0,1289.81,5,Electronics,San Francisco,Retail
2025-12-28,788.91,223.79,1,Office Supplies,Portland,Direct
2025-06-03,1296.27,262.03,3,Software,Chicago,Direct
2025-11-27,340.38,63.43,8,Electronics,Seattle,Online
2025-11-11,1223.43,224.82,12,Furniture,Austin,Retail
2025-05-29,2179.5,307.02,2,Office Supplies,Seattle,Retail
2025-12-04,1661.34,458.66,14,Electronics,Chicago,Retail
2025-10-19,2025.99,91.78,20,Software,New York,Wholesale
2025-06-15,473.91,49.13,12,Software,Portland,Online
2025-03-05,516.6,131.93,7,Electronics,New York,Retail
2025-10-15,3076.17,-139.7,18,Electronics,San Francisco,Retail
2025-11-12,1156.3,79.34,13,Furniture,Chicago,Wholesale
2025-02-26,1232.06,104.16,10,Furniture,Denver,Online
2025-07-31,4128.55,290.25,1,Furniture,New York,Wholesale
2025-03-28,310.57,88.66,17,Office Supplies,Boston,Retail
2025-10-14,1028.9,-35.09,2,Office Supplies,Boston,Direct
2025-02-04,1428.11,232.07,13,Software,Boston,Retail
2025-05-27,237.93,40.88,1,Software,San Francisco,Online
2025-08-27,383.26,109.18,8,Office Supplies,Austin,Online
2025-03-17,1294.8,143.3,9,Furniture,Portland,Direct
2025-02-01,1693.05,119.59,17,Furniture,Seattle,Wholesale
2025-01-12,431.77,16.32,1,Furniture,New York,Online
2025-11-27,762.09,117.24,24,Furniture,Denver,Wholesale
2025-01-20,229.1,-9.76,11,Furniture,Portland,Direct
2025-03-01,554.17,130.72,9,Electronics,Portland,Wholesale
2025-02-13,1201.17,183.75,18,Office Supplies,Boston,Retail
2025-12-10,1291.51,197.91,36,Electronics,New York,Wholesale
2025-07-01,3117.42,624.31,16,Software,Chicago,Retail
2025-08-12,805.15,13.71,4,Furniture,New York,Wholesale
2025-05-03,1328.22,417.3,1,Electronics,Portland,Retail
2025-10-18,459.62,27.12,16,Software,Portland,Retail
2025-03-14,189.1,43.34,12,Office Supplies,Seattle,Retail
2025-01-22,568.0,114.29,1,Office Supplies,Portland,Retail
2025-12-08,2097.57,108.6,31,Office Supplies,New York,Wholesale
2025-12-01,759.62,68.26,15,Furniture,San Francisco,Retail
2025-07-09,3499.2,1209.75,15,Software,Chicago,Retail
2025-10-31,1098.9,-80.34,2,Furniture,Portland,Direct
2025-05-26,1602.58,288.27,15,Electronics,Denver,Online
2025-05-16,375.67,75.73,9,Software,Denver,Direct
2025-07-04,4164.68,910.12,14,Electronics,Boston,Online
2025-07-16,4500.0,851.84,12,Electronics,Chicago,Retail
2025-10-12,557.03,86.38,1,Electronics,San Francisco,Direct
2025-07-16,1394.1,366.92,13,Software,Denver,Online
2025-01-23,1403.48,179.6,39,Furniture,Chicago,Wholesale
2025-01-24,1181.59,116.63,19,Office Supplies,Portland,Wholesale
2025-11-17,828.1,73.27,13,Office Supplies,New York,Wholesale
2025-05-20,2264.47,315.96,31,Electronics,Portland,Wholesale
2025-02-23,1871.11,451.9,16,Office Supplies,Boston,Retail
2025-02-23,1140.22,158.23,14,Furniture,Boston,Retail
2025-02-24,449.6,86.6,19,Electronics,New York,Wholesale
2025-07-09,4208.93,840.72,6,Furniture,Chicago,Direct
2025-11-14,400.86,94.13,18,Electronics,New York,Retail
2025-12-04,1886.33,536.33,2,Electronics,New York,Online
2025-07-19,3459.38,845.63,10,Electronics,Portland,Online
2025-01-04,1169.8,253.28,9,Software,Seattle,Direct
2025-01-06,416.23,113.2,14,Electronics,Denver,Retail
2025-12-31,2069.58,266.97,11,Software,Seattle,Retail
2025-11-23,3003.55,581.4,6,Office Supplies,Seattle,Direct
2025-09-10,2438.05,888.53,9,Electronics,San Francisco,Online
2025-06-16,942.85,201.49,7,Furniture,New York,Online
2025-12-12,2255.21,463.02,9,Electronics,Austin,Retail
2025-09-30,1087.31,207.74,23,Electronics,New York,Wholesale
2025-12-23,1952.05,568.1,8,Electronics,San Francisco,Direct
2025-04-19,2799.86,998.75,7,Electronics,San Francisco,Online
2025-08-31,2771.7,802.0,9,Electronics,San Francisco,Online
2025-05-11,1593.55,163.47,23,Electronics,Austin,Wholesale
2025-05-31,1349.96,220.13,8,Office Supplies,San Francisco,Direct
2025-04-25,931.12,87.22,6,Office Supplies,San Francisco,Retail
2025-09-04,1958.51,301.91,9,Furniture,Portland,Direct
2025-03-15,1706.56,311.74,24,Software,Chicago,Wholesale
2025-10-09,1562.63,36.58,36,Furniture,Austin,Wholesale
2025-09-05,1417.72,467.85,6,Software,Boston,Online
2025-05-18,2593.09,654.12,2,Electronics,Chicago,Online
2025-11-07,125.42,4.88,11,Furniture,Chicago,Online
2025-09-22,1776.84,209.25,30,Office Supplies,Boston,Wholesale
2025-10-21,646.29,8.8,29,Furniture,Seattle,Wholesale
2025-09-05,420.0,85.48,6,Office Supplies,Chicago,Wholesale
2025-06-10,1883.15,512.21,1,Software,New York,Direct
2025-04-14,1817.92,632.47,15,Electronics,Boston,Retail
2025-08-14,1346.66,321.74,10,Office Supplies,Boston,Online
2025-11-28,867.94,231.29,6,Software,Portland,Online
2025-10-29,2110.2,215.68,11,Electronics,Denver,Direct
2025-12-14,1893.04,493.75,6,Software,San Francisco,Direct
2025-12-21,456.73,74.85,16,Software,Chicago,Online
2025-01-13,775.47,213.06,11,Office Supplies,Denver,Direct
2025-07-21,1931.83,316.43,15,Office Supplies,Portland,Retail
2025-09-16,406.34,77.25,14,Office Supplies,Chicago,Retail
2025-04-07,1683.68,304.06,1,Office Supplies,Chicago,Direct
2025-05-24,3265.96,762.58,14,Electronics,Seattle,Retail
2025-01-09,1215.2,502.78,10,Electronics,Chicago,Retail
2025-07-18,3700.99,1204.09,6,Software,San Francisco,Online
2025-02-09,819.07,123.54,5,Office Supplies,San Francisco,Direct
2025-09-13,3025.91,1210.41,11,Electronics,Seattle,Direct
2025-11-02,909.67,123.43,44,Software,Portland,Wholesale
2025-10-17,648.95,30.33,35,Office Supplies,Chicago,Wholesale
2025-12-09,320.32,66.32,14,Office Supplies,Austin,Retail
2025-01-01,1277.86,320.29,9,Electronics,San Francisco,Direct
2025-08-28,664.8,179.52,6,Electronics,Portland,Online
2025-05-19,1776.95,325.16,10,Office Supplies,Seattle,Direct
2025-04-06,907.09,134.95,2,Furniture,Chicago,Online
2025-06-05,173.26,66.21,20,Software,San Francisco,Retail
2025-09-07,1415.65,316.43,7,Furniture,Chicago,Direct
2025-12-12,2076.42,531.02,13,Software,Seattle,Online
2025-01-31,1308.1,490.13,6,Electronics,Chicago,Online
2025-08-24,2870.65,894.65,7,Electronics,Boston,Retail
2025-05-25,585.03,183.94,5,Office Supplies,Chicago,Direct
2025-03-13,1627.92,400.59,14,Electronics,Chicago,Retail
2025-02-20,2734.77,1075.8,2,Electronics,San Francisco,Online
2025-05-24,1349.75,156.12,36,Furniture,New York,Wholesale
2025-10-13,1796.4,-85.4,13,Electronics,Seattle,Retail
2025-08-16,946.5,70.45,16,Office Supplies,Denver,Wholesale
2025-12-26,1205.04,226.45,8,Office Supplies,Boston,Direct
2025-01-27,1268.65,457.08,11,Electronics,Chicago,Online
2025-11-29,848.94,93.16,42,Software,New York,Wholesale
2025-04-29,732.22,136.39,27,Office Supplies,New York,Wholesale
2025-12-02,1763.38,429.24,3,Electronics,Denver,Retail
2025-07-10,2320.05,368.9,26,Software,San Francisco,Wholesale
2025-10-14,521.74,47.88,6,Electronics,San Francisco,Online
2025-09-03,1421.72,84.82,33,Furniture,Chicago,Wholesale
2025-05-17,1446.92,376.04,3,Furniture,San Francisco,Direct
2025-07-31,3496.49,1304.44,4,Software,New York,Direct
2025-08-09,1720.93,226.11,12,Furniture,Denver,Online
2025-05-14,859.68,161.71,5,Office Supplies,Seattle,Direct
2025-07-20,4500.0,552.4,4,Electronics,Boston,Wholesale
2025-08-04,431.7,170.64,7,Electronics,San Francisco,Direct
2025-03-19,839.64,330.77,4,Electronics,Seattle,Direct
2025-03-30,1079.93,271.13,5,Office Supplies,Portland,Direct
2025-11-05,1311.59,484.28,8,Electronics,New York,Retail
2025-06-03,163.01,11.89,42,Furniture,Denver,Wholesale
2025-06-19,809.05,153.79,16,Office Supplies,New York,Online
2025-10-18,2181.69,-70.55,5,Electronics,San Francisco,Wholesale
2025-06-25,401.59,-23.26,29,Office Supplies,San Francisco,Wholesale
2025-03-20,715.02,60.77,9,Electronics,Austin,Wholesale
2025-08-13,1139.9,515.76,11,Electronics,New York,Direct
2025-07-02,1825.76,229.23,16,Office Supplies,Portland,Wholesale
2025-02-16,1191.02,46.31,17,Furniture,Portland,Wholesale
2025-02-16,1718.26,613.7,4,Electronics,San Francisco,Direct
2025-10-27,1829.7,43.78,35,Software,San Francisco,Wholesale
2025-11-18,1777.56,393.08,14,Software,New York,Retail
2025-08-05,1295.21,296.65,10,Software,Seattle,Online
2025-04-23,2049.76,325.94,13,Office Supplies,Portland,Online
2025-03-14,904.06,80.83,5,Office Supplies,Portland,Online
2025-05-23,1556.5,209.32,14,Furniture,Denver,Online
2025-06-24,488.37,98.67,7,Office Supplies,Seattle,Online
2025-10-08,677.41,45.2,9,Software,Denver,Online
2025-11-13,616.96,244.44,8,Electronics,San Francisco,Direct
2025-05-07,673.95,178.76,1,Furniture,New York,Direct
2025-09-14,421.48,50.55,1,Furniture,Chicago,Online
2025-05-27,222.81,-11.95,4,Furniture,Seattle,Wholesale
2025-01-21,2006.42,334.19,42,Electronics,New York,Wholesale
2025-04-08,1468.92,257.35,3,Furniture,New York,Online
2025-06-09,937.11,146.41,6,Furniture,New York,Online
2025-12-27,264.34,41.85,5,Office Supplies,Portland,Direct
2025-11-16,299.45,72.78,1,Office Supplies,Seattle,Direct
2025-08-01,1381.07,304.23,43,Electronics,Denver,Wholesale
2025-08-16,855.21,84.72,27,Office Supplies,San Francisco,Wholesale
2025-05-07,912.91,148.36,16,Software,San Francisco,Retail
2025-06-19,373.81,145.97,11,Software,Denver,Online
2025-05-26,515.95,129.17,8,Electronics,Chicago,Direct
2025-01-06,1026.52,256.91,12,Electronics,Portland,Retail
2025-11-02,652.48,172.54,15,Office Supplies,San Francisco,Online
2025-01-04,1212.72,79.08,27,Furniture,San Francisco,Wholesale
2025-05-17,1914.68,195.4,17,Furniture,New York,Retail
2025-11-09,922.41,177.9,10,Software,Boston,Online
2025-05-20,1275.12,109.73,9,Furniture,Portland,Direct
2025-12-08,667.74,149.27,1,Electronics,Portland,Direct
2025-04-09,211.62,30.3,1,Furniture,Austin,Retail
2025-01-27,1273.58,231.23,5,Furniture,Boston,Online
2025-03-19,382.05,59.72,38,Software,Portland,Wholesale
2025-02-12,1031.23,240.27,13,Software,Boston,Online
2025-07-06,435.79,98.13,13,Electronics,San Francisco,Retail
2025-07-27,677.98,123.41,18,Furniture,Boston,Retail
2025-06-15,822.11,179.63,1,Office Supplies,Portland,Online
2025-07-19,1820.76,345.38,37,Electronics,New York,Wholesale
2025-05-06,1751.86,349.57,4,Furniture,San Francisco,Online
2025-09-17,845.35,186.54,18,Software,Chicago,Retail
2025-05-20,1037.16,134.86,10,Furniture,Portland,Direct
2025-03-07,748.52,90.55,5,Furniture,Austin,Direct
2025-10-03,1314.0,80.84,6,Software,Austin,Direct
2025-05-23,1584.38,267.94,2,Furniture,Austin,Direct
2025-10-16,1653.09,60.71,21,Electronics,Denver,Wholesale
2025-07-17,878.33,326.39,7,Electronics,Chicago,Direct
2025-10-25,160.97,29.9,7,Software,Seattle,Wholesale
2025-11-24,370.6,42.0,4,Electronics,San Francisco,Wholesale
2025-10-19,996.11,-35.71,5,Office Supplies,Denver,Wholesale
2025-09-22,1564.45,100.23,32,Office Supplies,Portland,Wholesale
2025-05-29,1662.42,203.39,12,Office Supplies,Denver,Retail
2025-04-10,941.62,206.09,1,Software,Portland,Direct
2025-02-14,2093.25,671.59,8,Electronics,Boston,Online
2025-11-09,1002.33,207.86,1,Electronics,New York,Wholesale
2025-03-08,1920.18,665.25,12,Software,Chicago,Retail
2025-01-17,175.06,63.16,43,Software,Austin,Wholesale
2025-12-02,1950.28,504.21,7,Electronics,Portland,Direct
2025-01-18,2156.59,271.46,4,Furniture,Boston,Online
2025-08-23,664.41,225.52,1,Software,Denver,Online
2025-06-11,381.38,149.25,3,Software,Austin,Direct
2025-01-03,2073.97,184.28,3,Electronics,New York,Wholesale
2025-11-01,1831.22,242.97,43,Furniture,Portland,Wholesale
2025-05-19,143.16,16.59,12,Furniture,Austin,Direct
2025-10-09,714.67,-25.05,10,Software,Portland,Wholesale
2025-06-06,1588.49,426.86,15,Electronics,New York,Online
2025-06-17,1308.13,100.11,9,Software,Denver,Wholesale
2025-07-18,1333.56,458.88,14,Electronics,Denver,Retail
2025-12-07,585.16,92.26,1,Software,Denver,Direct
2025-12-19,190.07,5.02,14,Office Supplies,Chicago,Retail
2025-02-20,1204.3,154.03,12,Furniture,Austin,Online
2025-08-29,1685.02,169.11,38,Office Supplies,Boston,Wholesale
2025-07-18,1932.94,146.97,24,Furniture,New York,Wholesale
2025-01-04,697.18,120.3,18,Furniture,Portland,Retail
2025-09-04,1619.18,699.07,8,Electronics,Boston,Direct
2025-12-26,1196.88,233.23,5,Electronics,Portland,Retail
2025-02-24,2426.84,459.08,13,Electronics,Portland,Online
2025-11-11,1485.19,298.03,43,Electronics,Austin,Wholesale
2025-06-15,424.22,50.71,4,Furniture,Austin,Direct
2025-05-30,472.34,95.81,2,Office Supplies,Chicago,Direct
2025-11-29,223.74,17.34,12,Office Supplies,San Francisco,Retail
2025-12-15,635.79,90.71,8,Office Supplies,Boston,Direct
2025-10-14,264.91,24.31,15,Furniture,Boston,Online
2025-05-20,317.03,67.54,7,Electronics,Boston,Online
2025-10-22,308.42,12.1,28,Office Supplies,Seattle,Wholesale
2025-11-03,3906.07,722.55,13,Electronics,Seattle,Online
2025-05-16,2309.62,616.72,1,Electronics,New York,Direct
2025-05-16,1465.12,143.95,25,Office Supplies,Boston,Wholesale
2025-07-27,4354.83,432.39,17,Office Supplies,San Francisco,Wholesale
2025-11-01,1379.47,305.26,16,Office Supplies,San Francisco,Retail
2025-01-29,1158.32,51.14,32,Furniture,Denver,Wholesale
2025-12-03,1471.35,385.0,2,Software,Austin,Online
2025-03-04,1936.69,476.53,9,Software,Boston,Online
2025-02-14,1685.06,514.75,5,Software,San Francisco,Retail
2025-08-24,1045.12,260.72,7,Electronics,San Francisco,Online
2025-03-23,1141.35,330.34,16,Electronics,Seattle,Online
2025-05-19,362.55,87.63,7,Electronics,San Francisco,Retail
2025-05-01,1657.26,497.75,9,Electronics,New York,Direct
2025-11-05,1857.76,663.01,3,Electronics,San Francisco,Online
2025-04-29,300.06,59.98,11,Electronics,Portland,Direct
2025-11-27,997.98,312.65,6,Electronics,Chicago,Retail
2025-05-23,1198.13,325.96,5,Office Supplies,Denver,Direct
2025-09-23,1702.62,133.8,44,Office Supplies,San Francisco,Wholesale
2025-09-26,1434.36,383.92,5,Electronics,Denver,Retail
2025-12-12,385.39,121.69,7,Software,San Francisco,Direct
2025-03-25,477.96,41.73,7,Furniture,Seattle,Online
2025-08-23,2497.81,418.48,13,Furniture,San Francisco,Retail
2025-08-03,1192.41,278.68,3,Office Supplies,Seattle,Retail
2025-10-05,2123.97,-108.11,2,Software,Boston,Wholesale
2025-03-18,738.23,281.35,1,Electronics,Chicago,Direct
2025-01-05,1429.43,574.58,4,Electronics,Austin,Direct
2025-07-01,841.49,210.56,7,Electronics,Boston,Online
2025-05-11,1620.79,453.22,7,Electronics,Chicago,Online
2025-01-18,958.37,42.16,7,Software,New York,Wholesale
2025-01-22,1094.44,189.05,7,Office Supplies,Chicago,Online
2025-10-01,1383.38,100.26,3,Electronics,New York,Direct
2025-12-19,573.08,163.44,12,Software,San Francisco,Online
2025-02-28,509.91,114.2,14,Furniture,Denver,Online
2025-02-08,824.61,213.04,9,Electronics,New York,Online
2025-05-26,696.22,263.72,15,Electronics,Boston,Online
2025-04-17,176.15,38.89,16,Software,Boston,Online
2025-11-13,435.66,87.14,1,Office Supplies,Denver,Online
2025-05-13,2490.7,191.88,31,Furniture,Seattle,Wholesale
2025-02-06,2079.33,617.19,3,Electronics,Chicago,Online
2025-04-08,162.37,83.31,1,Furniture,Boston,Direct
2025-09-23,929.63,48.57,26,Furniture,Austin,Wholesale
2025-03-24,643.63,188.14,4,Furniture,Portland,Direct
2025-04-26,1858.8,323.44,12,Office Supplies,San Francisco,Online
2025-09-27,812.73,234.8,15,Software,Portland,Retail
2025-05-18,762.6,154.13,13,Electronics,Boston,Retail
2025-04-07,312.82,11.7,36,Software,Chicago,Wholesale
2025-02-10,3998.9,813.87,3,Furniture,Austin,Retail
2025-06-08,240.17,42.27,15,Office Supplies,Austin,Retail
2025-08-25,2088.02,222.73,18,Furniture,San Francisco,Wholesale
2025-09-24,296.26,53.84,9,Office Supplies,Denver,Wholesale
2025-09-14,1045.69,368.88,14,Software,Austin,Retail
2025-08-28,1815.68,188.36,31,Office Supplies,Boston,Wholesale
2025-05-01,1762.46,153.89,38,Office Supplies,Boston,Wholesale
2025-07-04,281.8,100.95,8,Software,Chicago,Online
2025-12-06,374.32,16.34,1,Office Supplies,Boston,Retail
2025-07-24,4276.26,967.61,8,Software,New York,Online
2025-03-09,1719.0,178.73,18,Furniture,New York,Retail
2025-07-26,3527.57,968.82,8,Electronics,Austin,Direct
2025-04-28,1249.73,183.55,5,Furniture,Chicago,Retail
2025-05-13,1706.92,229.91,10,Office Supplies,Chicago,Direct
2025-06-25,1061.63,187.09,2,Office Supplies,Chicago,Wholesale
2025-05-05,2209.7,513.32,4,Electronics,Denver,Retail
2025-03-13,2526.5,719.68,3,Electronics,Boston,Online
2025-11-11,501.3,72.54,20,Electronics,Seattle,Wholesale
2025-11-25,2040.84,256.37,3,Furniture,Boston,Retail
2025-10-17,2137.35,101.58,5,Electronics,San Francisco,Retail
2025-05-04,387.36,64.65,18,Software,Portland,Retail
2025-03-12,1485.04,378.02,8,Software,Chicago,Online
2025-07-19,1182.44,113.2,41,Office Supplies,Austin,Wholesale
2025-08-21,657.6,68.02,8,Office Supplies,New York,Retail
2025-04-03,2067.02,852.9,1,Electronics,Seattle,Direct
2025-05-11,1972.07,791.45,17,Electronics,Seattle,Retail
2025-06-15,261.61,46.39,2,Software,Chicago,Wholesale
2025-03-31,741.98,142.37,14,Office Supplies,Chicago,Online
2025-01-27,1786.54,636.7,6,Electronics,Seattle,Direct
2025-07-22,1001.19,201.91,42,Software,Denver,Wholesale
2025-11-26,148.21,90.23,6,Software,New York,Direct
2025-11-07,1397.58,287.03,6,Furniture,Portland,Online
2025-07-10,2224.42,189.56,4,Furniture,San Francisco,Online
2025-07-31,3956.62,1091.58,6,Electronics,New York,Direct
2025-07-08,3884.24,741.92,3,Office Supplies,Austin,Direct
2025-03-12,1094.9,166.97,1,Electronics,Chicago,Wholesale
2025-04-22,4075.15,1248.94,15,Electronics,Seattle,Online
2025-05-15,621.76,193.34,6,Software,Portland,Retail
2025-10-22,257.6,-27.62,8,Electronics,Chicago,Direct
2025-08-11,2177.06,516.0,10,Electronics,San Francisco,Wholesale
2025-06-19,92.68,19.63,8,Office Supplies,Denver,Direct
2025-02-27,2719.15,468.6,18,Software,San Francisco,Retail
2025-07-31,300.71,102.33,12,Office Supplies,Boston,Direct
2025-10-03,229.84,16.75,6,Office Supplies,Portland,Wholesale
2025-12-28,1506.1,327.68,13,Office Supplies,Chicago,Direct
2025-01-16,2118.2,416.39,2,Office Supplies,San Francisco,Online
2025-04-10,1816.75,706.57,15,Electronics,Denver,Online
2025-03-31,633.76,71.47,19,Office Supplies,Chicago,Wholesale
2025-07-13,839.06,96.28,9,Office Supplies,Austin,Online
2025-03-24,1526.76,137.31,34,Furniture,Denver,Wholesale
2025-05-05,680.02,51.12,4,Software,Seattle,Wholesale
2025-09-21,1169.72,288.75,9,Furniture,Denver,Direct
2025-04-26,2041.69,569.76,7,Software,Chicago,Retail
2025-07-08,3589.75,325.7,11,Furniture,Denver,Wholesale
2025-12-18,465.53,11.1,13,Furniture,Austin,Direct
2025-12-18,448.45,49.41,8,Software,Chicago,Direct
2025-02-09,315.52,55.52,5,Furniture,Austin,Direct
2025-11-25,2478.85,824.6,14,Software,Seattle,Online
2025-08-30,1053.33,485.35,2,Electronics,Seattle,Direct
2025-11-29,2802.11,385.69,12,Office Supplies,Seattle,Wholesale
2025-05-02,1252.76,229.02,19,Software,Denver,Retail
2025-03-14,603.6,14.94,6,Furniture,Boston,Retail
2025-07-17,2307.51,227.87,28,Office Supplies,Portland,Wholesale
2025-06-19,490.03,60.01,17,Furniture,Portland,Retail
2025-08-13,2077.93,468.36,10,Software,Chicago,Direct
2025-08-14,513.28,53.29,25,Furniture,New York,Wholesale
2025-03-21,1820.28,532.14,15,Software,Chicago,Online
2025-11-24,1636.95,283.1,12,Furniture,Austin,Direct
2025-09-29,2475.79,862.0,4,Electronics,Seattle,Direct
2025-09-18,903.3,141.05,5,Office Supplies,New York,Direct
2025-02-27,1644.93,358.34,7,Software,San Francisco,Direct
2025-05-03,3412.21,760.71,15,Furniture,Portland,Online
2025-01-16,1963.97,685.9,5,Electronics,Chicago,Direct
2025-08-09,1492.7,653.18,1,Electronics,San Francisco,Direct
2025-03-09,1393.54,283.41,7,Office Supplies,Austin,Direct
2025-06-09,1855.51,266.36,15,Furniture,New York,Retail
2025-09-29,1810.3,372.36,14,Office Supplies,San Francisco,Retail
2025-12-12,2944.36,1064.2,19,Electronics,Boston,Retail
2025-04-04,793.5,110.08,7,Office Supplies,New York,Wholesale
2025-08-31,1418.81,459.65,6,Software,Seattle,Direct
2025-06-10,2009.92,204.3,11,Furniture,Seattle,Retail
2025-11-17,681.68,73.85,39,Software,Denver,Wholesale
2025-05-10,356.32,-15.92,5,Office Supplies,Seattle,Direct
2025-04-05,278.7,85.44,24,Electronics,Denver,Wholesale
2025-03-26,861.8,110.58,1,Furniture,Chicago,Retail
2025-09-17,3612.35,905.68,17,Office Supplies,Portland,Retail
2025-06-03,1104.37,229.75,12,Software,Boston,Retail
2025-12-15,881.87,306.83,19,Software,Boston,Retail
2025-11-16,1767.66,634.58,8,Electronics,Portland,Online
2025-08-25,1137.28,252.06,1,Electronics,Portland,Wholesale
2025-04-12,593.31,156.85,12,Electronics,Austin,Online
2025-12-04,338.31,16.23,9,Software,Chicago,Retail
2025-03-30,491.15,103.66,8,Electronics,Austin,Wholesale
2025-01-16,542.94,76.31,4,Furniture,Portland,Direct
2025-06-12,440.28,4.74,10,Electronics,New York,Wholesale
2025-03-28,277.63,26.25,1,Office Supplies,Portland,Direct
2025-02-01,1045.96,229.61,12,Software,Boston,Direct
2025-03-03,1968.82,309.38,37,Software,Boston,Wholesale
2025-02-08,296.67,93.26,10,Furniture,Boston,Direct
2025-06-29,1173.02,249.45,42,Electronics,Denver,Wholesale
2025-07-15,528.41,166.5,9,Software,Austin,Retail
2025-04-29,1518.94,356.96,14,Office Supplies,Austin,Retail
2025-04-21,349.17,74.85,12,Software,Austin,Online
2025-11-09,394.49,79.13,37,Software,Austin,Wholesale
2025-01-14,1314.77,187.46,3,Furniture,Austin,Wholesale
2025-08-23,2063.63,464.76,8,Software,Chicago,Direct
2025-04-27,2487.66,610.59,5,Electronics,New York,Retail
2025-03-11,1998.1,296.03,15,Software,Chicago,Wholesale
2025-12-18,4297.36,562.6,41,Office Supplies,Seattle,Wholesale
2025-01-08,1567.29,391.51,3,Software,San Francisco,Direct
2025-10-09,3031.93,41.38,7,Office Supplies,New York,Online
2025-03-07,2108.34,183.87,20,Furniture,San Francisco,Wholesale
2025-11-27,1496.75,189.94,3,Office Supplies,Denver,Online
2025-12-10,1466.59,282.33,22,Electronics,Chicago,Wholesale
2025-08-17,649.55,177.87,6,Office Supplies,Seattle,Direct
2025-07-05,1183.39,286.25,7,Software,Seattle,Online
2025-06-24,1933.86,209.3,5,Software,Chicago,Wholesale
2025-12-17,1072.37,82.67,2,Office Supplies,Austin,Direct
2025-02-22,1988.36,286.76,12,Office Supplies,Chicago,Online
2025-12-02,872.56,157.01,6,Office Supplies,Portland,Retail
2025-10-03,573.43,13.73,12,Furniture,Chicago,Online
2025-08-11,1084.34,121.41,8,Software,Chicago,Wholesale
2025-01-14,1658.04,226.06,11,Furniture,Boston,Direct
2025-06-29,1601.51,276.46,12,Office Supplies,Chicago,Online
2025-12-13,203.23,-0.7,6,Electronics,Seattle,Direct
2025-09-19,1148.68,190.38,5,Furniture,Portland,Direct
2025-06-20,2160.25,289.73,6,Office Supplies,San Francisco,Online
2025-10-19,1048.88,43.88,1,Electronics,Denver,Retail
2025-10-01,1633.4,-35.65,11,Software,New York,Retail
2025-09-15,462.05,138.73,2,Office Supplies,Portland,Direct
2025-08-15,1326.54,507.46,11,Software,Portland,Direct
2025-04-24,401.49,48.09,13,Software,New York,Online
2025-03-30,1413.92,305.22,5,Electronics,Portland,Online
2025-02-03,1883.94,186.25,34,Software,San Francisco,Wholesale
2025-12-19,653.92,194.94,15,Software,Chicago,Retail
2025-05-22,1931.44,687.72,2,Software,Chicago,Direct
2025-12-12,1738.49,188.89,34,Software,Denver,Wholesale
2025-07-21,1516.22,353.69,7,Furniture,New York,Direct
2025-10-05,1405.15,69.34,8,Electronics,New York,Online
2025-12-17,2232.08,692.34,13,Electronics,San Francisco,Online
2025-01-29,806.53,48.88,5,Office Supplies,Portland,Online
2025-06-13,1763.94,783.56,7,Electronics,Boston,Direct
2025-10-10,2193.77,-105.38,14,Electronics,San Francisco,Online
2025-04-09,1285.82,445.58,13,Software,Portland,Retail
2025-11-01,2587.62,340.1,9,Office Supplies,Seattle,Direct
2025-03-29,1772.9,240.13,12,Furniture,Seattle,Retail
2025-10-26,116.97,33.22,15,Electronics,Denver,Online
2025-12-19,841.02,92.41,43,Office Supplies,Denver,Wholesale
2025-09-05,2826.57,307.99,42,Furniture,Seattle,Wholesale
2025-05-23,1234.13,106.44,22,Office Supplies,San Francisco,Wholesale
2025-06-25,2549.03,386.72,42,Electronics,New York,Wholesale
2025-07-13,2949.49,1054.57,13,Electronics,Portland,Online
2025-03-29,221.09,30.56,4,Furniture,San Francisco,Online
2025-05-16,1389.24,131.38,37,Electronics,Seattle,Wholesale
2025-05-28,1352.43,123.79,7,Office Supplies,Denver,Wholesale
2025-04-03,1433.58,281.83,8,Office Supplies,San Francisco,Online
2025-03-23,100.15,43.81,4,Office Supplies,Denver,Online
2025-08-24,376.87,47.27,27,Office Supplies,Boston,Wholesale
2025-02-13,812.07,181.68,5,Furniture,New York,Retail
2025-08-19,930.56,110.57,13,Furniture,Chicago,Direct
2025-06-11,399.74,164.91,4,Electronics,Chicago,Retail
2025-12-20,2359.48,466.19,3,Furniture,Boston,Retail
2025-07-24,3503.65,842.24,8,Software,Seattle,Direct
2025-04-14,1007.49,189.96,14,Office Supplies,Boston,Online
2025-12-18,571.52,129.03,25,Office Supplies,Boston,Wholesale
2025-09-04,1492.11,441.66,11,Electronics,Austin,Online
2025-02-04,806.69,120.5,4,Office Supplies,San Francisco,Retail
2025-06-28,1064.69,189.58,4,Furniture,Chicago,Direct
2025-01-10,1750.61,411.61,14,Furniture,Portland,Retail
2025-09-03,186.5,84.4,13,Office Supplies,Austin,Retail
2025-07-29,3178.69,282.31,37,Office Supplies,San Francisco,Wholesale
2025-03-25,1467.5,293.7,17,Software,San Francisco,Wholesale
2025-11-22,1867.6,671.15,11,Electronics,Denver,Online
2025-05-29,667.31,329.26,5,Electronics,San Francisco,Direct
2025-02-18,1185.83,182.97,9,Office Supplies,Portland,Retail
2025-05-03,1213.61,342.95,15,Software,Portland,Retail
2025-06-23,2054.76,801.86,11,Electronics,Boston,Online
2025-11-24,437.6,90.78,8,Software,Chicago,Direct
2025-03-20,1542.25,448.23,2,Office Supplies,New York,Direct
2025-08-05,2036.68,481.59,9,Office Supplies,Chicago,Direct
2025-10-27,1106.76,27.85,14,Furniture,New York,Retail
2025-02-28,1561.92,425.54,11,Office Supplies,San Francisco,Online
2025-12-14,1264.56,310.92,7,Furniture,Portland,Direct
2025-04-27,1425.57,67.54,18,Software,Chicago,Wholesale
2025-05-02,1460.75,401.44,1,Software,Boston,Direct
2025-02-23,1481.16,96.87,41,Software,New York,Wholesale
2025-05-04,1551.14,96.23,16,Office Supplies,Chicago,Wholesale
2025-03-22,368.07,71.58,4,Furniture,Chicago,Direct
2025-04-22,147.98,92.74,13,Electronics,New York,Online
2025-04-01,390.41,65.29,29,Office Supplies,Denver,Wholesale
2025-05-02,346.96,61.38,3,Software,Boston,Direct
2025-08-26,1580.52,553.66,7,Software,Denver,Online
2025-05-27,252.32,64.34,1,Furniture,Austin,Online
2025-08-05,802.01,322.66,11,Software,Portland,Direct
2025-06-07,1976.62,683.34,6,Electronics,New York,Online
2025-11-10,2371.13,828.72,12,Electronics,San Francisco,Online
2025-11-05,596.29,149.84,15,Electronics,Boston,Online
2025-01-11,1148.08,111.51,9,Electronics,Denver,Retail
2025-01-23,803.11,147.94,40,Software,Portland,Wholesale
2025-01-19,2217.32,583.44,16,Electronics,New York,Online
2025-09-01,2061.19,328.11,16,Software,Seattle,Online
2025-05-30,474.39,93.35,27,Software,Portland,Wholesale
2025-04-20,4500.0,777.01,7,Software,Seattle,Retail
2025-05-11,460.75,10.35,29,Office Supplies,Boston,Wholesale
2025-12-10,1621.73,347.37,6,Furniture,Seattle,Direct
2025-10-13,1608.29,16.07,27,Furniture,New York,Wholesale
2025-06-01,3640.69,469.31,9,Furniture,New York,Direct
2025-03-22,1654.8,150.06,2,Furniture,Austin,Retail
2025-04-25,1526.92,488.01,16,Software,Seattle,Retail
2025-08-19,1769.54,362.78,12,Office Supplies,Denver,Online
2025-05-10,1230.11,355.69,3,Electronics,Portland,Direct
2025-03-06,1655.39,270.7,2,Software,Austin,Retail
2025-09-15,409.52,-21.39,1,Software,Boston,Wholesale
2025-07-01,556.24,246.31,8,Software,Denver,Direct
2025-06-17,1438.67,425.71,3,Software,Portland,Direct
2025-05-07,1788.5,273.4,4,Software,Austin,Online
2025-09-18,2820.49,584.33,8,Electronics,San Francisco,Retail
2025-12-24,2516.7,337.09,15,Software,Seattle,Online
2025-03-13,548.32,47.75,20,Office Supplies,Portland,Retail
2025-05-15,1058.95,117.57,4,Software,Boston,Wholesale
2025-09-27,872.33,70.53,5,Furniture,New York,Wholesale
2025-04-29,1093.95,217.65,17,Electronics,Chicago,Wholesale
2025-02-24,528.24,40.87,1,Office Supplies,Portland,Direct
2025-06-15,787.18,334.2,3,Software,Austin,Retail
2025-03-13,846.54,160.15,8,Furniture,Chicago,Retail
2025-10-01,989.03,-6.18,8,Furniture,Chicago,Wholesale
2025-04-16,859.57,133.18,12,Office Supplies,Denver,Online
2025-08-05,1332.38,264.98,6,Furniture,Austin,Direct
2025-12-04,854.32,30.82,16,Furniture,Boston,Wholesale
2025-12-12,1026.35,492.91,6,Electronics,Chicago,Direct
2025-08-01,862.61,112.77,10,Furniture,Seattle,Online
2025-09-03,629.41,14.22,11,Furniture,Denver,Online
2025-02-25,4028.43,854.74,4,Electronics,Seattle,Direct
2025-06-17,907.17,102.47,18,Software,New York,Wholesale
2025-07-04,4003.3,657.83,3,Furniture,Austin,Retail
2025-03-06,2520.33,393.46,5,Office Supplies,Seattle,Online
2025-02-02,864.9,142.35,3,Furniture,Chicago,Direct
2025-07-19,2138.87,539.97,1,Electronics,Boston,Direct
2025-08-21,1748.82,571.53,12,Software,Denver,Retail
2025-02-02,548.7,132.85,19,Software,Chicago,Wholesale
2025-12-22,1845.19,600.39,13,Software,New York,Retail
2025-07-29,4313.89,860.29,10,Electronics,Boston,Retail
2025-02-19,2187.48,850.15,10,Electronics,Portland,Online
2025-01-06,745.78,203.73,10,Software,New York,Online
2025-07-01,3627.17,356.69,11,Furniture,Denver,Retail
2025-12-20,1356.61,276.93,1,Electronics,Portland,Retail
2025-12-11,857.04,195.04,17,Office Supplies,Denver,Retail
2025-01-15,2755.99,526.75,1,Electronics,Boston,Online
2025-04-16,678.65,241.11,4,Software,Portland,Retail
2025-08-25,1849.26,453.29,10,Electronics,Denver,Direct
2025-07-18,4500.0,634.41,27,Electronics,Seattle,Wholesale
2025-06-16,943.67,53.39,40,Furniture,New York,Wholesale
2025-06-07,737.86,102.48,1,Furniture,Austin,Retail
2025-09-28,390.81,68.08,1,Electronics,New York,Online
2025-07-29,760.09,231.9,4,Electronics,Boston,Retail
2025-08-26,739.26,57.67,15,Furniture,Chicago,Retail
2025-12-31,1246.35,407.82,17,Electronics,Denver,Retail
2025-11-22,101.44,-18.22,13,Electronics,Portland,Online
2025-06-20,591.25,189.04,9,Electronics,New York,Online
2025-12-09,430.25,53.02,1,Furniture,Seattle,Online
2025-02-07,1875.29,257.59,8,Furniture,San Francisco,Retail
2025-08-29,2539.52,715.31,20,Electronics,Chicago,Retail
2025-01-13,677.05,216.97,6,Software,Austin,Direct
2025-08-05,2107.16,531.37,10,Electronics,Denver,Retail
2025-03-16,1206.28,221.61,5,Office Supplies,Boston,Online
2025-04-14,1253.25,149.74,6,Furniture,Denver,Retail
2025-05-17,1331.05,339.89,19,Electronics,Boston,Retail
2025-04-24,1777.62,98.05,37,Office Supplies,San Francisco,Wholesale
2025-12-23,499.19,134.3,34,Electronics,San Francisco,Wholesale
2025-07-22,3430.03,987.5,12,Electronics,Portland,Online
2025-12-15,1734.21,372.68,5,Office Supplies,Portland,Retail
2025-04-21,99.5,44.65,37,Furniture,Austin,Wholesale
2025-03-10,1995.83,522.33,7,Software,New York,Retail
2025-07-05,531.85,111.06,1,Electronics,Portland,Retail
2025-05-02,84.64,3.4,15,Furniture,Denver,Retail
2025-06-09,399.1,118.36,8,Software,Portland,Online
2025-11-15,1361.74,284.09,12,Electronics,San Francisco,Retail
2025-08-21,511.15,-22.3,9,Furniture,Chicago,Retail
2025-01-06,1744.93,622.41,18,Electronics,Austin,Retail
2025-09-09,798.34,343.43,9,Electronics,Denver,Retail
2025-06-15,1824.71,753.38,8,Electronics,San Francisco,Direct
2025-06-11,400.14,8.61,43,Office Supplies,New York,Wholesale
2025-03-31,1970.53,664.87,6,Software,Portland,Online
2025-06-19,121.61,25.06,1,Software,Portland,Online
2025-05-21,1382.13,268.12,2,Software,Seattle,Online
2025-04-02,2494.55,705.89,12,Electronics,Austin,Direct
2025-04-22,1902.31,789.27,1,Electronics,Austin,Direct
2025-08-21,1124.13,206.99,15,Electronics,New York,Retail
2025-05-16,766.92,116.81,13,Furniture,Portland,Online
2025-06-10,677.47,303.12,3,Electronics,Portland,Online
2025-07-07,4500.0,515.82,26,Electronics,New York,Wholesale
2025-08-02,1257.04,218.58,5,Office Supplies,Portland,Direct
2025-12-22,976.88,175.84,41,Electronics,New York,Wholesale
2025-06-18,402.82,-24.67,12,Furniture,Boston,Wholesale
2025-09-29,1412.35,106.41,4,Furniture,Portland,Online
2025-11-20,1672.5,363.41,2,Furniture,New York,Direct
2025-09-17,1902.28,225.7,7,Furniture,Boston,Direct
2025-12-24,1346.5,394.03,5,Electronics,Austin,Direct
2025-03-09,978.43,132.65,17,Furniture,Portland,Wholesale
2025-10-13,2850.92,-94.01,31,Electronics,Seattle,Wholesale
2025-12-27,1720.53,668.02,2,Software,Austin,Direct
2025-08-15,678.75,156.89,2,Software,New York,Direct
2025-10-16,2024.18,-52.01,2,Software,San Francisco,Direct
2025-05-09,684.9,305.97,18,Software,Chicago,Retail
2025-07-10,2311.99,726.7,3,Electronics,Boston,Direct
2025-07-12,2416.33,294.65,9,Furniture,Austin,Retail
2025-12-18,830.86,289.3,11,Electronics,Austin,Online
2025-04-11,2850.27,308.91,9,Furniture,San Francisco,Direct
2025-01-14,487.35,215.16,6,Electronics,San Francisco,Direct
2025-10-03,217.78,9.42,18,Software,Portland,Retail
2025-01-20,1195.99,265.7,7,Furniture,Chicago,Online
2025-01-04,2376.78,846.05,10,Electronics,Portland,Direct
2025-06-02,258.26,26.54,16,Software,Austin,Retail
2025-10-16,354.43,-23.37,1,Software,New York,Online
2025-06-02,815.92,338.39,15,Electronics,Chicago,Retail
2025-09-18,1214.69,410.65,1,Electronics,New York,Online
2025-04-15,111.26,69.15,7,Software,San Francisco,Direct
2025-01-07,1708.85,483.96,1,Electronics,New York,Online
2025-01-24,751.14,12.17,8,Furniture,Chicago,Retail
2025-12-11,1149.59,185.47,6,Furniture,Austin,Direct
2025-10-08,1975.6,45.07,33,Software,Boston,Wholesale
2025-11-03,864.1,307.3,1,Software,Boston,Retail
2025-09-29,1764.16,260.99,18,Software,Denver,Wholesale
2025-02-08,1370.95,235.93,10,Software,New York,Direct
2025-11-13,847.94,203.69,14,Office Supplies,Portland,Retail
2025-04-29,1737.02,501.68,7,Electronics,Portland,Direct
2025-07-30,1187.36,88.72,18,Office Supplies,Austin,Retail
2025-03-12,1133.37,320.5,12,Software,Portland,Direct
2025-07-29,1352.74,360.36,2,Software,San Francisco,Retail
2025-10-22,1222.73,76.42,6,Office Supplies,New York,Direct
2025-01-20,1995.87,284.13,16,Office Supplies,Chicago,Retail
2025-03-18,1155.77,169.61,12,Furniture,Chicago,Online
2025-03-02,627.3,266.2,9,Electronics,Portland,Direct
2025-04-24,1153.08,268.94,8,Electronics,San Francisco,Retail
2025-10-05,1404.87,31.44,28,Furniture,New York,Wholesale
2025-02-19,1928.44,568.23,17,Software,San Francisco,Retail
2025-02-17,1807.68,270.11,3,Office Supplies,Denver,Retail
2025-12-22,2178.58,518.75,11,Furniture,Boston,Direct
2025-03-02,462.81,115.43,3,Office Supplies,Portland,Direct
2025-11-17,1201.8,449.84,9,Electronics,Boston,Retail
2025-11-25,621.38,21.46,22,Furniture,San Francisco,Wholesale
2025-03-19,219.39,36.29,11,Furniture,Seattle,Online
2025-09-18,618.55,29.2,30,Furniture,New York,Wholesale
2025-12-06,1276.05,368.67,1,Software,New York,Retail
2025-12-11,2014.96,262.12,3,Furniture,New York,Online
2025-10-28,1072.99,11.52,2,Furniture,Austin,Direct
2025-02-22,204.73,3.34,8,Office Supplies,New York,Wholesale
2025-01-05,2354.72,603.32,10,Office Supplies,Seattle,Direct
2025-04-22,1445.97,368.97,5,Software,Seattle,Online
2025-07-08,4023.52,968.87,12,Office Supplies,Boston,Direct
2025-10-02,1994.78,-64.76,10,Electronics,San Francisco,Direct
2025-10-13,2188.1,19.74,26,Electronics,New York,Wholesale
2025-12-13,310.23,20.24,11,Office Supplies,San Francisco,Direct
2025-05-30,1708.13,601.49,5,Electronics,Austin,Online
2025-04-09,385.63,44.48,12,Office Supplies,San Francisco,Retail
2025-03-02,264.89,36.08,31,Electronics,Chicago,Wholesale
2025-05-20,1353.92,458.5,19,Electronics,Portland,Retail
2025-10-22,3239.56,39.61,19,Electronics,Seattle,Retail
2025-12-23,3610.5,683.17,10,Furniture,San Francisco,Retail
2025-10-04,1520.82,21.39,12,Office Supplies,Austin,Online
2025-03-20,1626.16,338.95,11,Electronics,Chicago,Retail
2025-11-17,712.02,120.97,10,Office Supplies,Denver,Online
2025-11-06,2813.48,936.43,3,Electronics,Boston,Retail
2025-08-18,1796.11,329.7,3,Office Supplies,New York,Direct
2025-08-21,191.21,64.55,2,Electronics,Chicago,Direct
2025-01-10,1625.57,631.06,6,Software,Boston,Direct
2025-09-06,754.32,109.32,35,Furniture,Denver,Wholesale
2025-07-14,3371.85,716.71,7,Software,Seattle,Retail
2025-06-11,126.2,33.73,7,Office Supplies,Denver,Wholesale
2025-03-14,717.7,208.35,11,Software,Portland,Online
2025-08-14,1293.97,119.03,7,Office Supplies,Seattle,Retail
2025-11-27,1709.2,153.36,9,Furniture,Portland,Direct
2025-10-09,953.78,36.32,1,Furniture,Austin,Online
2025-05-26,1377.26,173.61,6,Furniture,Austin,Retail
2025-10-24,1176.59,-27.84,39,Office Supplies,New York,Wholesale
2025-12-11,1775.99,390.32,2,Software,Portland,Online
2025-07-25,3482.72,714.97,7,Electronics,Portland,Online
2025-04-30,1545.55,180.99,6,Software,Portland,Wholesale
2025-05-26,832.64,102.6,17,Office Supplies,New York,Online
2025-07-04,1075.51,276.91,1,Electronics,Chicago,Online
2025-08-07,1175.3,173.65,7,Office Supplies,Denver,Direct
2025-10-04,141.28,-1.17,5,Office Supplies,Chicago,Direct
2025-04-06,1271.66,303.59,2,Software,Boston,Online
2025-02-19,1562.41,208.3,3,Furniture,Austin,Wholesale
2025-03-17,674.34,134.43,12,Furniture,New York,Online
2025-10-09,965.78,-38.43,23,Office Supplies,Boston,Wholesale
2025-03-24,3044.78,565.22,20,Electronics,San Francisco,Wholesale
2025-07-12,2695.36,332.32,13,Office Supplies,Denver,Online
2025-01-14,1204.45,232.48,13,Office Supplies,Chicago,Online
2025-09-03,2048.09,358.74,2,Furniture,New York,Direct
2025-04-30,260.77,83.73,10,Electronics,Denver,Direct
2025-07-17,3839.46,844.97,14,Office Supplies,San Francisco,Retail
2025-07-10,269.61,80.1,7,Office Supplies,Austin,Online
2025-07-06,1364.11,167.35,11,Office Supplies,Austin,Retail
2025-03-05,2005.01,292.26,8,Furniture,Denver,Online
2025-05-04,1944.74,543.64,3,Electronics,San Francisco,Online
2025-11-01,918.06,77.11,44,Software,Austin,Wholesale
2025-09-14,2421.39,927.55,8,Electronics,New York,Retail
2025-11-25,2369.81,504.22,3,Electronics,Denver,Online
2025-06-18,3070.52,770.33,2,Software,Seattle,Retail
2025-06-06,1904.7,371.06,9,Furniture,Chicago,Retail
2025-06-01,540.12,142.48,17,Electronics,New York,Retail
2025-04-25,1529.98,336.74,7,Furniture,San Francisco,Online
2025-02-26,1053.47,206.3,9,Office Supplies,New York,Retail
2025-05-31,1077.49,201.19,9,Furniture,Portland,Direct
2025-12-12,685.66,18.82,22,Furniture,Portland,Wholesale
2025-05-28,2084.96,334.7,35,Electronics,San Francisco,Wholesale
2025-09-12,713.76,110.55,6,Furniture,San Francisco,Online
2025-05-18,2013.16,590.84,11,Software,San Francisco,Online
2025-01-05,415.66,36.28,4,Furniture,Chicago,Direct
2025-12-02,827.01,148.68,5,Furniture,Austin,Online
2025-12-11,162.65,77.56,6,Electronics,Denver,Retail
2025-03-12,3188.09,432.1,4,Office Supplies,Seattle,Direct
2025-07-07,1971.38,666.36,17,Electronics,Chicago,Retail
2025-09-12,1922.2,351.59,11,Office Supplies,Austin,Direct
2025-02-14,1469.88,211.64,36,Electronics,Portland,Wholesale
2025-03-21,1193.29,127.75,39,Software,Austin,Wholesale
2025-10-28,2306.4,-14.66,7,Electronics,Portland,Online
2025-08-29,552.43,35.49,5,Office Supplies,Denver,Retail
2025-09-28,4500.0,948.52,11,Furniture,Seattle,Direct
2025-10-04,562.02,1.66,44,Furniture,Austin,Wholesale
2025-11-06,2041.23,152.23,38,Electronics,Seattle,Wholesale
2025-09-24,1055.64,293.29,2,Electronics,Austin,Retail
2025-07-13,2262.2,95.84,21,Office Supplies,Austin,Wholesale
2025-01-28,1446.36,518.57,15,Electronics,Austin,Online
2025-09-09,598.64,149.69,1,Software,Portland,Direct
2025-10-22,1907.18,195.9,8,Software,New York,Direct
2025-09-07,1222.2,280.99,3,Office Supplies,Austin,Online
2025-04-01,1444.33,122.68,4,Office Supplies,Austin,Wholesale
2025-08-11,2119.88,343.95,16,Software,Boston,Wholesale
2025-11-07,501.97,112.64,19,Electronics,New York,Retail
2025-12-18,1998.85,95.25,15,Furniture,San Francisco,Wholesale
2025-05-30,1682.29,635.84,16,Electronics,Boston,Retail
2025-03-10,1890.37,392.71,21,Electronics,Boston,Wholesale
2025-10-14,802.22,84.53,7,Furniture,Boston,Retail
2025-12-14,421.11,25.32,8,Electronics,San Francisco,Wholesale
2025-07-01,3464.72,1444.31,10,Electronics,New York,Direct
2025-06-30,707.21,153.86,3,Furniture,Denver,Direct
2025-07-15,509.65,86.54,18,Office Supplies,Austin,Retail
2025-04-08,1354.5,92.36,29,Office Supplies,Chicago,Wholesale
2025-01-02,1545.28,324.92,1,Software,Chicago,Retail
2025-03-08,167.09,-20.89,7,Furniture,New York,Wholesale
2025-08-30,934.05,125.64,15,Furniture,San Francisco,Retail
2025-07-26,2345.9,758.42,12,Electronics,Austin,Online
2025-08-13,830.64,164.97,11,Office Supplies,Chicago,Direct
2025-09-28,1451.62,527.87,2,Electronics,Portland,Retail
2025-09-08,279.37,47.35,39,Electronics,Boston,Wholesale
2025-05-20,906.25,129.89,10,Office Supplies,Boston,Direct
2025-12-10,1921.67,453.75,1,Software,Boston,Direct
2025-10-01,1779.55,-33.69,1,Furniture,Portland,Direct
2025-01-06,4193.23,1319.99,4,Electronics,Seattle,Retail
2025-03-31,2050.2,383.88,7,Software,Chicago,Direct
2025-12-23,1002.87,144.97,38,Software,Boston,Wholesale
2025-12-24,3827.71,480.86,35,Electronics,Seattle,Wholesale
2025-07-27,855.0,205.33,3,Furniture,Chicago,Direct
2025-06-04,1444.92,261.57,11,Office Supplies,Denver,Direct
2025-10-22,1456.44,49.19,17,Software,Boston,Retail
2025-05-30,997.37,252.83,1,Office Supplies,Portland,Direct
2025-09-11,1428.3,240.35,10,Software,New York,Online
2025-06-01,197.17,22.67,18,Office Supplies,Denver,Wholesale
2025-06-16,421.07,73.4,28,Electronics,Chicago,Wholesale
2025-01-16,1745.55,251.68,14,Software,Austin,Wholesale
2025-03-06,1834.04,295.07,2,Office Supplies,Austin,Retail
2025-03-26,175.54,13.84,41,Electronics,San Francisco,Wholesale
2025-07-17,775.85,158.21,1,Office Supplies,Portland,Retail
2025-03-09,2272.84,571.8,1,Electronics,Denver,Online
2025-03-03,499.33,105.74,15,Software,Boston,Online
2025-10-19,762.68,8.03,4,Furniture,Portland,Direct
2025-01-09,1006.99,190.23,1,Furniture,New York,Direct
2025-09-29,1357.2,411.73,7,Electronics,Chicago,Retail
2025-06-06,1457.0,469.21,12,Software,Portland,Online
2025-06-09,113.68,21.66,4,Office Supplies,New York,Online
2025-10-06,1620.17,143.33,1,Software,Austin,Online
2025-02-23,1694.95,650.25,10,Electronics,Denver,Retail
2025-12-21,904.6,330.19,4,Software,Portland,Online
2025-09-25,903.62,255.08,8,Electronics,Chicago,Retail
2025-03-19,1531.67,314.28,12,Office Supplies,Austin,Online
2025-04-14,1826.06,226.9,11,Furniture,Austin,Online
2025-09-26,1471.26,357.07,10,Software,Portland,Retail
2025-01-27,1006.37,94.72,33,Furniture,Seattle,Wholesale
2025-09-13,671.13,238.0,5,Software,Portland,Retail
2025-09-15,784.59,130.11,30,Electronics,New York,Wholesale
2025-11-06,1039.63,192.59,6,Furniture,Chicago,Retail
2025-03-24,321.73,64.91,4,Furniture,New York,Retail
2025-05-02,567.47,111.57,11,Electronics,Chicago,Wholesale
2025-03-27,1327.41,264.65,2,Office Supplies,Portland,Direct
2025-08-11,1191.58,268.68,6,Software,Portland,Direct
2025-02-02,1664.57,252.05,10,Software,Portland,Wholesale
2025-12-14,1843.58,569.07,14,Electronics,Seattle,Online
2025-08-26,623.44,74.41,25,Software,Austin,Wholesale
2025-05-14,1576.04,410.21,5,Furniture,Austin,Direct
2025-02-18,1066.21,167.26,16,Furniture,San Francisco,Online
2025-12-03,681.5,92.67,9,Software,New York,Wholesale
2025-03-02,1557.69,465.78,6,Software,Portland,Online
2025-03-28,2388.8,722.54,9,Electronics,Boston,Direct
2025-09-28,497.3,148.69,9,Software,Austin,Online
2025-10-04,1207.08,75.17,17,Software,Portland,Retail
2025-10-20,968.56,-14.57,10,Office Supplies,Austin,Direct
2025-12-06,115.97,-7.93,29,Software,Portland,Wholesale
2025-07-28,3732.41,738.38,8,Office Supplies,San Francisco,Direct
2025-03-18,1483.01,224.82,2,Furniture,Austin,Direct
2025-02-19,3244.42,1013.53,5,Electronics,Chicago,Direct
2025-02-20,1034.88,262.47,9,Furniture,Chicago,Direct
2025-01-05,203.81,61.1,8,Electronics,Seattle,Wholesale
2025-03-18,3322.72,1111.62,5,Electronics,New York,Direct
2025-10-28,516.76,20.71,12,Software,Austin,Online
2025-05-03,1951.37,230.15,1,Furniture,New York,Online
2025-03-22,2701.26,493.63,1,Furniture,Seattle,Online
2025-12-16,1404.06,276.28,5,Software,New York,Retail
2025-01-01,1409.22,299.12,8,Software,Boston,Online
2025-03-12,1848.73,273.18,7,Office Supplies,Chicago,Online
2025-09-08,1410.89,219.68,20,Software,Seattle,Retail
2025-12-24,1294.24,420.9,6,Software,Chicago,Direct
2025-03-15,282.65,73.15,8,Furniture,San Francisco,Direct
2025-12-11,1624.69,522.59,12,Electronics,Austin,Online
2025-02-15,1881.63,290.39,2,Furniture,Austin,Retail
2025-08-08,203.94,59.7,10,Electronics,Seattle,Direct
2025-06-12,1185.26,344.51,5,Office Supplies,Seattle,Direct
2025-07-17,2800.34,598.92,4,Office Supplies,Portland,Direct
2025-10-02,3131.12,63.98,8,Software,Seattle,Direct
2025-10-08,1616.19,0.94,6,Electronics,Chicago,Online
2025-10-29,1486.31,-41.52,6,Furniture,Seattle,Online
2025-03-04,127.35,63.33,5,Software,Portland,Retail
2025-08-22,2479.35,91.78,15,Furniture,Boston,Wholesale
2025-03-15,1794.8,211.04,11,Office Supplies,Seattle,Direct
2025-07-07,3281.46,497.53,18,Office Supplies,San Francisco,Retail
2025-09-10,1754.91,218.91,18,Office Supplies,Austin,Retail
2025-03-24,1171.36,191.18,7,Furniture,Boston,Direct
2025-10-06,1357.61,12.82,6,Office Supplies,Denver,Wholesale
2025-05-31,2194.06,530.12,1,Software,Seattle,Direct
2025-11-10,2496.29,635.06,11,Electronics,Boston,Direct
2025-03-17,2562.13,757.47,1,Electronics,Seattle,Online
2025-08-10,1261.71,110.65,8,Furniture,Seattle,Wholesale
2025-01-16,1496.22,266.91,13,Furniture,Austin,Online
2025-05-02,1843.32,324.41,7,Software,Austin,Wholesale
2025-05-28,326.01,81.59,19,Office Supplies,Portland,Retail
2025-06-27,1168.05,286.97,8,Software,Boston,Retail
2025-02-09,2035.96,178.81,28,Furniture,Seattle,Wholesale
2025-11-03,4172.13,1508.83,3,Electronics,Boston,Online
2025-08-16,2867.73,1050.38,5,Software,Seattle,Direct
2025-09-05,111.53,14.76,8,Electronics,Austin,Direct
2025-09-09,1703.94,397.27,7,Electronics,Austin,Wholesale
2025-06-02,2054.46,246.39,12,Furniture,Boston,Retail
2025-10-24,390.89,-59.13,2,Electronics,Boston,Direct
2025-12-28,2207.06,327.8,1,Software,Boston,Retail
2025-10-19,2242.03,30.21,2,Software,Boston,Retail
2025-05-20,781.88,49.76,10,Furniture,San Francisco,Retail
2025-07-14,1624.68,199.43,36,Software,Seattle,Wholesale
2025-08-28,987.2,132.32,10,Office Supplies,Denver,Online
2025-08-07,2410.97,512.06,41,Electronics,Portland,Wholesale
2025-06-21,2396.91,417.07,3,Furniture,San Francisco,Direct
2025-03-19,1110.84,412.24,4,Electronics,Portland,Online
2025-04-17,2006.17,454.14,7,Electronics,Chicago,Online
2025-08-04,677.93,44.31,38,Electronics,Austin,Wholesale
2025-04-21,208.09,46.8,9,Office Supplies,Denver,Retail
2025-07-08,2057.72,125.39,3,Office Supplies,New York,Wholesale
2025-11-23,2228.04,374.36,8,Furniture,San Francisco,Online
2025-08-07,748.12,165.34,11,Furniture,San Francisco,Retail
2025-06-03,430.05,183.07,9,Software,Portland,Direct
2025-12-03,1797.44,426.44,3,Office Supplies,Boston,Online
2025-07-02,4500.0,1167.19,9,Software,Boston,Direct
2025-05-28,1155.6,196.17,1,Furniture,Denver,Online
2025-06-30,1828.2,287.08,5,Furniture,Boston,Online
2025-12-14,783.81,70.38,5,Furniture,San Francisco,Wholesale
2025-12-28,635.82,73.08,9,Software,Portland,Wholesale
2025-07-28,3360.61,459.94,9,Office Supplies,Portland,Retail
2025-10-28,1622.74,2.75,6,Electronics,Chicago,Direct
2025-11-02,361.19,-2.28,15,Furniture,San Francisco,Retail
2025-07-03,592.97,90.94,2,Furniture,New York,Direct
2025-09-06,1787.11,462.94,12,Software,Portland,Online
2025-02-09,1536.0,173.33,9,Software,Portland,Wholesale
2025-09-08,1240.22,213.67,8,Furniture,San Francisco,Retail
2025-02-19,1201.56,285.95,8,Electronics,Boston,Retail
2025-02-21,2379.97,308.73,17,Office Supplies,San Francisco,Retail
2025-12-12,388.91,53.49,14,Office Supplies,San Francisco,Online
2025-12-10,2031.12,458.66,17,Office Supplies,Chicago,Retail
2025-07-21,3283.56,1267.22,5,Electronics,Austin,Direct
2025-03-15,276.12,106.96,8,Software,Denver,Retail
2025-02-10,859.11,210.25,6,Software,New York,Online
2025-12-20,423.3,82.01,1,Office Supplies,San Francisco,Online
2025-03-18,909.71,130.0,3,Office Supplies,Denver,Retail
2025-12-02,1639.34,290.74,1,Software,Seattle,Online
2025-06-08,633.75,65.84,35,Office Supplies,New York,Wholesale
2025-05-16,2099.91,568.54,14,Electronics,New York,Retail
2025-08-22,1767.14,188.24,10,Furniture,Austin,Direct
2025-10-13,660.46,62.31,2,Software,Boston,Online
2025-09-29,109.84,60.24,3,Software,Boston,Direct
2025-06-23,2076.4,232.3,32,Office Supplies,New York,Wholesale
2025-09-04,881.29,250.55,1,Software,Denver,Online
2025-04-21,2411.85,879.42,3,Electronics,Boston,Direct
2025-08-06,1737.87,205.94,5,Office Supplies,San Francisco,Online
2025-08-23,525.14,7.88,28,Office Supplies,Boston,Wholesale
2025-12-07,2311.15,1089.01,9,Electronics,Denver,Direct
2025-03-18,324.85,77.57,6,Furniture,Chicago,Retail
2025-04-14,1803.94,171.0,44,Office Supplies,Austin,Wholesale
2025-03-10,3823.22,1494.62,17,Electronics,Seattle,Retail
2025-07-31,3797.06,582.62,2,Office Supplies,Portland,Online
2025-12-30,1890.88,323.84,11,Software,Austin,Direct
2025-12-14,2219.02,457.79,7,Electronics,Denver,Online
2025-10-05,1576.86,6.65,34,Software,New York,Wholesale
2025-01-03,2203.97,361.68,10,Furniture,Chicago,Retail
2025-01-06,1443.67,239.98,25,Electronics,Austin,Wholesale
2025-06-11,307.13,38.48,8,Office Supplies,San Francisco,Retail
2025-07-21,4500.0,1115.21,14,Electronics,Chicago,Online
2025-04-12,2532.95,259.44,17,Furniture,Seattle,Wholesale
2025-09-20,1141.22,178.7,3,Furniture,New York,Direct
2025-02-14,680.59,94.25,1,Office Supplies,Portland,Online
2025-02-02,1559.81,149.31,18,Software,Portland,Wholesale
2025-10-06,230.75,22.49,7,Office Supplies,Austin,Retail
2025-03-19,766.55,100.73,6,Electronics,Boston,Retail
2025-10-14,371.13,-6.06,8,Furniture,Chicago,Wholesale
2025-11-02,1121.85,297.46,5,Electronics,Denver,Direct
2025-05-16,1859.57,493.95,3,Electronics,Denver,Direct
2025-08-10,1853.17,459.11,5,Electronics,Austin,Retail
2025-08-24,2631.37,559.97,18,Electronics,San Francisco,Retail
2025-05-13,1345.34,161.22,12,Electronics,Austin,Wholesale
2025-02-04,2238.93,188.82,16,Furniture,San Francisco,Retail
2025-09-11,981.83,235.36,1,Software,Denver,Direct
2025-12-19,2153.05,476.7,16,Office Supplies,Boston,Retail
2025-03-20,1048.42,409.99,15,Electronics,Denver,Online
2025-04-27,1785.64,400.76,4,Software,San Francisco,Retail
2025-01-06,1985.07,109.34,39,Furniture,Boston,Wholesale
2025-07-02,3704.03,637.2,10,Furniture,Chicago,Retail
2025-10-15,541.55,25.29,9,Software,San Francisco,Direct
2025-01-16,607.18,52.85,11,Office Supplies,Denver,Wholesale
2025-08-03,366.36,24.88,9,Office Supplies,San Francisco,Retail
2025-11-29,320.99,28.56,2,Furniture,San Francisco,Online
2025-10-23,1369.51,13.11,17,Electronics,Portland,Retail
2025-08-16,1771.34,178.5,12,Software,Portland,Wholesale
2025-07-04,1618.03,362.95,10,Office Supplies,Boston,Online
2025-06-21,252.58,107.16,2,Electronics,Boston,Online
2025-05-26,1638.97,378.33,5,Office Supplies,Seattle,Direct
2025-03-05,1749.42,355.39,29,Electronics,Seattle,Wholesale
2025-07-02,4389.2,503.49,37,Office Supplies,Boston,Wholesale
2025-03-30,274.04,-20.21,9,Office Supplies,Austin,Direct
2025-01-02,1178.29,200.78,13,Software,Chicago,Retail
2025-02-20,1742.81,343.8,3,Office Supplies,Chicago,Retail
2025-06-30,2427.76,725.61,3,Electronics,Boston,Direct
2025-04-09,1585.67,296.04,8,Software,Chicago,Retail
2025-12-28,1128.86,161.47,7,Software,New York,Online
2025-02-09,125.47,9.18,37,Furniture,Austin,Wholesale
2025-06-13,879.44,247.52,2,Software,Chicago,Online
2025-03-20,806.42,284.56,18,Software,Denver,Retail
2025-12-13,422.99,54.95,1,Software,Denver,Online
2025-06-07,2044.34,288.48,6,Furniture,Seattle,Retail
2025-05-26,2841.65,146.57,8,Office Supplies,Seattle,Wholesale
2025-10-23,1770.78,20.79,19,Office Supplies,Chicago,Retail
2025-11-20,2017.55,145.98,26,Office Supplies,Boston,Wholesale
2025-10-25,746.49,23.08,41,Electronics,Denver,Wholesale
2025-05-31,995.16,206.94,13,Software,Austin,Online
2025-05-04,1514.04,213.61,6,Software,Seattle,Wholesale
2025-11-10,1452.3,324.76,9,Software,Chicago,Retail
2025-04-18,1397.41,77.16,35,Furniture,Denver,Wholesale
2025-05-23,799.36,188.7,1,Office Supplies,Boston,Online
2025-06-01,836.33,238.64,6,Electronics,Portland,Wholesale
2025-05-01,1544.42,100.25,2,Office Supplies,Chicago,Wholesale
2025-01-28,1405.58,252.46,1,Furniture,Chicago,Online
2025-09-17,1011.47,71.21,17,Furniture,Denver,Wholesale
2025-07-01,1578.19,402.39,1,Electronics,Denver,Direct
2025-07-27,483.85,75.87,45,Furniture,Seattle,Wholesale
2025-07-03,4500.0,1521.12,14,Software,Seattle,Online
2025-04-13,578.73,94.51,8,Electronics,San Francisco,Direct
2025-08-11,1523.74,545.41,13,Software,New York,Online
2025-10-30,597.74,-19.13,13,Furniture,Denver,Online
2025-03-17,2317.86,358.97,4,Office Supplies,San Francisco,Retail
2025-02-27,1362.9,366.48,17,Furniture,Boston,Retail
2025-08-12,1705.07,153.96,38,Software,San Francisco,Wholesale
2025-02-03,1057.62,211.51,8,Software,Austin,Direct
2025-03-07,733.73,119.43,11,Office Supplies,Chicago,Direct
2025-09-12,467.84,48.54,25,Furniture,Austin,Wholesale
2025-02-26,2193.98,520.1,14,Electronics,New York,Online
2025-08-08,2245.27,461.2,8,Software,Boston,Retail
2025-10-15,1682.32,20.49,16,Furniture,Chicago,Wholesale
2025-08-18,262.05,33.64,26,Electronics,Portland,Wholesale
2025-11-04,1116.27,302.34,4,Office Supplies,Portland,Direct
2025-07-02,4500.0,1234.37,7,Electronics,Boston,Online
2025-07-22,637.66,140.09,7,Software,San Francisco,Retail
2025-03-11,1595.85,519.55,1,Electronics,San Francisco,Online
2025-02-02,1452.15,149.3,5,Furniture,Denver,Wholesale
2025-11-16,1600.68,475.4,7,Electronics,Chicago,Online
2025-07-31,3081.01,520.55,4,Furniture,New York,Online
2025-11-25,1805.62,142.88,3,Furniture,Chicago,Online
2025-10-05,2466.46,72.88,5,Furniture,San Francisco,Online
2025-12-20,313.46,13.54,8,Office Supplies,San Francisco,Online
2025-11-04,1273.58,257.57,1,Office Supplies,San Francisco,Retail
2025-10-31,1198.25,-48.25,3,Electronics,San Francisco,Online
2025-11-16,925.89,253.06,11,Furniture,Seattle,Direct
2025-12-20,352.46,118.87,9,Software,San Francisco,Direct
2025-01-09,2045.58,312.38,39,Electronics,New York,Wholesale
2025-08-18,1622.15,419.34,19,Software,Austin,Retail
2025-07-13,4500.0,993.83,1,Furniture,San Francisco,Direct
2025-06-22,920.93,351.21,1,Electronics,Portland,Online
2025-09-05,281.27,36.06,14,Furniture,New York,Retail
2025-02-06,262.48,60.73,9,Software,Chicago,Online
2025-05-16,120.46,50.11,15,Electronics,Chicago,Online
2025-09-15,852.55,193.44,11,Furniture,Boston,Direct
2025-08-10,500.48,65.11,10,Furniture,Portland,Direct
2025-01-24,2230.96,478.87,4,Furniture,Boston,Direct
2025-03-16,1703.6,387.58,2,Software,Austin,Direct
2025-10-17,2084.97,90.44,8,Office Supplies,Seattle,Online
2025-09-30,1049.57,284.4,3,Electronics,Austin,Retail
2025-12-22,1438.41,228.36,12,Software,Chicago,Wholesale
2025-02-13,1675.3,474.66,11,Electronics,Seattle,Online
2025-08-19,186.25,67.01,4,Furniture,Portland,Direct
2025-06-10,1683.26,273.6,12,Office Supplies,Austin,Online
2025-09-03,1063.42,327.56,11,Office Supplies,San Francisco,Direct
2025-08-13,1780.4,357.09,1,Electronics,Boston,Online
2025-07-22,3476.39,732.71,15,Software,San Francisco,Retail
2025-10-15,2003.53,12.82,41,Electronics,Denver,Wholesale
2025-04-20,289.86,54.26,13,Electronics,New York,Retail
2025-06-14,2066.75,409.78,15,Electronics,Chicago,Retail
2025-07-28,3830.9,487.24,5,Software,Denver,Wholesale
2025-07-27,3824.06,618.82,13,Software,Seattle,Wholesale
2025-05-02,461.47,92.05,16,Office Supplies,Portland,Retail
2025-02-26,741.21,100.07,6,Software,San Francisco,Wholesale
2025-02-22,1932.86,319.11,7,Furniture,Boston,Online
2025-12-30,1957.06,308.09,9,Furniture,Austin,Retail
2025-10-01,1141.84,30.63,10,Software,Chicago,Online
2025-10-07,364.94,-8.56,1,Furniture,Boston,Retail
2025-04-03,1118.97,233.46,36,Electronics,Seattle,Wholesale
2025-02-14,979.63,226.14,9,Furniture,Austin,Direct
2025-12-23,1457.09,227.15,26,Software,Austin,Wholesale
2025-09-02,1648.54,114.59,42,Office Supplies,Boston,Wholesale
2025-03-16,435.51,82.55,2,Office Supplies,San Francisco,Direct
2025-03-02,1062.19,209.43,4,Software,Austin,Retail
2025-08-20,1652.85,379.9,12,Electronics,San Francisco,Online
2025-09-07,2043.88,344.03,14,Software,Seattle,Retail
2025-05-26,182.02,37.1,16,Software,Portland,Online
2025-04-16,813.26,177.57,14,Furniture,Austin,Online
2025-11-26,2091.01,474.17,12,Electronics,Denver,Wholesale
2025-04-23,326.07,80.94,1,Software,New York,Direct
2025-08-14,989.22,87.02,18,Furniture,Boston,Retail
2025-02-13,361.07,37.77,14,Furniture,Austin,Wholesale
2025-02-03,748.73,48.03,3,Furniture,Austin,Direct
2025-04-13,1432.42,149.07,12,Furniture,Boston,Retail
2025-11-16,170.17,66.64,10,Software,Boston,Online
2025-01-13,2034.7,166.94,34,Furniture,Boston,Wholesale
2025-01-14,341.43,137.63,5,Office Supplies,Denver,Direct
2025-11-03,530.48,213.5,6,Electronics,Seattle,Direct
2025-12-07,960.33,89.81,27,Furniture,Austin,Wholesale
2025-09-27,744.61,17.73,37,Office Supplies,Portland,Wholesale
2025-12-02,561.02,62.38,30,Office Supplies,Seattle,Wholesale
2025-05-22,153.62,31.98,7,Software,Denver,Retail
2025-06-30,1524.12,230.96,34,Electronics,San Francisco,Wholesale
2025-03-13,1615.33,359.94,14,Electronics,Portland,Online
2025-12-03,818.02,281.9,3,Software,New York,Retail
2025-10-21,666.63,-24.79,14,Furniture,Austin,Retail
2025-03-18,2107.69,271.47,6,Furniture,Austin,Online
2025-01-11,527.0,137.27,21,Electronics,Seattle,Wholesale
2025-12-09,1564.14,194.44,30,Office Supplies,Chicago,Wholesale
2025-07-28,1405.52,454.76,3,Software,New York,Direct
2025-11-24,1335.05,253.01,2,Furniture,Portland,Direct
2025-11-30,1399.25,203.84,3,Office Supplies,Portland,Wholesale
2025-10-18,420.3,4.74,12,Software,Boston,Direct
2025-06-06,1455.11,357.81,27,Electronics,New York,Wholesale
2025-05-09,1911.16,660.7,15,Electronics,Denver,Retail
2025-09-18,475.44,120.61,2,Software,New York,Online
2025-05-23,2577.41,653.86,1,Electronics,Seattle,Retail
2025-04-21,773.81,151.93,10,Office Supplies,Austin,Retail
2025-08-01,407.76,74.38,9,Electronics,Boston,Online
2025-03-25,500.75,73.71,9,Electronics,San Francisco,Direct
2025-07-31,337.76,64.54,12,Furniture,Denver,Retail
2025-01-29,2682.57,248.85,5,Office Supplies,Seattle,Wholesale
2025-10-12,1892.34,67.34,18,Office Supplies,Portland,Retail
2025-04-17,1868.86,178.75,41,Software,New York,Wholesale
2025-05-10,2976.42,833.71,11,Software,Seattle,Direct
2025-07-01,2747.17,603.0,8,Furniture,Portland,Direct
2025-01-21,220.24,22.06,16,Software,San Francisco,Online
2025-01-16,1972.95,390.71,19,Office Supplies,Austin,Retail
2025-06-07,1237.9,225.51,5,Office Supplies,Denver,Retail
2025-10-20,1863.55,114.74,13,Office Supplies,Portland,Online
2025-12-07,1458.58,226.05,2,Furniture,Denver,Retail
2025-04-19,1089.9,148.24,5,Furniture,Austin,Direct
2025-08-05,2037.22,649.86,6,Electronics,San Francisco,Direct
2025-01-17,1614.2,364.2,6,Office Supplies,Portland,Retail
2025-11-14,1631.77,119.26,40,Furniture,Chicago,Wholesale
2025-08-23,1169.15,104.92,38,Office Supplies,Portland,Wholesale
2025-03-14,1808.24,155.6,11,Office Supplies,Boston,Retail
2025-12-24,1746.12,319.38,3,Furniture,Chicago,Direct
2025-08-22,716.53,120.34,7,Software,Boston,Wholesale
2025-09-30,845.59,293.41,4,Electronics,Boston,Online
2025-05-28,362.36,148.44,1,Electronics,Portland,Direct
2025-01-15,1294.69,159.08,4,Furniture,San Francisco,Online
2025-08-09,2616.06,366.63,11,Office Supplies,Boston,Retail
2025-11-12,220.53,8.39,44,Furniture,Seattle,Wholesale
2025-07-26,4399.53,1373.1,13,Electronics,Boston,Online
2025-04-03,320.11,25.07,22,Office Supplies,Boston,Wholesale
2025-02-03,572.22,212.12,7,Electronics,Boston,Direct
2025-02-23,2732.58,367.45,31,Software,Seattle,Wholesale
2025-06-23,1883.57,376.17,19,Office Supplies,Chicago,Retail
2025-08-24,206.48,22.9,2,Furniture,Seattle,Wholesale
2025-07-28,4500.0,484.49,9,Electronics,Seattle,Wholesale
2025-12-13,390.97,108.76,12,Software,Denver,Online
2025-01-17,1880.93,124.6,40,Furniture,Chicago,Wholesale
2025-06-01,1379.72,178.35,4,Office Supplies,Seattle,Retail
2025-04-06,1296.79,273.01,4,Office Supplies,Chicago,Retail
2025-08-23,474.73,230.86,3,Electronics,San Francisco,Direct
2025-12-18,2162.98,618.54,10,Electronics,Portland,Direct
2025-11-19,1996.26,311.0,13,Office Supplies,New York,Retail
2025-02-03,922.17,336.34,1,Software,Chicago,Direct
2025-02-16,1867.71,152.29,1,Furniture,Portland,Online
2025-12-10,897.42,184.56,15,Furniture,Boston,Retail
2025-05-14,679.44,74.07,1,Furniture,Denver,Direct
2025-03-03,2018.13,547.96,1,Electronics,Portland,Direct
2025-03-24,881.96,125.83,2,Software,New York,Online
2025-04-13,882.15,365.15,9,Electronics,Portland,Direct
2025-05-05,2523.56,291.0,4,Office Supplies,Chicago,Wholesale
2025-10-28,2000.46,86.79,4,Electronics,Boston,Retail
2025-08-04,1492.43,274.41,3,Software,San Francisco,Online
2025-06-11,285.99,36.25,8,Furniture,New York,Retail
2025-10-31,2205.94,-35.54,8,Electronics,Denver,Retail
2025-09-22,1006.73,287.98,8,Electronics,Portland,Online
2025-08-11,650.3,47.8,44,Office Supplies,Seattle,Wholesale
2025-10-29,243.85,-45.88,11,Office Supplies,San Francisco,Retail
2025-12-24,711.46,200.96,17,Office Supplies,Austin,Online
2025-07-10,2580.1,822.72,6,Electronics,New York,Online
2025-08-04,514.3,129.39,3,Office Supplies,San Francisco,Retail
2025-08-20,3454.17,618.36,12,Furniture,Chicago,Retail
2025-12-20,1556.05,405.01,7,Software,San Francisco,Retail
2025-01-12,179.06,74.58,8,Software,San Francisco,Retail
2025-04-15,2069.7,144.06,33,Furniture,Portland,Wholesale
2025-07-20,1817.97,240.4,7,Office Supplies,Denver,Direct
2025-08-31,1376.36,196.06,1,Office Supplies,San Francisco,Retail
2025-04-28,1987.02,196.34,5,Software,New York,Wholesale
2025-05-01,1004.88,182.39,8,Office Supplies,Austin,Direct
2025-01-11,3150.71,987.74,9,Electronics,San Francisco,Retail
2025-01-17,163.9,62.85,7,Furniture,Chicago,Retail
2025-09-16,1418.49,240.26,14,Software,Portland,Wholesale
2025-01-08,1750.14,307.0,5,Office Supplies,Portland,Retail
2025-12-11,772.71,232.82,19,Electronics,New York,Retail
2025-11-05,2476.05,710.41,4,Electronics,Portland,Direct
2025-12-21,588.7,165.77,4,Electronics,New York,Retail
2025-10-01,2087.36,-38.04,2,Electronics,Denver,Online
2025-03-23,718.57,219.6,5,Software,Boston,Direct
2025-04-13,750.31,202.42,6,Software,Chicago,Online
2025-11-09,1047.45,154.24,12,Furniture,Portland,Direct
2025-07-15,419.68,145.46,10,Electronics,New York,Direct
2025-08-30,721.77,116.13,3,Office Supplies,Denver,Retail
2025-07-23,3144.01,222.3,39,Furniture,Seattle,Wholesale
2025-07-17,741.37,68.75,9,Furniture,Chicago,Direct
2025-02-03,163.93,-0.24,12,Furniture,Seattle,Online
2025-12-02,1667.68,156.07,4,Office Supplies,Portland,Wholesale
2025-04-06,1494.35,176.33,5,Furniture,San Francisco,Wholesale
2025-04-01,1383.58,298.61,8,Electronics,Chicago,Online
2025-05-07,4433.91,881.78,11,Software,Boston,Retail
2025-11-03,194.37,64.56,30,Furniture,New York,Wholesale
2025-02-10,2452.51,216.35,8,Furniture,San Francisco,Retail
2025-04-12,1182.7,320.48,9,Software,Chicago,Retail
2025-12-14,2037.9,948.7,1,Electronics,Chicago,Direct
2025-06-05,1014.25,153.23,9,Furniture,San Francisco,Direct
2025-04-15,336.45,37.57,5,Office Supplies,Denver,Wholesale
2025-11-28,1353.74,281.0,8,Office Supplies,San Francisco,Online
2025-07-11,3402.39,365.05,19,Furniture,New York,Wholesale
2025-11-06,120.16,10.19,12,Furniture,Denver,Retail
2025-05-09,975.21,237.94,2,Software,San Francisco,Retail
2025-05-11,1290.03,97.92,25,Furniture,Portland,Wholesale
2025-08-22,1493.59,358.54,11,Furniture,Chicago,Direct
2025-08-01,607.44,166.28,5,Software,Chicago,Online
2025-10-01,1907.29,-31.59,13,Office Supplies,Portland,Direct
2025-03-16,349.57,147.7,1,Software,San Francisco,Online
2025-08-14,468.69,112.72,12,Software,Denver,Retail
2025-04-19,2328.36,260.41,4,Electronics,Seattle,Wholesale
2025-09-28,574.97,0.48,7,Furniture,Denver,Retail
2025-06-25,425.53,146.02,6,Electronics,San Francisco,Online
2025-12-30,2727.24,251.09,37,Electronics,San Francisco,Wholesale
2025-03-01,1623.63,154.85,19,Furniture,San Francisco,Wholesale
2025-02-06,1463.59,477.17,8,Software,Austin,Direct
2025-02-02,1722.76,436.53,7,Software,New York,Direct
2025-10-08,590.14,54.84,9,Electronics,Denver,Retail
2025-07-01,3973.51,584.84,4,Office Supplies,Seattle,Online
2025-02-16,1265.87,247.58,3,Office Supplies,New York,Retail
2025-11-26,1356.34,141.93,2,Furniture,New York,Retail
2025-03-22,1203.35,351.15,4,Electronics,New York,Direct
2025-11-10,2362.78,677.85,4,Electronics,New York,Direct
2025-06-04,1824.79,318.05,16,Electronics,Denver,Retail
2025-10-21,1718.14,-56.23,8,Office Supplies,Boston,Retail
2025-05-23,690.8,98.68,9,Office Supplies,Portland,Retail
2025-06-20,1500.89,445.49,8,Software,San Francisco,Retail
2025-01-03,619.17,150.74,11,Software,Chicago,Wholesale
2025-09-02,1718.42,519.92,12,Electronics,Portland,Online
2025-10-05,299.82,-64.18,3,Furniture,Boston,Online
2025-09-07,1672.08,406.09,6,Office Supplies,New York,Online
2025-05-25,331.28,91.94,9,Furniture,Seattle,Direct
2025-07-03,1970.39,245.55,4,Furniture,Austin,Online
2025-09-08,1747.17,414.68,1,Software,San Francisco,Online
2025-10-15,212.41,-10.19,1,Office Supplies,Seattle,Direct
2025-05-09,1686.3,207.29,9,Furniture,Chicago,Wholesale
2025-07-19,1811.15,449.57,3,Office Supplies,Boston,Direct
2025-08-17,1226.88,84.22,23,Furniture,Chicago,Wholesale
2025-04-23,1723.47,529.35,12,Electronics,Chicago,Retail
2025-09-19,571.23,137.57,6,Software,Austin,Online
2025-08-02,695.93,110.12,15,Furniture,Austin,Online
2025-11-19,674.43,253.07,17,Electronics,Seattle,Retail
2025-09-07,714.04,51.22,10,Furniture,New York,Online
2025-02-12,491.58,99.62,4,Office Supplies,Austin,Retail
2025-07-20,4500.0,1707.27,13,Electronics,Boston,Online
2025-03-12,285.62,8.11,1,Furniture,Chicago,Retail
2025-02-19,381.06,65.47,6,Electronics,Seattle,Retail
2025-07-16,3618.44,286.07,5,Furniture,Boston,Wholesale
2025-03-06,3144.71,1103.59,7,Electronics,Seattle,Direct
2025-05-08,625.63,40.71,3,Furniture,New York,Wholesale
2025-07-24,2839.6,335.78,2,Electronics,Boston,Wholesale
2025-08-17,2124.46,119.43,31,Furniture,Seattle,Wholesale
2025-12-18,2153.97,545.32,1,Electronics,Chicago,Retail
2025-09-21,2057.33,756.85,12,Electronics,San Francisco,Retail
2025-01-13,1085.75,278.53,9,Electronics,Portland,Retail
2025-10-10,1261.63,48.36,2,Furniture,San Francisco,Wholesale
2025-10-21,433.92,-16.76,1,Furniture,Boston,Direct
2025-12-09,1601.85,447.29,12,Software,Austin,Direct
2025-08-29,156.16,49.87,5,Furniture,Portland,Wholesale
2025-02-03,1086.13,199.39,3,Office Supplies,Portland,Retail
2025-07-20,1963.2,236.55,7,Furniture,Denver,Retail
2025-12-26,4500.0,1205.3,2,Electronics,New York,Online
2025-09-11,450.71,34.42,9,Office Supplies,New York,Direct
2025-02-07,1162.05,307.59,8,Office Supplies,San Francisco,Online
2025-10-27,2486.33,208.29,10,Electronics,Seattle,Online
2025-09-24,695.52,295.24,11,Electronics,Seattle,Retail
2025-08-20,998.35,152.13,18,Furniture,Portland,Retail
2025-03-18,2184.69,601.71,5,Software,Boston,Online
2025-12-21,2216.72,337.04,17,Furniture,Boston,Retail
2025-02-07,2257.82,582.93,5,Electronics,Portland,Direct
2025-09-10,210.36,31.13,7,Software,Seattle,Retail
2025-05-08,1272.24,218.41,10,Furniture,New York,Online
2025-06-12,2012.14,480.04,7,Software,Boston,Online
2025-10-26,1903.7,129.11,13,Electronics,Boston,Retail
2025-08-19,1705.35,466.74,3,Office Supplies,San Francisco,Direct
2025-07-23,4156.47,1125.7,9,Software,Chicago,Online
2025-03-21,1157.52,328.09,17,Electronics,Boston,Retail
2025-11-21,1226.75,192.93,10,Software,Chicago,Retail
2025-09-25,1231.76,457.44,14,Electronics,Denver,Retail
2025-07-28,1838.97,188.16,19,Office Supplies,San Francisco,Wholesale
2025-12-23,419.95,156.23,10,Software,Seattle,Direct
2025-07-07,2462.44,703.61,2,Electronics,Denver,Direct
2025-11-13,702.81,174.52,9,Furniture,Chicago,Direct
2025-02-25,902.01,90.41,7,Furniture,Austin,Online
2025-02-20,628.7,240.92,6,Electronics,Austin,Online
2025-01-20,1081.16,454.31,2,Electronics,Portland,Direct
2025-02-21,857.97,149.87,5,Office Supplies,Portland,Direct
2025-04-10,1224.1,132.89,4,Furniture,Denver,Wholesale
2025-02-28,1130.98,268.84,13,Software,Boston,Online
2025-02-14,573.36,157.8,6,Electronics,New York,Direct
2025-01-02,112.08,-12.14,10,Office Supplies,New York,Direct
2025-06-19,1865.43,309.12,1,Office Supplies,Seattle,Direct
2025-09-04,1512.27,343.9,1,Electronics,Denver,Direct
2025-12-06,1222.17,337.36,10,Electronics,Boston,Online
2025-07-27,2449.98,246.66,1,Furniture,New York,Wholesale
2025-07-05,2824.72,529.47,2,Software,Portland,Retail
2025-10-17,927.57,4.35,5,Office Supplies,New York,Retail
2025-05-29,339.94,-38.51,8,Furniture,Portland,Wholesale
2025-01-07,1017.5,109.17,13,Office Supplies,Austin,Wholesale
2025-10-11,1792.93,90.13,9,Electronics,Portland,Online
2025-11-19,1768.95,217.32,32,Furniture,Chicago,Wholesale
2025-04-09,480.17,233.72,1,Electronics,Austin,Direct
2025-11-28,1511.57,263.54,4,Office Supplies,New York,Online
2025-06-16,543.44,119.06,7,Furniture,Chicago,Retail
2025-04-04,2085.29,359.98,11,Furniture,Boston,Online
2025-08-29,1671.47,153.75,42,Furniture,Portland,Wholesale
2025-11-28,2095.57,177.02,42,Furniture,Seattle,Wholesale
2025-01-25,2018.0,292.2,33,Electronics,Denver,Wholesale
2025-04-09,492.93,86.21,13,Software,Boston,Online
2025-03-24,1798.56,489.51,7,Office Supplies,Seattle,Retail
2025-10-04,1559.22,-31.24,8,Furniture,Austin,Online
2025-08-21,357.21,97.66,15,Software,Portland,Online
2025-11-16,840.58,21.52,10,Office Supplies,Austin,Wholesale
2025-01-06,174.52,-13.21,13,Furniture,San Francisco,Online
2025-01-05,1880.2,96.71,37,Office Supplies,Chicago,Wholesale
2025-03-06,673.25,101.38,40,Electronics,Denver,Wholesale
2025-07-27,3277.34,384.67,12,Office Supplies,Portland,Online
2025-07-18,1733.23,228.48,9,Furniture,Boston,Online
2025-08-10,2119.85,657.35,13,Software,San Francisco,Direct
2025-09-01,4500.0,1213.29,10,Software,Portland,Direct
2025-01-25,538.76,48.38,11,Office Supplies,Chicago,Online
2025-08-07,903.82,66.96,21,Furniture,Denver,Wholesale
2025-03-04,452.47,137.51,13,Electronics,Austin,Online
2025-04-28,1207.67,254.87,7,Office Supplies,Seattle,Online
2025-07-17,479.58,140.01,1,Software,Denver,Direct
2025-06-21,2308.66,268.44,18,Furniture,New York,Wholesale
2025-12-26,159.26,-11.3,22,Software,Austin,Wholesale
2025-10-26,2381.73,-83.78,8,Electronics,Chicago,Retail
2025-06-21,1112.79,242.14,15,Furniture,Seattle,Retail
2025-06-29,907.5,204.01,5,Software,San Francisco,Online
2025-05-27,731.96,59.28,10,Furniture,Chicago,Direct
2025-05-06,511.2,218.36,15,Software,New York,Online
2025-05-18,2383.32,719.35,16,Electronics,Boston,Online
2025-04-20,1538.88,471.09,4,Software,Chicago,Retail
2025-07-04,1675.51,427.25,4,Electronics,San Francisco,Online
2025-03-11,4028.72,1036.54,11,Software,Portland,Online
2025-08-05,852.0,95.29,7,Furniture,Denver,Direct
2025-11-20,148.22,2.17,1,Furniture,Chicago,Online
2025-03-29,842.72,103.17,10,Office Supplies,Chicago,Wholesale
2025-02-05,614.68,100.1,5,Furniture,Seattle,Online
2025-01-17,2359.42,305.41,6,Electronics,San Francisco,Wholesale
2025-09-18,608.95,88.43,36,Electronics,Portland,Wholesale
2025-08-17,2000.67,308.97,33,Software,Boston,Wholesale
2025-02-02,284.92,-20.96,4,Furniture,Portland,Wholesale
2025-04-02,790.21,290.84,1,Electronics,Austin,Retail
2025-04-09,1038.07,237.89,10,Electronics,Austin,Wholesale
2025-10-18,1043.51,68.17,12,Office Supplies,New York,Direct
2025-03-12,1564.39,317.78,4,Electronics,Portland,Wholesale
2025-08-07,1370.32,202.34,2,Furniture,Portland,Direct
2025-12-08,469.01,79.64,7,Furniture,Chicago,Online
2025-01-04,2563.63,808.05,15,Electronics,Portland,Retail
2025-08-11,813.9,185.51,10,Office Supplies,Portland,Direct
2025-08-12,500.5,47.44,3,Furniture,New York,Retail
2025-01-31,1002.03,254.5,1,Software,Austin,Retail
2025-03-08,1457.18,315.83,3,Software,Denver,Online
2025-01-04,771.78,73.08,21,Furniture,Portland,Wholesale
2025-05-13,339.14,10.16,3,Office Supplies,Boston,Direct
2025-10-06,1856.23,-32.33,3,Software,Denver,Online
2025-11-17,1704.69,248.21,33,Electronics,Austin,Wholesale
2025-05-03,1830.21,392.97,11,Furniture,San Francisco,Online
2025-12-23,401.52,110.34,12,Electronics,Denver,Direct
2025-05-06,1801.69,290.23,11,Office Supplies,Portland,Direct
2025-10-20,1353.72,74.47,10,Office Supplies,Portland,Online
2025-05-03,1525.91,174.05,5,Furniture,New York,Retail
2025-03-22,1880.87,445.57,5,Office Supplies,New York,Direct
2025-11-25,1338.18,564.14,1,Electronics,Austin,Direct
2025-09-04,1656.25,282.82,2,Furniture,New York,Online
2025-11-27,2082.73,500.44,9,Office Supplies,New York,Direct
2025-05-19,3106.48,685.14,3,Electronics,Seattle,Wholesale
2025-10-02,2648.27,46.64,7,Electronics,Boston,Online
2025-11-19,1305.86,305.96,11,Software,Denver,Retail
2025-01-12,1388.71,218.0,1,Office Supplies,San Francisco,Wholesale
2025-09-15,1128.75,364.37,14,Software,San Francisco,Online
2025-11-25,1652.67,409.73,1,Electronics,Chicago,Direct
2025-03-07,1115.17,88.66,6,Furniture,Austin,Online
2025-07-12,1431.57,232.08,13,Office Supplies,Portland,Online
2025-06-25,3056.3,771.62,3,Electronics,Seattle,Retail
2025-05-31,1219.59,160.18,15,Office Supplies,Chicago,Online
2025-09-10,1860.91,224.76,17,Electronics,Austin,Wholesale
2025-10-30,409.49,24.51,3,Furniture,Austin,Online
2025-11-16,949.9,118.74,44,Electronics,Boston,Wholesale
2025-06-19,1063.02,23.12,36,Furniture,San Francisco,Wholesale
2025-08-10,1811.94,371.95,7,Furniture,New York,Direct
2025-04-24,1612.21,203.99,1,Office Supplies,New York,Online
2025-02-07,2412.95,716.88,12,Electronics,New York,Retail
2025-02-16,130.04,67.04,37,Office Supplies,Chicago,Wholesale
2025-08-07,207.61,31.72,7,Electronics,Denver,Online
2025-09-17,980.63,237.44,6,Software,Seattle,Retail
2025-04-21,726.48,75.69,29,Software,Seattle,Wholesale
2025-03-31,529.47,147.86,5,Software,Portland,Retail
2025-08-26,439.43,133.51,6,Software,Portland,Direct
2025-01-12,856.97,231.1,10,Furniture,Boston,Direct
2025-10-15,1979.05,-98.22,8,Electronics,Austin,Direct
2025-07-23,4500.0,737.06,9,Office Supplies,San Francisco,Direct
2025-06-25,1180.83,155.43,15,Furniture,Chicago,Online
2025-10-11,1926.38,31.86,37,Office Supplies,Austin,Wholesale
2025-01-09,841.09,267.03,4,Software,Denver,Retail
2025-12-10,756.12,190.23,8,Software,Seattle,Online
2025-06-19,1126.48,198.38,14,Office Supplies,Portland,Online
2025-02-26,4273.72,1273.9,11,Electronics,Seattle,Retail
2025-08-06,1138.6,113.94,39,Office Supplies,Denver,Wholesale
2025-09-24,1151.59,231.09,10,Office Supplies,Portland,Online
2025-01-15,798.62,109.75,1,Electronics,Boston,Direct
2025-06-21,886.18,174.47,5,Office Supplies,Austin,Online
2025-09-19,1691.03,385.57,9,Electronics,Austin,Retail
2025-08-29,4059.98,761.44,8,Furniture,Seattle,Direct
2025-04-14,1442.39,94.86,14,Furniture,Austin,Wholesale
2025-09-19,1681.77,471.54,19,Software,Seattle,Retail
2025-04-13,1961.23,188.86,32,Furniture,Seattle,Wholesale
2025-09-07,1492.22,304.83,1,Office Supplies,New York,Direct
2025-08-13,1458.28,113.01,3,Furniture,Seattle,Online
2025-04-29,1486.69,231.56,35,Electronics,Boston,Wholesale
2025-11-03,106.63,20.8,37,Office Supplies,Denver,Wholesale
2025-05-17,416.87,129.73,9,Electronics,Denver,Direct
2025-07-31,4500.0,1500.86,15,Electronics,Boston,Retail
2025-01-12,489.77,77.77,8,Furniture,San Francisco,Direct
2025-04-18,1844.26,192.12,11,Office Supplies,Chicago,Online
2025-07-09,2069.04,566.95,11,Electronics,Denver,Direct
2025-04-01,2143.1,318.98,15,Software,Seattle,Online
2025-03-11,750.9,169.49,6,Furniture,New York,Direct
2025-06-12,1531.39,198.81,1,Office Supplies,San Francisco,Wholesale
2025-11-12,2418.27,878.99,3,Electronics,Austin,Direct
2025-09-25,189.25,22.88,3,Furniture,Portland,Direct
2025-07-13,4265.01,1032.23,3,Electronics,Austin,Direct
2025-10-29,1389.14,-31.68,10,Office Supplies,Boston,Online
2025-06-26,178.67,14.8,6,Furniture,San Francisco,Online
2025-08-22,1211.56,99.1,42,Office Supplies,Portland,Wholesale
2025-10-31,1255.84,72.77,5,Electronics,Chicago,Wholesale
2025-12-21,439.1,46.66,9,Software,Denver,Wholesale
2025-10-10,974.71,-35.22,7,Furniture,Chicago,Direct
2025-09-17,1092.74,264.49,6,Office Supplies,Austin,Direct
2025-03-19,743.78,217.56,8,Furniture,Portland,Direct
2025-05-21,897.54,264.91,4,Electronics,New York,Online
2025-06-10,941.64,396.39,2,Electronics,Denver,Online
2025-01-21,152.62,-15.53,4,Furniture,Boston,Direct
2025-11-04,1514.16,159.16,34,Office Supplies,Portland,Wholesale
2025-11-11,2608.89,675.33,15,Software,Seattle,Online
2025-08-16,1157.2,122.26,32,Office Supplies,San Francisco,Wholesale
2025-12-23,1205.31,242.27,1,Software,Austin,Direct
2025-02-15,452.2,171.91,5,Electronics,Chicago,Online
2025-07-20,2455.03,495.6,1,Software,Portland,Direct
2025-12-19,2103.26,144.25,19,Furniture,Seattle,Wholesale
2025-07-31,2317.34,296.47,8,Electronics,New York,Wholesale
2025-03-17,1339.14,342.06,3,Software,Denver,Online
2025-10-26,341.85,4.29,2,Furniture,Boston,Retail
2025-06-27,454.49,222.3,9,Software,New York,Direct
2025-12-20,548.26,140.11,32,Software,Austin,Wholesale
2025-11-05,2292.46,696.11,8,Software,Boston,Retail
2025-06-20,1611.6,331.43,18,Furniture,Austin,Retail
2025-08-17,2599.15,370.26,44,Electronics,Chicago,Wholesale
2025-06-21,182.88,12.28,2,Software,Denver,Direct
2025-01-05,2246.14,333.62,10,Software,Seattle,Retail
2025-06-25,774.0,173.19,2,Office Supplies,Portland,Direct
2025-07-24,1095.16,327.99,10,Software,New York,Retail
2025-03-05,1183.41,45.03,39,Furniture,Portland,Wholesale
2025-03-29,1084.31,201.37,6,Software,Portland,Online
2025-10-19,1481.46,41.15,10,Electronics,Boston,Direct
2025-03-15,1998.93,411.42,18,Office Supplies,Chicago,Retail
2025-03-18,2092.08,357.8,3,Furniture,San Francisco,Online
2025-04-07,410.17,68.89,1,Furniture,Denver,Wholesale
2025-02-27,364.71,106.09,5,Office Supplies,New York,Direct
2025-10-04,1651.13,48.85,38,Office Supplies,San Francisco,Wholesale
2025-11-28,439.19,103.52,2,Office Supplies,Portland,Retail
2025-10-24,476.27,11.75,9,Furniture,Portland,Retail
2025-07-30,819.49,204.68,6,Electronics,Austin,Direct
2025-02-14,2081.41,747.72,4,Electronics,San Francisco,Direct
2025-10-10,1851.8,63.55,1,Furniture,New York,Direct
2025-12-22,2016.74,497.52,4,Software,Chicago,Retail
2025-05-04,1272.46,156.84,33,Software,Boston,Wholesale
2025-09-13,1879.85,331.12,1,Furniture,Chicago,Online
2025-10-07,835.36,-25.62,42,Office Supplies,Denver,Wholesale
2025-11-23,1712.86,114.15,39,Office Supplies,Austin,Wholesale
2025-01-20,1208.38,388.97,5,Software,Portland,Online
2025-03-23,1571.36,224.22,14,Office Supplies,Boston,Online
2025-01-31,684.32,29.92,36,Furniture,Portland,Wholesale
2025-05-14,1472.12,178.82,20,Furniture,Portland,Wholesale
2025-10-30,1730.25,-32.45,11,Furniture,Austin,Retail
2025-07-24,839.14,117.79,17,Software,Portland,Online
2025-10-22,1326.86,10.47,42,Office Supplies,Chicago,Wholesale
2025-02-06,959.65,436.25,8,Electronics,Austin,Direct
2025-02-13,633.81,110.35,3,Software,Chicago,Direct
2025-09-03,829.87,185.58,9,Furniture,Austin,Direct
2025-09-13,331.1,68.44,9,Office Supplies,Austin,Direct
2025-10-24,2515.54,41.32,13,Furniture,Seattle,Direct
2025-01-14,2396.31,828.23,12,Electronics,New York,Direct
2025-08-07,863.11,140.56,9,Office Supplies,Chicago,Online
2025-09-11,1484.82,173.7,1,Office Supplies,Boston,Direct
2025-08-16,2713.86,689.12,11,Office Supplies,Seattle,Retail
2025-02-22,686.18,83.45,38,Software,Chicago,Wholesale
2025-09-26,2402.39,512.07,18,Electronics,New York,Retail
2025-02-04,1162.65,327.0,9,Electronics,Austin,Direct
2025-05-25,1914.75,128.47,15,Furniture,Denver,Wholesale
2025-08-20,848.55,188.24,6,Software,New York,Online
2025-07-08,492.18,229.79,1,Electronics,Austin,Online
2025-11-23,246.65,-17.99,8,Furniture,Boston,Direct
2025-08-31,1490.86,422.41,12,Software,New York,Online
2025-01-06,1103.07,261.55,8,Office Supplies,Seattle,Direct
2025-12-06,2244.11,741.25,3,Electronics,Seattle,Online
2025-01-07,402.85,22.25,7,Electronics,San Francisco,Direct
2025-02-28,1591.52,317.98,38,Software,Austin,Wholesale
2025-02-08,86.38,54.47,12,Office Supplies,Denver,Retail
2025-12-20,145.87,65.99,14,Software,Boston,Online
2025-01-02,1193.07,252.2,1,Software,Chicago,Online
2025-06-22,966.58,210.29,13,Software,Seattle,Online
2025-10-05,649.48,-28.02,17,Furniture,Denver,Retail
2025-05-14,746.1,219.53,3,Software,New York,Online
2025-01-27,938.58,183.3,19,Furniture,Portland,Retail
2025-08-31,122.78,32.84,9,Furniture,Chicago,Retail
2025-06-13,98.78,10.13,5,Furniture,Portland,Direct
2025-05-03,1664.75,388.26,12,Electronics,Chicago,Online
2025-08-23,617.93,61.32,2,Office Supplies,Austin,Direct
2025-09-09,1971.35,700.64,2,Electronics,Denver,Retail
2025-07-18,704.41,159.97,6,Office Supplies,San Francisco,Direct
2025-08-21,2314.04,535.23,1,Electronics,New York,Direct
2025-11-16,1436.94,212.27,7,Office Supplies,Boston,Retail
2025-09-11,1767.79,271.08,18,Software,Denver,Retail
2025-02-17,725.16,179.38,2,Furniture,Boston,Online
2025-03-12,1794.81,586.7,12,Software,Seattle,Direct
2025-02-18,252.23,53.9,1,Software,Boston,Online
2025-01-15,167.28,30.95,18,Furniture,Seattle,Retail
2025-07-23,1763.9,321.65,1,Software,Portland,Online
2025-05-04,551.27,81.75,10,Office Supplies,Denver,Direct
2025-03-27,1452.83,495.31,12,Software,Denver,Direct
2025-06-05,1096.21,181.42,35,Software,Boston,Wholesale
2025-03-03,373.74,84.02,11,Furniture,Austin,Direct
2025-03-29,1168.23,177.37,14,Office Supplies,Boston,Online
2025-10-31,1564.78,-20.0,12,Furniture,Seattle,Retail
2025-01-09,213.83,20.61,10,Office Supplies,Seattle,Direct
2025-12-15,1525.13,267.57,6,Office Supplies,San Francisco,Retail
2025-06-20,572.03,54.96,34,Office Supplies,Denver,Wholesale
2025-08-04,3156.68,605.4,10,Software,Seattle,Online
2025-07-17,3287.68,332.01,4,Furniture,Chicago,Retail
2025-03-14,3640.0,1037.59,1,Electronics,Seattle,Direct
2025-04-18,2381.2,600.67,11,Electronics,Portland,Online
2025-12-24,891.34,86.3,39,Software,Chicago,Wholesale
2025-11-06,3245.14,610.8,1,Software,New York,Retail
2025-07-09,666.67,150.88,7,Furniture,New York,Online
2025-07-31,2162.07,842.13,6,Electronics,Seattle,Direct
2025-11-07,2655.88,454.72,2,Electronics,San Francisco,Online
2025-12-18,2601.3,319.7,28,Electronics,Portland,Wholesale
2025-02-12,840.67,78.16,9,Furniture,Boston,Online
2025-10-09,1191.28,-11.9,10,Electronics,Chicago,Retail
2025-12-20,1047.61,154.37,4,Furniture,Portland,Online
2025-10-03,2399.72,78.06,11,Electronics,San Francisco,Online
2025-12-22,1685.02,390.44,12,Electronics,Boston,Direct
2025-10-26,610.28,5.3,42,Electronics,Denver,Wholesale
2025-07-01,831.46,338.15,3,Software,San Francisco,Online
2025-12-19,1156.19,155.59,14,Furniture,Portland,Retail
2025-05-14,418.46,43.17,3,Office Supplies,Austin,Direct
2025-08-26,339.16,58.98,3,Electronics,Austin,Online
2025-03-03,1968.86,184.76,15,Furniture,Chicago,Online
2025-06-29,177.31,44.12,10,Furniture,Austin,Direct
2025-08-21,2194.03,424.72,20,Electronics,Seattle,Retail
2025-02-22,2560.61,289.89,14,Furniture,San Francisco,Wholesale
2025-05-04,225.34,-48.59,1,Office Supplies,Seattle,Retail
2025-05-26,1527.05,189.23,9,Furniture,Austin,Online
2025-03-08,1439.07,507.58,13,Software,Austin,Retail
2025-11-18,1935.82,188.8,1,Office Supplies,New York,Retail
2025-07-06,3403.14,675.0,4,Furniture,Boston,Online
2025-06-19,469.41,206.42,4,Software,New York,Online
2025-09-15,428.01,47.79,40,Office Supplies,Portland,Wholesale
2025-05-16,1436.85,316.74,10,Software,Austin,Retail
2025-07-27,3388.58,591.41,5,Office Supplies,Chicago,Retail
2025-06-07,419.93,183.01,5,Software,Seattle,Direct
2025-07-26,3980.41,800.95,9,Software,Boston,Direct
2025-02-03,1644.66,120.64,7,Furniture,San Francisco,Direct
2025-09-03,1975.3,331.05,2,Electronics,San Francisco,Wholesale
2025-01-04,1681.41,281.18,4,Office Supplies,Seattle,Direct
2025-11-24,2536.96,932.26,5,Electronics,Portland,Online
2025-04-07,733.59,128.36,1,Electronics,Chicago,Retail
2025-04-19,500.3,83.71,1,Furniture,Chicago,Online
2025-03-16,1401.36,447.63,12,Software,San Francisco,Online
2025-09-26,1020.1,165.27,1,Furniture,Chicago,Online
2025-09-19,294.73,23.26,3,Office Supplies,Boston,Direct
2025-01-03,1481.12,146.28,14,Furniture,Boston,Online
2025-03-21,1601.27,366.03,20,Furniture,Austin,Retail
2025-06-11,991.69,100.93,29,Electronics,San Francisco,Wholesale
2025-12-06,732.06,185.51,5,Electronics,San Francisco,Online
2025-03-06,253.7,33.92,6,Furniture,New York,Direct
2025-10-13,1644.84,18.57,6,Office Supplies,Chicago,Online
2025-09-24,1044.15,267.0,13,Software,Denver,Online
2025-05-14,460.55,115.98,11,Electronics,Chicago,Retail
2025-08-07,474.17,68.07,11,Furniture,San Francisco,Online
2025-05-23,1376.77,492.31,6,Electronics,Austin,Direct
2025-08-13,1857.73,316.54,11,Software,Chicago,Retail
2025-08-22,1823.72,308.43,26,Software,Denver,Wholesale
2025-09-16,902.32,319.75,6,Electronics,Austin,Retail
2025-01-13,298.46,94.86,2,Electronics,Portland,Direct
2025-07-01,3192.9,559.81,3,Furniture,New York,Direct
2025-11-30,2179.05,577.9,5,Electronics,San Francisco,Direct
2025-11-24,1406.22,334.98,5,Software,Boston,Direct
2025-07-16,741.1,70.51,1,Furniture,Seattle,Direct
2025-06-12,1536.28,452.44,8,Electronics,Austin,Retail
2025-10-22,1277.08,80.49,26,Furniture,San Francisco,Wholesale
2025-01-05,2321.98,583.99,3,Software,San Francisco,Direct
2025-04-06,822.26,118.2,34,Software,Denver,Wholesale
2025-12-23,2342.32,275.79,13,Office Supplies,San Francisco,Retail
2025-12-29,325.4,58.35,4,Furniture,Chicago,Retail
2025-09-24,1634.02,275.23,8,Electronics,San Francisco,Wholesale
2025-11-08,2547.73,482.33,18,Office Supplies,San Francisco,Retail
2025-03-13,2038.03,349.39,16,Office Supplies,San Francisco,Retail
2025-04-02,822.39,101.17,21,Electronics,Denver,Wholesale
2025-11-12,1710.32,261.41,14,Office Supplies,Denver,Wholesale
2025-05-25,1131.78,311.13,7,Software,Denver,Online
2025-07-18,1190.73,247.02,13,Software,Denver,Direct
2025-09-15,1547.02,256.84,1,Office Supplies,Chicago,Online
2025-07-26,2307.26,503.28,4,Software,Boston,Direct
2025-01-28,2312.57,198.23,2,Furniture,Boston,Direct
2025-09-19,392.93,83.17,2,Electronics,Chicago,Direct
2025-05-17,1105.55,131.46,13,Office Supplies,Seattle,Online
2025-02-28,1617.36,363.34,2,Software,San Francisco,Direct
2025-06-25,202.07,-28.2,25,Furniture,Denver,Wholesale
2025-11-18,2253.35,733.34,13,Software,Boston,Retail
2025-07-19,856.34,220.98,14,Office Supplies,Denver,Retail
2025-09-01,1745.56,263.09,1,Furniture,Portland,Online
2025-11-24,1483.38,515.86,1,Software,Chicago,Direct
2025-03-16,1568.65,379.61,4,Electronics,Portland,Direct
2025-11-06,1388.01,230.69,8,Electronics,San Francisco,Wholesale
2025-08-12,1017.67,186.73,6,Office Supplies,Portland,Online
2025-01-05,2688.63,838.56,1,Electronics,Boston,Online
2025-05-16,1531.28,314.41,9,Software,Denver,Retail
2025-03-18,330.94,-37.59,21,Electronics,Austin,Wholesale
2025-09-01,1230.34,87.59,21,Furniture,Boston,Wholesale
2025-04-07,1710.34,562.54,17,Software,Boston,Retail
2025-10-15,797.79,-6.12,14,Furniture,Austin,Online
2025-09-15,1348.55,391.73,4,Software,Denver,Retail
2025-08-09,1021.26,162.39,32,Electronics,Boston,Wholesale
2025-01-11,830.83,162.47,16,Software,Seattle,Online
2025-12-22,102.6,0.24,14,Furniture,Austin,Retail
2025-05-16,2122.06,234.79,5,Furniture,Seattle,Wholesale
2025-05-24,1274.27,352.45,8,Software,Denver,Direct
2025-11-27,451.5,127.61,4,Software,Portland,Direct
2025-05-21,991.27,405.06,16,Electronics,Chicago,Retail
2025-11-19,962.19,206.54,17,Electronics,New York,Retail
2025-06-12,1597.75,429.01,1,Electronics,Austin,Retail
2025-04-10,2000.43,228.34,6,Office Supplies,Boston,Retail
2025-02-10,761.37,114.14,3,Office Supplies,Denver,Direct
2025-07-27,512.55,147.94,9,Software,Chicago,Online
2025-04-28,539.54,143.7,8,Software,San Francisco,Wholesale
2025-08-15,351.79,24.25,2,Office Supplies,Chicago,Wholesale
2025-03-17,562.66,197.61,6,Electronics,Boston,Online
2025-09-24,1590.24,506.6,3,Software,Austin,Online
2025-07-19,1638.06,293.71,18,Furniture,Seattle,Retail
2025-09-19,2209.03,153.87,15,Furniture,Seattle,Online
2025-11-01,387.57,80.71,4,Furniture,Seattle,Retail
2025-09-26,1957.76,490.1,1,Office Supplies,New York,Online
2025-07-19,3111.9,1025.66,16,Software,Denver,Retail
2025-05-03,628.04,127.75,2,Office Supplies,Austin,Direct
2025-10-24,797.23,-58.11,8,Furniture,Chicago,Direct
2025-02-16,1722.38,311.07,3,Office Supplies,Chicago,Online
2025-01-23,420.76,35.39,22,Office Supplies,Seattle,Wholesale
2025-02-28,323.15,88.89,3,Office Supplies,New York,Online
2025-05-01,1475.26,433.57,1,Software,New York,Online
2025-01-31,604.17,266.27,1,Electronics,Chicago,Direct
2025-09-04,1318.75,297.44,7,Electronics,Chicago,Retail
2025-03-09,1450.59,576.53,13,Electronics,Chicago,Retail
2025-08-01,1570.92,146.95,45,Furniture,Portland,Wholesale
2025-11-25,540.45,101.84,1,Office Supplies,Austin,Online
2025-04-30,844.7,215.6,6,Office Supplies,Austin,Direct
2025-03-15,1234.96,327.25,6,Software,Chicago,Online
2025-12-09,1518.92,178.41,3,Office Supplies,Denver,Online
2025-08-25,819.94,160.22,4,Office Supplies,New York,Direct
2025-01-12,195.46,6.76,7,Office Supplies,Chicago,Online
2025-12-24,255.6,23.15,11,Furniture,Chicago,Retail
2025-07-25,4380.89,1592.35,3,Electronics,Boston,Direct
2025-01-06,853.04,147.11,3,Furniture,Boston,Direct
2025-03-23,1980.51,347.88,13,Furniture,San Francisco,Online
2025-05-08,955.13,131.14,11,Furniture,Seattle,Direct
2025-07-27,928.01,243.25,19,Furniture,Seattle,Retail
2025-11-12,1956.68,229.56,1,Office Supplies,San Francisco,Direct
2025-09-19,1929.46,651.31,9,Electronics,Portland,Retail
2025-04-02,443.74,-1.78,13,Office Supplies,Chicago,Retail
2025-09-30,1815.71,628.74,4,Software,Denver,Direct
2025-11-29,1460.44,146.96,7,Software,Austin,Wholesale
2025-08-23,2702.36,428.49,5,Office Supplies,Seattle,Retail
2025-10-23,3633.34,-100.76,1,Electronics,Seattle,Online
2025-03-13,1291.51,273.62,3,Office Supplies,Seattle,Direct
2025-02-23,1688.75,274.3,15,Furniture,San Francisco,Retail
2025-03-26,1174.58,176.83,6,Software,New York,Wholesale
2025-03-16,1112.07,389.75,8,Electronics,New York,Retail
2025-11-27,864.76,-2.98,32,Furniture,Austin,Wholesale
2025-03-19,947.22,232.76,3,Office Supplies,Austin,Online
2025-01-24,1006.99,103.13,2,Office Supplies,Chicago,Online
2025-12-07,934.08,325.84,4,Electronics,Boston,Direct
2025-07-17,248.91,28.85,19,Furniture,Boston,Wholesale
2025-05-12,830.05,125.22,16,Furniture,San Francisco,Retail
2025-08-09,2202.65,193.15,21,Furniture,San Francisco,Wholesale
2025-01-07,1799.88,373.78,4,Software,Austin,Online
2025-07-25,2524.89,866.02,4,Electronics,Austin,Direct
2025-05-28,1539.93,487.29,9,Software,Chicago,Retail
2025-04-07,910.71,61.71,2,Furniture,Portland,Online
2025-09-25,1747.89,541.48,13,Electronics,Boston,Retail
2025-11-14,411.9,37.89,4,Office Supplies,Chicago,Online
2025-01-11,554.77,119.29,5,Software,Portland,Wholesale
2025-01-21,775.57,56.46,20,Furniture,San Francisco,Retail
2025-02-18,940.15,174.53,7,Furniture,Denver,Online
2025-06-28,2707.02,612.69,13,Electronics,Boston,Retail
2025-07-19,2988.64,554.84,9,Office Supplies,Denver,Retail
2025-08-22,2015.87,765.79,13,Electronics,Portland,Online
2025-11-24,727.39,51.57,1,Furniture,San Francisco,Retail
2025-07-01,2787.25,631.1,7,Electronics,Seattle,Direct
2025-03-01,2268.9,1035.34,9,Electronics,Denver,Direct
2025-09-11,1252.81,497.82,8,Electronics,San Francisco,Retail
2025-07-12,2286.54,410.49,30,Electronics,Portland,Wholesale
2025-03-17,2096.92,656.09,3,Office Supplies,San Francisco,Direct
2025-02-25,261.37,118.72,12,Electronics,Seattle,Online
2025-03-10,795.25,170.78,33,Software,Seattle,Wholesale
2025-01-16,2228.3,210.81,28,Office Supplies,San Francisco,Wholesale
2025-12-02,1626.57,569.75,1,Software,Seattle,Online
2025-11-18,184.97,34.77,11,Software,Seattle,Online
2025-07-25,3568.51,1011.28,14,Software,Boston,Retail
2025-06-07,407.94,49.9,43,Furniture,Boston,Wholesale
2025-08-19,2247.36,561.62,19,Electronics,Boston,Retail
2025-02-19,1133.11,196.96,13,Office Supplies,Denver,Online
2025-06-16,1781.49,311.23,8,Office Supplies,Boston,Direct
2025-11-05,1027.09,308.3,4,Electronics,Boston,Online
2025-10-31,203.3,-0.98,31,Office Supplies,Austin,Wholesale
2025-01-27,2033.62,605.47,9,Software,New York,Retail
2025-07-16,2542.49,186.13,10,Furniture,New York,Wholesale
2025-09-20,933.64,220.9,21,Electronics,Denver,Wholesale
2025-04-16,1133.67,221.25,1,Office Supplies,Denver,Direct
2025-09-20,868.99,121.77,37,Office Supplies,New York,Wholesale
2025-11-30,903.88,189.7,22,Software,Austin,Wholesale
2025-03-28,2234.56,477.19,8,Office Supplies,Chicago,Direct
2025-06-24,1049.41,286.72,3,Office Supplies,San Francisco,Direct
2025-10-02,606.51,40.88,7,Software,Seattle,Retail
2025-04-24,3311.19,734.03,1,Furniture,Seattle,Direct
2025-12-09,1243.88,192.12,1,Furniture,Denver,Wholesale
2025-09-22,1606.71,311.59,11,Software,Portland,Direct
2025-05-05,1185.13,183.41,1,Furniture,Boston,Online
2025-01-23,2092.84,405.49,14,Electronics,Boston,Wholesale
2025-04-26,1098.13,262.54,10,Software,Denver,Direct
2025-09-05,353.71,71.08,12,Furniture,New York,Retail
2025-06-05,1168.4,179.09,15,Furniture,Denver,Retail
2025-08-03,1934.06,704.01,8,Electronics,New York,Retail
2025-02-09,2264.93,490.21,11,Electronics,Chicago,Retail
2025-02-25,1052.88,65.4,11,Furniture,Austin,Wholesale
2025-01-25,961.26,234.53,11,Software,Austin,Online
2025-02-24,733.1,293.85,14,Electronics,Boston,Retail
2025-06-06,1804.78,343.58,19,Electronics,Seattle,Retail
2025-12-14,383.88,88.81,10,Software,Portland,Retail
2025-03-11,1712.95,319.51,3,Furniture,Austin,Direct
2025-08-25,2085.89,550.1,15,Software,Boston,Online
2025-01-19,916.33,58.03,36,Software,Portland,Wholesale
2025-10-21,1774.56,99.72,6,Electronics,Boston,Direct
2025-11-25,603.9,73.57,7,Furniture,Austin,Direct
2025-08-15,1128.06,207.71,15,Furniture,New York,Retail
2025-04-25,1243.47,490.39,4,Electronics,Portland,Retail
2025-07-04,687.59,91.64,8,Electronics,New York,Wholesale
2025-07-25,1437.29,378.1,7,Office Supplies,Denver,Direct
2025-10-24,3469.05,91.79,3,Electronics,Seattle,Direct
2025-12-27,611.01,61.34,15,Furniture,Boston,Wholesale
2025-01-04,824.94,120.48,2,Software,San Francisco,Direct
2025-11-01,2217.44,431.07,10,Office Supplies,Seattle,Direct
2025-08-19,1809.47,181.46,33,Furniture,San Francisco,Wholesale
2025-07-31,1328.26,314.25,15,Office Supplies,Denver,Retail
2025-07-18,4373.36,833.84,13,Electronics,Chicago,Online
2025-07-19,1562.04,113.55,5,Furniture,New York,Direct
2025-03-23,309.34,36.0,10,Office Supplies,Denver,Direct
2025-07-16,2027.8,341.23,1,Software,Seattle,Retail
2025-05-17,497.42,128.1,2,Office Supplies,Portland,Direct
2025-09-14,1400.76,150.95,1,Office Supplies,Austin,Online
2025-09-08,884.66,133.36,33,Electronics,Austin,Wholesale
2025-04-27,719.15,182.45,5,Office Supplies,Boston,Direct
2025-05-25,757.83,232.39,2,Software,San Francisco,Retail
2025-05-06,559.77,11.58,14,Furniture,Portland,Wholesale
2025-08-04,257.13,93.66,16,Software,Portland,Online
2025-10-27,328.54,-16.64,12,Furniture,Seattle,Retail
2025-10-11,2446.69,-65.41,9,Electronics,New York,Retail
2025-06-24,1357.12,144.72,2,Electronics,Portland,Wholesale
2025-09-20,452.4,219.97,7,Electronics,Portland,Direct
2025-10-04,548.73,-18.85,4,Electronics,Austin,Direct
2025-07-08,3906.79,383.9,9,Office Supplies,San Francisco,Retail
2025-12-18,305.74,-3.84,9,Furniture,New York,Direct
2025-09-05,1815.95,303.25,4,Furniture,San Francisco,Retail
2025-03-02,351.63,108.32,6,Software,San Francisco,Direct
2025-02-04,1899.19,220.13,13,Software,Portland,Wholesale
2025-03-13,1133.28,248.29,7,Office Supplies,San Francisco,Online
2025-07-03,3895.13,601.81,23,Electronics,Seattle,Wholesale
2025-06-24,896.5,59.75,40,Furniture,San Francisco,Wholesale
2025-02-20,1473.08,258.36,2,Software,Portland,Retail
2025-07-25,4500.0,725.63,40,Electronics,San Francisco,Wholesale
2025-12-21,1328.26,194.89,2,Office Supplies,Seattle,Retail
2025-07-03,2205.06,782.53,5,Software,Denver,Retail
2025-03-04,363.09,-24.5,20,Office Supplies,Portland,Wholesale
2025-03-09,265.2,79.91,9,Furniture,Portland,Direct
2025-06-19,1133.52,135.69,26,Office Supplies,Denver,Wholesale
2025-10-24,347.62,-7.9,3,Software,New York,Wholesale
2025-06-30,3253.42,362.89,11,Electronics,Seattle,Wholesale
2025-01-02,1778.21,192.47,42,Furniture,Chicago,Wholesale
2025-09-23,2538.33,738.18,4,Electronics,Boston,Direct
2025-03-17,965.33,2.93,30,Furniture,Austin,Wholesale
2025-03-22,892.98,136.03,10,Furniture,New York,Online
2025-08-24,828.24,202.02,6,Software,New York,Online
2025-03-23,1764.91,531.87,9,Software,Portland,Online
2025-01-31,1074.05,153.68,32,Electronics,Seattle,Wholesale
2025-10-06,688.15,-31.2,9,Office Supplies,Austin,Online
2025-09-06,555.85,123.34,20,Software,Denver,Retail
2025-11-01,771.14,260.32,1,Electronics,Chicago,Direct
2025-09-02,2250.3,501.06,11,Electronics,Seattle,Wholesale
2025-03-25,1244.05,255.11,12,Software,Chicago,Online
2025-10-26,1222.65,-37.97,14,Office Supplies,San Francisco,Retail
2025-11-03,3613.6,408.19,6,Electronics,Seattle,Wholesale
2025-11-22,1963.23,185.61,16,Office Supplies,Austin,Wholesale
2025-10-17,860.09,-15.4,8,Office Supplies,San Francisco,Direct
2025-05-10,300.95,145.48,4,Electronics,Chicago,Retail
2025-08-09,1203.66,167.67,12,Office Supplies,San Francisco,Direct
2025-03-08,2409.16,908.62,12,Electronics,Austin,Online
2025-12-18,1144.46,400.49,1,Software,San Francisco,Direct
2025-01-13,2183.17,108.21,31,Office Supplies,Boston,Wholesale
2025-04-23,1954.76,182.82,12,Furniture,Denver,Wholesale
2025-09-25,3701.77,1461.64,15,Electronics,Seattle,Online
2025-03-23,314.44,29.61,3,Furniture,Austin,Direct
2025-08-23,2159.72,349.39,8,Office Supplies,San Francisco,Online
2025-10-11,222.17,-44.11,5,Electronics,San Francisco,Direct
2025-10-03,742.6,8.68,6,Office Supplies,Austin,Retail
2025-06-20,1276.98,200.41,11,Furniture,San Francisco,Retail
2025-08-19,1676.24,657.47,11,Electronics,Portland,Direct
2025-02-04,328.92,51.75,29,Electronics,Seattle,Wholesale
2025-10-02,301.26,-36.84,2,Electronics,Boston,Direct
2025-11-03,2035.09,245.77,4,Office Supplies,Chicago,Wholesale
2025-11-29,2803.74,637.31,12,Office Supplies,Seattle,Retail
2025-01-12,529.44,39.9,12,Office Supplies,New York,Wholesale
2025-04-20,1794.01,607.06,19,Software,Boston,Retail
2025-08-21,1500.61,363.71,6,Furniture,San Francisco,Direct
2025-05-29,2212.63,420.56,5,Office Supplies,San Francisco,Retail
2025-02-04,2188.79,370.68,13,Office Supplies,New York,Online
2025-11-09,983.02,132.46,14,Office Supplies,Seattle,Retail
2025-12-05,865.08,233.49,19,Software,Chicago,Retail
2025-12-18,1511.01,154.7,14,Office Supplies,New York,Wholesale
2025-08-23,1000.48,102.37,5,Furniture,New York,Wholesale
2025-11-22,1893.14,405.95,11,Office Supplies,Portland,Retail
2025-04-12,1134.85,193.34,3,Furniture,Boston,Online
2025-09-24,1434.35,253.67,18,Office Supplies,Austin,Retail
2025-12-20,151.68,47.37,2,Electronics,Denver,Direct
2025-12-11,672.46,252.4,1,Electronics,Chicago,Retail
2025-05-05,811.95,76.62,6,Office Supplies,Chicago,Retail
2025-04-08,1720.64,683.45,9,Electronics,Portland,Online
2025-11-17,310.72,61.47,13,Electronics,Chicago,Retail
2025-10-25,1456.4,29.31,11,Office Supplies,Chicago,Online
2025-05-28,492.76,86.99,6,Office Supplies,Seattle,Direct
2025-06-11,268.52,46.86,15,Furniture,Chicago,Online
2025-05-04,1911.95,481.29,3,Office Supplies,New York,Direct
2025-08-08,438.77,107.54,7,Furniture,Seattle,Online
2025-04-13,1875.9,431.29,5,Furniture,New York,Direct
2025-03-05,538.42,181.99,8,Electronics,Denver,Retail
2025-05-02,244.41,83.54,11,Electronics,Portland,Online
2025-12-03,2132.57,106.68,24,Furniture,San Francisco,Wholesale
2025-08-11,1287.76,189.78,18,Software,Austin,Wholesale
2025-05-12,1481.28,185.5,33,Office Supplies,Chicago,Wholesale
2025-07-04,2491.45,683.36,2,Office Supplies,Portland,Direct
2025-02-23,1655.75,126.88,34,Office Supplies,Austin,Wholesale
2025-10-02,3162.33,119.7,38,Electronics,Seattle,Wholesale
2025-05-04,3156.66,604.2,4,Office Supplies,Seattle,Online
2025-09-07,259.01,16.97,11,Furniture,San Francisco,Direct
2025-01-20,187.81,28.68,13,Furniture,Seattle,Retail
2025-07-23,2587.37,308.96,8,Furniture,Portland,Online
2025-10-21,593.67,23.21,10,Furniture,Portland,Online
2025-10-12,1149.43,-3.19,5,Office Supplies,Austin,Direct
2025-03-14,431.15,105.25,19,Furniture,Boston,Retail
2025-06-11,1828.37,372.12,5,Furniture,Boston,Direct
2025-06-07,1233.84,311.7,10,Software,Portland,Direct
2025-09-02,521.92,105.86,15,Software,Portland,Retail
2025-10-12,2082.33,-25.82,3,Office Supplies,Seattle,Retail
2025-10-26,1296.15,112.51,3,Furniture,New York,Retail
2025-01-25,1674.63,376.18,7,Electronics,Portland,Retail
2025-05-20,2030.45,416.38,27,Electronics,Portland,Wholesale
2025-08-15,727.76,80.93,3,Office Supplies,Chicago,Online
2025-04-02,1189.98,278.77,3,Software,Chicago,Online
2025-07-15,3058.23,664.47,16,Software,Austin,Retail
2025-04-15,2378.98,533.22,11,Software,San Francisco,Retail
2025-11-06,3110.85,726.98,14,Electronics,San Francisco,Online
2025-06-21,516.17,123.49,9,Office Supplies,Boston,Online
2025-08-02,1472.37,228.32,34,Software,Austin,Wholesale
2025-08-15,1720.0,510.14,11,Electronics,Austin,Direct
2025-02-28,1617.23,239.81,9,Furniture,Seattle,Retail
2025-11-13,1908.65,432.25,5,Electronics,Denver,Online
2025-11-18,1499.73,251.15,3,Software,Seattle,Retail
2025-03-14,951.04,95.21,7,Furniture,Boston,Online
2025-10-16,788.49,15.48,15,Electronics,Portland,Wholesale
2025-08-22,1924.47,224.49,16,Furniture,Chicago,Retail
2025-04-22,468.43,20.0,13,Furniture,Boston,Online
2025-03-07,1699.88,294.68,1,Furniture,Portland,Direct
2025-12-07,714.03,57.81,10,Office Supplies,Portland,Wholesale
2025-09-14,803.59,208.48,3,Office Supplies,Austin,Direct
2025-12-23,420.08,76.53,3,Furniture,New York,Direct
2025-10-26,1484.06,-60.25,12,Furniture,Portland,Online
2025-10-04,1824.12,37.24,14,Furniture,Seattle,Retail
2025-07-28,444.66,19.21,6,Furniture,Chicago,Retail
2025-01-06,354.62,86.81,5,Electronics,Portland,Direct
2025-03-05,473.82,66.84,30,Electronics,Chicago,Wholesale
2025-10-09,2002.51,-23.42,14,Electronics,Boston,Retail
2025-10-03,1342.18,0.41,10,Furniture,Chicago,Online
2025-09-03,2301.21,255.27,4,Furniture,Seattle,Online
2025-03-13,1828.55,252.44,8,Office Supplies,Chicago,Direct
2025-05-08,2262.67,734.22,9,Electronics,San Francisco,Retail
2025-04-15,2126.36,333.34,7,Furniture,Seattle,Online
2025-12-19,1268.0,341.71,4,Electronics,Seattle,Online
2025-01-10,791.19,119.05,1,Furniture,Seattle,Online
2025-07-26,3921.71,1233.92,12,Software,San Francisco,Direct
2025-03-13,438.2,72.45,8,Furniture,Austin,Retail
2025-04-24,1189.07,182.77,14,Software,Boston,Retail
2025-04-16,1779.93,309.4,11,Furniture,Seattle,Online
2025-04-24,1274.97,107.77,31,Furniture,Chicago,Wholesale
2025-07-23,2831.43,251.69,42,Furniture,San Francisco,Wholesale
2025-08-13,2773.37,797.53,9,Electronics,Chicago,Direct
2025-07-20,3863.85,248.51,16,Office Supplies,Seattle,Wholesale
2025-08-26,1064.68,80.63,15,Furniture,San Francisco,Wholesale
2025-10-03,573.16,-7.96,7,Furniture,Seattle,Direct
2025-11-01,2913.78,231.6,38,Office Supplies,Seattle,Wholesale
2025-07-17,266.56,37.68,36,Software,San Francisco,Wholesale
2025-02-20,517.85,134.01,7,Office Supplies,Denver,Direct
2025-01-12,162.71,9.03,4,Office Supplies,Portland,Retail
2025-03-01,2259.79,741.69,10,Software,Boston,Retail
2025-05-21,707.25,131.74,16,Office Supplies,Portland,Retail
2025-09-15,3427.29,389.12,11,Furniture,Seattle,Retail
2025-04-24,2970.77,613.14,7,Office Supplies,Seattle,Online
2025-07-16,4500.0,676.89,5,Office Supplies,Seattle,Direct
2025-02-24,2390.8,618.34,3,Electronics,New York,Online
2025-02-04,1055.08,353.18,1,Electronics,Denver,Direct
2025-09-27,1820.78,98.13,8,Furniture,New York,Wholesale
2025-08-22,1773.22,144.85,39,Furniture,New York,Wholesale
2025-01-25,128.91,57.17,6,Furniture,New York,Wholesale
2025-02-07,230.7,-28.04,18,Furniture,Austin,Retail
2025-05-26,1764.36,419.69,8,Software,Chicago,Retail
2025-09-08,1479.54,290.97,5,Furniture,New York,Direct
2025-03-10,1263.6,341.21,10,Software,Denver,Direct
2025-11-17,1585.01,652.7,8,Electronics,New York,Direct
2025-05-04,1024.93,317.97,6,Software,Seattle,Retail
2025-08-19,1445.51,204.55,19,Software,Austin,Retail
2025-04-09,2610.6,371.13,6,Electronics,New York,Wholesale
2025-09-24,1121.33,328.17,1,Electronics,Austin,Online
2025-03-08,692.48,176.66,17,Software,Portland,Retail
2025-09-13,1641.41,325.48,8,Electronics,Austin,Retail
2025-02-21,1000.62,114.61,1,Electronics,Austin,Wholesale
2025-08-25,1584.01,123.77,20,Furniture,Boston,Wholesale
2025-02-07,338.33,93.95,11,Office Supplies,Denver,Direct
2025-10-21,1937.27,1.69,14,Furniture,Chicago,Online
2025-01-07,795.76,217.77,8,Software,Austin,Retail
2025-06-08,338.3,145.71,6,Electronics,Boston,Online
2025-06-21,879.96,317.28,9,Electronics,New York,Online
2025-12-27,2031.73,781.13,10,Software,Boston,Direct
2025-01-31,4500.0,1196.24,4,Software,Seattle,Online
2025-05-10,526.23,171.17,1,Software,Austin,Online
2025-01-24,102.02,48.45,6,Electronics,Denver,Retail
2025-06-08,689.65,29.66,3,Electronics,New York,Wholesale
2025-10-24,850.96,-10.93,1,Electronics,New York,Direct
2025-07-14,2061.97,732.09,10,Electronics,Portland,Online
2025-02-27,1427.36,429.61,1,Software,Denver,Direct
2025-07-11,1780.47,349.77,14,Electronics,Chicago,Online
2025-09-22,1436.28,139.43,15,Furniture,New York,Wholesale
2025-02-08,534.25,123.39,3,Office Supplies,Seattle,Direct
2025-11-07,431.99,56.63,9,Furniture,Chicago,Online
2025-10-16,1285.29,-38.6,15,Electronics,New York,Wholesale
2025-03-13,2042.83,530.54,12,Electronics,Denver,Retail
2025-09-30,473.35,95.62,10,Furniture,Austin,Online
2025-06-05,557.91,213.93,10,Software,New York,Direct
2025-12-31,1607.2,319.6,5,Office Supplies,Boston,Retail
2025-01-22,1437.9,313.97,1,Software,Portland,Online
2025-07-07,1634.62,295.31,35,Software,Austin,Wholesale
2025-09-01,362.51,41.44,11,Furniture,Denver,Wholesale
2025-06-02,1498.88,154.71,13,Furniture,New York,Wholesale
2025-11-19,2029.28,366.73,32,Electronics,Austin,Wholesale
2025-09-06,1102.9,116.87,15,Furniture,Austin,Retail
2025-06-24,1943.58,213.95,3,Furniture,Chicago,Online
2025-07-22,1133.73,223.18,4,Furniture,Portland,Online
2025-05-24,85.96,1.11,11,Office Supplies,Denver,Retail
2025-08-09,1414.33,341.32,5,Furniture,San Francisco,Direct
2025-08-12,1055.16,153.98,9,Furniture,Austin,Direct
2025-08-18,1312.79,253.95,13,Office Supplies,Boston,Online
2025-03-03,1862.43,392.28,11,Furniture,Seattle,Direct
2025-03-26,599.9,99.83,8,Furniture,Austin,Retail
2025-07-31,4026.2,615.21,40,Electronics,Portland,Wholesale
2025-09-20,1560.78,399.75,7,Electronics,Austin,Online
2025-05-31,471.14,161.4,10,Office Supplies,New York,Online
2025-07-11,3653.47,964.6,14,Electronics,Portland,Online
2025-04-02,2129.92,901.53,8,Electronics,New York,Direct
2025-02-22,2771.38,438.33,2,Furniture,Seattle,Direct
2025-11-27,697.53,158.52,11,Office Supplies,Denver,Direct
2025-07-19,2074.17,266.48,32,Electronics,Portland,Wholesale
2025-02-28,536.46,211.57,7,Electronics,Chicago,Online
2025-09-10,2184.88,473.46,15,Electronics,Portland,Online
2025-04-24,400.16,110.35,2,Electronics,Boston,Online
2025-03-11,1731.42,371.26,12,Furniture,Portland,Direct
2025-05-22,803.97,349.32,6,Electronics,Seattle,Direct
2025-02-27,1198.89,538.71,10,Electronics,Denver,Direct
2025-01-18,635.17,178.9,9,Office Supplies,New York,Direct
2025-10-25,2295.05,187.87,41,Electronics,Austin,Wholesale
2025-11-11,2362.4,820.39,1,Electronics,San Francisco,Direct
2025-07-11,2689.02,376.15,29,Electronics,Denver,Wholesale
2025-08-20,176.81,30.9,1,Software,Chicago,Online
2025-06-25,1682.94,465.8,9,Electronics,New York,Online
2025-06-22,1371.47,539.06,4,Software,Chicago,Direct
2025-10-31,898.72,60.35,32,Software,Portland,Wholesale
2025-11-11,495.01,93.54,15,Electronics,Boston,Retail
2025-03-13,2175.17,641.47,4,Electronics,Denver,Direct
2025-04-25,661.74,62.84,1,Furniture,Austin,Direct
2025-02-01,2316.79,660.58,4,Electronics,Denver,Direct
2025-09-14,821.66,147.86,7,Software,Austin,Online
2025-03-26,305.07,8.47,13,Software,Austin,Retail
2025-01-22,1504.02,331.36,14,Electronics,Seattle,Online
2025-06-24,113.9,50.75,14,Office Supplies,New York,Retail
2025-05-05,1389.38,328.15,7,Software,Austin,Online
2025-04-03,193.98,43.83,2,Furniture,Portland,Online
2025-12-24,3204.59,1159.8,16,Electronics,Seattle,Retail
2025-01-08,1235.59,106.65,8,Furniture,New York,Wholesale
2025-05-02,1088.24,158.19,2,Office Supplies,Boston,Online
2025-08-08,1343.97,115.44,1,Office Supplies,New York,Online
2025-05-24,2328.55,652.9,4,Software,San Francisco,Online
2025-03-03,611.29,194.59,14,Electronics,New York,Retail
2025-02-03,240.98,73.52,1,Furniture,New York,Direct
2025-12-28,2266.54,231.05,11,Office Supplies,Seattle,Wholesale
2025-09-17,1574.5,240.0,5,Office Supplies,Portland,Direct
2025-10-23,1975.67,-52.2,18,Office Supplies,San Francisco,Retail
2025-09-16,1708.03,403.48,7,Furniture,New York,Direct
2025-12-29,1775.0,251.37,36,Software,Portland,Wholesale
2025-04-07,1101.5,119.61,23,Furniture,Chicago,Wholesale
2025-07-20,2013.37,244.91,40,Electronics,Seattle,Wholesale
2025-11-23,2129.83,169.0,28,Furniture,Chicago,Wholesale
2025-12-13,1875.91,401.49,7,Office Supplies,Chicago,Direct
2025-11-04,2435.04,468.11,10,Furniture,Boston,Direct
2025-10-13,514.17,69.35,1,Electronics,Portland,Online
2025-05-06,241.41,18.51,13,Furniture,Austin,Online
2025-11-15,895.71,140.39,44,Electronics,Denver,Wholesale
2025-10-30,1412.34,-4.03,5,Electronics,Chicago,Online
2025-02-27,296.54,33.71,11,Furniture,San Francisco,Direct
2025-03-08,848.43,245.57,1,Office Supplies,Portland,Direct
2025-09-05,1671.44,143.04,35,Furniture,Austin,Wholesale
2025-05-10,1652.67,557.28,5,Electronics,Chicago,Retail
2025-12-31,2560.01,861.18,8,Software,Seattle,Direct
2025-08-31,624.13,145.29,8,Software,Chicago,Direct
2025-01-18,1099.42,145.47,4,Office Supplies,Denver,Wholesale
2025-11-28,781.03,166.83,11,Office Supplies,New York,Retail
2025-04-30,475.66,95.72,30,Electronics,Portland,Wholesale
2025-03-12,2091.07,199.84,23,Software,Boston,Wholesale
2025-05-04,1711.08,199.72,26,Furniture,San Francisco,Wholesale
2025-05-16,1579.18,71.3,44,Furniture,New York,Wholesale
2025-06-20,516.82,112.55,12,Software,Portland,Retail
2025-07-11,2940.86,262.68,13,Office Supplies,Austin,Wholesale
2025-11-22,709.66,73.96,16,Office Supplies,Chicago,Wholesale
2025-04-04,2594.44,132.1,16,Furniture,Seattle,Wholesale
2025-03-30,958.52,226.68,7,Software,San Francisco,Direct
2025-04-18,416.72,108.23,10,Electronics,Boston,Direct
2025-08-16,1375.47,248.78,8,Furniture,Portland,Retail
2025-02-08,937.72,308.57,9,Office Supplies,Boston,Direct
2025-03-19,259.07,78.63,1,Software,Seattle,Retail
2025-07-17,734.07,208.76,8,Software,Denver,Online
2025-12-04,2084.64,236.03,15,Furniture,New York,Wholesale
2025-08-05,1127.41,168.83,3,Furniture,Seattle,Online
2025-12-05,1528.69,121.81,34,Furniture,Boston,Wholesale
2025-01-29,1323.17,75.79,21,Furniture,Austin,Wholesale
2025-02-12,428.66,76.14,12,Office Supplies,Denver,Online
2025-09-30,234.15,26.79,14,Office Supplies,Portland,Retail
2025-05-05,1520.64,423.72,3,Software,Seattle,Retail
2025-12-07,1131.23,397.52,6,Software,Chicago,Online
2025-01-16,1745.21,639.95,2,Software,Denver,Direct
2025-08-19,4500.0,588.5,5,Furniture,Seattle,Direct
2025-08-21,817.05,385.42,1,Electronics,New York,Direct
2025-12-30,731.22,56.29,17,Office Supplies,San Francisco,Wholesale
2025-08-20,514.1,91.41,9,Furniture,San Francisco,Online
2025-06-04,418.54,34.92,25,Office Supplies,San Francisco,Wholesale
2025-11-05,564.12,67.76,13,Office Supplies,Chicago,Online
2025-09-12,1257.97,221.82,13,Electronics,Portland,Wholesale
2025-05-15,1816.47,588.71,7,Software,San Francisco,Direct
2025-04-18,1169.47,305.81,15,Software,Chicago,Retail
2025-11-10,1017.81,170.26,1,Furniture,Denver,Direct
2025-10-12,3272.93,-49.87,12,Electronics,Seattle,Wholesale
2025-03-11,2371.4,672.69,5,Electronics,Portland,Direct
2025-07-11,4126.65,1626.87,13,Electronics,Boston,Online
2025-12-21,1767.9,477.22,10,Office Supplies,Boston,Direct
2025-02-20,1673.52,368.45,15,Furniture,Austin,Retail
2025-02-26,2232.33,721.65,9,Electronics,Portland,Direct
2025-03-10,129.02,41.48,10,Furniture,Austin,Retail
2025-11-21,4059.47,882.22,11,Electronics,Seattle,Retail
2025-10-31,2681.28,-76.12,6,Electronics,San Francisco,Direct
2025-04-01,555.27,104.28,29,Software,Austin,Wholesale
2025-03-12,258.59,54.97,1,Electronics,Chicago,Direct
2025-07-11,1250.88,104.43,24,Office Supplies,Austin,Wholesale
2025-08-16,1336.08,165.15,37,Furniture,Seattle,Wholesale
2025-08-11,1073.41,213.91,12,Office Supplies,Denver,Retail
2025-02-18,611.28,102.16,11,Office Supplies,Austin,Direct
2025-05-05,1612.79,360.53,14,Software,Portland,Online
2025-07-14,2511.91,727.43,13,Software,New York,Online
2025-02-09,791.31,232.33,7,Software,Portland,Direct
2025-09-27,689.57,222.52,3,Office Supplies,Austin,Retail
2025-08-13,2640.74,253.48,44,Furniture,Seattle,Wholesale
2025-04-14,302.98,72.5,7,Electronics,Denver,Online
2025-03-28,1994.57,199.83,9,Office Supplies,Chicago,Retail
2025-12-15,4441.35,370.47,21,Office Supplies,Seattle,Wholesale
2025-09-02,1332.99,242.97,3,Software,Seattle,Direct
2025-12-26,320.38,81.06,10,Software,Austin,Online
2025-10-05,1694.67,18.67,8,Electronics,San Francisco,Retail
2025-08-15,726.58,71.27,4,Office Supplies,Austin,Direct
2025-02-10,1128.4,126.77,45,Electronics,Portland,Wholesale
2025-01-13,2114.8,485.28,1,Office Supplies,Seattle,Retail
2025-03-30,2648.29,287.59,5,Software,Seattle,Wholesale
2025-05-16,1439.85,471.48,1,Software,Austin,Online
2025-10-26,1018.92,72.77,5,Office Supplies,Boston,Retail
2025-04-23,1664.86,474.3,11,Electronics,Chicago,Retail
2025-10-01,807.48,73.38,16,Electronics,Seattle,Online
2025-06-17,988.29,187.66,20,Furniture,Portland,Retail
2025-05-26,594.13,162.62,7,Software,Austin,Retail
2025-07-17,4500.0,1127.74,5,Electronics,Portland,Direct
2025-05-01,1368.98,161.07,9,Electronics,Boston,Wholesale
2025-05-07,1623.73,177.65,43,Furniture,Boston,Wholesale
2025-03-06,572.27,-7.53,9,Furniture,Portland,Retail
2025-04-25,789.74,84.86,10,Furniture,Portland,Online
2025-03-14,711.51,140.46,9,Office Supplies,Chicago,Online
2025-11-18,1972.76,572.21,14,Electronics,New York,Online
2025-12-31,474.79,30.11,12,Furniture,Boston,Online
2025-05-16,112.72,-0.61,1,Office Supplies,Denver,Retail
2025-08-07,687.83,234.59,7,Electronics,Denver,Retail
2025-10-23,186.24,70.06,5,Office Supplies,San Francisco,Direct
2025-01-24,665.99,61.11,1,Office Supplies,Boston,Retail
2025-12-06,2370.65,361.44,37,Software,San Francisco,Wholesale
2025-08-24,1986.78,221.4,16,Office Supplies,San Francisco,Wholesale
2025-05-18,418.01,33.25,23,Electronics,Denver,Wholesale
2025-08-18,1417.07,361.39,21,Software,Portland,Retail
2025-10-27,1823.53,2.69,41,Furniture,Portland,Wholesale
2025-06-27,1928.52,509.19,8,Electronics,New York,Online
2025-09-10,3031.84,1219.56,7,Electronics,Denver,Online
2025-01-19,1387.95,274.19,9,Office Supplies,San Francisco,Retail
2025-12-22,839.54,104.18,32,Furniture,Denver,Wholesale
2025-10-11,1237.54,-41.09,2,Furniture,Austin,Retail
2025-11-02,706.77,105.39,38,Software,Chicago,Wholesale
2025-07-05,1764.74,194.99,1,Office Supplies,Chicago,Direct
2025-06-20,1135.72,103.79,3,Furniture,New York,Direct
2025-11-17,2215.02,442.85,10,Electronics,Austin,Wholesale
2025-03-08,158.16,36.9,7,Electronics,New York,Direct
2025-07-04,2065.18,476.45,19,Office Supplies,Boston,Retail
2025-08-09,1486.53,255.42,40,Electronics,San Francisco,Wholesale
2025-10-04,222.76,7.62,13,Software,Portland,Retail
2025-03-21,1107.69,129.23,13,Office Supplies,Austin,Retail
2025-10-04,927.38,-34.11,10,Furniture,Austin,Direct
2025-08-11,1269.78,89.59,32,Furniture,Boston,Wholesale
2025-04-11,286.89,101.91,2,Electronics,Denver,Direct
2025-08-08,1159.85,335.1,12,Software,Boston,Online
2025-06-17,1572.08,311.03,10,Office Supplies,San Francisco,Retail
2025-09-15,629.69,108.93,16,Electronics,Austin,Online
2025-01-17,1230.14,285.18,4,Electronics,Austin,Online
2025-12-11,464.22,85.44,14,Office Supplies,Boston,Wholesale
2025-05-05,666.65,45.85,43,Electronics,New York,Wholesale
2025-09-16,978.71,111.82,2,Furniture,Chicago,Online
2025-03-05,1463.26,678.13,4,Electronics,San Francisco,Direct
2025-08-06,551.98,92.75,32,Software,Boston,Wholesale
2025-09-27,2594.15,240.35,31,Electronics,Portland,Wholesale
2025-10-22,2212.78,-6.02,13,Electronics,Boston,Online
2025-01-13,754.0,207.01,17,Software,Seattle,Retail
2025-11-12,3648.8,1064.1,11,Electronics,Seattle,Retail
2025-03-11,353.32,72.54,8,Furniture,New York,Direct
2025-01-02,805.44,30.99,15,Office Supplies,New York,Retail
2025-07-04,919.78,205.93,9,Furniture,Boston,Direct
2025-03-27,1283.2,336.28,6,Software,New York,Retail
2025-01-28,1193.2,316.5,13,Office Supplies,Portland,Direct
2025-06-23,267.52,31.47,7,Furniture,New York,Retail
2025-09-11,1520.61,520.15,17,Electronics,Portland,Retail
2025-11-03,4500.0,1279.85,19,Electronics,Portland,Retail
2025-06-03,2182.6,234.27,43,Furniture,San Francisco,Wholesale
2025-09-19,3499.17,905.97,1,Electronics,Seattle,Online
2025-04-13,1367.73,144.87,14,Office Supplies,Chicago,Wholesale
2025-10-08,1777.99,44.81,2,Software,Portland,Direct
2025-03-19,519.45,240.52,7,Software,Boston,Direct
2025-07-27,1860.4,103.22,22,Office Supplies,Portland,Wholesale
2025-05-08,898.32,184.08,3,Furniture,Portland,Online
2025-06-10,2499.54,869.02,9,Software,Seattle,Direct
2025-10-27,1370.89,-78.39,19,Software,Portland,Retail
2025-12-26,4016.32,536.76,7,Office Supplies,Boston,Retail
2025-10-14,2660.65,194.97,7,Electronics,San Francisco,Direct
2025-01-07,783.28,111.43,42,Electronics,Denver,Wholesale
2025-08-29,857.93,201.73,24,Electronics,Portland,Wholesale
2025-04-29,157.79,-25.98,9,Office Supplies,Austin,Online
2025-01-25,935.79,234.16,20,Software,Seattle,Retail
2025-07-20,3830.13,854.51,9,Office Supplies,Boston,Online
2025-12-05,356.23,42.32,42,Office Supplies,Boston,Wholesale
2025-12-01,2329.8,432.83,6,Furniture,Seattle,Retail
2025-07-16,2777.87,498.44,13,Furniture,Portland,Retail
2025-02-10,494.79,71.43,18,Office Supplies,Portland,Retail
2025-02-17,3680.79,1081.71,2,Electronics,New York,Retail
2025-02-17,1473.12,462.91,11,Electronics,Austin,Online
2025-03-14,1644.3,605.83,1,Electronics,Denver,Online
2025-08-12,1439.46,539.91,7,Software,Boston,Direct
2025-06-20,1755.7,610.9,10,Software,San Francisco,Online
2025-08-28,2070.54,533.83,2,Software,Boston,Direct
2025-01-09,733.7,114.54,33,Furniture,Portland,Wholesale
2025-04-24,2700.62,610.6,1,Electronics,Boston,Online
2025-03-08,1442.43,126.64,1,Office Supplies,Boston,Wholesale
2025-01-31,1257.27,216.24,6,Electronics,Denver,Retail
2025-12-15,802.58,63.73,33,Furniture,Chicago,Wholesale
2025-11-05,1349.63,306.62,16,Office Supplies,Denver,Online
2025-04-14,816.93,85.86,15,Furniture,San Francisco,Retail
2025-02-05,680.42,4.17,32,Furniture,Boston,Wholesale
2025-02-19,757.17,155.29,9,Furniture,Chicago,Online
2025-01-05,690.77,249.79,6,Software,San Francisco,Direct
2025-06-05,1169.97,74.95,1,Furniture,Boston,Direct
2025-03-05,915.4,111.69,1,Office Supplies,San Francisco,Wholesale
2025-07-27,4166.51,497.8,43,Office Supplies,San Francisco,Wholesale
2025-11-03,931.39,177.57,9,Office Supplies,Denver,Retail
2025-09-20,1031.29,190.98,3,Office Supplies,Seattle,Retail
2025-01-05,1032.93,166.25,9,Office Supplies,Austin,Retail
2025-12-02,434.68,199.56,5,Electronics,Portland,Online
2025-07-08,423.77,38.72,31,Office Supplies,Austin,Wholesale
2025-07-03,3719.64,760.11,1,Office Supplies,Portland,Direct
2025-01-26,554.92,43.9,2,Furniture,Boston,Retail
2025-03-19,1237.4,242.42,2,Furniture,Boston,Online
2025-12-31,296.38,48.67,4,Office Supplies,Portland,Online
2025-01-01,1892.55,437.71,13,Office Supplies,Portland,Retail
2025-01-09,1627.14,134.71,4,Furniture,San Francisco,Retail
2025-06-30,1804.01,459.33,8,Electronics,Portland,Online
2025-10-02,170.17,26.57,6,Furniture,Denver,Direct
2025-02-24,2514.88,812.76,4,Software,Denver,Direct
2025-10-14,957.97,19.07,14,Furniture,Chicago,Retail
2025-02-24,1523.14,567.54,9,Electronics,New York,Direct
2025-03-11,158.64,5.69,12,Electronics,New York,Online
2025-08-05,871.78,83.81,30,Office Supplies,Austin,Wholesale
2025-05-28,1101.19,258.93,3,Office Supplies,New York,Online
2025-11-08,818.53,66.34,24,Electronics,Portland,Wholesale
2025-08-20,2216.99,343.49,12,Office Supplies,Seattle,Retail
2025-11-07,1629.63,552.56,7,Software,Boston,Direct
2025-06-11,1547.66,323.35,6,Furniture,Seattle,Direct
2025-06-14,355.25,61.29,5,Furniture,San Francisco,Direct
2025-07-15,3649.27,343.91,12,Furniture,Seattle,Direct
2025-02-02,2069.23,316.04,9,Software,Chicago,Retail
2025-11-28,1647.57,193.66,4,Furniture,Chicago,Online
2025-05-15,218.17,66.7,13,Office Supplies,Seattle,Retail
2025-05-21,417.38,128.05,16,Office Supplies,New York,Online
2025-09-09,811.68,143.47,3,Software,Boston,Online
2025-04-05,929.67,104.8,16,Furniture,Denver,Retail
2025-12-22,598.36,101.72,12,Furniture,New York,Direct
2025-10-04,303.44,2.68,35,Electronics,Chicago,Wholesale
2025-09-03,1195.49,214.78,6,Furniture,San Francisco,Online
2025-03-15,1588.04,228.56,6,Software,Denver,Wholesale
2025-08-27,2270.25,623.55,6,Office Supplies,Boston,Direct
2025-03-05,513.24,138.29,8,Office Supplies,Portland,Direct
2025-07-23,3337.14,743.24,13,Office Supplies,New York,Online
2025-06-26,2565.98,830.23,8,Electronics,Boston,Direct
2025-07-21,4500.0,1941.92,9,Electronics,San Francisco,Direct
2025-08-19,1009.49,173.96,3,Furniture,Denver,Direct
2025-08-24,1080.68,202.46,24,Electronics,Boston,Wholesale
2025-11-01,4500.0,732.27,8,Software,Portland,Online
2025-03-26,845.78,192.12,32,Software,New York,Wholesale
2025-02-16,1021.46,193.32,16,Office Supplies,Austin,Retail
2025-06-13,1601.88,349.71,11,Office Supplies,Portland,Online
2025-03-16,460.87,54.34,36,Furniture,Chicago,Wholesale
2025-06-21,1852.19,241.44,15,Office Supplies,Chicago,Retail
2025-07-04,3241.89,827.65,11,Software,Seattle,Retail
2025-03-12,659.14,191.52,11,Electronics,Seattle,Online
2025-03-23,659.14,149.23,12,Software,New York,Wholesale
2025-02-26,1441.7,246.44,1,Furniture,San Francisco,Online
2025-02-04,1458.95,141.35,32,Furniture,Denver,Wholesale
2025-12-02,1708.66,403.73,1,Office Supplies,Portland,Direct
2025-05-19,1342.89,69.73,9,Office Supplies,Seattle,Wholesale
2025-08-09,617.4,196.53,1,Software,Denver,Online
2025-10-03,1566.33,-37.13,22,Electronics,Denver,Wholesale
2025-07-14,3353.68,736.88,2,Office Supplies,Austin,Online
2025-08-31,1516.49,175.77,8,Furniture,Boston,Online
2025-12-17,599.17,75.05,3,Furniture,Austin,Direct
2025-02-18,221.72,6.56,10,Office Supplies,Denver,Online
2025-01-25,2720.46,422.66,41,Electronics,Portland,Wholesale
2025-12-03,235.13,5.06,17,Furniture,New York,Retail
2025-01-13,421.77,80.72,16,Software,Chicago,Retail
2025-10-11,1263.84,7.39,39,Electronics,Denver,Wholesale
2025-11-27,2470.81,540.6,33,Electronics,Boston,Wholesale
2025-10-09,2013.54,26.68,11,Software,Seattle,Online
2025-10-08,1446.59,-28.65,13,Software,Denver,Retail
2025-04-08,2440.6,548.36,1,Electronics,Seattle,Wholesale
2025-08-30,429.75,18.99,6,Furniture,Austin,Wholesale
2025-04-03,560.38,48.81,13,Office Supplies,San Francisco,Retail
2025-10-15,964.29,32.21,10,Electronics,Seattle,Online
2025-08-08,577.59,164.65,6,Software,Portland,Direct
2025-07-17,1042.3,86.48,35,Office Supplies,New York,Wholesale
2025-03-21,1370.64,363.27,6,Electronics,Denver,Online
2025-02-23,2107.99,454.46,10,Software,New York,Direct
2025-06-05,1531.08,304.89,2,Furniture,Portland,Direct
2025-07-31,1187.29,461.56,5,Electronics,San Francisco,Online
2025-06-27,297.89,108.98,4,Furniture,Chicago,Direct
2025-01-03,1495.92,117.61,10,Office Supplies,Portland,Wholesale
2025-01-06,792.51,136.63,25,Electronics,Seattle,Wholesale
2025-01-05,2340.89,330.84,27,Electronics,Chicago,Wholesale
2025-03-28,460.0,21.87,12,Office Supplies,Denver,Wholesale
2025-06-06,351.52,134.79,10,Software,Denver,Online
2025-10-07,1338.5,-58.66,10,Electronics,Denver,Online
2025-12-18,908.08,223.98,9,Office Supplies,Chicago,Online
2025-01-22,280.56,88.02,16,Software,Denver,Online
2025-04-19,1863.77,569.25,1,Software,Portland,Direct
2025-08-14,1118.48,162.82,12,Office Supplies,Boston,Online
2025-06-23,1922.05,227.41,6,Furniture,Portland,Direct
2025-05-30,1061.16,109.79,16,Furniture,Austin,Online
2025-09-11,2686.08,882.02,4,Electronics,Boston,Online
2025-04-28,1838.53,394.92,8,Software,San Francisco,Direct
2025-05-25,1869.41,428.03,7,Office Supplies,Portland,Retail
2025-09-09,2549.0,247.26,11,Office Supplies,Seattle,Wholesale
2025-07-11,240.83,-42.99,17,Office Supplies,Denver,Retail
2025-03-12,1028.92,151.69,19,Office Supplies,Portland,Wholesale
2025-12-01,457.29,78.79,7,Electronics,Boston,Online
2025-06-19,3318.68,635.44,4,Electronics,Seattle,Wholesale
2025-03-22,233.48,79.9,5,Software,San Francisco,Direct
2025-11-16,281.95,32.77,1,Electronics,Chicago,Direct
2025-02-08,1139.17,365.83,5,Software,Portland,Online
2025-10-07,730.85,23.05,6,Electronics,Chicago,Direct
2025-11-14,1621.76,305.57,8,Furniture,Chicago,Direct
2025-06-24,1311.86,280.6,6,Software,Boston,Online
2025-08-12,2264.07,484.01,3,Office Supplies,San Francisco,Online
2025-05-23,812.61,188.24,2,Office Supplies,San Francisco,Direct
2025-02-14,1836.53,670.27,1,Electronics,Chicago,Online
2025-01-08,2018.41,376.88,8,Office Supplies,Boston,Online
2025-06-28,2203.84,667.03,2,Software,Boston,Direct
2025-02-08,1550.74,300.15,13,Office Supplies,Portland,Retail
2025-03-10,1640.44,391.14,13,Electronics,Boston,Retail
2025-05-25,1472.82,198.39,33,Furniture,Portland,Wholesale
2025-10-17,1255.91,40.64,10,Office Supplies,Austin,Direct
2025-09-09,1493.44,170.02,15,Office Supplies,Portland,Online
2025-07-18,4500.0,755.84,41,Electronics,Boston,Wholesale
2025-07-16,1873.47,576.31,7,Office Supplies,New York,Direct
2025-06-15,539.1,98.1,5,Electronics,Chicago,Retail
2025-03-29,1468.06,214.72,42,Electronics,Denver,Wholesale
2025-03-15,1430.28,170.81,8,Furniture,Denver,Online
2025-09-14,1472.52,472.21,14,Electronics,Denver,Retail
2025-11-21,428.3,47.44,14,Software,New York,Online
2025-04-07,1774.42,241.28,4,Office Supplies,Seattle,Direct
2025-06-24,1518.51,653.23,7,Electronics,Denver,Direct
2025-11-15,1375.56,523.38,3,Electronics,Boston,Direct
2025-07-12,2462.54,752.52,5,Software,New York,Online
2025-05-02,1746.09,425.68,7,Office Supplies,New York,Direct
2025-01-15,1990.57,243.06,16,Furniture,San Francisco,Wholesale
2025-08-10,766.53,131.85,8,Furniture,Portland,Direct
2025-12-08,1936.12,315.23,13,Furniture,San Francisco,Retail
2025-03-30,2335.01,407.19,8,Office Supplies,New York,Retail
2025-10-06,803.73,13.57,4,Electronics,Chicago,Direct
2025-04-21,2483.85,353.61,38,Electronics,San Francisco,Wholesale
2025-09-12,156.64,29.68,12,Furniture,Chicago,Online
2025-03-01,1241.93,517.89,11,Software,Austin,Direct
2025-07-07,1944.61,221.53,13,Furniture,Boston,Online
2025-01-02,1438.82,113.96,10,Furniture,San Francisco,Retail
2025-11-11,2301.76,591.71,8,Electronics,Portland,Online
2025-12-31,199.15,39.34,4,Office Supplies,San Francisco,Direct
2025-01-02,322.11,37.86,39,Furniture,New York,Wholesale
2025-01-08,781.57,221.48,2,Office Supplies,Austin,Retail
2025-05-21,1048.37,231.64,10,Office Supplies,Seattle,Direct
2025-08-11,424.15,41.07,3,Office Supplies,Denver,Direct
2025-10-23,1578.36,77.84,10,Office Supplies,Chicago,Direct
2025-04-09,170.64,74.13,7,Software,Seattle,Retail
2025-03-26,895.66,184.76,3,Office Supplies,Portland,Online
2025-07-27,1136.35,108.11,35,Furniture,Portland,Wholesale
2025-07-30,4500.0,618.79,42,Electronics,Chicago,Wholesale
2025-07-09,598.04,61.22,9,Furniture,Boston,Online
2025-01-29,1594.49,277.04,14,Software,Portland,Retail
2025-02-21,2674.53,394.2,13,Furniture,Seattle,Retail
2025-11-10,2451.51,456.08,6,Office Supplies,Seattle,Direct
2025-04-03,1734.32,422.76,9,Furniture,Chicago,Direct
2025-03-23,1836.56,208.94,14,Furniture,San Francisco,Wholesale
2025-04-19,1993.23,592.73,9,Electronics,Chicago,Retail
2025-12-21,829.07,68.57,13,Office Supplies,Chicago,Retail
2025-08-07,319.55,129.69,13,Software,Austin,Online
2025-03-03,274.53,2.11,12,Furniture,Denver,Online
2025-08-12,324.06,69.69,21,Electronics,Portland,Wholesale
2025-05-09,836.52,317.16,11,Electronics,Chicago,Online
2025-02-04,501.5,27.12,7,Office Supplies,Austin,Online
2025-06-10,1521.03,313.3,21,Software,Seattle,Wholesale
2025-08-03,1821.0,352.52,12,Software,New York,Direct
2025-11-04,1205.94,368.53,10,Software,Chicago,Direct
2025-11-29,852.54,272.11,11,Software,Austin,Retail
2025-08-06,818.95,104.9,3,Software,Denver,Online
2025-01-01,2400.9,1068.43,10,Electronics,Austin,Direct
2025-03-23,802.74,168.82,12,Office Supplies,New York,Online
2025-04-15,898.52,80.45,2,Furniture,San Francisco,Direct
2025-05-23,2440.64,489.63,33,Electronics,Austin,Wholesale
2025-12-30,519.56,210.8,1,Software,Seattle,Online
2025-10-04,1827.73,45.38,14,Furniture,Seattle,Retail
2025-01-16,803.39,129.9,3,Office Supplies,Denver,Direct
2025-05-23,1475.72,94.39,1,Furniture,Chicago,Direct
2025-04-11,1919.44,212.91,44,Software,Seattle,Wholesale
2025-06-03,1349.85,285.56,18,Electronics,Seattle,Wholesale
2025-10-17,2181.66,109.94,4,Furniture,San Francisco,Retail
2025-08-17,373.13,161.92,2,Software,New York,Retail
2025-05-18,585.07,168.77,3,Office Supplies,Denver,Retail
2025-03-18,961.43,169.39,1,Office Supplies,San Francisco,Direct
2025-09-17,187.19,72.08,6,Electronics,Denver,Direct
2025-08-09,622.9,202.89,16,Electronics,Boston,Online
2025-01-18,3566.32,1160.1,6,Electronics,Seattle,Retail
2025-11-12,1869.05,412.05,8,Furniture,Seattle,Retail
2025-12-06,613.24,173.86,6,Software,Austin,Direct
2025-09-15,1968.77,396.01,31,Electronics,San Francisco,Wholesale
2025-10-08,2152.07,196.22,2,Software,San Francisco,Direct
2025-04-10,1947.52,326.48,16,Electronics,San Francisco,Retail
2025-07-28,3198.71,414.31,11,Office Supplies,Boston,Direct
2025-04-16,2069.23,309.08,9,Furniture,New York,Retail
2025-11-21,644.26,41.08,22,Furniture,Denver,Wholesale
2025-04-27,1658.95,241.16,1,Office Supplies,Seattle,Online
2025-03-31,2553.65,500.81,10,Electronics,Austin,Online
2025-10-02,303.38,32.09,3,Software,Portland,Wholesale
2025-01-09,1609.36,265.79,5,Office Supplies,Austin,Retail
2025-03-05,1320.34,552.54,20,Electronics,Austin,Retail
2025-07-11,2557.26,707.86,15,Electronics,Denver,Online
2025-04-13,2261.57,498.63,5,Software,Boston,Direct
2025-08-19,1219.77,271.77,10,Electronics,Denver,Direct
2025-10-24,1424.58,59.99,20,Office Supplies,Seattle,Retail
2025-12-16,2424.49,636.28,11,Office Supplies,Austin,Direct
2025-05-28,470.45,51.17,7,Furniture,New York,Retail
2025-07-20,2293.88,278.41,35,Software,Denver,Wholesale
2025-01-29,801.75,93.28,11,Furniture,Seattle,Direct
2025-01-31,1710.85,474.33,12,Software,Chicago,Online
2025-11-05,520.73,31.94,21,Software,Portland,Wholesale
2025-05-24,404.15,24.66,34,Furniture,Austin,Wholesale
2025-10-23,961.39,38.93,13,Software,New York,Online
2025-03-24,672.71,45.22,39,Office Supplies,Boston,Wholesale
2025-10-25,1605.17,-18.03,8,Office Supplies,San Francisco,Direct
2025-01-23,1649.05,398.18,9,Electronics,Denver,Direct
2025-11-26,2535.47,467.18,1,Electronics,Portland,Online
2025-09-13,1231.45,333.84,4,Furniture,Chicago,Direct
2025-12-11,1132.13,285.92,3,Office Supplies,Seattle,Direct
2025-06-21,1517.44,449.13,14,Electronics,Boston,Online
2025-07-18,1431.27,265.12,13,Furniture,Portland,Retail
2025-02-07,1655.16,228.57,14,Office Supplies,Denver,Wholesale
2025-05-30,185.88,-15.96,30,Software,Boston,Wholesale
2025-01-06,1410.67,259.19,10,Office Supplies,Portland,Retail
2025-09-29,1729.25,227.12,21,Electronics,Portland,Wholesale
2025-09-28,2249.18,381.95,16,Office Supplies,Seattle,Retail
2025-03-21,349.45,66.99,12,Office Supplies,Seattle,Online
2025-04-02,763.21,181.15,11,Office Supplies,Chicago,Online
2025-04-12,776.2,252.09,7,Software,Chicago,Online
2025-04-06,393.21,106.35,8,Office Supplies,Denver,Online
2025-02-01,1925.44,246.72,2,Software,Chicago,Retail
2025-12-04,1571.2,551.99,2,Software,Portland,Direct
2025-12-31,150.69,68.82,13,Office Supplies,New York,Online
2025-04-10,1678.17,276.91,26,Software,San Francisco,Wholesale
2025-04-28,1853.27,493.44,3,Software,Chicago,Online
2025-07-18,2615.3,440.83,20,Office Supplies,Portland,Retail
2025-02-12,1693.05,501.12,1,Software,Denver,Retail
2025-07-20,3674.15,413.17,9,Office Supplies,Portland,Wholesale
2025-07-07,1152.44,178.16,6,Software,Denver,Online
2025-03-20,1831.49,235.62,17,Furniture,Chicago,Retail
2025-11-11,1542.88,392.78,10,Software,Denver,Direct
2025-06-23,145.83,-26.42,7,Furniture,Seattle,Direct
2025-06-21,402.8,91.89,11,Office Supplies,New York,Retail
2025-11-09,1118.19,198.15,12,Electronics,Chicago,Direct
2025-01-23,3166.42,1021.43,2,Software,Seattle,Retail
2025-01-01,1700.51,379.81,13,Software,San Francisco,Retail
2025-01-28,1321.69,421.03,8,Electronics,Portland,Online
2025-01-03,208.89,56.76,4,Software,Boston,Retail
2025-01-14,531.82,86.0,3,Software,San Francisco,Wholesale
2025-07-22,1329.93,236.8,13,Software,Denver,Online
2025-03-20,106.37,-45.82,19,Furniture,Austin,Wholesale
2025-01-21,423.52,145.69,17,Software,Portland,Retail
2025-06-30,779.88,133.2,28,Software,Austin,Wholesale
2025-09-26,1826.06,395.98,3,Electronics,Denver,Retail
2025-12-03,2216.25,464.02,42,Electronics,Boston,Wholesale
2025-01-17,1690.23,171.32,20,Office Supplies,New York,Wholesale
2025-08-27,1571.38,198.77,6,Furniture,Denver,Direct
2025-09-26,720.38,69.51,4,Furniture,Austin,Wholesale
2025-07-03,2641.96,603.63,6,Electronics,San Francisco,Direct
2025-12-06,1494.34,288.84,12,Software,Austin,Online
2025-01-06,1518.89,403.14,20,Electronics,Seattle,Retail
2025-05-28,1483.73,286.83,11,Office Supplies,San Francisco,Retail
2025-10-18,1888.8,-3.92,6,Furniture,San Francisco,Direct
2025-10-22,889.98,60.09,5,Software,Austin,Online
2025-02-03,351.53,73.32,23,Office Supplies,Austin,Wholesale
2025-04-28,4500.0,1053.24,5,Software,Seattle,Online
2025-05-31,699.76,54.19,1,Office Supplies,San Francisco,Wholesale
2025-04-08,1726.59,486.08,15,Electronics,San Francisco,Retail
2025-04-15,2374.13,889.15,9,Electronics,Chicago,Online
2025-03-21,1105.31,278.32,2,Electronics,Seattle,Retail
2025-07-07,2424.1,513.14,10,Software,Boston,Direct
2025-08-24,1186.33,410.47,14,Electronics,Denver,Online
2025-11-13,1465.21,283.96,10,Office Supplies,Austin,Direct
2025-10-10,1516.91,33.31,10,Office Supplies,Austin,Retail
2025-09-11,542.52,76.75,43,Office Supplies,Portland,Wholesale
2025-07-27,4500.0,1694.78,14,Electronics,Boston,Retail
2025-06-17,1741.43,425.37,16,Office Supplies,San Francisco,Retail
2025-04-16,1731.39,191.01,12,Software,Austin,Wholesale
2025-05-22,463.18,84.03,18,Office Supplies,Chicago,Retail
2025-01-12,504.64,47.78,16,Furniture,San Francisco,Wholesale
2025-03-08,288.63,72.0,1,Electronics,San Francisco,Online
2025-09-23,1549.06,110.54,1,Furniture,San Francisco,Direct
2025-01-20,1605.18,413.34,16,Office Supplies,New York,Retail
2025-06-05,143.11,95.5,12,Furniture,San Francisco,Online
2025-05-24,1413.48,319.28,38,Electronics,New York,Wholesale
2025-08-06,1269.17,162.8,14,Furniture,San Francisco,Retail
2025-05-29,1548.6,206.33,18,Office Supplies,Boston,Retail
2025-04-04,1378.52,114.25,34,Furniture,Denver,Wholesale
2025-08-13,1355.86,259.91,5,Electronics,Portland,Wholesale
2025-12-16,4500.0,964.68,4,Furniture,Chicago,Online
2025-01-25,1873.67,335.7,4,Furniture,Denver,Online
2025-04-07,564.79,144.43,5,Software,Chicago,Direct
2025-11-17,1295.88,114.7,16,Furniture,Boston,Wholesale
2025-02-22,912.74,74.98,3,Electronics,Austin,Wholesale
2025-07-28,4500.0,482.63,7,Electronics,Seattle,Wholesale
2025-06-23,1395.91,372.14,13,Office Supplies,Denver,Retail
2025-08-09,580.77,86.99,8,Furniture,Boston,Online
2025-09-14,775.86,170.55,10,Furniture,Denver,Online
2025-06-04,656.01,140.61,18,Office Supplies,Austin,Retail
2025-09-23,2034.35,457.95,9,Furniture,Seattle,Direct
2025-08-08,264.52,88.88,10,Software,Portland,Online
2025-06-01,796.44,121.26,8,Furniture,Chicago,Retail
2025-08-08,815.9,150.77,12,Software,Seattle,Retail
2025-02-23,185.8,-0.37,2,Office Supplies,Chicago,Wholesale
2025-06-26,2341.47,322.37,8,Furniture,Portland,Direct
2025-11-03,1508.67,277.74,12,Furniture,Chicago,Direct
2025-11-24,1537.58,519.53,11,Electronics,San Francisco,Direct
2025-11-02,437.2,113.42,8,Software,Denver,Direct
2025-06-09,1929.87,291.45,28,Electronics,San Francisco,Wholesale
2025-12-23,3140.08,882.53,7,Electronics,San Francisco,Direct
2025-10-03,2450.08,-52.31,10,Electronics,New York,Direct
2025-04-25,1925.31,675.22,8,Software,Portland,Online
2025-04-07,1157.06,77.27,5,Furniture,San Francisco,Direct
2025-03-21,1027.37,397.45,7,Software,Austin,Direct
2025-05-07,1912.65,155.82,8,Office Supplies,Portland,Wholesale
2025-05-03,172.15,65.0,10,Electronics,Portland,Online
2025-08-05,457.08,114.39,15,Office Supplies,Denver,Online
2025-06-10,846.64,269.89,5,Electronics,Chicago,Direct
2025-11-12,246.89,59.02,6,Furniture,Chicago,Direct
2025-08-06,1147.92,170.48,2,Software,Portland,Wholesale
2025-06-22,2083.2,512.87,3,Software,New York,Direct
2025-03-06,291.74,73.62,2,Furniture,San Francisco,Direct
2025-06-17,1157.21,167.57,2,Software,Portland,Wholesale
2025-03-13,371.13,35.52,21,Electronics,Portland,Wholesale
2025-06-09,2084.76,289.33,18,Electronics,Austin,Wholesale
2025-02-20,1778.7,462.68,1,Software,Boston,Direct
2025-07-16,2052.6,338.37,16,Furniture,Seattle,Online
2025-10-31,1330.84,89.4,9,Software,New York,Direct
2025-03-19,1709.87,312.94,18,Office Supplies,San Francisco,Retail
2025-10-25,1906.38,15.23,33,Office Supplies,New York,Wholesale
2025-11-11,547.43,158.61,3,Office Supplies,Portland,Online
2025-06-26,897.21,163.65,3,Furniture,Denver,Direct
2025-10-13,1302.67,-9.2,26,Electronics,Chicago,Wholesale
2025-12-15,1201.83,463.64,5,Software,Portland,Direct
2025-10-03,1387.35,-11.4,40,Electronics,Portland,Wholesale
2025-10-31,645.34,29.13,14,Electronics,Boston,Online
2025-08-28,1325.92,312.48,5,Office Supplies,Portland,Direct
2025-06-14,3520.22,688.48,14,Software,Portland,Wholesale
2025-01-27,2088.41,254.69,12,Office Supplies,Boston,Direct
2025-07-15,1420.24,5.51,33,Office Supplies,Denver,Wholesale
2025-12-04,729.27,114.92,14,Furniture,Portland,Retail
2025-08-02,1469.49,134.28,7,Furniture,Austin,Online
2025-05-07,1533.81,272.2,9,Software,New York,Wholesale
2025-12-28,1523.23,129.97,11,Furniture,Portland,Wholesale
2025-03-01,1412.83,555.87,8,Software,Austin,Retail
2025-08-29,255.38,62.04,5,Office Supplies,San Francisco,Direct
2025-10-13,2139.84,62.16,13,Office Supplies,Boston,Wholesale
2025-12-16,1977.97,546.55,10,Office Supplies,Boston,Retail
2025-11-05,3267.17,213.53,43,Furniture,Seattle,Wholesale
2025-07-23,3450.91,888.15,8,Electronics,Austin,Online
2025-04-08,534.73,142.1,1,Software,Boston,Retail
2025-02-25,940.27,159.74,8,Furniture,Boston,Direct
2025-10-13,229.52,65.95,4,Furniture,San Francisco,Direct
2025-11-09,1077.68,172.98,3,Office Supplies,Denver,Direct
2025-10-29,899.84,29.02,4,Software,New York,Retail
2025-10-20,296.75,20.79,25,Software,Chicago,Wholesale
2025-11-01,1098.87,152.96,10,Furniture,Austin,Online
2025-02-15,1025.41,76.61,18,Furniture,Denver,Wholesale
2025-06-09,887.3,87.78,4,Furniture,San Francisco,Direct
2025-08-28,405.52,89.12,34,Software,Denver,Wholesale
2025-01-20,1061.89,114.35,21,Office Supplies,New York,Wholesale
2025-08-17,1047.49,82.35,31,Software,Portland,Wholesale
2025-01-27,2126.56,241.77,2,Office Supplies,New York,Online
2025-05-30,1854.33,356.14,10,Electronics,Chicago,Wholesale
2025-10-21,822.35,-31.47,31,Office Supplies,Austin,Wholesale
2025-06-29,1711.2,309.09,15,Electronics,Seattle,Online
2025-07-01,576.58,21.14,37,Software,New York,Wholesale
2025-08-16,2027.8,431.67,10,Electronics,New York,Online
2025-05-28,629.43,195.19,4,Software,Portland,Direct
2025-04-22,2083.2,684.38,3,Electronics,New York,Retail
2025-08-02,1877.26,273.1,4,Furniture,San Francisco,Direct
2025-02-03,2649.69,493.29,11,Software,Seattle,Online
2025-04-21,1449.47,397.63,17,Electronics,Portland,Retail
2025-02-24,817.89,252.25,6,Software,Portland,Direct
2025-07-19,2045.06,346.5,8,Furniture,Portland,Direct
2025-06-27,1262.82,162.16,1,Furniture,Denver,Retail
2025-10-24,2101.1,-27.0,6,Furniture,San Francisco,Online
2025-03-23,1887.46,296.73,13,Software,San Francisco,Retail
2025-05-15,2075.6,219.84,16,Furniture,Chicago,Retail
2025-09-17,2070.25,496.76,11,Software,San Francisco,Retail
2025-03-07,404.51,55.72,17,Electronics,Austin,Wholesale
2025-05-31,1445.02,114.52,39,Office Supplies,Portland,Wholesale
2025-05-23,280.84,-14.28,11,Electronics,New York,Wholesale
2025-05-10,647.99,172.84,3,Office Supplies,Portland,Online
2025-10-19,1472.36,-17.39,10,Furniture,Austin,Direct
2025-12-15,2511.13,512.33,18,Electronics,New York,Wholesale
2025-11-15,1545.37,214.04,10,Furniture,Portland,Direct
2025-05-26,1233.53,239.47,8,Software,Portland,Online
2025-10-09,2016.04,6.26,5,Software,Seattle,Direct
2025-11-22,362.93,60.66,14,Software,Portland,Retail
2025-01-15,2571.11,814.32,14,Electronics,Boston,Online
2025-09-09,1396.06,492.69,14,Electronics,Seattle,Retail
2025-09-18,639.39,178.09,11,Software,Boston,Online
2025-03-03,1715.42,313.66,19,Electronics,Austin,Retail
2025-05-11,1534.43,250.6,17,Furniture,Portland,Retail
2025-02-25,3068.53,1063.21,5,Software,Seattle,Direct
2025-01-26,1787.84,187.3,13,Furniture,Chicago,Wholesale
2025-05-27,904.55,198.9,4,Furniture,Denver,Direct
2025-06-26,244.62,98.63,1,Furniture,Denver,Online
2025-04-15,1264.3,53.72,9,Office Supplies,San Francisco,Wholesale
2025-07-12,284.54,79.04,8,Software,San Francisco,Online
2025-10-28,1045.26,35.01,1,Electronics,Denver,Online
2025-03-15,1160.66,120.48,17,Furniture,Austin,Retail
2025-08-02,1318.9,254.85,42,Electronics,New York,Wholesale
2025-07-12,689.76,162.63,1,Office Supplies,Boston,Online
2025-07-29,2774.97,632.87,5,Furniture,San Francisco,Direct
2025-01-08,2647.63,825.13,10,Software,New York,Retail
2025-10-21,1193.82,11.55,10,Software,Portland,Retail
2025-03-22,288.88,56.24,16,Office Supplies,Austin,Online
2025-03-12,217.8,50.35,8,Office Supplies,Denver,Retail
2025-07-15,2524.27,408.84,1,Office Supplies,Chicago,Retail
2025-02-08,748.09,171.6,11,Electronics,Denver,Online
2025-01-03,1751.28,276.93,14,Software,Seattle,Retail
2025-08-09,881.24,301.85,7,Electronics,San Francisco,Online
2025-01-05,1035.36,114.72,29,Office Supplies,Austin,Wholesale
2025-04-18,2383.35,864.83,21,Electronics,Boston,Retail
2025-04-27,2146.23,607.62,15,Electronics,Seattle,Retail
2025-06-23,292.11,38.81,4,Furniture,San Francisco,Wholesale
2025-01-18,299.43,131.71,15,Electronics,New York,Direct
2025-06-18,2340.13,444.68,15,Software,Seattle,Online
2025-07-06,570.16,94.74,13,Office Supplies,Boston,Wholesale
2025-03-03,1868.54,287.76,31,Software,Boston,Wholesale
2025-06-10,2399.78,699.55,8,Office Supplies,San Francisco,Direct
2025-01-16,1266.1,68.98,11,Furniture,Austin,Wholesale
2025-02-26,1071.91,106.58,29,Office Supplies,Denver,Wholesale
2025-10-05,887.8,95.92,4,Electronics,San Francisco,Retail
2025-02-21,541.62,207.82,1,Software,New York,Direct
2025-08-09,2525.65,683.13,1,Software,Seattle,Retail
2025-04-22,2808.25,593.71,16,Furniture,Seattle,Retail
2025-10-25,1591.26,-5.13,11,Software,Chicago,Direct
2025-11-22,2317.15,429.78,17,Electronics,Portland,Wholesale
2025-11-15,2238.47,683.86,16,Electronics,New York,Retail
2025-11-21,1559.66,373.2,11,Office Supplies,Denver,Retail
2025-12-24,448.73,145.19,10,Software,Chicago,Direct
2025-10-17,1016.03,-17.99,6,Furniture,Chicago,Wholesale
2025-12-22,506.72,7.75,17,Furniture,Chicago,Wholesale
2025-01-20,1123.99,239.32,15,Software,Portland,Retail
2025-12-23,1696.15,152.72,15,Software,Denver,Wholesale
2025-10-25,2767.01,79.18,7,Office Supplies,Denver,Retail
2025-06-20,2110.01,695.24,16,Electronics,Chicago,Online
2025-10-22,983.81,52.52,8,Office Supplies,New York,Wholesale
2025-06-23,2771.78,569.81,14,Office Supplies,Seattle,Retail
2025-01-26,1094.67,378.59,6,Software,Austin,Direct
2025-03-29,2016.21,216.51,25,Furniture,Boston,Wholesale
2025-11-20,834.51,180.11,42,Electronics,Chicago,Wholesale
2025-06-25,226.35,6.2,5,Furniture,New York,Online
2025-11-04,1459.27,316.98,1,Furniture,Portland,Direct
2025-10-12,1221.54,51.0,13,Office Supplies,Portland,Retail
2025-04-24,1003.7,206.49,10,Office Supplies,San Francisco,Online
2025-09-16,1765.63,541.58,2,Electronics,Portland,Retail
2025-06-27,903.6,112.54,8,Furniture,Chicago,Retail
2025-10-08,1969.72,-7.4,11,Software,San Francisco,Retail
2025-11-19,3073.35,415.12,11,Office Supplies,Seattle,Direct
2025-06-19,412.68,93.34,3,Office Supplies,New York,Direct
2025-12-08,1390.12,242.16,11,Software,Chicago,Retail
2025-06-05,462.15,110.5,6,Office Supplies,Denver,Online
2025-06-02,407.87,-3.53,32,Software,Portland,Wholesale
2025-03-21,2154.18,199.5,8,Office Supplies,New York,Wholesale
2025-01-19,1242.87,357.82,15,Electronics,New York,Retail
